Iteration	Posterior	Likelihood	Prior	rate_log_sd	rate_neo	root_freqs[1]	root_freqs[2]	tree_length
0	-3981.845	-4242.074	260.2289	2.112441	0.5507081	0.654029	0.345971	1.152231
6	-3981.347	-4241.767	260.4198	2.129561	0.4745145	0.722173	0.277827	1.075868
12	-3988.056	-4248.475	260.4184	2.129561	0.452416	0.688652	0.311348	1.112623
18	-3985.874	-4246.297	260.4225	2.131316	0.4985087	0.705971	0.294029	1.033193
24	-3979.565	-4239.997	260.4324	2.134028	0.5015581	0.581271	0.418729	1.015987
30	-3980.043	-4240.526	260.4831	2.074248	0.4933801	0.728108	0.271892	1.038065
36	-3996.272	-4256.654	260.3821	2.118215	0.5425877	0.695626	0.304374	1.01624
42	-3987.675	-4248.089	260.4137	2.140997	0.4963601	0.695626	0.304374	1.035837
48	-3979.017	-4239.498	260.4812	2.140997	0.4307478	0.71534	0.28466	1.080312
54	-3989.381	-4249.911	260.53	2.064319	0.4307478	0.71534	0.28466	1.106017
60	-3996.021	-4256.31	260.2887	2.064319	0.5170251	0.680933	0.319067	1.188427
66	-3984.52	-4244.988	260.4677	2.064319	0.4732326	0.680933	0.319067	1.09398
72	-3992.742	-4253.124	260.3816	2.116458	0.4732326	0.71487	0.28513	1.124907
78	-3983.309	-4243.76	260.4503	2.086343	0.4732326	0.607746	0.392254	1.089739
84	-3995.758	-4255.855	260.0974	1.8922	0.551912	0.621211	0.378789	1.437873
90	-3995.914	-4255.933	260.0189	1.934828	0.5938225	0.68624	0.31376	1.417059
96	-3993.668	-4253.439	259.7711	1.976023	0.7240769	0.681941	0.318059	1.439496
102	-3984.748	-4245.096	260.3478	2.175941	0.4434348	0.602682	0.397318	1.148713
108	-3993.827	-4254.3	260.4727	2.171941	0.4999228	0.64456	0.35544	0.9385673
114	-3988.697	-4249.256	260.5592	2.20262	0.4493919	0.656467	0.343533	0.9052903
120	-3982.694	-4243.178	260.484	2.21177	0.4875606	0.694378	0.305622	0.9052903
126	-3986.116	-4246.601	260.4852	2.237073	0.4549049	0.726426	0.273574	0.9378535
132	-3992.524	-4252.836	260.3116	2.026088	0.5181717	0.685986	0.314014	1.200044
138	-3988.673	-4248.985	260.3116	2.026088	0.5181717	0.660589	0.339411	1.200044
144	-3994.315	-4254.52	260.2045	1.995258	0.5196705	0.612404	0.387596	1.31266
150	-3986.535	-4246.754	260.2186	1.962458	0.5313523	0.710356	0.289644	1.31266
156	-4009.633	-4269.927	260.2936	1.955245	0.4856302	0.596607	0.403393	1.318276
162	-4007.047	-4267.009	259.9628	1.902035	0.4856302	0.609197	0.390803	1.610335
168	-4000.249	-4260.452	260.2039	1.812836	0.5014888	0.668104	0.331896	1.478456
174	-3986.37	-4246.468	260.0979	1.886927	0.5210675	0.719054	0.280946	1.478456
180	-3996.885	-4256.922	260.0363	1.880466	0.4028192	0.708076	0.291924	1.679981
186	-4003.94	-4263.921	259.9808	1.880466	0.4784327	0.664367	0.335633	1.621816
192	-3991.644	-4251.712	260.0683	1.945889	0.5447244	0.677158	0.322842	1.427594
198	-3987.02	-4247.186	260.1661	1.983006	0.6002485	0.725106	0.274894	1.253236
204	-3984.687	-4245.074	260.387	1.960633	0.4832095	0.638351	0.361649	1.240598
210	-3985.557	-4245.91	260.3525	2.087322	0.5038054	0.685628	0.314372	1.131074
216	-3996.263	-4256.455	260.1923	2.011489	0.5451594	0.781206	0.218794	1.276478
222	-3991.254	-4251.67	260.4152	2.045388	0.4406436	0.69486	0.30514	1.207929
228	-3995.02	-4255.444	260.4246	2.041772	0.4589576	0.69486	0.30514	1.174941
234	-4003.882	-4263.959	260.0765	2.041772	0.4960203	0.647706	0.352294	1.407685
240	-3992.292	-4252.184	259.8926	1.982913	0.5270191	0.647706	0.352294	1.552941
246	-3983.194	-4243.515	260.3203	1.934486	0.4695338	0.647706	0.352294	1.335585
252	-3996.403	-4256.595	260.1921	1.991623	0.4939234	0.729503	0.270497	1.359129
258	-3992.51	-4252.798	260.2878	1.991623	0.5008918	0.729503	0.270497	1.272648
264	-3998.083	-4258.11	260.027	1.855245	0.4767543	0.641537	0.358463	1.608681
270	-4001.091	-4260.919	259.8279	1.762264	0.3831336	0.641537	0.358463	1.932494
276	-3996.651	-4255.723	259.0717	1.629862	0.5006247	0.714343	0.285657	2.37342
282	-3997.052	-4256.732	259.6797	1.629862	0.4385504	0.659454	0.340546	2.049766
288	-4003.646	-4263.285	259.6394	1.654273	0.4774918	0.634024	0.365976	2.014927
294	-4007.412	-4267.153	259.7413	1.618271	0.4373524	0.737875	0.262125	2.018025
300	-4013.873	-4274.185	260.312	1.873724	0.4686048	0.646324	0.353676	1.391357
306	-3997.597	-4257.475	259.8775	1.805954	0.4540168	0.646324	0.353676	1.777782
312	-3997.682	-4257.379	259.6966	1.814691	0.5588949	0.746294	0.253706	1.777782
318	-4004.182	-4264.511	260.3294	1.996209	0.5588949	0.641519	0.358481	1.155021
324	-3991.773	-4252.208	260.4358	2.152404	0.4510468	0.711554	0.288446	1.077849
330	-3981.223	-4241.695	260.4717	2.223676	0.4510468	0.627681	0.372319	0.9731841
336	-3985.053	-4245.438	260.3856	2.231202	0.5210651	0.627681	0.372319	0.9315263
342	-3982.795	-4243.213	260.4181	2.222853	0.4815874	0.660472	0.339528	0.9746483
348	-3977.291	-4237.778	260.487	2.193105	0.4588956	0.733897	0.266103	0.9746483
354	-3994.218	-4254.62	260.4014	2.223379	0.4961553	0.590732	0.409268	0.9661263
360	-3993.467	-4253.926	260.4586	2.172213	0.4834748	0.668696	0.331304	0.9817981
366	-3982.243	-4242.622	260.3786	2.149366	0.4825015	0.668696	0.331304	1.083165
372	-3992.946	-4253.25	260.3043	2.097028	0.4825015	0.668696	0.331304	1.196014
378	-3989.908	-4250.036	260.1286	2.097028	0.5942188	0.651451	0.348549	1.196014
384	-3983.346	-4243.808	260.4627	2.051948	0.4405536	0.690718	0.309282	1.161357
390	-3985.642	-4245.955	260.3129	2.050642	0.5119565	0.651697	0.348303	1.186439
396	-3988.378	-4248.823	260.4446	2.122529	0.4866887	0.569775	0.430225	1.039426
402	-3986.277	-4246.674	260.3967	2.178912	0.5329565	0.595714	0.404286	0.9552095
408	-3996.854	-4257.43	260.5758	2.146098	0.4241525	0.620455	0.379545	0.9958539
414	-3997.238	-4257.647	260.4092	2.037066	0.4532445	0.632833	0.367167	1.200979
420	-4003.854	-4264.141	260.2867	1.913262	0.5014933	0.699891	0.300109	1.336282
426	-4003.667	-4263.85	260.1831	1.972359	0.5014933	0.626146	0.373854	1.371587
432	-4000.57	-4260.967	260.3969	2.173321	0.5022373	0.666237	0.333763	1.011094
438	-3991.978	-4252.484	260.5056	2.134706	0.4478211	0.684562	0.315438	1.033828
444	-3983.341	-4243.426	260.085	1.857712	0.5081159	0.613807	0.386193	1.52577
450	-3995.257	-4255.129	259.8719	1.782419	0.5786497	0.674888	0.325112	1.655829
456	-4015.174	-4274.639	259.4654	1.648765	0.516388	0.674888	0.325112	2.09085
462	-4002.584	-4262.875	260.2905	2.082487	0.5649612	0.813835	0.186165	1.104218
468	-3988.298	-4248.634	260.336	2.082487	0.5690211	0.59876	0.40124	1.056096
474	-3981.733	-4242.027	260.2934	2.142244	0.5541013	0.69983	0.30017	1.061386
480	-3995.52	-4255.764	260.2439	2.136765	0.5187786	0.614054	0.385946	1.161917
486	-4003.456	-4263.691	260.2344	2.148409	0.6290814	0.648944	0.351056	1.005811
492	-3989.165	-4249.383	260.2177	2.124145	0.6369206	0.597943	0.402057	1.03519
498	-4002.028	-4262.564	260.5359	2.080588	0.4605157	0.724292	0.275708	1.03519
504	-4024.296	-4284.498	260.2013	2.010537	0.534616	0.647718	0.352282	1.283447
510	-3997.089	-4257.332	260.2435	2.086938	0.6227511	0.728859	0.271141	1.065134
516	-4002.337	-4262.717	260.3796	2.232441	0.5167154	0.710536	0.289464	0.9441123
522	-3992.787	-4252.887	260.1006	1.904857	0.5105101	0.66888	0.33112	1.475769
528	-3987.42	-4247.666	260.2462	1.867242	0.4775001	0.627587	0.372413	1.435485
534	-3973.111	-4233.478	260.3663	1.936793	0.4639237	0.711651	0.288349	1.304513
540	-3984.465	-4244.325	259.8604	1.936793	0.583954	0.626976	0.373024	1.546192
546	-3983.915	-4244.062	260.1468	1.956998	0.5168344	0.670648	0.329352	1.392375
552	-3993.992	-4254.082	260.0892	1.924818	0.4836743	0.729784	0.270216	1.502889
558	-3977.683	-4237.922	260.2381	1.817555	0.4468138	0.760991	0.239009	1.519672
564	-3985.182	-4244.935	259.753	1.817555	0.443372	0.665047	0.334953	1.86864
570	-3985.428	-4244.962	259.5337	1.75446	0.5907531	0.75535	0.24465	1.898259
576	-3996.363	-4256	259.6378	1.75446	0.444615	0.722922	0.277078	1.987556
582	-3991.054	-4251.017	259.9626	1.902293	0.5668312	0.697993	0.302007	1.51493
588	-4001.483	-4261.535	260.0524	1.90079	0.4629102	0.676364	0.323636	1.574356
594	-3988.122	-4247.986	259.8641	1.991917	0.5146822	0.736372	0.263628	1.581775
600	-3980.139	-4240.158	260.0188	1.874318	0.5354446	0.646933	0.353067	1.530003
606	-3989.758	-4249.824	260.0659	1.865493	0.5242831	0.73092	0.26908	1.514708
612	-3986.995	-4246.751	259.7565	1.844195	0.6102156	0.721446	0.278554	1.661138
618	-3977.807	-4237.674	259.8676	1.790663	0.4849844	0.63122	0.36878	1.75808
624	-3980.199	-4239.974	259.7748	1.790663	0.5421479	0.694964	0.305036	1.75808
630	-3981.927	-4241.876	259.9495	1.790663	0.526774	0.624609	0.375391	1.6516
636	-3986.837	-4246.897	260.0604	1.77645	0.4796795	0.727138	0.272862	1.637889
642	-3990.042	-4249.894	259.8522	1.771526	0.5214877	0.637825	0.362175	1.740165
648	-3981.603	-4241.58	259.9769	1.832035	0.5171678	0.705653	0.294347	1.613177
654	-3985.71	-4245.55	259.8404	1.82796	0.4696436	0.70802	0.29198	1.769329
660	-3975.414	-4235.321	259.9068	1.736888	0.4840382	0.653062	0.346938	1.769329
666	-3986.439	-4246.153	259.7146	1.783659	0.5399783	0.655841	0.344159	1.807096
672	-4004.115	-4263.908	259.7928	1.796538	0.5704503	0.722291	0.277709	1.710765
678	-3986.156	-4246.415	260.259	1.885874	0.4984099	0.728988	0.271012	1.383861
684	-3985.238	-4245.287	260.0486	1.798164	0.4541903	0.718846	0.281154	1.662484
690	-3986.691	-4246.571	259.8799	1.891038	0.6619805	0.545204	0.454796	1.483292
696	-3983.41	-4243.422	260.0116	1.909401	0.5576734	0.730309	0.269691	1.483292
702	-4015.115	-4275.588	260.4734	2.123167	0.5103157	0.515785	0.484215	0.9711654
708	-4005.017	-4265.432	260.4154	2.083062	0.4916325	0.784555	0.215445	1.096236
714	-3994.023	-4254.446	260.4229	2.173051	0.5117084	0.839085	0.160915	0.9694249
720	-3990.123	-4250.473	260.35	2.173051	0.5470225	0.728276	0.271724	0.9866021
726	-3991.77	-4252.184	260.4141	2.216953	0.4776849	0.679133	0.320867	0.9915373
732	-3996.308	-4256.786	260.4778	2.183898	0.4714011	0.679133	0.320867	0.9712514
738	-3996.355	-4256.747	260.3924	2.160945	0.5203001	0.717522	0.282478	0.9986978
744	-3989.297	-4249.625	260.328	2.160945	0.5735661	0.719038	0.280962	0.9801476
750	-3993.702	-4254.244	260.5422	2.160945	0.4352309	0.656726	0.343274	0.9942402
756	-3989.001	-4249.44	260.4397	2.213972	0.4994222	0.715208	0.284792	0.9298145
762	-3985.908	-4246.444	260.5351	2.251596	0.4836062	0.576653	0.423347	0.8035454
768	-4009.002	-4269.329	260.3272	2.251596	0.5548214	0.79333	0.20667	0.9150665
774	-4005.457	-4265.743	260.2863	1.973917	0.4510004	0.770797	0.229203	1.35709
780	-3992.486	-4252.614	260.1277	1.970938	0.6084727	0.774987	0.225013	1.2851
786	-3983.351	-4243.462	260.1111	2.082565	0.6065289	0.702282	0.297718	1.208037
792	-3984.082	-4244.33	260.2479	2.003065	0.5297626	0.679416	0.320584	1.257505
798	-3993.625	-4253.934	260.3094	2.027624	0.5325358	0.644914	0.355086	1.180838
804	-3993.018	-4253.257	260.2394	1.941557	0.5345499	0.748063	0.251937	1.308717
810	-3999.63	-4259.7	260.0699	2.067663	0.7056777	0.714902	0.285098	1.138991
816	-3987.186	-4247.286	260.1003	2.067663	0.5543517	0.664508	0.335492	1.294168
822	-3985.976	-4246.236	260.2599	1.975896	0.5543517	0.664508	0.335492	1.238124
828	-3977.607	-4237.848	260.241	2.063628	0.4773929	0.728535	0.271465	1.284361
834	-3982.801	-4243.284	260.4826	2.063628	0.4144489	0.664602	0.335398	1.175766
840	-3987.781	-4248.208	260.4278	2.168072	0.4876744	0.731683	0.268317	1.009772
846	-3989.405	-4249.769	260.3636	2.094558	0.4719637	0.59937	0.40063	1.162367
852	-3988.366	-4248.713	260.3468	2.174278	0.4623306	0.59937	0.40063	1.121219
858	-3982.313	-4242.708	260.3955	2.043307	0.496899	0.78297	0.21703	1.142173
864	-3994.943	-4254.963	260.0197	1.805568	0.4692071	0.577768	0.422232	1.659092
870	-3982.406	-4242.569	260.1629	1.915254	0.5098386	0.605156	0.394844	1.421083
876	-3981.074	-4241.212	260.1385	1.950878	0.4813688	0.632854	0.367146	1.448828
882	-3988.03	-4248.125	260.0943	1.976105	0.6030749	0.618108	0.381892	1.314356
888	-3985.152	-4245.195	260.0432	1.962721	0.7004942	0.692041	0.307959	1.257782
894	-3974.347	-4234.655	260.3081	2.039033	0.4502504	0.691119	0.308881	1.288222
900	-3972.529	-4232.966	260.4372	2.067613	0.4408797	0.695336	0.304664	1.169402
906	-3981.528	-4241.72	260.1926	2.067613	0.5719906	0.659465	0.340535	1.194591
912	-3981.988	-4242.117	260.1293	2.066701	0.5527631	0.638761	0.361239	1.273254
918	-3992.523	-4252.858	260.3348	2.017022	0.5031014	0.771616	0.228384	1.208985
924	-3979.996	-4240.281	260.2851	2.150717	0.5236709	0.758603	0.241397	1.105581
930	-3988.664	-4249.039	260.3745	2.176879	0.5236709	0.702988	0.297012	0.9952032
936	-4002.246	-4262.504	260.2583	2.112714	0.5458074	0.685494	0.314506	1.132598
942	-3996.715	-4257.201	260.4864	2.10703	0.4153756	0.713691	0.286309	1.132598
948	-3996.437	-4256.685	260.2479	2.10703	0.5534459	0.760745	0.239255	1.136365
954	-3978.628	-4238.857	260.2285	2.155977	0.5777988	0.760745	0.239255	1.075729
960	-3986.076	-4246.286	260.2107	2.114429	0.5827552	0.699618	0.300382	1.123365
966	-3985.177	-4245.508	260.331	2.275297	0.5490184	0.699618	0.300382	0.8943348
972	-3984.662	-4245.069	260.4069	2.265599	0.5111572	0.723749	0.276251	0.8874217
978	-3989.196	-4249.529	260.3335	2.136866	0.5799285	0.622421	0.377579	0.9893529
984	-3982.495	-4242.831	260.3356	2.199908	0.5487694	0.676349	0.323651	0.9711214
990	-3984.411	-4244.778	260.3671	2.199908	0.5242676	0.676349	0.323651	0.9783504
996	-3980.016	-4240.269	260.2538	2.152388	0.5530344	0.723045	0.276955	1.090473
1002	-3985.513	-4245.596	260.0821	1.994049	0.5880912	0.705478	0.294522	1.327326
1008	-3994.666	-4254.868	260.2021	1.957364	0.496026	0.718203	0.281797	1.375545
1014	-3988.601	-4248.968	260.3667	1.957364	0.4910426	0.668571	0.331429	1.249242
1020	-3989.866	-4250.044	260.1779	1.964992	0.5315197	0.692017	0.307983	1.343063
1026	-3989.207	-4249.45	260.2425	1.975006	0.5090602	0.692017	0.307983	1.312166
1032	-3995.365	-4255.597	260.2327	2.014998	0.5158794	0.632355	0.367645	1.278556
1038	-3986.496	-4246.785	260.2892	1.994264	0.4570179	0.758348	0.241652	1.330122
1044	-4000.306	-4260.687	260.3818	1.964814	0.4487483	0.673819	0.326181	1.290878
1050	-3986.861	-4247.129	260.2676	1.958223	0.4635676	0.616741	0.383259	1.366801
1056	-3997.253	-4257.581	260.3281	1.973685	0.3449472	0.616741	0.383259	1.483806
1062	-3988.453	-4248.834	260.3814	1.939744	0.4791531	0.562793	0.437207	1.268331
1068	-3991.038	-4251.272	260.2336	1.963116	0.4097408	0.562793	0.437207	1.46492
1074	-3987.762	-4248.036	260.274	2.063785	0.4594935	0.728533	0.271467	1.282562
1080	-3983.152	-4243.48	260.3283	2.035686	0.5328166	0.631507	0.368493	1.156927
1086	-3993.326	-4253.732	260.4062	2.037919	0.532627	0.745813	0.254187	1.084822
1092	-3996.078	-4256.41	260.3329	2.106658	0.4806853	0.715077	0.284923	1.165581
1098	-3997.938	-4258.185	260.2468	2.326137	0.5417718	0.687957	0.312043	0.9433194
1104	-3995.642	-4256.011	260.3689	2.234883	0.5027965	0.667857	0.332143	0.9764451
1110	-4004.156	-4264.338	260.1814	2.207106	0.5851506	0.704742	0.295258	1.061692
1116	-3982.68	-4242.905	260.2245	2.207106	0.5844577	0.772644	0.227356	1.021234
1122	-3988.455	-4248.627	260.1721	2.099329	0.5844577	0.772644	0.227356	1.168762
1128	-3988.008	-4248.319	260.3113	2.099329	0.5068641	0.772644	0.227356	1.152568
1134	-3992.486	-4252.95	260.4645	2.099329	0.419186	0.788539	0.211461	1.152568
1140	-4000.931	-4261.04	260.109	2.079284	0.6065336	0.689152	0.310848	1.212598
1146	-4002.499	-4262.666	260.1673	2.01886	0.5175169	0.689152	0.310848	1.326401
1152	-4002.85	-4262.88	260.0301	2.105363	0.6239776	0.670356	0.329644	1.236236
1158	-4006.445	-4266.866	260.4211	2.105363	0.484665	0.602386	0.397614	1.081136
1164	-3998.938	-4259.174	260.2357	2.087017	0.5629382	0.544114	0.455886	1.152129
1170	-3991.556	-4251.848	260.2916	2.174643	0.5629382	0.712712	0.287288	1.018896
1176	-4002.372	-4262.453	260.0813	2.255712	0.6688495	0.66822	0.33178	0.9970036
1182	-3985.368	-4245.725	260.3566	2.227387	0.4885333	0.699669	0.300331	1.019979
1188	-3975.04	-4235.388	260.3479	2.227387	0.4937618	0.706246	0.293754	1.019979
1194	-3976.988	-4237.322	260.3333	2.206148	0.4908515	0.766355	0.233645	1.059151
1200	-3962.094	-4222.539	260.4452	2.328671	0.4908515	0.685517	0.314483	0.8043607
1206	-3981.247	-4241.616	260.3693	2.328671	0.5404328	0.712639	0.287361	0.7986298
1212	-3981.508	-4241.627	260.119	2.345358	0.6790896	0.645696	0.354304	0.8419544
1218	-3986.114	-4246.447	260.3327	2.280088	0.5795096	0.778182	0.221818	0.8316342
1224	-3989.384	-4249.702	260.3174	2.374293	0.5795096	0.776323	0.223677	0.7203323
1230	-3977.091	-4237.487	260.3964	2.181344	0.5215206	0.691251	0.308749	0.9718426
1236	-3985.467	-4245.822	260.3551	2.121174	0.5351464	0.637984	0.362016	1.050789
1242	-4001.313	-4261.727	260.4148	2.163423	0.5139743	0.644785	0.355215	0.9838818
1248	-3972.709	-4233.079	260.3705	2.153563	0.5139743	0.676578	0.323422	1.037467
1254	-3985.009	-4245.203	260.1943	2.175836	0.5139743	0.676578	0.323422	1.177873
1260	-3990.971	-4251.068	260.0976	2.082336	0.5742772	0.728546	0.271454	1.259495
1266	-3976.17	-4236.55	260.3799	2.120402	0.5422306	0.823175	0.176825	1.016807
1272	-3977.324	-4237.617	260.293	2.092054	0.5740335	0.67261	0.32739	1.0804
1278	-3990.738	-4250.971	260.2326	2.018131	0.598117	0.67261	0.32739	1.169325
1284	-3990.366	-4250.675	260.3081	2.095439	0.6236894	0.626617	0.373383	0.9926749
1290	-3989.837	-4250.247	260.4094	2.109382	0.4866352	0.659934	0.340066	1.085231
1296	-3989.377	-4249.71	260.3332	2.13413	0.5263263	0.659934	0.340066	1.072465
1302	-3985.282	-4245.814	260.5325	2.091254	0.4278353	0.638302	0.361698	1.083787
1308	-3986.92	-4247.399	260.4783	2.158573	0.4922275	0.638302	0.361698	0.9603225
1314	-3992.722	-4253.196	260.4741	2.037461	0.4954838	0.610885	0.389115	1.078108
1320	-3999.62	-4260.158	260.5381	2.022549	0.4037367	0.590045	0.409955	1.180911
1326	-3982.911	-4243.218	260.307	2.034822	0.4740494	0.637848	0.362152	1.258449
1332	-3985.951	-4246.107	260.1567	2.034822	0.4740494	0.680754	0.319246	1.379486
1338	-3993.857	-4254.181	260.3236	1.945897	0.5177734	0.701269	0.298731	1.2581
1344	-3992.487	-4252.572	260.0846	1.945897	0.5688813	0.664021	0.335979	1.386159
1350	-4000.034	-4260.446	260.4112	2.006905	0.4910422	0.664021	0.335979	1.169056
1356	-3995.699	-4255.829	260.1299	2.112579	0.5788407	0.638728	0.361272	1.200998
1362	-3986.884	-4247.37	260.4856	2.201654	0.4797844	0.638728	0.361272	0.9290958
1368	-4007.418	-4267.864	260.4468	2.201654	0.4978564	0.594606	0.405394	0.9382068
1374	-3988.082	-4248.343	260.2602	2.190358	0.5889702	0.671716	0.328284	0.9957519
1380	-3997.249	-4257.6	260.3508	2.121935	0.4815833	0.712726	0.287274	1.134866
1386	-4003.278	-4263.478	260.2001	2.094961	0.5928762	0.700525	0.299475	1.136989
1392	-3999.509	-4259.681	260.1715	2.011157	0.481123	0.709877	0.290123	1.376971
1398	-3998.097	-4258.382	260.2845	2.046109	0.5202075	0.709877	0.290123	1.203296
1404	-3988.739	-4248.864	260.1248	1.87534	0.5341713	0.709877	0.290123	1.45098
1410	-3995.038	-4255.012	259.9736	1.982186	0.5894755	0.709877	0.290123	1.420338
1416	-3997.126	-4257.391	260.2645	2.011505	0.4660499	0.700731	0.299269	1.323411
1422	-3982.454	-4242.594	260.14	1.896011	0.4750069	0.589803	0.410197	1.49748
1428	-3993.926	-4253.755	259.8294	1.896011	0.6489223	0.729577	0.270423	1.530654
1434	-3985.247	-4245.218	259.9716	1.872704	0.5206091	0.614117	0.385883	1.583342
1440	-3988.143	-4248.35	260.207	2.097896	0.5154236	0.627369	0.372631	1.231648
1446	-3992.461	-4252.686	260.2247	2.105417	0.5000415	0.624642	0.375358	1.231648
1452	-3994.232	-4254.392	260.1595	2.074694	0.5604147	0.759806	0.240194	1.231648
1458	-4001.257	-4261.807	260.55	2.060242	0.4064705	0.669464	0.330536	1.132639
1464	-3993.402	-4253.829	260.4274	2.072762	0.497501	0.689498	0.310502	1.085613
1470	-3995.815	-4256.296	260.4806	2.186199	0.4515053	0.636058	0.363942	1.001307
1476	-3989.722	-4250.159	260.4371	2.186199	0.5204668	0.688776	0.311224	0.9255215
1482	-3992.711	-4253.11	260.3989	2.228172	0.5204668	0.688776	0.311224	0.9214257
1488	-3989.217	-4249.629	260.4116	2.265432	0.5139152	0.752085	0.247915	0.8770537
1494	-3985.932	-4246.426	260.4937	2.113482	0.4992124	0.752085	0.247915	0.9789766
1500	-3993.116	-4253.412	260.2964	2.282668	0.5642955	0.707795	0.292205	0.8987226
1506	-3993.825	-4254.272	260.4479	2.282668	0.4802691	0.725002	0.274998	0.8797468
1512	-3986.098	-4246.303	260.2054	2.270036	0.6360149	0.780622	0.219378	0.8978935
1518	-3979.969	-4240.283	260.314	2.270036	0.577774	0.588936	0.411064	0.8696601
1524	-3966.947	-4227.291	260.3442	2.366307	0.4888332	0.715895	0.284105	0.8861497
1530	-3975.284	-4235.597	260.313	2.27074	0.5950378	0.717079	0.282921	0.8391804
1536	-3991.5	-4251.731	260.2312	2.18489	0.62588	0.670671	0.329329	0.9767503
1542	-3993.384	-4253.688	260.3036	2.223985	0.6062158	0.655722	0.344278	0.886697
1548	-3991.663	-4252.29	260.6271	2.265698	0.4350188	0.685253	0.314747	0.7750979
1554	-3984.736	-4245.207	260.4708	2.271428	0.5133032	0.597772	0.402228	0.7971689
1560	-3979.146	-4239.367	260.2207	2.078058	0.6228794	0.702259	0.297741	1.094451
1566	-3985.57	-4245.905	260.3355	2.06927	0.4625942	0.644866	0.355134	1.222313
1572	-3988.021	-4248.457	260.4357	2.163815	0.4789874	0.738669	0.261331	1.020636
1578	-3985.513	-4245.901	260.3881	2.060182	0.4789874	0.765134	0.234866	1.160441
1584	-3974.485	-4234.747	260.262	2.060182	0.4979566	0.654501	0.345499	1.241146
1590	-3985.779	-4246.021	260.2418	2.025577	0.4790383	0.626687	0.373313	1.312333
1596	-3979.835	-4240.105	260.2708	1.996598	0.4790383	0.687088	0.312912	1.312333
1602	-3986.68	-4246.941	260.2607	1.996598	0.4824974	0.682078	0.317922	1.315734
1608	-4008.234	-4268.404	260.1701	2.022004	0.4927736	0.7703	0.2297	1.35403
1614	-4000.817	-4261.092	260.2752	1.910998	0.4927736	0.617269	0.382731	1.358698
1620	-3996.419	-4256.62	260.2013	2.072348	0.42701	0.558588	0.441412	1.380693
1626	-3988.242	-4248.393	260.1508	1.946871	0.4259482	0.680869	0.319131	1.516584
1632	-3981.109	-4241.142	260.0329	1.946871	0.5473941	0.659653	0.340347	1.450727
1638	-3981.703	-4242.218	260.5152	2.042829	0.4000034	0.677613	0.322387	1.189324
1644	-3970.152	-4230.386	260.2331	2.030125	0.508172	0.678144	0.321856	1.276123
1650	-3984.445	-4244.809	260.3639	2.030125	0.508172	0.711548	0.288452	1.165319
1656	-3982.745	-4242.945	260.2004	2.116777	0.5708251	0.701741	0.298259	1.146454
1662	-3979.621	-4240.023	260.402	2.116777	0.5008169	0.606729	0.393271	1.063044
1668	-3977.579	-4237.86	260.281	2.166765	0.5334751	0.606729	0.393271	1.080168
1674	-3994.51	-4254.818	260.3087	2.142674	0.5334751	0.623641	0.376359	1.076844
1680	-3983.772	-4244.257	260.4854	2.11815	0.4720417	0.756971	0.243029	1.028272
1686	-4009.987	-4270.447	260.4599	2.035056	0.3949753	0.601876	0.398124	1.251064
1692	-3992.064	-4252.566	260.5024	2.17701	0.4703408	0.598799	0.401201	0.9546648
1698	-4006.034	-4266.347	260.313	2.073009	0.4666817	0.613428	0.386572	1.232142
1704	-3996.53	-4256.862	260.3315	1.999298	0.4556643	0.675359	0.324641	1.293752
1710	-3986.227	-4246.209	259.9828	1.834235	0.5577266	0.691632	0.308368	1.560675
1716	-3986.102	-4246.278	260.176	1.857559	0.5067822	0.690737	0.309263	1.459086
1722	-3984.815	-4244.95	260.1347	1.843523	0.5413875	0.763292	0.236708	1.459086
1728	-3993.342	-4253.556	260.2137	1.849534	0.4663073	0.781094	0.218906	1.488304
1734	-3998.842	-4259.123	260.2806	1.856151	0.4252197	0.674127	0.325873	1.488304
1740	-3981.458	-4241.595	260.1363	1.863672	0.5152541	0.718521	0.281479	1.47408
1746	-3995.545	-4255.575	260.0293	1.904821	0.6105159	0.644172	0.355828	1.413486
1752	-4004.485	-4264.681	260.1953	1.942424	0.4922068	0.687456	0.312544	1.397517
1758	-3997.178	-4257.195	260.017	1.900637	0.5945501	0.670914	0.329086	1.443929
1764	-3995.634	-4255.756	260.122	1.906113	0.5513169	0.746875	0.253125	1.408947
1770	-4003.814	-4264.067	260.2525	2.094234	0.5853359	0.722678	0.277322	1.100288
1776	-3995.813	-4256.356	260.5433	2.175825	0.4709798	0.709121	0.290879	0.9107462
1782	-3989.71	-4249.838	260.1278	2.319016	0.6484153	0.669962	0.330038	0.9107462
1788	-3985.83	-4246.335	260.5054	2.254524	0.4614488	0.724095	0.275905	0.8833627
1794	-3989.637	-4249.784	260.1468	2.373131	0.6433912	0.787578	0.212422	0.833025
1800	-3979.205	-4239.443	260.2382	2.248257	0.6076476	0.795422	0.204578	0.9301025
1806	-3970.534	-4230.795	260.2612	2.248257	0.6076476	0.795422	0.204578	0.9048813
1812	-3978.193	-4238.504	260.3107	2.248257	0.5778578	0.637705	0.362295	0.8982933
1818	-3981.588	-4241.989	260.4019	2.081259	0.5089073	0.673255	0.326745	1.083997
1824	-3990.402	-4250.736	260.3344	2.078808	0.502271	0.653354	0.346646	1.156983
1830	-3984.482	-4244.725	260.2433	2.009295	0.502271	0.749956	0.250044	1.292796
1836	-4001.926	-4261.98	260.0538	2.003984	0.6082108	0.743952	0.256048	1.318535
1842	-3994.401	-4254.479	260.0783	1.991745	0.483234	0.66001	0.33999	1.461158
1848	-3984.575	-4244.703	260.1281	1.87066	0.483234	0.67596	0.32404	1.514832
1854	-3992.304	-4252.24	259.9364	1.897392	0.6184337	0.698976	0.301024	1.481502
1860	-3992.026	-4252.173	260.1473	2.005388	0.5291307	0.68866	0.31134	1.338321
1866	-4002.18	-4262.488	260.3077	2.005388	0.5291307	0.668146	0.331854	1.206065
1872	-3990.625	-4250.848	260.2237	1.970702	0.5405107	0.719537	0.280463	1.290147
1878	-3992.943	-4253.085	260.1418	1.825152	0.3971756	0.644169	0.355831	1.651897
1884	-3992.097	-4252.137	260.0399	1.825152	0.3982713	0.605908	0.394092	1.722752
1890	-3988.322	-4248.291	259.969	1.822513	0.4160975	0.676677	0.323323	1.750554
1896	-3985.315	-4245.069	259.7538	1.833307	0.5141676	0.676677	0.323323	1.773998
1902	-3999.713	-4259.674	259.9612	1.929893	0.4780481	0.674453	0.325547	1.600619
1908	-3990.671	-4250.948	260.2769	1.911726	0.4780481	0.674453	0.325547	1.376383
1914	-3978.545	-4238.487	259.9416	1.924362	0.6009218	0.741283	0.258717	1.476218
1920	-3975.234	-4235.491	260.2571	1.924362	0.4834996	0.774382	0.225618	1.37474
1926	-3987.151	-4247.572	260.4207	1.924362	0.5109652	0.610108	0.389892	1.203697
1932	-3980.712	-4240.908	260.196	1.984899	0.4646381	0.667049	0.332951	1.400499
1938	-3967.368	-4227.725	260.3578	1.979699	0.5040645	0.621983	0.378017	1.219807
1944	-3997.631	-4257.759	260.1281	2.106709	0.6165684	0.744087	0.255913	1.159996
1950	-3985.752	-4245.998	260.2456	2.000189	0.4884819	0.772447	0.227553	1.316875
1956	-3977.249	-4237.622	260.3732	2.036095	0.4088585	0.772447	0.227553	1.299536
1962	-3985.481	-4245.76	260.2787	2.002469	0.5243107	0.76352	0.23648	1.239562
1968	-3995.127	-4255.34	260.2133	2.09712	0.5062689	0.570503	0.429497	1.239562
1974	-3987.926	-4248.39	260.4646	2.289366	0.5042504	0.554921	0.445079	0.8012624
1980	-3975.791	-4236.144	260.3537	2.25118	0.524269	0.670666	0.329334	0.9387833
1986	-3992.286	-4252.512	260.2257	2.239458	0.6172798	0.686057	0.313943	0.9382363
1992	-3990.607	-4250.791	260.1837	2.239458	0.6172798	0.625346	0.374654	0.9820429
1998	-3986.518	-4246.878	260.3593	2.24676	0.4981026	0.625346	0.374654	0.9820429
2004	-3986.542	-4246.89	260.3482	2.24676	0.5153069	0.681473	0.318527	0.9644062
2010	-3981.692	-4242.069	260.3771	2.24676	0.4988843	0.705982	0.294018	0.9623665
2016	-3971.68	-4232.191	260.5106	2.148232	0.3760587	0.705982	0.294018	1.14232
2022	-3970.134	-4230.329	260.1948	2.076895	0.5822238	0.705982	0.294018	1.171409
2028	-3978.287	-4238.689	260.402	2.074345	0.4239013	0.57008	0.42992	1.220623
2034	-4001.324	-4261.84	260.5166	2.115964	0.4239013	0.629663	0.370337	1.082367
2040	-3993.867	-4253.585	259.7183	1.828806	0.544556	0.712358	0.287642	1.768238
2046	-4004.034	-4263.73	259.696	1.73866	0.4872323	0.712358	0.287642	1.909216
2052	-3979.212	-4239.311	260.0991	1.929137	0.5387611	0.629663	0.370337	1.42393
2058	-3978.39	-4238.535	260.1454	1.804669	0.4575523	0.727376	0.272624	1.583506
2064	-4001.273	-4261.569	260.2958	1.877482	0.3516224	0.727376	0.272624	1.568846
2070	-3980.182	-4240.227	260.0448	1.779177	0.4710549	0.611081	0.388919	1.657731
2076	-3989.413	-4249.152	259.739	1.727668	0.5671572	0.674101	0.325899	1.800053
2082	-3999.04	-4258.859	259.819	1.740766	0.5542975	0.709166	0.290834	1.748857
2088	-3985.336	-4244.933	259.597	1.740766	0.5983736	0.687356	0.312644	1.856832
2094	-3996.824	-4256.334	259.5103	1.680482	0.4793705	0.760895	0.239105	2.080825
2100	-3983.758	-4243.348	259.5895	1.601293	0.4793705	0.66345	0.33655	2.080825
2106	-3984.197	-4243.593	259.3961	1.601293	0.4793705	0.653101	0.346899	2.206957
2112	-4001.406	-4261.302	259.8956	1.844706	0.5938403	0.750006	0.249994	1.577336
2118	-3996.852	-4256.931	260.0792	1.844706	0.4819909	0.582323	0.417677	1.571804
2124	-3985.485	-4245.651	260.1662	1.797874	0.460927	0.681981	0.318019	1.568916
2130	-3997.393	-4257.615	260.2219	1.869222	0.4467845	0.591007	0.408993	1.493147
2136	-3995.042	-4255.236	260.1938	1.960424	0.5341995	0.591007	0.408993	1.330606
2142	-3991.843	-4252.374	260.5313	2.065697	0.4311937	0.76734	0.23266	1.102817
2148	-3985.069	-4245.297	260.2277	2.067619	0.5207282	0.744971	0.255029	1.232548
2154	-3985.814	-4246.426	260.6122	2.139339	0.3821559	0.744971	0.255029	1.045741
2160	-3992.102	-4252.534	260.4319	2.147517	0.5291359	0.646206	0.353794	0.9575624
2166	-3987.861	-4248.22	260.3588	2.194473	0.5291359	0.620439	0.379561	0.984434
2172	-4000.196	-4260.738	260.5424	2.166744	0.4650705	0.620439	0.379561	0.9327818
2178	-3986.173	-4246.689	260.5166	2.201968	0.4650705	0.650826	0.349174	0.9226321
2184	-3976.418	-4236.729	260.3112	2.26185	0.5564646	0.752876	0.247124	0.9186795
2190	-3982.57	-4243.016	260.4464	2.276425	0.4607823	0.753041	0.246959	0.926076
2196	-3990.179	-4250.829	260.6501	2.276425	0.4068698	0.753041	0.246959	0.8006511
2202	-3990.106	-4250.575	260.4689	2.132394	0.4943178	0.67416	0.32584	0.9931905
2208	-3984.996	-4245.45	260.4541	2.156162	0.4888977	0.733442	0.266558	0.9933474
2214	-3971.552	-4232.172	260.6201	2.156162	0.4282076	0.691763	0.308237	0.931475
2220	-3973.754	-4234.279	260.5249	2.143015	0.4899494	0.700031	0.299969	0.931475
2226	-3986.099	-4246.597	260.4981	2.143015	0.4899494	0.700031	0.299969	0.9598461
2232	-3986.797	-4247.299	260.5016	2.169204	0.4734065	0.79804	0.20196	0.9581876
2238	-3999.508	-4260.04	260.5321	2.12284	0.4734065	0.614345	0.385655	0.9745868
2244	-3995.6	-4256.265	260.6646	2.03804	0.3791428	0.675681	0.324319	1.097178
2250	-3986.771	-4247.053	260.2826	2.094417	0.5055661	0.67009	0.32991	1.183834
2256	-3986.137	-4246.354	260.2167	2.072932	0.5707787	0.67009	0.32991	1.17071
2262	-3982.114	-4242.544	260.4303	2.149047	0.4566487	0.713272	0.286728	1.076865
2268	-3985.608	-4246.063	260.4549	2.10507	0.4598501	0.713272	0.286728	1.089638
2274	-3987.985	-4248.537	260.5515	2.026529	0.4151603	0.572842	0.427158	1.146616
2280	-3989.069	-4249.508	260.4389	1.909233	0.4475652	0.595412	0.404588	1.291375
2286	-3990.723	-4251.012	260.2886	2.1644	0.5883243	0.595412	0.404588	0.9942842
2292	-3988.723	-4249.172	260.4488	2.101932	0.4994175	0.76124	0.23876	1.034778
2298	-3992.231	-4252.784	260.5526	2.117917	0.4546572	0.729622	0.270378	0.9919669
2304	-3986.34	-4246.683	260.343	2.151765	0.5107791	0.612788	0.387212	1.070305
2310	-3982.138	-4242.328	260.1903	1.97418	0.5610759	0.612788	0.387212	1.28861
2316	-3986.304	-4246.521	260.2171	2.119833	0.5610759	0.756636	0.243364	1.142042
2322	-3991.143	-4251.425	260.2821	2.12926	0.5610759	0.717088	0.282912	1.074175
2328	-3993.926	-4254.415	260.4896	2.12926	0.4490658	0.717088	0.282912	1.052309
2334	-3997.385	-4257.685	260.3005	2.091213	0.5634798	0.667909	0.332091	1.089057
2340	-3993.048	-4253.484	260.4361	2.0895	0.4694009	0.668874	0.331126	1.105979
2346	-3989.297	-4249.788	260.4906	2.041955	0.465363	0.587774	0.412226	1.105979
2352	-3981.189	-4241.578	260.3887	2.129786	0.4875097	0.733818	0.266182	1.084109
2358	-3996.297	-4256.67	260.3728	2.196356	0.4875097	0.706008	0.293992	1.036114
2364	-3981.959	-4242.201	260.2418	2.145364	0.4875097	0.766903	0.233097	1.20092
2370	-3983.656	-4244.087	260.4317	2.163486	0.4875097	0.766903	0.233097	1.010691
2376	-4001.773	-4262.252	260.4781	2.182016	0.5098716	0.766903	0.233097	0.9037903
2382	-3986.591	-4246.947	260.3557	2.223606	0.5445327	0.718316	0.281684	0.931873
2388	-3972.927	-4233.436	260.5085	2.319999	0.4498752	0.726843	0.273157	0.8252258
2394	-3982.642	-4243.075	260.4324	2.324573	0.5335494	0.648763	0.351237	0.7286405
2400	-3984.289	-4244.579	260.2898	2.388496	0.5760618	0.699093	0.300907	0.7492433
2406	-3991.143	-4251.302	260.1593	2.473463	0.6447172	0.694339	0.305661	0.6571003
2412	-3993.243	-4253.515	260.2719	2.451933	0.5457224	0.676676	0.323324	0.750477
2418	-3999.057	-4259.278	260.2209	2.435249	0.6228286	0.591157	0.408843	0.6715488
2424	-3981.765	-4242.123	260.3579	2.397947	0.5277956	0.636798	0.363202	0.7447391
2430	-3988.04	-4248.337	260.297	2.419428	0.5860588	0.689658	0.310342	0.6573587
2436	-3988.654	-4248.987	260.3337	2.419428	0.5459883	0.694676	0.305324	0.7027754
2442	-4006.45	-4266.459	260.0085	1.78784	0.4793597	0.710014	0.289986	1.667323
2448	-4018.119	-4278.141	260.0226	1.800382	0.4257637	0.744202	0.255798	1.715829
2454	-3991.942	-4252.469	260.5267	2.345238	0.4494256	0.747166	0.252834	0.7679195
2460	-3989.424	-4249.606	260.1816	2.365079	0.6595285	0.670948	0.329052	0.7679195
2466	-4000.774	-4261.061	260.2865	2.365079	0.5702297	0.74852	0.25148	0.7994505
2472	-3991.412	-4251.755	260.3438	2.226094	0.5352725	0.726202	0.273798	0.9572972
2478	-3996.152	-4256.475	260.323	2.188377	0.5352725	0.775753	0.224247	1.016676
2484	-3970.076	-4230.372	260.2957	2.169999	0.5702119	0.768219	0.231781	1.00861
2490	-3974.154	-4234.497	260.3423	2.189671	0.5339916	0.65627	0.34373	0.9982381
2496	-3979.84	-4240.223	260.3829	2.261713	0.5224126	0.65627	0.34373	0.8984721
2502	-3971.018	-4231.312	260.2938	2.261713	0.5800662	0.64865	0.35135	0.8984721
2508	-3980.956	-4241.476	260.5198	2.153922	0.4392336	0.748409	0.251591	1.016221
2514	-3982.531	-4242.742	260.2102	2.104198	0.567802	0.605389	0.394611	1.152887
2520	-3988.971	-4249.428	260.4567	2.077667	0.3934789	0.646011	0.353989	1.220376
2526	-3997.515	-4257.944	260.43	2.078162	0.4267522	0.765371	0.234629	1.188909
2532	-3991.549	-4251.931	260.3823	2.026178	0.3955176	0.721076	0.278924	1.32092
2538	-4010.061	-4270.377	260.3165	2.022629	0.432236	0.662581	0.337419	1.321093
2544	-3997.598	-4258.104	260.5061	2.022629	0.4340317	0.755799	0.244201	1.159372
2550	-3991.547	-4251.944	260.3976	2.085582	0.459481	0.687886	0.312114	1.159372
2556	-3982.522	-4243.09	260.5673	2.128561	0.4152228	0.747744	0.252256	1.037799
2562	-3983.432	-4243.725	260.2924	2.128561	0.5534909	0.761799	0.238201	1.076051
2568	-3987.61	-4248.162	260.5516	2.123382	0.4701888	0.6833	0.3167	0.9596598
2574	-3991.157	-4251.521	260.3638	1.997194	0.5208414	0.682433	0.317567	1.176179
2580	-3997.406	-4257.457	260.0507	1.983766	0.6184069	0.667766	0.332234	1.325519
2586	-3990.627	-4250.943	260.3162	1.987373	0.4508638	0.708707	0.291293	1.322714
2592	-3997.029	-4257.545	260.5152	2.062583	0.401974	0.708707	0.291293	1.168918
2598	-3986.015	-4246.287	260.272	2.062583	0.5428077	0.725376	0.274624	1.168918
2604	-3987.888	-4248.346	260.458	2.062583	0.4620705	0.725376	0.274624	1.122026
2610	-3973.66	-4233.863	260.2037	2.062583	0.5959973	0.585371	0.414629	1.15841
2616	-3991.245	-4251.788	260.5432	2.136667	0.3948412	0.690707	0.309293	1.089636
2622	-3993.582	-4253.789	260.2069	2.101557	0.5870168	0.762906	0.237094	1.132647
2628	-3976.884	-4237.16	260.2768	2.013335	0.4309757	0.718026	0.281974	1.361974
2634	-3984.212	-4244.459	260.2469	1.940665	0.5171562	0.716236	0.283764	1.32575
2640	-3983.515	-4243.849	260.3344	1.948597	0.4581611	0.644662	0.355338	1.32887
2646	-3982.921	-4243.233	260.3124	1.988423	0.483082	0.617374	0.382626	1.279537
2652	-3984.639	-4244.682	260.0426	1.873957	0.5275036	0.677714	0.322286	1.521989
2658	-3992.342	-4252.112	259.7697	1.778251	0.5856985	0.646502	0.353498	1.723881
2664	-3992.45	-4252.368	259.9178	1.732903	0.4940453	0.592148	0.407852	1.752755
2670	-3988.392	-4248.419	260.0272	1.722933	0.4940453	0.802172	0.197828	1.682561
2676	-3998.083	-4257.92	259.8367	1.731179	0.4846517	0.607475	0.392525	1.821164
2682	-3997.416	-4255.359	257.9434	1.481184	0.488387	0.557864	0.442136	3.166178
2688	-3990.416	-4249.065	258.6493	1.432204	0.4905577	0.72417	0.27583	2.768891
2694	-3995.115	-4253.591	258.476	1.328839	0.4234625	0.576444	0.423556	3.007674
2700	-3990.077	-4248.747	258.6698	1.476086	0.4234625	0.724463	0.275537	2.801653
2706	-3986.318	-4245.49	259.1721	1.531532	0.4397885	0.569778	0.430222	2.438427
2712	-3971.507	-4230.868	259.3615	1.65046	0.5181869	0.586095	0.413905	2.155792
2718	-3970.642	-4230.072	259.4299	1.63256	0.5118702	0.766476	0.233524	2.129562
2724	-3974.499	-4233.77	259.2716	1.598527	0.531352	0.693256	0.306744	2.234032
2730	-3991.082	-4250.309	259.2272	1.578326	0.531352	0.739568	0.260432	2.275533
2736	-3989.041	-4247.976	258.9349	1.59207	0.6507828	0.750565	0.249435	2.341084
2742	-3988.975	-4248.156	259.1804	1.548863	0.5090397	0.798599	0.201401	2.347105
2748	-3985.094	-4244.446	259.3517	1.685067	0.5497685	0.798599	0.201401	2.107013
2754	-3990.876	-4250.345	259.4691	1.685067	0.5867215	0.67475	0.32525	1.992437
2760	-3988.749	-4248.349	259.5996	1.719483	0.5043829	0.686822	0.313178	1.967838
2766	-3980.66	-4240.251	259.5907	1.719483	0.5098346	0.608544	0.391456	1.967838
2772	-3991.756	-4251.589	259.8335	1.816711	0.6401189	0.624438	0.375562	1.594957
2778	-3986.897	-4247.16	260.2626	1.998001	0.5206029	0.722301	0.277699	1.261635
2784	-3984.482	-4244.576	260.0934	2.027537	0.6761076	0.679696	0.320304	1.187609
2790	-3971.33	-4231.694	260.3648	2.089976	0.525064	0.710725	0.289275	1.086076
2796	-3982.45	-4242.906	260.4558	2.121919	0.5070273	0.697128	0.302872	0.9957645
2802	-3984.612	-4244.891	260.279	2.004232	0.5247407	0.691201	0.308799	1.237269
2808	-3988.983	-4249.288	260.3056	2.028136	0.4478683	0.684758	0.315242	1.302602
2814	-3981.015	-4241.139	260.1243	1.999487	0.6055826	0.725644	0.274356	1.267813
2820	-3982.93	-4243.094	260.1644	1.999487	0.6020513	0.636316	0.363684	1.238678
2826	-3988.849	-4249.031	260.1815	2.000534	0.6188079	0.636316	0.363684	1.202998
2832	-4000.381	-4260.404	260.0232	2.064412	0.6877993	0.636316	0.363684	1.202998
2838	-3990.431	-4250.561	260.1304	1.965285	0.6360137	0.691995	0.308005	1.255314
2844	-3993.858	-4253.844	259.9854	1.966296	0.6508844	0.620088	0.379912	1.355377
2850	-3984.564	-4244.525	259.9613	1.975703	0.6558416	0.731689	0.268311	1.361642
2856	-3998.976	-4258.792	259.816	2.08435	0.7266019	0.731689	0.268311	1.316731
2862	-4005.347	-4265.189	259.842	2.096591	0.8139301	0.731689	0.268311	1.196846
2868	-3988.616	-4248.965	260.3492	2.083606	0.5279969	0.689199	0.310801	1.102033
2874	-3989.152	-4249.508	260.3559	2.010757	0.5060738	0.714832	0.285168	1.192078
2880	-3969.07	-4229.354	260.2839	1.995094	0.5269366	0.726737	0.273263	1.237909
2886	-3975.016	-4235.298	260.2813	2.00755	0.5406801	0.538763	0.461237	1.211252
2892	-3980.652	-4240.802	260.1505	1.962746	0.5746875	0.51704	0.48296	1.313494
2898	-3997.611	-4257.589	259.9779	2.048335	0.5746875	0.681301	0.318699	1.382702
2904	-3969.916	-4230.16	260.2438	1.971028	0.417202	0.643977	0.356023	1.440335
2910	-3974.398	-4234.536	260.1385	1.985119	0.5448848	0.643977	0.356023	1.341738
2916	-3973.02	-4233.341	260.3209	1.981189	0.5004104	0.713854	0.286146	1.254549
2922	-3964.267	-4224.53	260.263	1.981189	0.5106453	0.687693	0.312307	1.288429
2928	-3985.168	-4245.385	260.2167	1.921461	0.5323622	0.681355	0.318645	1.345762
2934	-3982.107	-4242.363	260.2552	1.921461	0.5156812	0.751941	0.248059	1.336345
2940	-3979.789	-4240.083	260.2939	1.921461	0.4932486	0.662935	0.337065	1.33494
2946	-3976.732	-4237.106	260.3745	1.948939	0.3913671	0.618581	0.381419	1.39463
2952	-3978.297	-4238.499	260.202	1.948939	0.4070476	0.618581	0.381419	1.503241
2958	-3977.22	-4237.578	260.3585	1.962865	0.4975936	0.704494	0.295506	1.242355
2964	-3979.16	-4239.445	260.2858	1.99325	0.4845475	0.662463	0.337537	1.295288
2970	-3979.23	-4239.437	260.2079	1.943087	0.4845475	0.692637	0.307363	1.39722
2976	-3980.644	-4241.104	260.4603	1.943087	0.4107507	0.688057	0.311943	1.30149
2982	-3990.507	-4250.566	260.0591	1.933785	0.5722909	0.701171	0.298829	1.411445
2988	-3993.589	-4254.04	260.4515	1.962176	0.4842871	0.694596	0.305404	1.18277
2994	-3997.076	-4257.258	260.183	1.937862	0.5441509	0.730078	0.269922	1.344861
3000	-4004.413	-4264.678	260.2647	1.815292	0.5512813	0.572213	0.427787	1.3684
3006	-3994.457	-4254.807	260.3495	1.84087	0.448608	0.629436	0.370564	1.415062
3012	-3987.617	-4247.945	260.328	1.960555	0.4304686	0.623011	0.376989	1.363946
3018	-3989.7	-4250.301	260.6011	1.995859	0.3711164	0.560847	0.439153	1.204929
3024	-3984.804	-4245.162	260.3583	2.010366	0.4502307	0.560847	0.439153	1.270615
3030	-3988.193	-4248.586	260.3931	2.010366	0.4502307	0.735902	0.264098	1.241737
3036	-3981.207	-4241.486	260.2795	1.927595	0.4929386	0.699231	0.300769	1.341947
3042	-4001.994	-4262.502	260.5079	1.897288	0.4322762	0.739752	0.260248	1.2672
3048	-3979.121	-4239.541	260.42	2.120104	0.4174938	0.706825	0.293175	1.176136
3054	-3988.761	-4249.302	260.5406	1.969118	0.3591109	0.706825	0.293175	1.298134
3060	-3996.866	-4257.017	260.1511	1.953683	0.5049234	0.70353	0.29647	1.406704
3066	-3997.135	-4257.364	260.2291	1.953683	0.4589699	0.57919	0.42081	1.406704
3072	-3979.069	-4239.367	260.2977	1.939407	0.4419381	0.596938	0.403062	1.388029
3078	-3983.066	-4243.229	260.1632	1.848437	0.4171329	0.595971	0.404029	1.592109
3084	-3997.324	-4257.855	260.5308	2.131152	0.4921775	0.661212	0.338788	0.933809
3090	-3985.301	-4245.618	260.3164	1.843149	0.4209401	0.596182	0.403818	1.477076
3096	-3997.336	-4257.455	260.1187	1.836681	0.4938133	0.684038	0.315962	1.533919
3102	-3999.863	-4259.803	259.94	1.859988	0.4905318	0.659976	0.340024	1.651198
3108	-3990.475	-4250.676	260.2001	1.821696	0.3898631	0.67763	0.32237	1.62264
3114	-3992.592	-4252.289	259.6974	1.73575	0.5532891	0.698114	0.301886	1.837749
3120	-3990.09	-4249.774	259.6834	1.737627	0.5611204	0.603823	0.396177	1.837794
3126	-4005.804	-4265.429	259.6252	1.743722	0.5295843	0.629841	0.370159	1.906872
3132	-3998.001	-4257.643	259.6426	1.73608	0.5082914	0.736965	0.263035	1.923433
3138	-3991.983	-4251.651	259.668	1.749092	0.4214467	0.736965	0.263035	1.999178
3144	-3989.618	-4249.794	260.1755	1.853882	0.3863149	0.708983	0.291017	1.622202
3150	-3981.503	-4241.532	260.0291	1.81814	0.4214398	0.708983	0.291017	1.704375
3156	-3992.51	-4252.652	260.1423	1.962717	0.5936919	0.758387	0.241613	1.297365
3162	-3981.81	-4242.016	260.2058	1.98184	0.5170964	0.679861	0.320139	1.325712
3168	-3988.357	-4248.543	260.1853	1.984657	0.5281345	0.697166	0.302834	1.325712
3174	-3975.075	-4235.351	260.2758	2.027463	0.5069114	0.664112	0.335888	1.244641
3180	-3982.289	-4242.479	260.1899	2.025164	0.4495115	0.705814	0.294186	1.394601
3186	-3979.827	-4240.12	260.2925	1.959173	0.4502446	0.558887	0.441113	1.364918
3192	-3988.661	-4249.097	260.4364	1.959173	0.4030869	0.71156	0.28844	1.319535
3198	-3983.934	-4244.334	260.4004	1.91993	0.4666327	0.598013	0.401987	1.286617
3204	-3983.08	-4243.479	260.3993	1.935173	0.4935185	0.733228	0.266772	1.237051
3210	-3997.026	-4257.437	260.4106	1.951081	0.4698818	0.618101	0.381899	1.247836
3216	-3993.739	-4254.131	260.3917	2.056955	0.5165419	0.630999	0.369001	1.10433
3222	-3993.43	-4253.895	260.4653	2.028647	0.5331999	0.669616	0.330384	1.036838
3228	-3985.587	-4246.034	260.4472	2.039588	0.5114951	0.669616	0.330384	1.076643
3234	-3974.397	-4234.904	260.5071	2.116026	0.4893923	0.680051	0.319949	0.9793992
3240	-3972.05	-4232.44	260.3908	2.114595	0.5075265	0.738296	0.261704	1.065303
3246	-3968.898	-4229.271	260.3727	2.134255	0.5075265	0.703516	0.296484	1.063793
3252	-3982.915	-4243.361	260.4459	2.248149	0.4885466	0.71106	0.28894	0.9053946
3258	-3989.882	-4250.374	260.4921	2.183497	0.5090986	0.662282	0.337718	0.887757
3264	-3984.952	-4245.46	260.5073	2.183497	0.5175521	0.699228	0.300772	0.8537664
3270	-3989.825	-4250.511	260.6866	2.073246	0.3807069	0.681896	0.318104	1.040546
3276	-3985.972	-4246.398	260.4254	2.067541	0.445342	0.739021	0.260979	1.172785
3282	-3988.623	-4248.901	260.2783	2.036877	0.5790234	0.737609	0.262391	1.13731
3288	-3993.678	-4254.301	260.6236	2.172202	0.382165	0.58031	0.41969	1.002445
3294	-4002.3	-4262.389	260.0894	1.970575	0.644359	0.608606	0.391394	1.275271
3300	-3992.937	-4253.124	260.1878	2.032086	0.5167783	0.642723	0.357277	1.300105
3306	-3993.898	-4254.213	260.3154	2.083748	0.5167783	0.759034	0.240966	1.148456
3312	-3995.804	-4255.957	260.1534	2.083748	0.6175999	0.722369	0.277631	1.156659
3318	-3980.218	-4240.48	260.2623	2.079727	0.5752843	0.698787	0.301213	1.118134
3324	-3992.114	-4252.195	260.0811	2.035314	0.5864407	0.735638	0.264362	1.296774
3330	-3991.926	-4251.99	260.0641	2.05119	0.6154142	0.644859	0.355141	1.263195
3336	-3978.622	-4238.733	260.1114	2.068637	0.5893724	0.690444	0.309556	1.240681
3342	-3979.962	-4240.339	260.3767	2.086187	0.4989112	0.63981	0.36019	1.117561
3348	-3986.137	-4246.552	260.4141	2.069118	0.4968967	0.559934	0.440066	1.102144
3354	-3977.505	-4237.893	260.3888	2.131552	0.4968967	0.713736	0.286264	1.067701
3360	-3977.117	-4237.591	260.4744	2.082474	0.4957712	0.609019	0.390981	1.034673
3366	-3984.022	-4244.483	260.4613	2.051565	0.5194781	0.594909	0.405091	1.03969
3372	-3971.608	-4232.001	260.393	2.099922	0.5194781	0.704587	0.295413	1.058705
3378	-3985.125	-4245.351	260.2257	2.012738	0.5829506	0.747082	0.252918	1.199287
3384	-3994.464	-4254.77	260.306	2.105735	0.6043016	0.683694	0.316306	1.012191
3390	-3984.241	-4244.432	260.1913	2.24527	0.6473138	0.731606	0.268394	0.9235903
3396	-3982.817	-4243.234	260.4172	2.224146	0.5057803	0.690369	0.309631	0.9317969
3402	-3987.514	-4247.806	260.2929	2.237296	0.5774344	0.690369	0.309631	0.9307969
3408	-3999.425	-4259.745	260.3198	2.181149	0.5774344	0.733384	0.266616	0.9617935
3414	-3998.208	-4258.598	260.3901	2.134052	0.4859922	0.69136	0.30864	1.081227
3420	-4006.987	-4267.485	260.498	2.091982	0.4737654	0.69136	0.30864	1.03858
3426	-3990.442	-4250.923	260.4808	2.158281	0.5128747	0.5997	0.4003	0.9217044
3432	-3992.801	-4253.328	260.5276	2.175803	0.5236426	0.627263	0.372737	0.8261157
3438	-3988.195	-4248.598	260.4024	2.316736	0.5358013	0.635049	0.364951	0.7795829
3444	-3990.997	-4251.536	260.539	2.257217	0.4725699	0.561125	0.438875	0.8157497
3450	-4000.562	-4261.106	260.5442	2.243484	0.4612336	0.561125	0.438875	0.8509695
3456	-4001.062	-4261.587	260.5252	2.172635	0.409561	0.665968	0.334032	1.046209
3462	-3975.052	-4235.309	260.2562	2.076198	0.5369398	0.721242	0.278758	1.178812
3468	-3980.136	-4240.463	260.3261	2.011615	0.4617216	0.593521	0.406479	1.279402
3474	-3988.154	-4248.624	260.47	2.158321	0.3704366	0.625481	0.374519	1.179141
3480	-3999.1	-4259.173	260.0724	2.031899	0.586126	0.750422	0.249578	1.306971
3486	-3983.907	-4244.327	260.4197	2.036056	0.4858512	0.711374	0.288626	1.143549
3492	-3991.051	-4251.193	260.1422	2.040486	0.4858512	0.666544	0.333456	1.370683
3498	-4003.427	-4263.791	260.3643	2.010308	0.5318453	0.711234	0.288766	1.148886
3504	-3995.843	-4256.159	260.3154	2.117522	0.5441177	0.711234	0.288766	1.078472
3510	-4006.717	-4267.01	260.2926	2.140333	0.5441177	0.759637	0.240363	1.078472
3516	-4000.572	-4261.08	260.5088	2.040338	0.3791634	0.55922	0.44078	1.231744
3522	-3979.229	-4239.444	260.215	2.088438	0.5257898	0.615179	0.384821	1.218838
3528	-4001.772	-4262.029	260.2565	2.166171	0.4553406	0.637398	0.362602	1.217894
3534	-3984.985	-4245.526	260.5417	2.166171	0.4101618	0.664656	0.335344	1.035421
3540	-3977.508	-4237.858	260.3491	2.166171	0.5394881	0.681007	0.318993	1.006245
3546	-3993.974	-4254.5	260.5266	2.223222	0.477321	0.718339	0.281661	0.8630689
3552	-3977.698	-4238.148	260.4501	2.154044	0.5092508	0.811969	0.188031	0.965093
3558	-3977.773	-4238.411	260.6379	1.994291	0.4004238	0.809958	0.190042	1.123332
3564	-3975.544	-4235.839	260.2954	2.029306	0.5327428	0.673741	0.326259	1.191177
3570	-3970.724	-4231.032	260.3079	2.053522	0.5327428	0.673741	0.326259	1.159279
3576	-3977.814	-4238.054	260.2401	2.084309	0.5178055	0.673741	0.326259	1.211916
3582	-3992.316	-4252.708	260.3929	2.164541	0.4511585	0.539403	0.460597	1.1061
3588	-3973.92	-4234.409	260.4882	2.146263	0.4511585	0.768077	0.231923	1.033695
3594	-3973.342	-4233.804	260.4618	2.144265	0.5092439	0.756038	0.243962	0.9631517
3600	-3971.875	-4232.302	260.4272	2.178843	0.5092439	0.645979	0.354021	0.9631517
3606	-3985.179	-4245.602	260.4235	2.179832	0.5135502	0.699343	0.300657	0.9586436
3612	-3982.1	-4242.539	260.4385	2.179832	0.5135502	0.647087	0.352913	0.9428365
3618	-3985.309	-4245.834	260.5247	2.125911	0.5211367	0.612528	0.387472	0.8939337
3624	-3983.736	-4244.177	260.4408	2.219311	0.4973821	0.625677	0.374323	0.9264981
3630	-3976.162	-4236.515	260.3534	2.160917	0.575667	0.625677	0.374323	0.9504868
3636	-3979.436	-4239.936	260.5001	2.24533	0.4889273	0.743842	0.256158	0.844618
3642	-3974.202	-4234.623	260.4211	2.247194	0.4746906	0.789072	0.210928	0.958506
3648	-3966.258	-4226.652	260.3939	2.274451	0.4746906	0.614969	0.385031	0.958506
3654	-3986.592	-4247.021	260.4284	2.274451	0.4585713	0.596843	0.403157	0.951564
3660	-4000.677	-4261.138	260.4601	2.281796	0.4800225	0.490766	0.509234	0.8669873
3666	-3994.4	-4254.968	260.5688	2.230128	0.4438173	0.581098	0.418902	0.8743277
3672	-4019.49	-4279.568	260.0782	1.985926	0.6070946	0.674397	0.325603	1.314754
3678	-4014.476	-4274.633	260.1567	1.902148	0.525628	0.653819	0.346181	1.416378
3684	-4005.03	-4265.335	260.3053	2.084598	0.5868238	0.602797	0.397203	1.058012
3690	-3989.275	-4249.551	260.2763	2.061756	0.5151093	0.650384	0.349616	1.203996
3696	-4002.069	-4262.555	260.4859	1.943727	0.4114217	0.61889	0.38111	1.279032
3702	-3992.62	-4253.024	260.4034	2.332525	0.4586657	0.61889	0.38111	0.9158345
3708	-3995.22	-4255.658	260.4384	2.214971	0.5109889	0.667829	0.332171	0.9093369
3714	-3996.503	-4257.062	260.5594	2.157851	0.4331012	0.641378	0.358622	0.983838
3720	-3999.693	-4260.178	260.4848	2.114274	0.4828697	0.632609	0.367391	1.014623
3726	-4011.856	-4272.379	260.5225	2.114274	0.4506093	0.632609	0.367391	1.03246
3732	-4001.607	-4262.025	260.4178	2.040058	0.5147903	0.524507	0.475493	1.09852
3738	-3996.239	-4256.527	260.2873	2.066029	0.5147903	0.524507	0.475493	1.191274
3744	-3998.409	-4258.697	260.2873	2.066029	0.5557359	0.661641	0.338359	1.134659
3750	-3978.465	-4238.847	260.3825	2.126522	0.4961202	0.709082	0.290918	1.079532
3756	-3982.459	-4242.847	260.388	2.163448	0.5412162	0.745597	0.254403	0.9668251
3762	-3990.561	-4250.979	260.4181	2.223115	0.527224	0.745597	0.254403	0.8935838
3768	-3978.977	-4239.482	260.5056	2.223115	0.4466835	0.669602	0.330398	0.9464941
3774	-3986.67	-4247.093	260.4235	2.216041	0.4985454	0.709088	0.290912	0.9464941
3780	-3997.033	-4257.438	260.4048	2.272344	0.5191823	0.717756	0.282244	0.8669757
3786	-3979.375	-4239.879	260.5033	2.240008	0.432775	0.717756	0.282244	0.9576209
3792	-4001.159	-4261.664	260.5049	2.26179	0.4677203	0.608573	0.391427	0.8625644
3798	-3997.664	-4258.085	260.4206	2.289293	0.5065903	0.608573	0.391427	0.8522571
3804	-3997.35	-4257.818	260.4682	2.280768	0.4720704	0.677386	0.322614	0.8746041
3810	-3991.239	-4251.798	260.5593	2.266958	0.4286415	0.653747	0.346253	0.8746041
3816	-3978.747	-4239.283	260.5361	2.221074	0.4286415	0.657805	0.342195	0.9510131
3822	-3976.927	-4237.426	260.4988	2.169759	0.4362026	0.569524	0.430476	1.026717
3828	-3981.492	-4241.885	260.3934	2.08518	0.4957878	0.667453	0.332547	1.108008
3834	-3983.278	-4243.561	260.283	2.110684	0.5465954	0.719865	0.280135	1.11106
3840	-3999.001	-4259.243	260.2424	1.990642	0.5802716	0.6449	0.3551	1.207279
3846	-4002.193	-4262.462	260.269	2.099317	0.4772524	0.598535	0.401465	1.231687
3852	-4001.309	-4261.555	260.2454	2.051847	0.4447452	0.661592	0.338408	1.336469
3858	-3984.718	-4245.163	260.4443	2.092567	0.3553718	0.713757	0.286243	1.28227
3864	-3978.948	-4239.24	260.2917	2.091913	0.5023997	0.713929	0.286071	1.182657
3870	-3990.217	-4250.466	260.249	2.014089	0.511579	0.742182	0.257818	1.271678
3876	-3994.083	-4254.207	260.1247	2.014089	0.5433448	0.742182	0.257818	1.331526
3882	-3996.884	-4256.961	260.0778	1.983207	0.4636745	0.73195	0.26805	1.493406
3888	-3995.158	-4254.981	259.8227	1.827939	0.5174147	0.637176	0.362824	1.725865
3894	-3995.432	-4255.232	259.8008	1.827939	0.5174147	0.755561	0.244439	1.741231
3900	-4007.676	-4267.948	260.2717	2.075568	0.5719095	0.738854	0.261146	1.118012
3906	-4003.581	-4263.893	260.3121	2.075568	0.5645332	0.615358	0.384642	1.091323
3912	-3994.135	-4254.367	260.2322	1.917303	0.5466516	0.764519	0.235481	1.318769
3918	-3992.904	-4252.676	259.7719	1.999982	0.725896	0.652629	0.347371	1.418666
3924	-3996.068	-4256.491	260.4228	1.932165	0.4151351	0.64181	0.35819	1.333827
3930	-4015.027	-4275.43	260.4028	2.013038	0.5104437	0.617164	0.382836	1.14278
3936	-3997.902	-4258.248	260.346	1.933994	0.4967071	0.668911	0.331089	1.277859
3942	-3978.164	-4238.571	260.4067	2.001163	0.4382834	0.76224	0.23776	1.255885
3948	-3981.047	-4241.378	260.3314	2.000939	0.5858361	0.673585	0.326415	1.112723
3954	-3979.474	-4239.696	260.2216	2.109216	0.5579035	0.716992	0.283008	1.151739
3960	-3976.886	-4237.294	260.4074	2.152639	0.5058618	0.529184	0.470816	1.015256
3966	-3975.413	-4235.901	260.488	2.107792	0.4419264	0.72519	0.27481	1.085979
3972	-3974.148	-4234.55	260.402	2.185307	0.4698668	0.654899	0.345101	1.047611
3978	-3968.955	-4229.118	260.163	2.121911	0.6067035	0.625947	0.374053	1.128001
3984	-3980.417	-4240.703	260.2855	2.036085	0.5579819	0.765246	0.234754	1.159727
3990	-4000.279	-4260.566	260.2874	2.026551	0.5630151	0.614599	0.385401	1.159727
3996	-3976.891	-4236.988	260.0969	2.026551	0.5564383	0.765795	0.234205	1.327615
4002	-3979.641	-4239.837	260.1957	2.023168	0.552038	0.607917	0.392083	1.255266
4008	-3984.182	-4244.538	260.3557	2.099097	0.500624	0.646993	0.353007	1.122363
4014	-3983.044	-4243.587	260.5423	2.072034	0.4061681	0.602098	0.397902	1.129459
4020	-3986.062	-4246.553	260.4909	2.072034	0.4528615	0.683706	0.316294	1.098225
4026	-3993.38	-4253.894	260.5131	2.119351	0.460885	0.675521	0.324479	1.018985
4032	-3988.075	-4248.356	260.2808	2.098957	0.5454056	0.615223	0.384777	1.125327
4038	-3973.374	-4233.778	260.4036	2.126079	0.480864	0.676017	0.323983	1.08415
4044	-3979.613	-4240.006	260.3928	2.126079	0.4934794	0.713841	0.286159	1.074374
4050	-3982.389	-4242.747	260.358	2.110772	0.524173	0.663487	0.336513	1.074374
4056	-3994.874	-4255.17	260.2952	2.083938	0.5986293	0.79888	0.20112	1.051782
4062	-3996.635	-4256.967	260.3315	2.085924	0.5349515	0.807451	0.192549	1.105981
4068	-3993.707	-4254	260.2932	2.112773	0.5476438	0.707379	0.292621	1.098327
4074	-3980.527	-4240.807	260.2798	2.157393	0.5476438	0.707379	0.292621	1.069368
4080	-3983.684	-4243.948	260.2645	2.035267	0.560894	0.671042	0.328958	1.174971
4086	-3987.756	-4248.007	260.2506	2.128473	0.5616902	0.79349	0.20651	1.103193
4092	-3989.047	-4249.259	260.2122	2.066971	0.5615591	0.625611	0.374389	1.191878
4098	-3988.479	-4248.792	260.3129	2.083747	0.4959007	0.72532	0.27468	1.18063
4104	-3979.717	-4239.931	260.2143	1.977903	0.5588956	0.664312	0.335688	1.26857
4110	-3970.658	-4230.655	259.9969	2.013484	0.5588956	0.683081	0.316919	1.41361
4116	-3976.025	-4236.053	260.0278	2.026054	0.5546345	0.581592	0.418408	1.384921
4122	-3980.884	-4241.14	260.2551	2.00815	0.4977012	0.705333	0.294667	1.290215
4128	-3991.034	-4251.189	260.1551	1.985385	0.4192061	0.701192	0.298808	1.493912
4134	-3985.226	-4245.237	260.011	1.977668	0.4845999	0.637341	0.362659	1.520679
4140	-3988.914	-4248.944	260.0297	1.826319	0.5127514	0.74872	0.25128	1.584093
4146	-3992.136	-4252.253	260.1173	1.903751	0.4388131	0.661953	0.338047	1.55595
4152	-3975.598	-4235.605	260.0066	1.831813	0.548048	0.738798	0.261202	1.55595
4158	-3981.642	-4241.57	259.9274	1.831813	0.4815116	0.674405	0.325595	1.69111
4164	-3982.062	-4242.041	259.9793	1.8311	0.5017485	0.674405	0.325595	1.630269
4170	-3999.11	-4258.853	259.7433	1.8311	0.588609	0.791238	0.208762	1.702225
4176	-3991.143	-4250.852	259.7091	1.901964	0.5673909	0.673109	0.326891	1.698709
4182	-4006.982	-4267.43	260.4476	1.978899	0.4067779	0.608174	0.391826	1.28876
4188	-3998.896	-4259.364	260.4672	1.95219	0.4316645	0.720493	0.279507	1.256359
4194	-3987.552	-4247.547	259.9951	1.95219	0.5452212	0.695884	0.304116	1.477972
4200	-3990.367	-4250.264	259.8966	1.851971	0.4982215	0.674871	0.325129	1.678759
4206	-3995.326	-4255.135	259.8092	1.778252	0.5637278	0.674871	0.325129	1.719287
4212	-3991.632	-4251.379	259.7469	1.79232	0.6009003	0.714431	0.285569	1.714366
4218	-3988.425	-4248.379	259.9539	1.719797	0.4390386	0.72466	0.27534	1.803148
4224	-3986.143	-4245.831	259.6876	1.742433	0.55524	0.674092	0.325908	1.837824
4230	-3976.762	-4236.542	259.7801	1.692187	0.4465314	0.764524	0.235476	1.931525
4236	-3977.884	-4237.483	259.5986	1.662875	0.5755783	0.678782	0.321218	1.931525
4242	-3977.155	-4237.193	260.0385	1.78881	0.4605095	0.552344	0.447656	1.668384
4248	-3980.166	-4240.126	259.9598	1.708127	0.4453956	0.773635	0.226365	1.799255
4254	-3992.91	-4252.471	259.5608	1.731613	0.5924761	0.605008	0.394992	1.893672
4260	-3994.349	-4253.898	259.549	1.707844	0.6061176	0.774695	0.225305	1.904307
4266	-3995.047	-4254.436	259.3893	1.707844	0.5202441	0.648306	0.351694	2.097949
4272	-3988.573	-4248.027	259.4537	1.722423	0.4367163	0.708447	0.291553	2.139598
4278	-4003.79	-4263.573	259.7829	1.783457	0.5062178	0.640432	0.359568	1.797452
4284	-3987.311	-4246.882	259.5704	1.697856	0.573392	0.735864	0.264136	1.929168
4290	-3991.634	-4251.553	259.9188	1.801864	0.573392	0.638223	0.361777	1.613657
4296	-3992.568	-4252.581	260.0128	1.801864	0.5193125	0.670216	0.329784	1.606506
4302	-3991.112	-4251.125	260.013	1.873262	0.5196094	0.756163	0.243837	1.55374
4308	-3998.07	-4257.979	259.9097	1.86035	0.5770636	0.570173	0.429827	1.573671
4314	-3997.473	-4257.475	260.0027	1.864057	0.6268067	0.673055	0.326945	1.447434
4320	-3984.722	-4244.691	259.9687	1.908933	0.5044477	0.816237	0.183763	1.578238
4326	-3991.532	-4251.936	260.4041	2.035531	0.513715	0.635505	0.364495	1.116714
4332	-3980.098	-4240.501	260.4034	2.039664	0.4896865	0.695481	0.304519	1.149065
4338	-3985.539	-4245.697	260.1587	2.039664	0.5953376	0.741382	0.258618	1.217902
4344	-3991.277	-4251.719	260.4421	2.152947	0.4381162	0.740291	0.259709	1.093
4350	-3991.497	-4251.776	260.2793	2.150576	0.5663856	0.740323	0.259677	1.04902
4356	-3978.264	-4238.699	260.4353	2.137757	0.4559097	0.765643	0.234357	1.083988
4362	-3981.228	-4241.613	260.3847	2.134388	0.4678659	0.589396	0.410604	1.11433
4368	-3984.071	-4244.387	260.3155	2.129371	0.4678659	0.623447	0.376553	1.180076
4374	-4001.124	-4260.857	259.7337	1.725602	0.5327166	0.598799	0.401201	1.841828
4380	-3981.407	-4240.935	259.5277	1.627036	0.5000427	0.679478	0.320522	2.081746
4386	-3988.455	-4247.196	258.7413	1.56232	0.6766885	0.679478	0.320522	2.460045
4392	-4000.732	-4259.22	258.4878	1.547677	0.4175193	0.679478	0.320522	2.875364
4398	-3987.45	-4246.633	259.1829	1.574605	0.5734916	0.680116	0.319884	2.264658
4404	-3987.607	-4246.55	258.9427	1.570638	0.4705223	0.652413	0.347587	2.523596
4410	-3988.954	-4247.918	258.9643	1.604931	0.4388665	0.640476	0.359524	2.523596
4416	-4005.558	-4264.244	258.6861	1.566902	0.4623618	0.761642	0.238358	2.693392
4422	-3992.916	-4252.035	259.1191	1.580269	0.4398208	0.747344	0.252656	2.441072
4428	-3979.927	-4239.122	259.1954	1.66271	0.528259	0.674023	0.325977	2.244909
4434	-3985.3	-4244.249	258.9486	1.709768	0.4184524	0.735184	0.264816	2.491393
4440	-3987.198	-4246.65	259.4521	1.611121	0.3849874	0.755451	0.244549	2.275877
4446	-3976.128	-4235.579	259.4516	1.721767	0.5394912	0.685607	0.314393	2.027444
4452	-3991.293	-4251.201	259.9078	1.824094	0.5930712	0.734129	0.265871	1.584317
4458	-3992.573	-4252.372	259.7983	1.889531	0.5395514	0.660468	0.339532	1.674585
4464	-3993.057	-4252.69	259.632	1.837456	0.5729128	0.675131	0.324869	1.792049
4470	-3987.701	-4247.532	259.8313	1.774708	0.589598	0.774478	0.225522	1.678702
4476	-3997.006	-4257.206	260.2001	1.783432	0.3880484	0.743503	0.256497	1.652738
4482	-3981.557	-4240.606	259.0497	1.585055	0.5935329	0.657359	0.342641	2.324115
4488	-3979.044	-4238.369	259.3251	1.588736	0.3884332	0.744243	0.255757	2.366768
4494	-3995.828	-4255.085	259.257	1.607674	0.4277205	0.687384	0.312616	2.350553
4500	-3987.15	-4246.15	258.9996	1.632623	0.5671304	0.706426	0.293574	2.350742
4506	-3980.368	-4239.941	259.5728	1.618099	0.4209863	0.7265	0.2735	2.148777
4512	-3999.097	-4258.256	259.1595	1.636112	0.4687536	0.671807	0.328193	2.347936
4518	-3994.146	-4252.937	258.7911	1.601921	0.5527602	0.687392	0.312608	2.515106
4524	-3995.607	-4254.789	259.1821	1.623204	0.5845927	0.648532	0.351468	2.223241
4530	-4001.691	-4261.502	259.811	1.88351	0.6017558	0.673844	0.326156	1.602323
4536	-3991.247	-4251.226	259.9783	1.88351	0.5392376	0.609085	0.390915	1.54877
4542	-3983.789	-4243.585	259.7962	1.875908	0.5216806	0.644421	0.355579	1.705886
4548	-3979.901	-4239.951	260.05	1.893912	0.4361239	0.629618	0.370382	1.615883
4554	-3998.166	-4258.454	260.2883	1.943234	0.3647615	0.682903	0.317097	1.50547
4560	-3996.715	-4256.706	259.9903	1.943234	0.5375385	0.634387	0.365613	1.497399
4566	-3998.121	-4258.208	260.087	1.957108	0.4703707	0.634387	0.365613	1.497399
4572	-4008.857	-4268.985	260.1279	1.841682	0.5222591	0.750427	0.249573	1.488538
4578	-3997.178	-4257.148	259.9695	1.928631	0.5974403	0.775567	0.224433	1.455657
4584	-3992.844	-4253.089	260.2454	1.908819	0.4392789	0.72136	0.27864	1.455657
4590	-3993.93	-4254.098	260.1676	1.908819	0.4837578	0.739685	0.260315	1.455657
4596	-3983.103	-4243.143	260.0403	1.908819	0.4924757	0.649617	0.350383	1.540211
4602	-3982.906	-4242.872	259.9665	1.926134	0.53884	0.649617	0.350383	1.526383
4608	-3988	-4248.146	260.1461	2.109855	0.5613737	0.72423	0.27577	1.211979
4614	-3990.811	-4250.86	260.0493	1.964494	0.5671374	0.681388	0.318612	1.401275
4620	-3988.272	-4248.21	259.9376	1.942716	0.5671374	0.715679	0.284321	1.503106
4626	-3992.571	-4252.707	260.1361	1.875654	0.4791379	0.715679	0.284321	1.510323
4632	-3996.023	-4255.864	259.8414	1.835925	0.6306604	0.753632	0.246368	1.584743
4638	-3988.36	-4248.376	260.0155	1.897601	0.4781912	0.765113	0.234887	1.584423
4644	-3993.313	-4253.67	260.3571	1.929999	0.4781912	0.818035	0.181965	1.297536
4650	-3975.872	-4235.948	260.0756	1.929999	0.5427936	0.669079	0.330921	1.43649
4656	-3979.306	-4239.546	260.2398	1.948847	0.4726031	0.669079	0.330921	1.383735
4662	-3981.812	-4241.726	259.9136	1.93104	0.5434264	0.731731	0.268269	1.556646
4668	-3972.194	-4232.159	259.9654	1.904134	0.5266805	0.717501	0.282499	1.557742
4674	-3987.283	-4247.242	259.9587	1.952335	0.5074826	0.567594	0.432406	1.549969
4680	-3984.533	-4244.637	260.1039	1.919842	0.5772767	0.567594	0.432406	1.381571
4686	-3969.564	-4229.461	259.8972	1.910684	0.5428562	0.651055	0.348945	1.584265
4692	-3977.268	-4237.371	260.1027	1.953041	0.5360892	0.764169	0.235831	1.405924
4698	-3982.301	-4242.324	260.0228	2.019143	0.522975	0.764169	0.235831	1.43265
4704	-3981.186	-4241.229	260.0431	1.94128	0.4979861	0.715819	0.284181	1.507138
4710	-3985.09	-4245.166	260.0756	1.94128	0.5158889	0.654243	0.345757	1.460515
4716	-3985.835	-4245.851	260.0161	1.955627	0.4767116	0.616408	0.383592	1.543179
4722	-3995.939	-4256.248	260.3092	2.033804	0.5671985	0.714424	0.285576	1.128284
4728	-3980.991	-4241.154	260.163	2.08443	0.6519726	0.710383	0.289617	1.104336
4734	-3992.622	-4252.845	260.2232	2.103852	0.5771496	0.667865	0.332135	1.1292
4740	-3992.235	-4252.577	260.3415	1.990836	0.4955098	0.755054	0.244946	1.236046
4746	-3988.547	-4248.969	260.422	2.045009	0.4955098	0.738824	0.261176	1.119014
4752	-3992.176	-4252.604	260.4277	2.017723	0.5105585	0.738824	0.261176	1.11604
4758	-3991.458	-4251.717	260.2591	2.017534	0.562662	0.724588	0.275412	1.192598
4764	-3990.77	-4251.113	260.3428	2.005912	0.4859554	0.724588	0.275412	1.235794
4770	-3999.657	-4260.064	260.4069	1.968555	0.4678182	0.653347	0.346653	1.239326
4776	-3987.154	-4247.605	260.4512	1.957767	0.4838815	0.749601	0.250399	1.187458
4782	-3995.899	-4256.231	260.3313	2.014115	0.5210981	0.668481	0.331519	1.189329
4788	-3997.115	-4257.354	260.2391	2.027074	0.5210981	0.608479	0.391521	1.256356
4794	-3982.574	-4243.085	260.5114	2.099734	0.484702	0.713998	0.286002	0.9995768
4800	-3984.477	-4244.811	260.3339	2.188652	0.5051406	0.665506	0.334494	1.052685
4806	-3974.525	-4235.032	260.5074	2.075796	0.4403202	0.714375	0.285625	1.100209
4812	-3967.112	-4227.401	260.2888	2.135677	0.5379084	0.701351	0.298649	1.095302
4818	-3976.214	-4236.503	260.289	2.135677	0.5707625	0.629196	0.370804	1.047723
4824	-3990.298	-4250.691	260.3924	2.086416	0.4986331	0.697826	0.302174	1.103549
4830	-3987.233	-4247.63	260.3966	2.116303	0.525507	0.713355	0.286645	1.030286
4836	-3995.078	-4255.483	260.4058	2.116303	0.4845396	0.692312	0.307688	1.085391
4842	-4001.359	-4261.763	260.4036	2.118491	0.4845396	0.692312	0.307688	1.085391
4848	-3978.646	-4239.163	260.517	2.179753	0.4505211	0.71277	0.28723	0.9727894
4854	-3983.893	-4244.299	260.4057	2.179753	0.4371013	0.75376	0.24624	1.103548
4860	-3978.347	-4238.802	260.4549	2.099868	0.4542368	0.792612	0.207388	1.103548
4866	-3997.412	-4257.712	260.3	2.047929	0.5544961	0.609978	0.390022	1.141207
4872	-3986.862	-4247.107	260.2447	2.076521	0.5309476	0.712442	0.287558	1.196615
4878	-3993.82	-4254.069	260.2496	2.064835	0.5225657	0.68919	0.31081	1.213867
4884	-3998.16	-4258.579	260.4191	2.076024	0.4180765	0.66081	0.33919	1.213867
4890	-3998.275	-4258.726	260.4518	2.076024	0.4500682	0.718243	0.281757	1.134577
4896	-3997.152	-4257.475	260.3228	2.028103	0.498561	0.631572	0.368428	1.216089
4902	-3989.943	-4250.219	260.2759	1.899103	0.4906721	0.688049	0.311951	1.370332
4908	-3989.672	-4249.707	260.0349	1.899103	0.4906721	0.688049	0.311951	1.553597
4914	-3987.718	-4247.847	260.129	1.847358	0.4957291	0.724046	0.275954	1.515906
4920	-3996.642	-4256.799	260.1566	1.957285	0.4799927	0.566797	0.433203	1.431891
4926	-3992.645	-4252.888	260.2429	1.992816	0.5156418	0.650453	0.349547	1.288702
4932	-3985.523	-4245.802	260.2793	2.038141	0.5537192	0.64407	0.35593	1.169127
4938	-3994.991	-4255.471	260.4804	1.942515	0.463267	0.64407	0.35593	1.205853
4944	-3987.93	-4248.206	260.2763	2.19831	0.5325861	0.592535	0.407465	1.056239
4950	-3987.932	-4248.263	260.3306	2.200666	0.5325861	0.735929	0.264071	1.00117
4956	-3985.722	-4246.237	260.5146	2.124757	0.4479106	0.683296	0.316704	1.034633
4962	-3982.052	-4242.324	260.272	2.110908	0.6039707	0.520634	0.479366	1.040776
4968	-3977.986	-4238.366	260.3806	2.110908	0.5299728	0.677293	0.322707	1.044134
4974	-3978.403	-4238.655	260.2522	2.146624	0.6226967	0.624784	0.375216	0.9988741
4980	-3991.211	-4251.412	260.2016	2.154628	0.6532584	0.744958	0.255042	0.9988741
4986	-4011.248	-4271.432	260.1843	2.065086	0.6532584	0.764247	0.235753	1.100928
4992	-3981.859	-4242.231	260.3725	2.065086	0.5257314	0.639397	0.360603	1.100928
4998	-3972.127	-4232.518	260.3908	2.184664	0.5359862	0.661482	0.338518	0.9503078
5004	-3980.936	-4241.084	260.1487	2.233441	0.6690257	0.661482	0.338518	0.9503078
5010	-3999.172	-4259.589	260.4168	2.234241	0.517448	0.640173	0.359827	0.900182
5016	-3997.397	-4257.658	260.2601	2.337849	0.585127	0.678704	0.321296	0.8396463
5022	-3988.348	-4248.896	260.5483	2.255574	0.4455636	0.763786	0.236214	0.86485
5028	-3985.21	-4245.581	260.3707	2.238462	0.5245836	0.656186	0.343814	0.9337127
5034	-3976.204	-4236.649	260.4453	2.237256	0.5008176	0.676628	0.323372	0.8952881
5040	-3996.131	-4256.447	260.316	2.39417	0.5624353	0.724124	0.275876	0.7318313
5046	-4005.404	-4265.816	260.4123	2.350662	0.5145284	0.775035	0.224965	0.7656904
5052	-3986.37	-4246.811	260.441	2.320435	0.4797797	0.648293	0.351707	0.8439931
5058	-3983.887	-4244.426	260.5392	2.285274	0.4484604	0.635469	0.364531	0.8334297
5064	-3988.284	-4248.779	260.4951	2.183606	0.4484604	0.635469	0.364531	0.9948811
5070	-3997.951	-4258.132	260.1809	2.177878	0.6274758	0.635469	0.364531	1.031625
5076	-3985.901	-4246.11	260.209	2.20191	0.5668134	0.657957	0.342043	1.066386
5082	-4001.26	-4261.523	260.2625	2.057961	0.5634977	0.725772	0.274228	1.153346
5088	-3979.205	-4239.728	260.5229	2.108601	0.4538449	0.658286	0.341714	1.032015
5094	-3975.96	-4236.448	260.4872	2.100694	0.4389855	0.596129	0.403871	1.098168
5100	-3978.649	-4239.118	260.4692	2.137716	0.4405117	0.739419	0.260581	1.07802
5106	-3999.218	-4259.672	260.4548	2.086119	0.4405117	0.6846	0.3154	1.138107
5112	-3999.734	-4260.202	260.4679	2.102845	0.4105338	0.750694	0.249306	1.160757
5118	-3998.225	-4258.763	260.5386	2.040907	0.3451637	0.791869	0.208131	1.264893
5124	-3985.447	-4245.861	260.4136	2.040907	0.3451637	0.701905	0.298095	1.365723
5130	-3974.648	-4234.868	260.2195	2.03954	0.5272925	0.759617	0.240383	1.254102
5136	-3976.924	-4237.02	260.0959	1.932361	0.5747333	0.650177	0.349823	1.381061
5142	-3977.301	-4237.622	260.3207	1.971829	0.4137831	0.686034	0.313966	1.385168
5148	-3984.781	-4244.897	260.1166	1.971829	0.5145219	0.717239	0.282761	1.407249
5154	-3992.848	-4253.183	260.3355	2.130648	0.5510898	0.691711	0.308289	1.036699
5160	-4002.899	-4263.184	260.2851	2.082557	0.5364033	0.660038	0.339962	1.148649
5166	-3987.869	-4248.173	260.3044	2.082557	0.5504416	0.718008	0.281992	1.111725
5172	-4001.537	-4261.875	260.3381	2.049258	0.551166	0.712666	0.287334	1.110319
5178	-3988.008	-4248.259	260.2519	2.146568	0.5772709	0.724032	0.275968	1.06333
5184	-3994.869	-4255.285	260.4168	2.177718	0.5025956	0.642664	0.357336	0.9861944
5190	-3983.209	-4243.553	260.3438	2.177718	0.5131935	0.59312	0.40688	1.041181
5196	-3976.318	-4236.493	260.1754	2.189303	0.6162888	0.657882	0.342118	1.041181
5202	-3978.939	-4239.298	260.3593	2.253908	0.5359293	0.610387	0.389613	0.9095833
5208	-3967.024	-4227.544	260.5193	2.253908	0.4703549	0.752219	0.247781	0.8492627
5214	-3990.796	-4251.161	260.3649	2.253908	0.5547348	0.723247	0.276753	0.8698172
5220	-3976.238	-4236.528	260.2906	2.253908	0.575179	0.693833	0.306167	0.9188266
5226	-3984.713	-4245.143	260.4302	2.256395	0.5222789	0.750978	0.249022	0.849699
5232	-3981.181	-4241.4	260.219	2.326626	0.5732359	0.722565	0.277435	0.920832
5238	-3974.704	-4234.912	260.2074	2.297189	0.6255716	0.720183	0.279817	0.8813056
5244	-3985.647	-4245.916	260.2691	2.371897	0.5964014	0.727587	0.272413	0.7599585
5250	-4003.265	-4263.621	260.3565	2.295865	0.5380904	0.69491	0.30509	0.8605911
5256	-4007.344	-4267.714	260.3698	2.285136	0.5582442	0.662871	0.337129	0.8187866
5262	-3995.833	-4255.982	260.1499	2.338303	0.6534426	0.663794	0.336206	0.8549625
5268	-3994.625	-4254.784	260.1583	2.338303	0.6642693	0.778897	0.221103	0.8265459
5274	-4001.154	-4261.568	260.4142	2.320233	0.5220298	0.656016	0.343984	0.7887692
5280	-3992.978	-4253.374	260.3954	2.30555	0.4875057	0.7256	0.2744	0.8995903
5286	-4003.708	-4264.124	260.4165	2.24329	0.5188347	0.784598	0.215402	0.8877188
5292	-3995.574	-4255.89	260.3161	2.03791	0.5107346	0.703472	0.296528	1.196367
5298	-3985.302	-4245.853	260.5506	1.978881	0.4166503	0.615762	0.384238	1.186653
5304	-3981.456	-4241.819	260.3629	1.978881	0.5085588	0.615762	0.384238	1.209874
5310	-3988.563	-4248.95	260.3869	2.006906	0.4353183	0.632976	0.367024	1.27203
5316	-3972.841	-4232.763	259.9212	1.923777	0.6963893	0.638037	0.361963	1.391394
5322	-3977.672	-4238.043	260.3706	1.98621	0.448118	0.696696	0.303304	1.283413
5328	-3984.588	-4245.009	260.4206	1.941981	0.4544116	0.696696	0.303304	1.269555
5334	-3988.215	-4248.588	260.373	2.093914	0.5152286	0.718522	0.281478	1.089439
5340	-3979.386	-4239.642	260.2559	2.263166	0.6283677	0.683284	0.316716	0.8597118
5346	-3983.2	-4243.578	260.3778	2.32296	0.5516967	0.683284	0.316716	0.7706524
5352	-3983.877	-4244.27	260.3927	2.349577	0.5300025	0.676643	0.323357	0.7597264
5358	-3987.309	-4247.676	260.3668	2.407222	0.5300025	0.690063	0.309937	0.7100504
5364	-4004.352	-4264.699	260.3468	2.447367	0.5458147	0.690063	0.309937	0.6186466
5370	-3997.976	-4258.357	260.3813	2.408913	0.5218448	0.630846	0.369154	0.7045573
5376	-3997.852	-4258.298	260.4466	2.391395	0.4926351	0.639677	0.360323	0.7045573
5382	-3999.621	-4259.987	260.3663	2.366966	0.541688	0.739374	0.260626	0.7456197
5388	-3989.612	-4249.945	260.3332	2.386703	0.541688	0.720627	0.279373	0.7654028
5394	-3985.344	-4245.677	260.3339	2.384086	0.5658462	0.75956	0.24044	0.7107407
5400	-3989.538	-4249.759	260.221	2.424491	0.615369	0.757921	0.242079	0.7100694
5406	-4004.653	-4264.915	260.2612	2.499079	0.5546392	0.775354	0.224646	0.6645768
5412	-4001.034	-4261.409	260.3747	2.431765	0.5170621	0.705283	0.294717	0.6894572
5418	-4017.349	-4277.742	260.3925	2.465787	0.5046332	0.600374	0.399626	0.6228338
5424	-4006.46	-4266.785	260.325	2.266585	0.571174	0.571541	0.428459	0.8724077
5430	-3999.209	-4259.517	260.3083	2.268752	0.571174	0.636393	0.363607	0.8891608
5436	-3992.626	-4252.842	260.2161	2.268752	0.6447483	0.49912	0.50088	0.8731436
5442	-3997.334	-4257.54	260.2055	2.404569	0.6244074	0.69079	0.30921	0.7461784
5448	-3997.976	-4258.322	260.3456	2.404569	0.5500239	0.72426	0.27574	0.6969203
5454	-4000.077	-4260.396	260.3196	2.393281	0.5865836	0.609774	0.390226	0.6629747
5460	-4000.032	-4260.433	260.4009	2.227108	0.5969204	0.609774	0.390226	0.7774575
5466	-3987.992	-4248.214	260.2225	2.227108	0.634379	0.738351	0.261649	0.9289832
5472	-3990.992	-4251.299	260.3067	2.337854	0.5534841	0.712647	0.287353	0.8410423
5478	-3998.168	-4258.59	260.4219	2.164141	0.503865	0.712647	0.287353	0.992605
5484	-3991.518	-4252.033	260.5154	2.164141	0.4608389	0.638069	0.361931	0.9717339
5490	-3991.116	-4251.513	260.3968	2.144942	0.4960546	0.701924	0.298076	1.048756
5496	-3980.809	-4241.129	260.3203	2.189863	0.5324096	0.718771	0.281229	1.022309
5502	-3996.898	-4257.155	260.2567	2.126097	0.6301595	0.690967	0.309033	1.004347
5508	-3990.107	-4250.481	260.3742	2.126097	0.5643689	0.690967	0.309033	0.9827283
5514	-3986.343	-4246.773	260.4297	2.160887	0.5070372	0.690967	0.309033	0.9827283
5520	-3989.245	-4249.405	260.1594	2.178863	0.6419754	0.59329	0.40671	1.031925
5526	-3980.21	-4240.454	260.2437	2.165923	0.5919099	0.710855	0.289145	1.031925
5532	-3980.329	-4240.807	260.4777	2.095275	0.5030461	0.699983	0.300017	1.007067
5538	-3996.777	-4257.144	260.3666	2.130141	0.5327849	0.696015	0.303985	1.034744
5544	-3996.227	-4256.409	260.1824	2.082464	0.5788505	0.696015	0.303985	1.181702
5550	-3986.107	-4246.536	260.4294	2.082464	0.486964	0.660235	0.339765	1.09108
5556	-3981.556	-4241.879	260.3233	2.067464	0.5212403	0.719629	0.280371	1.149522
5562	-3993.643	-4253.873	260.2307	2.067464	0.7003952	0.705414	0.294586	0.9941083
5568	-3985.179	-4245.532	260.3524	2.061693	0.5565839	0.747624	0.252376	1.078016
5574	-3991.826	-4252.093	260.2664	2.06801	0.6028756	0.672875	0.327125	1.087938
5580	-3987.267	-4247.73	260.4635	2.01192	0.4736902	0.661191	0.338809	1.144446
5586	-3992.341	-4252.632	260.2915	1.981883	0.4733088	0.661191	0.338809	1.315453
5592	-4001.595	-4261.678	260.0832	1.982863	0.5492957	0.644142	0.355858	1.381814
5598	-3981.816	-4242.021	260.2048	1.982863	0.5778155	0.644142	0.355858	1.248634
5604	-3993.417	-4253.61	260.1939	2.086621	0.5621416	0.644142	0.355858	1.189937
5610	-3991.246	-4251.453	260.2062	2.004789	0.4971516	0.617567	0.382433	1.333194
5616	-3983.308	-4243.659	260.3509	2.060901	0.4549165	0.662265	0.337735	1.227726
5622	-3995.18	-4255.465	260.2847	2.028584	0.5965237	0.662265	0.337735	1.115783
5628	-3993.19	-4253.354	260.164	1.982106	0.6411624	0.657937	0.342063	1.206831
5634	-3992.241	-4252.375	260.1333	2.045144	0.6165167	0.660141	0.339859	1.208795
5640	-3994.838	-4255.214	260.3763	2.038815	0.6014766	0.712587	0.287413	1.012848
5646	-3988.805	-4249.076	260.2708	2.165163	0.5778581	0.712587	0.287413	1.026517
5652	-3977.165	-4237.67	260.5057	2.165163	0.4693349	0.642756	0.357244	0.9654354
5658	-3973.33	-4233.718	260.3874	2.195671	0.5355885	0.657826	0.342174	0.9428793
5664	-3985.546	-4245.984	260.4373	2.154621	0.4814881	0.66034	0.33966	1.023885
5670	-3984.962	-4245.503	260.5405	2.038768	0.4733438	0.672201	0.327799	1.049525
5676	-3975.355	-4235.813	260.4581	2.071247	0.5030667	0.685649	0.314351	1.049525
5682	-3988.279	-4248.593	260.3139	2.129651	0.5570585	0.724106	0.275894	1.049525
5688	-3974.253	-4234.563	260.3091	2.134129	0.5570585	0.775557	0.224443	1.049864
5694	-3989.581	-4249.813	260.2314	2.211797	0.5570585	0.619508	0.380492	1.049864
5700	-3987.575	-4247.924	260.3493	2.262101	0.5422294	0.739995	0.260005	0.9005711
5706	-3984.675	-4245.015	260.3402	2.1634	0.5851665	0.579746	0.420254	0.9469389
5712	-3990.075	-4250.492	260.417	2.179555	0.4967578	0.619587	0.380413	0.9938777
5718	-3987.87	-4248.191	260.3204	2.179555	0.5916039	0.622182	0.377818	0.9407289
5724	-3985.387	-4245.885	260.4981	2.21315	0.443338	0.673461	0.326539	0.9710297
5730	-3996.7	-4256.933	260.2336	1.916302	0.5497104	0.752385	0.247615	1.314658
5736	-3997.705	-4257.716	260.0117	1.996336	0.5184495	0.635843	0.364157	1.464122
5742	-4000.339	-4260.842	260.503	2.011642	0.4672327	0.665046	0.334954	1.119275
5748	-3993.621	-4253.849	260.2284	2.168767	0.5487905	0.691724	0.308276	1.104718
5754	-3990.839	-4251.187	260.3485	2.148706	0.5131004	0.707732	0.292268	1.064421
5760	-3980.351	-4240.615	260.2639	2.027732	0.5859242	0.726498	0.273502	1.14907
5766	-3977.147	-4237.43	260.2832	2.013588	0.4933614	0.656324	0.343676	1.268626
5772	-3999.926	-4260.202	260.2759	2.011696	0.5299139	0.726386	0.273614	1.226704
5778	-3987.415	-4247.646	260.2307	2.011696	0.508164	0.774084	0.225916	1.293157
5784	-3985.217	-4245.714	260.4967	2.179505	0.4784892	0.711428	0.288572	0.943287
5790	-3985.405	-4245.483	260.0787	2.197621	0.6802617	0.602503	0.397497	1.04157
5796	-3987.134	-4247.339	260.2051	2.086052	0.6052101	0.639424	0.360576	1.124351
5802	-3981.553	-4241.872	260.3195	2.086052	0.5360424	0.67927	0.32073	1.11524
5808	-3986.815	-4247.188	260.3732	2.055061	0.4758433	0.714391	0.285609	1.182555
5814	-3989.225	-4249.498	260.273	2.163629	0.5923212	0.629931	0.370069	1.004767
5820	-3990.531	-4250.79	260.2594	2.235227	0.6349938	0.651829	0.348171	0.8776158
5826	-3982.63	-4243.01	260.3806	2.156115	0.5554184	0.663692	0.336308	0.9592053
5832	-3978.543	-4238.784	260.2404	2.160185	0.5905772	0.585458	0.414542	1.042529
5838	-3972.634	-4232.865	260.2306	2.169973	0.5905772	0.675813	0.324187	1.042529
5844	-3983.238	-4243.698	260.4594	2.089588	0.4667381	0.674647	0.325353	1.088669
5850	-3976.001	-4236.481	260.4806	2.089588	0.4850196	0.674647	0.325353	1.039187
5856	-3987.24	-4247.638	260.3984	2.156179	0.5010148	0.671614	0.328386	1.02846
5862	-3987.572	-4247.876	260.3047	2.190233	0.538063	0.626449	0.373551	1.02846
5868	-3985.959	-4246.349	260.3899	2.145211	0.5129083	0.713434	0.286566	1.02846
5874	-3979.741	-4240.332	260.5911	2.256327	0.4192169	0.68447	0.31553	0.8701907
5880	-3984.412	-4245.048	260.6359	2.089206	0.4192169	0.75624	0.24376	1.001833
5886	-3978.539	-4238.862	260.3225	2.080384	0.552851	0.675443	0.324557	1.093711
5892	-3977.911	-4238.231	260.3198	2.024513	0.5617175	0.675443	0.324557	1.13451
5898	-3977.373	-4237.562	260.1888	1.953416	0.5298347	0.690671	0.309329	1.345733
5904	-3972.333	-4232.723	260.3903	2.011316	0.484876	0.657939	0.342061	1.192358
5910	-3986.817	-4247.229	260.4116	2.035647	0.4605079	0.678507	0.321493	1.189143
5916	-3975.207	-4235.575	260.3685	2.037182	0.4948542	0.691372	0.308628	1.174323
5922	-3974.497	-4234.774	260.2778	2.064157	0.4948542	0.635289	0.364711	1.228933
5928	-3980.802	-4240.997	260.1948	2.073815	0.5916072	0.685531	0.314469	1.161984
5934	-3984.701	-4245.164	260.4626	2.060027	0.4684213	0.751186	0.248814	1.110179
5940	-3992.205	-4252.55	260.3449	2.060027	0.5072222	0.787189	0.212811	1.157138
5946	-3983.364	-4243.695	260.3305	2.038026	0.5138497	0.697816	0.302184	1.179475
5952	-3988.057	-4248.467	260.4096	1.91998	0.5327686	0.674464	0.325536	1.187008
5958	-3983.217	-4243.445	260.2281	1.939447	0.5487467	0.674464	0.325536	1.301523
5964	-3985.038	-4245.278	260.239	1.975539	0.505909	0.674464	0.325536	1.31874
5970	-3989.394	-4249.836	260.4427	2.001477	0.4797647	0.683451	0.316549	1.16288
5976	-3984.26	-4244.651	260.391	2.036544	0.5016032	0.683451	0.316549	1.145273
5982	-3980.969	-4241.172	260.2023	2.036544	0.6254543	0.721558	0.278442	1.145273
5988	-3980.735	-4240.843	260.1081	2.036544	0.6112635	0.638916	0.361084	1.243657
5994	-4001.88	-4262.153	260.2729	2.242047	0.5568047	0.754807	0.245193	0.9795101
6000	-4000.501	-4260.822	260.3203	2.172918	0.5568047	0.707846	0.292154	1.001496
6006	-3984.898	-4245.187	260.2889	2.208848	0.5708773	0.681134	0.318866	0.9752194
6012	-3991.402	-4251.84	260.4383	2.28095	0.5309101	0.62813	0.37187	0.7900723
6018	-3998.389	-4258.839	260.4502	2.287708	0.4797355	0.70762	0.29238	0.8722332
6024	-3997.766	-4258.026	260.2591	2.331676	0.5717698	0.689466	0.310534	0.8722332
6030	-3984.879	-4245.411	260.5319	2.241479	0.4772313	0.691212	0.308788	0.8345743
6036	-3986.55	-4246.683	260.1325	2.212423	0.6478907	0.680262	0.319738	1.017428
6042	-3986.691	-4246.895	260.2044	1.944372	0.5584931	0.719063	0.280937	1.304636
6048	-3979.609	-4239.912	260.3034	1.944372	0.4963429	0.691257	0.308743	1.304636
6054	-3998.052	-4258.433	260.3803	2.216011	0.5191291	0.702896	0.297104	0.9565722
6060	-3998.202	-4258.624	260.4225	2.013678	0.468773	0.745637	0.254363	1.186242
6066	-4000.305	-4260.676	260.3714	2.013678	0.436476	0.582888	0.417112	1.277473
6072	-3972.146	-4232.602	260.4556	1.990021	0.4747976	0.705308	0.294692	1.169008
6078	-3984.985	-4245.212	260.2269	1.936042	0.5599671	0.684513	0.315487	1.291285
6084	-3986.675	-4246.829	260.1535	1.997574	0.5599671	0.68667	0.31333	1.300905
6090	-3981.831	-4242.067	260.2364	2.006965	0.5410253	0.746138	0.253862	1.249051
6096	-4006.08	-4266.236	260.1556	2.006965	0.5838776	0.760026	0.239974	1.262008
6102	-3996.51	-4256.804	260.2941	2.077397	0.4700521	0.730405	0.269595	1.239428
6108	-3987.147	-4247.456	260.3085	1.995637	0.5102185	0.6502	0.3498	1.239428
6114	-3990.301	-4250.48	260.1785	2.011448	0.5263619	0.687435	0.312565	1.311876
6120	-4011.57	-4272.036	260.4659	2.190856	0.4730055	0.717684	0.282316	0.9735208
6126	-3992.732	-4252.981	260.2489	2.248737	0.5361812	0.678066	0.321934	1.028718
6132	-3980.931	-4241.282	260.3509	2.183554	0.5158742	0.613913	0.386087	1.024386
6138	-3989.088	-4249.238	260.1501	2.221852	0.5586982	0.765872	0.234128	1.113775
6144	-3994.214	-4254.714	260.5001	2.10185	0.4732385	0.795654	0.204346	1.027897
6150	-3990.215	-4250.811	260.5963	2.10185	0.4227555	0.714606	0.285394	1.021964
6156	-3981.345	-4241.733	260.388	2.07811	0.4576717	0.665195	0.334805	1.177085
6162	-4000.765	-4261.162	260.397	2.07811	0.5171452	0.665195	0.334805	1.079028
6168	-3992.04	-4252.257	260.2167	2.094728	0.5830928	0.713287	0.286713	1.135211
6174	-4014.488	-4274.996	260.5083	2.089246	0.4843847	0.713287	0.286713	1.013574
6180	-4011.776	-4272.015	260.239	2.080623	0.5610328	0.712082	0.287918	1.157352
6186	-3987.908	-4248.18	260.2722	2.080623	0.4681	0.611474	0.388526	1.25776
6192	-3988.289	-4248.633	260.3448	2.005771	0.5119084	0.669471	0.330529	1.197716
6198	-3972.113	-4232.416	260.3026	2.005771	0.5119084	0.669471	0.330529	1.23357
6204	-3976.734	-4236.895	260.1606	1.921378	0.476365	0.669471	0.330529	1.461012
6210	-3987.113	-4247.466	260.3525	2.052532	0.4983559	0.698945	0.301055	1.169845
6216	-3991.044	-4251.255	260.2111	2.045095	0.46693	0.593367	0.406633	1.338051
6222	-4015.008	-4274.243	259.2348	1.57864	0.5054625	0.661905	0.338095	2.297143
6228	-4005.936	-4264.926	258.9908	1.589841	0.4900796	0.691317	0.308683	2.46069
6234	-3990.485	-4250.88	260.3942	2.082388	0.4987869	0.68027	0.31973	1.105358
6240	-3991.977	-4252.058	260.081	2.082388	0.6359669	0.737886	0.262114	1.198267
6246	-3978.375	-4238.749	260.3739	2.088437	0.5115661	0.622527	0.377473	1.099185
6252	-3991.179	-4251.353	260.1736	2.093357	0.5445165	0.611874	0.388126	1.224681
6258	-3984.35	-4244.666	260.3154	2.113735	0.5121831	0.649455	0.350545	1.128404
6264	-3992.358	-4252.761	260.4032	2.101148	0.5121831	0.702527	0.297473	1.059117
6270	-3990.144	-4250.422	260.2782	2.061872	0.5121831	0.765446	0.234554	1.206293
6276	-3979.217	-4239.452	260.2353	2.071927	0.527094	0.614678	0.385322	1.213863
6282	-3972.338	-4232.683	260.345	2.025951	0.4881557	0.620469	0.379531	1.213863
6288	-3983.9	-4244.13	260.2301	2.025951	0.5184412	0.666403	0.333597	1.268315
6294	-4006.093	-4266.264	260.1711	1.987377	0.5184412	0.535321	0.464679	1.347288
6300	-4006.684	-4266.395	259.7111	1.855304	0.4947147	0.73171	0.26829	1.810547
6306	-4000.31	-4259.773	259.4635	1.774625	0.5523428	0.673938	0.326062	1.970963
6312	-3986.386	-4246.561	260.1756	1.884574	0.5274669	0.657288	0.342712	1.413074
6318	-3993.544	-4253.724	260.1801	1.901976	0.4537566	0.546527	0.453473	1.490657
6324	-3992.284	-4252.28	259.9962	1.89328	0.6078827	0.641552	0.358448	1.450677
6330	-3989.039	-4249.286	260.2467	1.900835	0.4324429	0.693868	0.306132	1.47014
6336	-3982.854	-4242.739	259.885	1.969837	0.6141548	0.739625	0.260375	1.47014
6342	-3985.056	-4245.414	260.3577	2.019854	0.5597195	0.646735	0.353265	1.107282
6348	-3971.215	-4231.439	260.2235	2.020775	0.5736428	0.711938	0.288062	1.206163
6354	-3982.583	-4242.962	260.3783	1.979947	0.4874962	0.7597	0.2403	1.225557
6360	-3978.898	-4239.155	260.2564	1.994924	0.4958241	0.820564	0.179436	1.302522
6366	-3992.638	-4252.814	260.176	1.931525	0.4958241	0.725345	0.274655	1.41626
6372	-3991.034	-4251.34	260.3053	1.93516	0.4958241	0.675095	0.324905	1.311297
6378	-3996.835	-4256.884	260.0487	1.993887	0.4694109	0.667403	0.332597	1.499756
6384	-3987.85	-4248.028	260.1784	2.016463	0.5152391	0.655752	0.344248	1.322356
6390	-3985.656	-4245.852	260.1957	2.021801	0.5801583	0.659969	0.340031	1.220606
6396	-3990.669	-4250.847	260.1785	1.92998	0.4990857	0.707321	0.292679	1.411318
6402	-3979.424	-4239.7	260.2763	2.017454	0.4448997	0.707321	0.292679	1.339059
6408	-3987.06	-4247.239	260.1789	2.017454	0.5274155	0.619043	0.380957	1.305334
6414	-4000.281	-4260.566	260.2846	1.970798	0.4191299	0.737115	0.262885	1.406313
6420	-3995.288	-4255.185	259.8977	1.948077	0.618582	0.789336	0.210664	1.472236
6426	-3987.151	-4247.172	260.0215	1.948077	0.5793635	0.776298	0.223702	1.421255
6432	-3988.028	-4248.064	260.0359	1.83569	0.5483383	0.763015	0.236985	1.531045
6438	-3994.796	-4254.482	259.6864	1.885951	0.6377698	0.763015	0.236985	1.653519
6444	-3986.789	-4246.383	259.5939	1.78459	0.6693256	0.721751	0.278249	1.760083
6450	-4004.1	-4264.483	260.383	1.98934	0.5227271	0.716329	0.283671	1.163701
6456	-4012.907	-4273.093	260.186	1.98934	0.5437078	0.690287	0.309713	1.301569
6462	-4003.785	-4263.921	260.1356	1.918791	0.6472711	0.713979	0.286021	1.276545
6468	-4008.358	-4268.79	260.432	1.918791	0.4562463	0.75417	0.24583	1.276545
6474	-4008.275	-4268.375	260.1	1.992924	0.6038905	0.669019	0.330981	1.295092
6480	-3991.606	-4251.869	260.2626	2.002917	0.4623274	0.691001	0.308999	1.337025
6486	-4000.408	-4260.859	260.4507	2.010495	0.483554	0.732306	0.267694	1.142143
6492	-4006.6	-4267.022	260.4217	2.070177	0.5257604	0.726724	0.273276	1.050121
6498	-3992.284	-4252.687	260.4035	2.034491	0.5306427	0.679747	0.320253	1.093374
6504	-3983.701	-4244.099	260.3973	2.084098	0.4978767	0.735572	0.264428	1.102278
6510	-3982.881	-4243.202	260.3209	2.075292	0.5511779	0.713885	0.286115	1.102278
6516	-3986.541	-4246.684	260.1429	1.981911	0.5196236	0.589508	0.410492	1.372464
6522	-3989.867	-4249.976	260.1094	2.05492	0.5631006	0.589508	0.410492	1.286275
6528	-3999.65	-4259.635	259.985	2.059642	0.5740833	0.682311	0.317689	1.368934
6534	-3994.156	-4253.932	259.7763	1.965981	0.6275231	0.679318	0.320682	1.540251
6540	-3976.157	-4236.5	260.3426	1.959785	0.4763208	0.606984	0.393016	1.287656
6546	-3995.904	-4256.094	260.19	2.003077	0.6137562	0.661728	0.338272	1.199673
6552	-4012.567	-4272.501	259.9342	1.861302	0.6500309	0.716257	0.283743	1.477044
6558	-4002.741	-4262.894	260.1522	1.885143	0.5094799	0.665351	0.334649	1.452875
6564	-4004.635	-4264.814	260.1791	1.858946	0.5090328	0.697028	0.302972	1.452875
6570	-3995.826	-4255.9	260.0746	1.936028	0.6099979	0.68293	0.31707	1.354188
6576	-3989.429	-4249.497	260.0684	2.000646	0.5794708	0.752563	0.247437	1.343239
6582	-3995.859	-4255.925	260.0666	1.988919	0.5981449	0.739384	0.260616	1.332048
6588	-3982.039	-4242.329	260.29	2.074899	0.4958721	0.739384	0.260616	1.207979
6594	-3988.454	-4248.728	260.2743	2.049782	0.5132169	0.753156	0.246844	1.218502
6600	-3989.225	-4249.621	260.3959	2.049782	0.459559	0.723204	0.276796	1.191864
6606	-3996.061	-4256.201	260.14	2.112299	0.6052447	0.710702	0.289298	1.158841
6612	-3992.887	-4253.271	260.3838	2.141184	0.4872769	0.710702	0.289298	1.078384
6618	-3989.432	-4249.833	260.4012	2.223732	0.5150292	0.696169	0.303831	0.9332888
6624	-3983.223	-4243.641	260.4179	2.206979	0.5150292	0.651844	0.348156	0.9332888
6630	-3989.81	-4249.954	260.144	1.993981	0.5490673	0.646434	0.353566	1.325014
6636	-3983.536	-4243.933	260.3974	2.10369	0.5250644	0.646434	0.353566	1.042369
6642	-3977.596	-4237.876	260.2807	2.201855	0.5878295	0.660702	0.339298	0.9648881
6648	-3991.917	-4252.093	260.1757	2.201855	0.5897947	0.774619	0.225381	1.065524
6654	-3978.348	-4238.763	260.4156	2.31314	0.4831224	0.703412	0.296588	0.8762751
6660	-3988.871	-4249.262	260.3916	2.305252	0.4711216	0.657279	0.342721	0.9347425
6666	-3984.842	-4245.095	260.2529	2.25109	0.5743578	0.678492	0.321508	0.9633968
6672	-3976.171	-4236.604	260.4332	2.266333	0.4870153	0.693772	0.306228	0.9020716
6678	-3982.484	-4242.855	260.3708	2.245234	0.4761858	0.713101	0.286899	1.00903
6684	-3988.526	-4248.795	260.2692	2.201138	0.5834318	0.739552	0.260448	0.9840803
6690	-3996.36	-4256.638	260.2785	2.201138	0.533481	0.729244	0.270756	1.05011
6696	-3993.808	-4254.02	260.2125	2.192901	0.5072369	0.679523	0.320477	1.156687
6702	-3982.693	-4242.928	260.234	2.065475	0.5072369	0.687342	0.312658	1.247343
6708	-3985.605	-4246.009	260.4041	2.108758	0.4836814	0.661087	0.338913	1.09525
6714	-3988.518	-4248.937	260.4187	2.108758	0.4574485	0.661087	0.338913	1.123196
6720	-3999.954	-4259.983	260.029	1.766782	0.5127729	0.723743	0.276257	1.627786
6726	-3987.278	-4247.16	259.8814	1.778401	0.4438504	0.775413	0.224587	1.806782
6732	-3991.363	-4250.897	259.5341	1.595224	0.3791282	0.730876	0.269124	2.240903
6738	-3994.991	-4254.734	259.7431	1.851567	0.4746834	0.730876	0.269124	1.814428
6744	-4013.461	-4274.124	260.6626	2.117266	0.4189864	0.554338	0.445662	0.9459785
6750	-4005.937	-4266.263	260.3255	2.224487	0.5423605	0.665693	0.334307	0.9665238
6756	-3999.858	-4260.296	260.4384	2.185546	0.4964343	0.689854	0.310146	0.9665238
6762	-3993.922	-4254.299	260.3775	2.189084	0.5266852	0.727853	0.272147	0.9748929
6768	-3996.425	-4256.745	260.3201	2.1912	0.5271922	0.671652	0.328348	1.029274
6774	-3990.016	-4250.295	260.2781	2.1912	0.5628841	0.788825	0.211175	1.015954
6780	-3980.014	-4240.292	260.2777	2.156623	0.5854096	0.788825	0.211175	1.017148
6786	-3993.86	-4254.258	260.3985	2.156623	0.5301316	0.709415	0.290585	0.9809348
6792	-3998.045	-4258.411	260.3664	2.145068	0.5355144	0.757778	0.242222	1.016141
6798	-4005.769	-4266.217	260.4482	2.145068	0.5045534	0.747967	0.252033	0.9842116
6804	-3994.643	-4254.963	260.3197	2.135457	0.53431	0.571896	0.428104	1.072016
6810	-3978.1	-4238.533	260.4322	2.135457	0.4644524	0.705748	0.294252	1.075029
6816	-3997.928	-4258.381	260.4527	2.297837	0.4465241	0.717726	0.282274	0.9233918
6822	-3987.569	-4247.897	260.3285	2.307118	0.5975493	0.621516	0.378484	0.7654669
6828	-3983.382	-4243.477	260.0956	2.22904	0.7481846	0.689789	0.310211	0.9017947
6834	-3981.801	-4242.028	260.2275	2.22904	0.6125913	0.718241	0.281759	0.9543932
6840	-3978.655	-4238.821	260.166	2.241822	0.6478484	0.710762	0.289238	0.9536523
6846	-3990.825	-4251.153	260.3283	2.363366	0.5156084	0.644738	0.355262	0.8565025
6852	-3989.61	-4249.976	260.366	2.363366	0.5117587	0.655183	0.344817	0.8174131
6858	-3973.637	-4233.954	260.3163	2.411424	0.5561397	0.748166	0.251834	0.7191713
6864	-3980.734	-4241.239	260.5054	2.354212	0.4822709	0.700555	0.299445	0.6973628
6870	-4009.893	-4270.137	260.2439	2.055881	0.4624876	0.702663	0.297337	1.30922
6876	-3998.973	-4258.872	259.8989	2.055881	0.7132336	0.699857	0.300143	1.286364
6882	-4008.7	-4268.992	260.2923	2.057751	0.525508	0.715982	0.284018	1.179206
6888	-4007.851	-4267.906	260.0543	2.136482	0.6163466	0.66552	0.33448	1.198437
6894	-3993.586	-4253.952	260.366	2.029199	0.4746237	0.736646	0.263354	1.212787
6900	-3991.189	-4251.359	260.1692	1.999239	0.5373596	0.653435	0.346565	1.315219
6906	-3999.028	-4259.251	260.223	1.97137	0.4789421	0.653435	0.346565	1.370673
6912	-4002.294	-4262.667	260.3732	2.326723	0.5226648	0.683449	0.316551	0.8324088
6918	-3978.221	-4238.662	260.4416	2.326723	0.4811941	0.649224	0.350776	0.8324088
6924	-3969.363	-4229.698	260.3342	2.317213	0.5208117	0.674671	0.325329	0.8937199
6930	-3992.484	-4252.967	260.4835	2.317213	0.4335277	0.734357	0.265643	0.8937199
6936	-3992.712	-4253.236	260.524	2.202464	0.4755372	0.734357	0.265643	0.8936854
6942	-3989.929	-4250.322	260.3932	2.281699	0.5361239	0.697448	0.302552	0.8369657
6948	-3981.28	-4241.544	260.2639	2.359057	0.6009926	0.69572	0.30428	0.7762249
6954	-4003.106	-4263.491	260.3846	2.359057	0.5292178	0.698982	0.301018	0.7594111
6960	-4002.919	-4262.938	260.0185	2.353422	0.7995029	0.698982	0.301018	0.7645229
6966	-3977.136	-4237.604	260.4678	2.222872	0.5154646	0.684892	0.315108	0.8580226
6972	-3989	-4249.391	260.3904	2.039194	0.479678	0.686939	0.313061	1.17574
6978	-3978.472	-4238.906	260.4341	2.065142	0.4794007	0.732206	0.267794	1.114378
6984	-3979.83	-4240.007	260.1769	2.102147	0.6057223	0.732206	0.267794	1.134544
6990	-3993.828	-4254.339	260.5119	2.12952	0.4735423	0.746289	0.253711	0.9881894
6996	-3990.737	-4250.985	260.2474	2.159566	0.6243963	0.76108	0.23892	0.9881894
7002	-3984.836	-4245.305	260.4686	2.12145	0.4600716	0.745502	0.254498	1.061217
7008	-3985.524	-4245.756	260.2318	1.997314	0.5677968	0.651471	0.348529	1.226494
7014	-3987.958	-4248.281	260.3228	1.978484	0.4587243	0.740056	0.259944	1.313318
7020	-3989.071	-4249.361	260.2891	1.933567	0.5050801	0.658145	0.341855	1.313318
7026	-3993.387	-4253.797	260.41	1.920309	0.4804809	0.648156	0.351844	1.258857
7032	-3979.082	-4239.483	260.4012	1.916014	0.4882105	0.70243	0.29757	1.258857
7038	-3990.596	-4251.092	260.4957	2.038298	0.4932302	0.643887	0.356113	1.060601
7044	-4000.654	-4260.987	260.3321	2.129126	0.5757015	0.784391	0.215609	1.004798
7050	-3995.538	-4256.007	260.4695	1.979818	0.5168486	0.71056	0.28944	1.103248
7056	-3980.228	-4240.544	260.3163	1.979818	0.4635951	0.61106	0.38894	1.310623
7062	-3991.355	-4251.854	260.4992	2.120365	0.4635951	0.627097	0.372903	1.026972
7068	-3979.312	-4239.57	260.2574	2.165255	0.5966751	0.759562	0.240438	1.012346
7074	-3986.739	-4246.998	260.2586	2.188396	0.5801197	0.780209	0.219791	1.012346
7080	-3980.367	-4240.654	260.2865	2.176378	0.5801197	0.745726	0.254274	0.996548
7086	-3980.452	-4240.679	260.2265	2.071301	0.6497604	0.661859	0.338141	1.060384
7092	-3980.722	-4241.119	260.3963	2.142662	0.4903764	0.661859	0.338141	1.060384
7098	-3988.163	-4248.363	260.1993	2.193286	0.5646134	0.66487	0.33513	1.086619
7104	-3999.341	-4259.538	260.197	2.193286	0.6386891	0.739828	0.260172	0.9847762
7110	-3996.593	-4256.882	260.2898	2.209826	0.6007517	0.72917	0.27083	0.926691
7116	-3992.657	-4252.889	260.2327	2.175477	0.5945847	0.74748	0.25252	1.029505
7122	-3979.486	-4239.963	260.4766	2.143757	0.4996634	0.768958	0.231042	0.9646562
7128	-3983.779	-4244.213	260.434	2.143757	0.4996634	0.656457	0.343543	1.007874
7134	-3985.386	-4245.969	260.5827	2.04671	0.418421	0.725118	0.274882	1.094721
7140	-3980.267	-4240.302	260.0353	1.988792	0.5822044	0.700286	0.299714	1.375531
7146	-3984.732	-4244.631	259.8987	1.988533	0.5777694	0.639771	0.360229	1.485861
7152	-3983.869	-4243.907	260.0388	1.846604	0.4753768	0.639771	0.360229	1.608049
7158	-3998.926	-4258.868	259.9419	1.958314	0.5552445	0.669507	0.330493	1.501732
7164	-4014.605	-4274.145	259.5398	1.76213	0.4436915	0.682737	0.317263	2.048661
7170	-4004.916	-4264.889	259.9729	1.796658	0.5133774	0.737459	0.262541	1.646013
7176	-3999.937	-4259.788	259.8519	1.885209	0.4783414	0.674485	0.325515	1.710596
7182	-3990.677	-4250.573	259.8962	1.811965	0.4652423	0.672672	0.327328	1.7468
7188	-3981.097	-4240.876	259.7789	1.820047	0.4441883	0.654293	0.345707	1.848222
7194	-3990.768	-4249.801	259.0327	1.687223	0.5843697	0.68286	0.31714	2.278334
7200	-3985.638	-4244.498	258.8597	1.510176	0.5502497	0.672365	0.327635	2.531923
7206	-3995.465	-4254.193	258.7282	1.675051	0.5289529	0.70474	0.29526	2.531923
7212	-3986.057	-4245.245	259.1879	1.541973	0.5289529	0.710163	0.289837	2.326302
7218	-3976.734	-4236.147	259.4131	1.648666	0.4776001	0.697596	0.302404	2.167208
7224	-3982.277	-4242.019	259.7418	1.626932	0.3965372	0.697596	0.302404	2.062672
7230	-3982.36	-4241.916	259.5566	1.747011	0.5194879	0.721802	0.278198	1.961773
7236	-3983.624	-4243.707	260.0828	1.744614	0.4441338	0.721802	0.278198	1.689008
7242	-3985.13	-4245.235	260.1049	1.868659	0.4981271	0.667877	0.332123	1.515032
7248	-3979.5	-4239.652	260.1527	1.868659	0.4929191	0.756628	0.243372	1.485672
7254	-3985.077	-4244.874	259.7971	1.805074	0.4929191	0.698766	0.301234	1.78783
7260	-3982.333	-4242.176	259.8426	1.788301	0.5755811	0.658591	0.341409	1.675803
7266	-3984.314	-4243.818	259.5042	1.718845	0.6097929	0.658591	0.341409	1.923615
7272	-3995.695	-4254.909	259.2144	1.626619	0.5855559	0.659179	0.340821	2.199238
7278	-4003.592	-4263.318	259.7257	1.6981	0.503668	0.735666	0.264334	1.898001
7284	-4003.866	-4263.204	259.338	1.717757	0.4810526	0.677651	0.322349	2.167267
7290	-3984.043	-4243.743	259.7002	1.771211	0.3917005	0.750427	0.249573	2.000826
7296	-4005.537	-4265.361	259.8245	1.785353	0.4560303	0.590937	0.409063	1.826289
7302	-4004.487	-4264.215	259.7286	1.810036	0.5920779	0.584734	0.415266	1.723829
7308	-3980.206	-4239.953	259.7469	1.765919	0.5920779	0.661948	0.338052	1.741998
7314	-3985.22	-4244.837	259.6163	1.741895	0.5920779	0.561938	0.438062	1.849131
7320	-3993.106	-4252.364	259.2583	1.706638	0.5920779	0.586006	0.413994	2.112323
7326	-3996.944	-4256.293	259.3485	1.701737	0.5920779	0.748818	0.251182	2.056222
7332	-3988.452	-4247.211	258.759	1.635686	0.6754971	0.614313	0.385687	2.403694
7338	-3973.718	-4232.582	258.8639	1.515894	0.6142108	0.604153	0.395847	2.466352
7344	-3989.723	-4249.464	259.741	1.590694	0.4611184	0.700088	0.299912	2.008399
7350	-3995.16	-4255.478	260.3172	1.908522	0.4944013	0.692896	0.307104	1.325067
7356	-3985.316	-4245.304	259.9878	1.93435	0.6098701	0.692896	0.307104	1.423456
7362	-3996.254	-4255.763	259.5082	1.677939	0.5076485	0.72536	0.27464	2.052807
7368	-3992.193	-4251.697	259.5036	1.773168	0.615708	0.643252	0.356748	1.8814
7374	-4006.245	-4265.996	259.7512	1.765062	0.5510715	0.643252	0.356748	1.782713
7380	-4004.746	-4264.673	259.9274	1.915132	0.7282274	0.693818	0.306182	1.361208
7386	-4005.373	-4265.206	259.8331	1.977259	0.6407651	0.685671	0.314329	1.475511
7392	-4011.062	-4271.25	260.1877	1.87798	0.5648822	0.65433	0.34567	1.363293
7398	-3997.97	-4257.469	259.4996	1.780633	0.6703369	0.628334	0.371666	1.827258
7404	-3996.291	-4255.831	259.5401	1.782113	0.6294451	0.752408	0.247592	1.837017
7410	-3990.941	-4250.369	259.428	1.908828	0.619126	0.733539	0.266461	1.837017
7416	-3992.018	-4251.474	259.4567	1.81607	0.6357724	0.697567	0.302433	1.864854
7422	-3998.092	-4258.105	260.0136	1.81607	0.4806335	0.620263	0.379737	1.641856
7428	-3998.717	-4258.497	259.7795	1.857144	0.6189233	0.741999	0.258001	1.626357
7434	-4003.843	-4263.116	259.2723	1.797248	0.6685109	0.650463	0.349537	1.971964
7440	-4003.883	-4263.169	259.2865	1.7771	0.6706197	0.72461	0.27539	1.974074
7446	-3988.787	-4248.875	260.0883	1.934504	0.5029108	0.698907	0.301093	1.472059
7452	-3993.634	-4253.419	259.7855	1.969876	0.6610807	0.75241	0.24759	1.495929
7458	-3985.863	-4245.802	259.9389	1.84912	0.6200228	0.728075	0.271925	1.514121
7464	-3989.439	-4249.615	260.1755	1.800032	0.5369841	0.763421	0.236579	1.466383
7470	-3991.504	-4251.616	260.1119	1.780859	0.4509278	0.709532	0.290468	1.633569
7476	-3997.993	-4257.911	259.9182	1.829436	0.5725793	0.594519	0.405481	1.594987
7482	-3980.571	-4240.615	260.044	2.081434	0.6310391	0.697541	0.302459	1.236262
7488	-3979.381	-4239.467	260.0855	1.983688	0.632074	0.665924	0.334076	1.281714
7494	-3982.165	-4242.398	260.2325	1.962675	0.5601375	0.665924	0.334076	1.264589
7500	-3978.769	-4238.77	260.0012	1.959682	0.5601375	0.61338	0.38662	1.450195
7506	-3984.711	-4244.783	260.0723	1.930795	0.4925762	0.61338	0.38662	1.499873
7512	-3983.7	-4243.668	259.9685	1.92456	0.6627171	0.61232	0.38768	1.38882
7518	-3987.795	-4247.695	259.8995	1.83667	0.6458485	0.62468	0.37532	1.525822
7524	-3994.39	-4254.334	259.944	1.83667	0.4612722	0.637165	0.362835	1.700658
7530	-3989.488	-4249.345	259.8575	1.954535	0.6583812	0.667111	0.332889	1.45585
7536	-3995.029	-4255.213	260.1841	1.880435	0.4640139	0.709242	0.290758	1.490279
7542	-3988.552	-4248.673	260.1214	1.933093	0.5474155	0.709242	0.290758	1.393096
7548	-4003.313	-4263.291	259.9777	1.950802	0.5691062	0.747557	0.252443	1.46448
7554	-3991.203	-4251.076	259.8732	1.847097	0.6771376	0.74014	0.25986	1.50606
7560	-3981.294	-4241.365	260.0711	1.846549	0.4804036	0.780347	0.219653	1.578355
7566	-3988.435	-4248.609	260.1741	1.946832	0.6058657	0.649461	0.350539	1.269856
7572	-3990.882	-4251.179	260.2969	1.967755	0.4818794	0.718288	0.281712	1.310663
7578	-3989.088	-4249.297	260.2085	2.03863	0.6033274	0.647723	0.352277	1.165849
7584	-3998.523	-4258.721	260.1977	2.106003	0.6033274	0.718784	0.281216	1.115485
7590	-4004.265	-4264.462	260.1968	1.991064	0.5254442	0.697279	0.302721	1.314772
7596	-3992.752	-4252.967	260.2153	1.848304	0.5402545	0.697279	0.302721	1.394683
7602	-3982.486	-4242.825	260.339	1.848304	0.4502794	0.704694	0.295306	1.415088
7608	-4001.869	-4262.217	260.3471	2.09418	0.5742626	0.704694	0.295306	1.026574
7614	-3994.166	-4254.52	260.354	2.034258	0.4483028	0.688594	0.311406	1.25721
7620	-3983.914	-4244.091	260.1773	2.038365	0.5361167	0.737471	0.262529	1.278402
7626	-3981.288	-4241.205	259.9173	1.917354	0.6270925	0.668317	0.331683	1.471565
7632	-3987.008	-4247.346	260.3384	1.988711	0.4535467	0.660165	0.339835	1.299815
7638	-3996.182	-4256.382	260.1996	1.996564	0.4675717	0.660165	0.339835	1.384621
7644	-3990.387	-4250.39	260.0035	1.990912	0.5944801	0.718993	0.281007	1.384621
7650	-3987.389	-4247.654	260.2654	1.985416	0.5073591	0.670574	0.329426	1.287384
7656	-3988.984	-4249.186	260.2021	2.104695	0.4948665	0.697649	0.302351	1.258246
7662	-3992.651	-4252.948	260.2974	2.077328	0.4786013	0.697649	0.302351	1.224328
7668	-3992.99	-4253.181	260.1914	2.00413	0.5348907	0.677214	0.322786	1.29645
7674	-3982.666	-4242.851	260.185	2.083827	0.5852947	0.581895	0.418105	1.169962
7680	-3979.874	-4240.337	260.4623	2.216186	0.5237776	0.539497	0.460503	0.8565449
7686	-3975.99	-4236.317	260.3271	2.251151	0.5530719	0.776207	0.223793	0.9186505
7692	-3987.624	-4248.201	260.5772	1.996892	0.4781738	0.657644	0.342356	1.046557
7698	-3990.891	-4250.971	260.0797	2.049438	0.5848557	0.698521	0.301479	1.288329
7704	-4001.72	-4261.699	259.9796	1.866495	0.6043917	0.703061	0.296939	1.487365
7710	-3981.217	-4241.232	260.0149	1.84075	0.4745006	0.703061	0.296939	1.630699
7716	-3976.163	-4236.316	260.1532	1.84075	0.4754921	0.726892	0.273108	1.528228
7722	-3981.947	-4241.869	259.9221	1.833241	0.4469505	0.684861	0.315139	1.73634
7728	-3982.686	-4242.446	259.7593	1.78487	0.5203398	0.646892	0.353108	1.796903
7734	-3994.682	-4254.787	260.1047	1.770672	0.4281581	0.790399	0.209601	1.675548
7740	-3997.453	-4257.323	259.8692	1.86333	0.6344768	0.716698	0.283302	1.540269
7746	-3993.151	-4253.368	260.2167	1.985027	0.4565434	0.762907	0.237093	1.395332
7752	-4003.436	-4262.392	258.9558	1.566272	0.5901987	0.749191	0.250809	2.398727
7758	-3997.361	-4256.276	258.9154	1.559937	0.5901987	0.806566	0.193434	2.428166
7764	-3987.845	-4248.069	260.2246	2.175443	0.5425777	0.822189	0.177811	1.110905
7770	-3999.162	-4259.59	260.428	2.129969	0.4817362	0.770313	0.229687	1.056232
7776	-4000.352	-4260.687	260.3354	2.222337	0.4817362	0.761332	0.238668	1.056455
7782	-3998.191	-4258.533	260.3419	2.222337	0.5193827	0.571196	0.428804	0.9892215
7788	-3987.079	-4247.464	260.3849	2.211973	0.5050125	0.655782	0.344218	0.9797135
7794	-3982.13	-4242.517	260.3865	2.180129	0.4772583	0.646392	0.353608	1.055212
7800	-3991.353	-4251.524	260.1713	2.397128	0.6202004	0.739841	0.260159	0.8127056
7806	-4000.691	-4260.913	260.2219	2.397128	0.5858057	0.764912	0.235088	0.8116773
7812	-4005.817	-4266.028	260.2108	2.487759	0.5830471	0.764912	0.235088	0.6997788
7818	-4006.937	-4267.279	260.3424	2.487759	0.5076797	0.655035	0.344965	0.6734902
7824	-3984.497	-4244.849	260.3523	2.390847	0.5081797	0.655035	0.344965	0.8071055
7830	-4002.987	-4263.341	260.3542	2.423275	0.5081797	0.697034	0.302966	0.7596662
7836	-3990.668	-4251.176	260.5085	2.422931	0.4199029	0.749846	0.250154	0.7596662
7842	-4006.947	-4267.307	260.3595	2.13286	0.5468898	0.707533	0.292467	1.017493
7848	-4009.887	-4270.34	260.4533	2.221813	0.4838634	0.639388	0.360612	0.9347599
7854	-3990.17	-4250.54	260.3694	2.334818	0.5003838	0.713409	0.286591	0.8711451
7860	-3994.246	-4254.54	260.2936	2.294631	0.5427545	0.753429	0.246571	0.9252055
7866	-3991.108	-4251.422	260.3138	2.20239	0.5403678	0.651884	0.348116	1.003977
7872	-3990.004	-4250.349	260.3451	2.215301	0.5403678	0.669755	0.330245	0.9589275
7878	-3996.311	-4256.642	260.331	2.114873	0.5252555	0.688886	0.311114	1.094057
7884	-3998.272	-4258.422	260.1494	2.178459	0.6944506	0.625474	0.374526	0.9717179
7890	-3992.059	-4252.303	260.2442	2.147128	0.5895792	0.546408	0.453592	1.052764
7896	-3991.99	-4252.22	260.2297	2.086213	0.5463127	0.777401	0.222599	1.180407
7902	-3985.944	-4246.206	260.2621	2.104179	0.5148	0.696056	0.303944	1.180124
7908	-3987.094	-4247.214	260.1205	2.044366	0.6049946	0.696056	0.303944	1.23434
7914	-3993.835	-4254.078	260.243	1.995396	0.5555819	0.68343	0.31657	1.23434
7920	-3992.567	-4252.964	260.3966	1.995396	0.4692919	0.654096	0.345904	1.223241
7926	-3997.039	-4257.253	260.2144	2.025653	0.5380101	0.734379	0.265621	1.255767
7932	-3998.825	-4259.12	260.2952	2.025653	0.513441	0.754205	0.245795	1.220888
7938	-3990.007	-4250.138	260.1307	2.083177	0.6317514	0.693803	0.306197	1.159516
7944	-3991.705	-4251.829	260.1231	2.037155	0.4782624	0.66426	0.33574	1.39833
7950	-3982.948	-4243.259	260.3103	2.037155	0.4965061	0.702189	0.297811	1.221955
7956	-4000.587	-4260.913	260.326	2.09958	0.5024658	0.478548	0.521452	1.145793
7962	-3993.827	-4254.234	260.4071	2.071001	0.4794606	0.762891	0.237109	1.13329
7968	-4002.081	-4262.152	260.0709	2.016637	0.5729603	0.655454	0.344546	1.336228
7974	-4005.861	-4266.047	260.1858	2.028352	0.6161277	0.544407	0.455593	1.178591
7980	-3990.577	-4250.879	260.3023	1.912924	0.4427783	0.670911	0.329089	1.403904
7986	-3981.695	-4241.83	260.135	1.830949	0.5074768	0.646887	0.353113	1.509187
7992	-4013.107	-4272.834	259.7266	1.818066	0.5344114	0.742829	0.257171	1.78099
7998	-3986.04	-4246.221	260.181	1.815267	0.470257	0.697053	0.302947	1.533241
8004	-3995.248	-4255.113	259.865	1.781299	0.4945688	0.742408	0.257592	1.755179
8010	-4010.793	-4270.568	259.7755	1.874872	0.5544481	0.585645	0.414355	1.684816
8016	-4004.224	-4263.888	259.6643	1.796828	0.5550171	0.743179	0.256821	1.816656
8022	-3990.623	-4250.493	259.8706	1.796828	0.4956447	0.771665	0.228335	1.739149
8028	-4012.175	-4271.705	259.5293	1.768932	0.4956447	0.715394	0.284606	1.991487
8034	-3994.536	-4254.688	260.1516	1.841264	0.5434427	0.729153	0.270847	1.445483
8040	-3996.245	-4256.148	259.9028	2.041063	0.5652856	0.739485	0.260515	1.457224
8046	-3995.177	-4255.13	259.9531	1.915697	0.4750305	0.726165	0.273835	1.620572
8052	-4003.713	-4263.797	260.0839	1.915697	0.5738241	0.725574	0.274426	1.404464
8058	-4007.882	-4268.097	260.2147	1.887837	0.5080553	0.725574	0.274426	1.404464
8064	-4008.583	-4268.6	260.0164	1.941937	0.5530968	0.72001	0.27999	1.460396
8070	-4003.351	-4263.548	260.1977	1.941937	0.5530968	0.616815	0.383185	1.318677
8076	-4006.505	-4266.696	260.1912	2.012942	0.5092844	0.616815	0.383185	1.322657
8082	-3992.964	-4253.431	260.4675	1.962352	0.471418	0.631907	0.368093	1.187764
8088	-4000.39	-4260.936	260.5455	1.997703	0.4207358	0.677127	0.322873	1.168145
8094	-3999.596	-4259.659	260.0631	2.110953	0.63311	0.676606	0.323394	1.192525
8100	-3994.295	-4254.745	260.4504	2.110953	0.4912687	0.676606	0.323394	1.037535
8106	-3991.675	-4252.029	260.3535	2.144701	0.4912687	0.676606	0.323394	1.096973
8112	-3997.298	-4257.384	260.0853	2.006463	0.4994903	0.679751	0.320249	1.423761
8118	-3992.598	-4252.463	259.8641	1.872474	0.4964835	0.679751	0.320249	1.68937
8124	-3983.353	-4243.601	260.2478	1.866054	0.4473973	0.710801	0.289199	1.475187
8130	-3985.659	-4245.586	259.9269	1.866847	0.4680871	0.739694	0.260306	1.682916
8136	-3986.818	-4246.9	260.0825	1.811676	0.3962279	0.721036	0.278964	1.705008
8142	-3983.876	-4243.844	259.9676	1.775783	0.5061304	0.726852	0.273148	1.673178
8148	-4000.424	-4260.304	259.8804	1.715326	0.4004149	0.723697	0.276303	1.905868
8154	-3995.643	-4255.021	259.3779	1.725124	0.5305675	0.764	0.236	2.083238
8160	-3999.851	-4259.321	259.47	1.621527	0.6070533	0.739002	0.260998	2.014403
8166	-4001.991	-4261.449	259.4579	1.631751	0.5495207	0.675623	0.324377	2.072511
8172	-3997.052	-4256.239	259.187	1.655795	0.4375773	0.668175	0.331825	2.353021
8178	-4005.267	-4264.327	259.0605	1.598206	0.5067102	0.662126	0.337874	2.394194
8184	-4010.619	-4269.581	258.9623	1.624813	0.556187	0.625285	0.374715	2.389898
8190	-3997.526	-4257.12	259.5944	1.633931	0.4783378	0.696322	0.303678	2.057258
8196	-3987.211	-4246.964	259.7529	1.786555	0.4628922	0.655795	0.344205	1.866337
8202	-3997.645	-4257.364	259.7188	1.826693	0.5381932	0.733737	0.266263	1.776322
8208	-4004.758	-4264.631	259.8726	1.766505	0.5135989	0.684491	0.315509	1.738319
8214	-3993.573	-4253.545	259.972	1.778124	0.5214565	0.656747	0.343253	1.650584
8220	-3993.129	-4253.126	259.9962	1.758086	0.4933143	0.676205	0.323795	1.680498
8226	-3982.567	-4242.526	259.9585	1.82497	0.5534585	0.684878	0.315122	1.590057
8232	-3988.503	-4248.545	260.0418	1.813895	0.4968063	0.751496	0.248504	1.603423
8238	-3985.415	-4245.296	259.8812	1.813895	0.5313437	0.629428	0.370572	1.678645
8244	-3989.019	-4249.095	260.0764	1.975794	0.5743355	0.73601	0.26399	1.362698
8250	-4004.458	-4264.925	260.467	2.207743	0.5109773	0.701061	0.298939	0.8851605
8256	-4002.193	-4262.452	260.2591	2.271262	0.5965393	0.770081	0.229919	0.8994668
8262	-4004.045	-4264.621	260.576	2.238324	0.4178298	0.653745	0.346255	0.9109852
8268	-3996.11	-4256.496	260.3866	2.298402	0.4938501	0.653745	0.346255	0.9055611
8274	-4007.492	-4267.879	260.387	2.22927	0.4938501	0.705246	0.294754	0.9788595
8280	-4017.032	-4277.476	260.4448	1.89353	0.4486563	0.744628	0.255372	1.297765
8286	-4000.563	-4260.712	260.1486	1.882275	0.5023612	0.741148	0.258852	1.466666
8292	-3989.846	-4250.06	260.2137	1.923831	0.5023612	0.691121	0.308879	1.384491
8298	-3997.586	-4257.939	260.3533	1.844557	0.4772036	0.731749	0.268251	1.370276
8304	-3996.9	-4256.872	259.9716	1.825607	0.6022246	0.69181	0.30819	1.526316
8310	-4000.558	-4260.647	260.0889	1.891068	0.5290697	0.733615	0.266385	1.472505
8316	-3996.103	-4256.33	260.2268	1.920991	0.4884616	0.745392	0.254608	1.394569
8322	-3998.038	-4258.355	260.3173	1.987941	0.4660232	0.591167	0.408833	1.299781
8328	-3999.276	-4259.658	260.3821	2.022687	0.4787886	0.737675	0.262325	1.198491
8334	-4012.248	-4272.311	260.0624	1.917219	0.4434577	0.651382	0.348618	1.5802
8340	-3997.366	-4257.467	260.1011	1.804816	0.4408048	0.737263	0.262737	1.637146
8346	-3992.507	-4252.468	259.9604	1.804816	0.5237089	0.718391	0.281609	1.637146
8352	-3996.848	-4256.914	260.066	1.781363	0.4740883	0.75409	0.24591	1.637146
8358	-3992.183	-4252.12	259.9366	1.696715	0.4207105	0.752849	0.247151	1.854096
8364	-4010.082	-4270.03	259.948	1.94728	0.5681199	0.694559	0.305441	1.490723
8370	-3993.857	-4254.178	260.3209	1.94728	0.4236494	0.700763	0.299237	1.389786
8376	-4015.743	-4275.925	260.1829	1.889025	0.4954894	0.700763	0.299237	1.444043
8382	-4012.285	-4272.069	259.7847	1.749182	0.5696989	0.698022	0.301978	1.750568
8388	-4005.467	-4264.79	259.3236	1.706955	0.6688657	0.647033	0.352967	1.997724
8394	-4008.979	-4268.856	259.8778	1.749887	0.4863667	0.62584	0.37416	1.777744
8400	-3994.027	-4253.785	259.7581	1.778293	0.5015679	0.6828	0.3172	1.823424
8406	-3982.947	-4243.003	260.0558	1.738467	0.4420059	0.691631	0.308369	1.715168
8412	-3991.536	-4251.215	259.6793	1.755631	0.6052797	0.614558	0.385442	1.782981
8418	-4011.119	-4270.788	259.6691	1.755631	0.5615994	0.639299	0.360701	1.834807
8424	-3986.537	-4246.422	259.8855	1.73957	0.4728146	0.665873	0.334127	1.795618
8430	-3986.915	-4246.442	259.5266	1.666089	0.5380035	0.665873	0.334127	2.016158
8436	-3986.791	-4246.131	259.3393	1.718674	0.6401084	0.615423	0.384577	2.005627
8442	-3982.515	-4242.132	259.6169	1.666558	0.4062201	0.695362	0.304638	2.106518
8448	-4007.976	-4267.049	259.0734	1.622632	0.6092027	0.695362	0.304638	2.270393
8454	-4026.182	-4285.992	259.8098	1.60905	0.3822641	0.670236	0.329764	2.048023
8460	-3999.987	-4260.406	260.4198	1.888253	0.3818873	0.764195	0.235805	1.421067
8466	-3994.486	-4254.635	260.1491	1.969771	0.5531029	0.700045	0.299955	1.335322
8472	-3997.353	-4257.359	260.0054	1.969771	0.5716494	0.659748	0.340252	1.425883
8478	-3993.251	-4253.527	260.2762	1.931817	0.5233953	0.659748	0.340252	1.301128
8484	-3988.137	-4248.746	260.6084	1.940816	0.3829096	0.707954	0.292046	1.225379
8490	-3985.211	-4245.539	260.3274	1.986697	0.514352	0.636327	0.363673	1.225379
8496	-3972.534	-4232.892	260.3578	1.986697	0.4614485	0.606445	0.393555	1.274207
8502	-3980.474	-4240.962	260.4878	2.03943	0.4532126	0.6011	0.3989	1.130066
8508	-3982.417	-4242.725	260.3081	2.011506	0.5675736	0.756621	0.243379	1.148597
8514	-3987.139	-4247.132	259.9936	1.858409	0.5663499	0.740042	0.259958	1.52508
8520	-3988.224	-4248.223	259.9985	1.858409	0.5495158	0.654823	0.345177	1.540582
8526	-3982.566	-4242.584	260.0176	1.913183	0.5801618	0.571323	0.428677	1.450133
8532	-3977.42	-4237.789	260.3694	1.914533	0.4565659	0.743377	0.256623	1.330343
8538	-3978.788	-4238.582	259.7942	1.914533	0.5042288	0.649448	0.350552	1.700033
8544	-3973.736	-4233.817	260.0802	1.879766	0.4923709	0.736019	0.263981	1.532287
8550	-3985.092	-4245.221	260.1285	1.860877	0.5297268	0.697469	0.302531	1.464516
8556	-3988.245	-4248.605	260.3603	1.993404	0.4125332	0.741197	0.258803	1.338769
8562	-3999.811	-4259.944	260.1333	1.84832	0.518271	0.606203	0.393797	1.484276
8568	-3990.567	-4250.789	260.2225	1.959316	0.4749008	0.741097	0.258903	1.385986
8574	-3971.993	-4232.113	260.1199	1.835704	0.4749008	0.737031	0.262969	1.557371
8580	-3977.938	-4237.713	259.7751	1.810908	0.4749008	0.648329	0.351671	1.820107
8586	-3982.648	-4242.644	259.9961	1.80627	0.4186407	0.752263	0.247737	1.739618
8592	-3994.401	-4254.191	259.7895	1.833074	0.4186407	0.737727	0.262273	1.864108
8598	-3986.165	-4245.735	259.57	1.581065	0.5264775	0.618181	0.381819	2.055858
8604	-3992.163	-4250.909	258.7465	1.446439	0.5401973	0.633723	0.366277	2.651287
8610	-3991.279	-4249.736	258.4574	1.446439	0.4615367	0.751843	0.248157	2.906839
8616	-3997.671	-4256.659	258.9877	1.606849	0.43897	0.822472	0.177528	2.50769
8622	-3994.7	-4254.645	259.9453	1.835311	0.4321641	0.780075	0.219925	1.737382
8628	-3999.535	-4259.838	260.3035	1.819894	0.3597543	0.704323	0.295677	1.592963
8634	-3992.798	-4252.914	260.1167	1.807084	0.4552003	0.694158	0.305842	1.605652
8640	-3975.204	-4235.352	260.1482	1.817943	0.4446385	0.709737	0.290263	1.588543
8646	-3974.402	-4234.74	260.3373	1.882327	0.4446385	0.709737	0.290263	1.397872
8652	-3983.765	-4244.07	260.3046	1.882327	0.4422886	0.727108	0.272892	1.426435
8658	-3988.448	-4248.732	260.2835	1.880407	0.4792288	0.727108	0.272892	1.394146
8664	-4003.403	-4262.689	259.2862	1.645828	0.5114999	0.759034	0.240966	2.21467
8670	-3996.044	-4255.35	259.3068	1.656758	0.4331652	0.677659	0.322341	2.281154
8676	-3998.587	-4257.866	259.2793	1.748411	0.5951882	0.670393	0.329607	2.068089
8682	-3999.206	-4258.486	259.2796	1.688585	0.5629071	0.599899	0.400101	2.138707
8688	-3995.153	-4254.665	259.5122	1.656828	0.5258132	0.708097	0.291903	2.044671
8694	-3988.585	-4248.163	259.5785	1.695326	0.4986137	0.733298	0.266702	2.004448
8700	-3988.644	-4248.167	259.5226	1.677269	0.602717	0.698139	0.301861	1.946087
8706	-3999.778	-4259.373	259.5945	1.677269	0.554589	0.569884	0.430116	1.946087
8712	-3980.902	-4240.268	259.3664	1.634175	0.6089273	0.706743	0.293257	2.072795
8718	-3987.11	-4247.177	260.0666	1.794763	0.4863577	0.706743	0.293257	1.611979
8724	-3975.782	-4235.933	260.1517	1.913767	0.4863577	0.730546	0.269454	1.460657
8730	-3998.949	-4259.004	260.0552	1.913767	0.4914861	0.797747	0.202253	1.526664
8736	-4006.482	-4266.181	259.6994	1.856403	0.5882115	0.678036	0.321964	1.715755
8742	-4010.39	-4270.228	259.8378	1.857331	0.5575648	0.761402	0.238598	1.649421
8748	-4003.439	-4263.602	260.1626	1.857331	0.5575648	0.761402	0.238598	1.407828
8754	-4000.64	-4261.103	260.463	1.885437	0.4106519	0.784227	0.215773	1.345769
8760	-3989.779	-4249.904	260.1246	2.091021	0.5506034	0.784227	0.215773	1.259807
8766	-3983.255	-4243.395	260.1409	1.934089	0.5689598	0.703205	0.296795	1.351069
8772	-4010.764	-4270.928	260.1637	1.790981	0.4398716	0.609061	0.390939	1.603108
8778	-3997.156	-4256.477	259.3201	1.817047	0.6339457	0.707807	0.292193	1.958379
8784	-4005.422	-4265.286	259.8637	1.806931	0.5912538	0.707807	0.292193	1.63065
8790	-3990.775	-4250.566	259.7902	1.806931	0.5454076	0.767966	0.232034	1.732283
8796	-3989.295	-4249.052	259.7572	1.725826	0.4297948	0.604891	0.395109	1.94468
8802	-3982.89	-4242.288	259.3976	1.678653	0.561999	0.705362	0.294638	2.068717
8808	-3994.895	-4254.879	259.9838	1.764438	0.3894525	0.630305	0.369695	1.816149
8814	-3996.046	-4255.861	259.8154	1.764438	0.4263568	0.691929	0.308071	1.883444
8820	-3994.193	-4254.392	260.1999	1.879521	0.4422704	0.673135	0.326865	1.508028
8826	-4004.723	-4264.765	260.0411	1.827601	0.5063971	0.674236	0.325764	1.58244
8832	-3998.683	-4258.93	260.2475	1.955589	0.4802499	0.674236	0.325764	1.362084
8838	-3990.634	-4250.688	260.0545	1.955589	0.531565	0.708828	0.291172	1.44655
8844	-3991.058	-4251.176	260.1181	1.947939	0.5454667	0.6543	0.3457	1.386458
8850	-3990.929	-4251.171	260.2425	2.001417	0.4556531	0.6543	0.3457	1.36348
8856	-3979.459	-4239.694	260.2351	1.974343	0.4873445	0.679624	0.320376	1.347538
8862	-3994.062	-4254.311	260.2489	1.973072	0.4970329	0.727038	0.272962	1.324548
8868	-3996.056	-4256.151	260.0949	1.918998	0.4475773	0.715168	0.284832	1.549627
8874	-3987.412	-4247.581	260.1691	1.941158	0.5386364	0.675619	0.324381	1.360076
8880	-3980.705	-4240.99	260.2849	2.049093	0.5123227	0.720528	0.279472	1.211326
8886	-3981.32	-4241.462	260.1429	2.049093	0.5413553	0.665861	0.334139	1.291003
8892	-3977.397	-4237.686	260.2888	2.049093	0.4616712	0.672925	0.327075	1.279315
8898	-3975.047	-4235.285	260.2383	2.02695	0.502203	0.672925	0.327075	1.282517
8904	-3977.526	-4237.803	260.2774	2.132676	0.5153839	0.672925	0.327075	1.140812
8910	-3986.227	-4246.601	260.374	2.066218	0.5047142	0.672925	0.327075	1.129374
8916	-3994.562	-4254.849	260.2871	2.05198	0.5151069	0.686112	0.313888	1.203101
8922	-4000.363	-4260.525	260.1621	1.996232	0.4846418	0.686112	0.313888	1.391392
8928	-3999.629	-4260.03	260.4012	1.996232	0.4880047	0.692975	0.307025	1.191361
8934	-3998.195	-4258.334	260.1386	1.982973	0.5675823	0.72198	0.27802	1.31542
8940	-3994.781	-4254.883	260.1023	2.044886	0.5684645	0.76354	0.23646	1.293629
8946	-3992.709	-4253.018	260.3092	1.985125	0.5283833	0.644902	0.355098	1.223039
8952	-3991.254	-4251.575	260.3212	1.985125	0.4601341	0.74082	0.25918	1.307267
8958	-3996.155	-4256.364	260.2096	2.04631	0.6487692	0.74082	0.25918	1.100658
8964	-3996.762	-4257.064	260.302	2.183742	0.5828195	0.720034	0.279966	0.9692413
8970	-3991.735	-4252.248	260.5123	2.183742	0.4360516	0.636875	0.363125	0.9998691
8976	-4001.95	-4262.367	260.4168	2.200158	0.5239507	0.62375	0.37625	0.9262916
8982	-3993.301	-4253.737	260.4359	2.218666	0.4837829	0.650154	0.349846	0.9566423
8988	-3999.274	-4259.87	260.5959	2.191338	0.3689136	0.758034	0.241966	1.036971
8994	-3987.703	-4247.915	260.212	2.187464	0.5661278	0.654726	0.345274	1.078155
9000	-3987.736	-4248.172	260.4366	2.116942	0.4844349	0.671309	0.328691	1.056023
9006	-3992.273	-4252.748	260.4756	2.178831	0.4844349	0.624813	0.375187	0.9556527
9012	-3982.765	-4242.923	260.1577	2.22911	0.6298452	0.64894	0.35106	1.000713
9018	-3984.134	-4244.516	260.3821	2.22911	0.5007801	0.703822	0.296178	0.9722006
9024	-3997.354	-4257.556	260.2028	2.013186	0.44702	0.668928	0.331072	1.397377
9030	-3993.478	-4253.84	260.3622	2.181828	0.4925407	0.682925	0.317075	1.052155
9036	-3994.544	-4254.799	260.255	2.258936	0.6106062	0.747852	0.252148	0.8950781
9042	-3995.319	-4255.773	260.4536	2.232175	0.440646	0.672034	0.327966	1.001834
9048	-3992.908	-4253.336	260.4282	2.269082	0.4990895	0.701913	0.298087	0.8816976
9054	-3999.577	-4260.009	260.4324	2.264367	0.4726925	0.702185	0.297815	0.931926
9060	-3995.295	-4255.676	260.381	2.217061	0.5558988	0.632238	0.367762	0.8916953
9066	-3993.079	-4253.468	260.3892	2.26574	0.5290885	0.656656	0.343344	0.8743826
9072	-3986.791	-4246.775	259.9841	2.218086	0.7432532	0.701736	0.298264	1.034926
9078	-3976.316	-4236.758	260.4417	2.229142	0.4925473	0.701736	0.298264	0.9236069
9084	-3993.82	-4254.351	260.5313	2.132629	0.4496795	0.672378	0.327622	1.007457
9090	-3987.411	-4247.763	260.3521	2.13488	0.5071992	0.617798	0.382202	1.083013
9096	-3996.122	-4256.479	260.3569	2.13488	0.5042668	0.615029	0.384971	1.083013
9102	-3992.485	-4252.733	260.2483	2.198444	0.5944238	0.60822	0.39178	0.9916002
9108	-3983.853	-4244.293	260.4405	2.233841	0.511093	0.726186	0.273814	0.8854295
9114	-3982.281	-4242.744	260.4628	2.209425	0.5037089	0.688649	0.311351	0.901543
9120	-3981.932	-4242.403	260.4708	2.20277	0.5176637	0.674176	0.325824	0.873949
9126	-3974.233	-4234.528	260.2948	2.20277	0.5881176	0.635511	0.364489	0.9487103
9132	-3973.165	-4233.423	260.2583	2.211662	0.5881176	0.731836	0.268164	0.9773609
9138	-3971.441	-4231.77	260.3285	2.241837	0.5881176	0.731836	0.268164	0.8676129
9144	-3981.745	-4242.075	260.3299	2.241245	0.5466178	0.716457	0.283543	0.9372413
9150	-3970.084	-4230.48	260.3962	2.241245	0.5466178	0.62549	0.37451	0.8625464
9156	-3976.737	-4237.031	260.2941	2.180971	0.5080531	0.759548	0.240452	1.092731
9162	-3984.117	-4244.43	260.3127	2.007221	0.5080531	0.791744	0.208256	1.229075
9168	-3985.977	-4246.489	260.5119	1.988358	0.4548933	0.728057	0.271943	1.151431
9174	-3972.699	-4233.067	260.3684	2.022575	0.4747218	0.622304	0.377696	1.216237
9180	-3978.108	-4238.484	260.3764	2.022575	0.4502076	0.641764	0.358236	1.245479
9186	-3987.973	-4248.266	260.2933	2.022575	0.4788794	0.70535	0.29465	1.273071
9192	-3993.604	-4253.844	260.24	2.022575	0.5845129	0.721753	0.278247	1.176416
9198	-3990.026	-4250.289	260.263	2.022575	0.5671234	0.695417	0.304583	1.17906
9204	-3989.934	-4250.172	260.2376	2.098828	0.5436162	0.743485	0.256515	1.166199
9210	-3997.926	-4258.303	260.377	2.039965	0.5297293	0.656984	0.343016	1.113928
9216	-3991.758	-4251.975	260.2163	2.138212	0.5297293	0.656137	0.343863	1.169498
9222	-3987.705	-4248.04	260.3353	2.034416	0.5297293	0.574826	0.425174	1.156121
9228	-3979.338	-4239.7	260.3619	2.034416	0.5180575	0.715876	0.284124	1.149161
9234	-3978.914	-4239.259	260.3449	2.026121	0.4663644	0.780991	0.219009	1.24512
9240	-3987.674	-4247.855	260.1814	1.995727	0.5181579	0.746751	0.253249	1.332834
9246	-3998.471	-4258.558	260.0872	2.005898	0.5720706	0.700403	0.299597	1.332834
9252	-3986.055	-4246.206	260.1512	1.99038	0.5405165	0.675718	0.324282	1.332834
9258	-3984.24	-4244.398	260.1581	2.019277	0.5971059	0.693976	0.306024	1.233385
9264	-3984.596	-4244.837	260.2411	2.050193	0.5323778	0.612428	0.387572	1.220231
9270	-3993.615	-4253.838	260.2233	2.050193	0.5323778	0.549577	0.450423	1.235258
9276	-3981.047	-4241.409	260.3622	2.065998	0.4632834	0.643172	0.356828	1.20136
9282	-3975.882	-4236.216	260.3345	2.130579	0.4813219	0.756748	0.243252	1.142108
9288	-3977.008	-4237.182	260.1741	2.122977	0.5123884	0.719857	0.280143	1.242365
9294	-3982.257	-4242.438	260.1812	2.053965	0.5953297	0.684404	0.315596	1.186409
9300	-3986.418	-4246.679	260.2612	2.097355	0.5609537	0.625338	0.374662	1.122856
9306	-3990.557	-4250.851	260.2942	2.052591	0.5687036	0.541573	0.458427	1.122856
9312	-3979.954	-4240.224	260.2698	1.967673	0.5274332	0.521182	0.478818	1.271788
9318	-3991.985	-4252.079	260.0939	1.95645	0.5274332	0.832314	0.167686	1.420703
9324	-3996.361	-4256.861	260.5	1.89077	0.3793489	0.652422	0.347578	1.360415
9330	-3976.103	-4236.262	260.1593	1.909064	0.4852356	0.665753	0.334247	1.459878
9336	-3992.236	-4252.436	260.1994	1.78518	0.4518105	0.605993	0.394007	1.565696
9342	-3999.569	-4259.145	259.5755	1.798424	0.7262863	0.612058	0.387942	1.711129
9348	-3995.302	-4255	259.6982	1.798424	0.7262863	0.679236	0.320764	1.6235
9354	-3988.859	-4248.946	260.0873	1.787779	0.4593665	0.609545	0.390455	1.635624
9360	-3996.579	-4256.094	259.5153	1.765205	0.6399172	0.719546	0.280454	1.855603
9366	-3996.913	-4256.705	259.7924	1.657696	0.5072218	0.719546	0.280454	1.876163
9372	-3982.151	-4242.1	259.9488	1.874114	0.5544099	0.671611	0.328389	1.560123
9378	-3975.001	-4234.9	259.8992	1.860804	0.5173791	0.660026	0.339974	1.648214
9384	-3980.26	-4240.143	259.8838	1.82019	0.5342206	0.687306	0.312694	1.669014
9390	-3997.937	-4257.827	259.8902	1.787169	0.5565885	0.575472	0.424528	1.663171
9396	-3986.342	-4246.268	259.9259	1.782407	0.4321065	0.700001	0.299999	1.787892
9402	-3989.587	-4249.642	260.0547	1.758924	0.5191232	0.720219	0.279781	1.607445
9408	-3993.959	-4253.676	259.717	1.760971	0.4628576	0.553979	0.446021	1.908141
9414	-3991.851	-4251.613	259.7618	1.658441	0.5088965	0.597814	0.402186	1.894602
9420	-3979.06	-4239.123	260.0628	1.782859	0.5269016	0.678649	0.321351	1.575018
9426	-3978.239	-4238.161	259.9221	1.782859	0.4494396	0.676711	0.323289	1.768453
9432	-3974.956	-4234.802	259.8456	1.708883	0.4628872	0.684048	0.315952	1.856026
9438	-3965.077	-4224.81	259.7335	1.708883	0.4277978	0.729842	0.270158	1.974412
9444	-3979.637	-4239.149	259.5125	1.70951	0.5104754	0.729842	0.270158	2.025972
9450	-3998.072	-4258	259.9281	1.838072	0.4601552	0.603959	0.396041	1.712287
9456	-3995.815	-4255.83	260.0151	1.838072	0.5216224	0.691743	0.308257	1.575674
9462	-3985.111	-4245.164	260.0533	1.831339	0.5299328	0.675496	0.324504	1.542809
9468	-3999.367	-4259.313	259.9453	1.819899	0.5299328	0.603361	0.396639	1.629993
9474	-3993.675	-4253.706	260.031	1.836331	0.4501151	0.603361	0.396639	1.65291
9480	-4002.672	-4262.706	260.034	1.833549	0.520991	0.697729	0.302271	1.5659
9486	-3995.64	-4255.853	260.2131	1.915259	0.5135477	0.697729	0.302271	1.377391
9492	-3998.181	-4258.439	260.258	1.976484	0.4942518	0.705766	0.294234	1.31823
9498	-3994.735	-4255.027	260.2921	1.976484	0.5304408	0.568719	0.431281	1.241941
9504	-3991.477	-4251.902	260.4247	2.087498	0.5019221	0.809895	0.190105	1.067555
9510	-3989.74	-4250.096	260.3556	1.980388	0.5255684	0.581538	0.418462	1.191334
9516	-3984.11	-4244.604	260.4939	1.997746	0.4694677	0.673622	0.326378	1.136471
9522	-3998.052	-4258.445	260.3924	1.997366	0.4365847	0.598275	0.401725	1.273434
9528	-3994.839	-4255.01	260.1715	1.997366	0.5690585	0.687987	0.312013	1.275118
9534	-4021.48	-4281.731	260.2515	1.996744	0.4485533	0.676524	0.323476	1.369947
9540	-4008.929	-4269.048	260.1195	1.936603	0.4626221	0.717977	0.282023	1.498436
9546	-3986.429	-4246.146	259.7167	1.888289	0.5925589	0.712927	0.287073	1.676324
9552	-3986.003	-4246.032	260.029	1.888289	0.4052152	0.666203	0.333797	1.676324
9558	-3992.492	-4252.378	259.8864	1.850424	0.5074178	0.73854	0.26146	1.676324
9564	-3996.197	-4256.375	260.1778	1.99418	0.5692045	0.724863	0.275137	1.272363
9570	-3988.468	-4249.076	260.6079	2.114813	0.4338177	0.81452	0.18548	0.9769376
9576	-3989.207	-4249.741	260.5343	2.205303	0.4178966	0.63408	0.36592	0.9897206
9582	-3979.036	-4239.365	260.3288	2.205303	0.5495112	0.721693	0.278307	0.9713984
9588	-3986.033	-4246.684	260.6508	2.219599	0.383601	0.708448	0.291552	0.921776
9594	-3979.383	-4239.955	260.5724	2.167449	0.4221508	0.742825	0.257175	0.9813867
9600	-3973.274	-4233.524	260.2496	1.95934	0.5454335	0.669362	0.330638	1.271875
9606	-3968.24	-4228.46	260.2205	1.899296	0.5454335	0.680811	0.319189	1.344048
9612	-3979.248	-4239.504	260.2565	1.795794	0.4399964	0.754061	0.245939	1.531272
9618	-3998.169	-4258.244	260.0745	1.813629	0.5251714	0.651842	0.348158	1.545776
9624	-3985.941	-4246.145	260.2042	1.886841	0.4279351	0.701663	0.298337	1.518786
9630	-3983.384	-4243.485	260.1011	1.886841	0.6025503	0.732929	0.267071	1.380488
9636	-3978.162	-4238.401	260.2393	1.943877	0.5414898	0.709214	0.290786	1.298078
9642	-3992.674	-4253.006	260.3322	2.126358	0.5004185	0.639827	0.360173	1.11928
9648	-4000.271	-4260.682	260.4113	2.15062	0.4600642	0.637484	0.362516	1.087491
9654	-4004.61	-4264.794	260.1836	1.892342	0.4991105	0.693955	0.306045	1.436391
9660	-3998.753	-4259.125	260.372	1.946314	0.5219921	0.771235	0.228765	1.211333
9666	-4002.942	-4263.191	260.2493	2.121595	0.4899291	0.635836	0.364164	1.211333
9672	-3994.198	-4254.139	259.9415	1.841886	0.5859526	0.690426	0.309574	1.554217
9678	-3992.004	-4252.04	260.0362	1.855348	0.5395702	0.662046	0.337954	1.52636
9684	-3976.641	-4236.763	260.1224	1.98905	0.5529191	0.756476	0.243524	1.341518
9690	-3966.359	-4226.624	260.2644	1.935528	0.5423603	0.7021	0.2979	1.283265
9696	-3977.16	-4237.228	260.0677	2.013843	0.6392039	0.685837	0.314163	1.263405
9702	-3986.133	-4246.329	260.1966	2.05769	0.6177085	0.733248	0.266752	1.141332
9708	-3987.242	-4247.582	260.3397	2.048244	0.5424173	0.648106	0.351894	1.122072
9714	-3994.622	-4254.913	260.2907	2.096874	0.542676	0.648106	0.351894	1.122072
9720	-3993.266	-4253.52	260.2532	2.016177	0.5931436	0.74726	0.25274	1.159365
9726	-3988.959	-4249.119	260.1601	1.94391	0.5888024	0.759975	0.240025	1.304051
9732	-3984.953	-4245.396	260.4435	1.941984	0.4674861	0.723284	0.276716	1.231387
9738	-3977.637	-4237.597	259.9599	1.91683	0.5041679	0.763521	0.236479	1.579214
9744	-3983.152	-4243.078	259.9261	1.860056	0.5073735	0.683576	0.316424	1.641079
9750	-3979.191	-4239.66	260.4688	1.915516	0.4503935	0.666831	0.333169	1.257475
9756	-3996.535	-4256.774	260.2391	1.945123	0.5286321	0.726812	0.273188	1.313615
9762	-3991.282	-4251.491	260.2089	1.954414	0.5418801	0.5895	0.4105	1.313615
9768	-3986.814	-4246.757	259.9431	1.938863	0.6284206	0.731428	0.268572	1.434065
9774	-3994.865	-4255.318	260.4533	1.900983	0.4127256	0.730007	0.269993	1.338001
9780	-3988.69	-4248.889	260.1995	1.980589	0.597469	0.720497	0.279503	1.230665
9786	-3977.337	-4237.555	260.2176	1.980589	0.4871934	0.715608	0.284392	1.356624
9792	-4004.395	-4264.421	260.0256	2.049606	0.641317	0.688933	0.311067	1.266215
9798	-3992.521	-4252.817	260.2957	2.119358	0.5661333	0.694222	0.305778	1.063497
9804	-3986.801	-4247.195	260.3935	2.048921	0.5066723	0.637771	0.362229	1.124508
9810	-3989.024	-4249.432	260.4084	1.986627	0.540667	0.626569	0.373431	1.11814
9816	-3986.61	-4246.85	260.2407	1.986627	0.5209196	0.722415	0.277585	1.288644
9822	-3994.265	-4254.535	260.2695	1.993222	0.5515849	0.709495	0.290505	1.219006
9828	-3991.941	-4252.239	260.2981	1.985617	0.5338412	0.692379	0.307621	1.224707
9834	-3984.868	-4245.147	260.2788	2.091023	0.4630656	0.692379	0.307621	1.250951
9840	-3990.638	-4250.962	260.3245	2.139403	0.5115249	0.726438	0.273562	1.09784
9846	-4002.522	-4262.901	260.3794	2.089733	0.5742416	0.571672	0.428328	0.9991032
9852	-3992.673	-4252.846	260.1731	2.089733	0.5963752	0.814218	0.185782	1.160905
9858	-3979.625	-4239.903	260.2776	2.104077	0.580667	0.700819	0.299181	1.074366
9864	-3988.881	-4249.177	260.296	2.043099	0.5001007	0.620221	0.379779	1.224001
9870	-3986.358	-4246.728	260.3698	2.025056	0.5177398	0.64512	0.35488	1.150863
9876	-4008.13	-4268.02	259.8903	2.085305	0.717827	0.672268	0.327732	1.264381
9882	-3997.737	-4257.714	259.9774	2.04821	0.6794695	0.672625	0.327375	1.264381
9888	-3999.884	-4260.163	260.2796	1.994182	0.5731155	0.77373	0.22627	1.181432
9894	-3981.807	-4242.156	260.3489	1.994182	0.502386	0.695033	0.304967	1.217399
9900	-3977.457	-4237.628	260.1711	1.991961	0.6376107	0.764633	0.235367	1.196508
9906	-3986.207	-4246.448	260.2411	2.09797	0.5328749	0.633352	0.366648	1.178561
9912	-3975.723	-4236.054	260.331	2.026584	0.5597381	0.678495	0.321505	1.125379
9918	-3978.385	-4238.558	260.1728	2.026584	0.5887999	0.676258	0.323742	1.22515
9924	-3983.154	-4243.394	260.2399	1.953183	0.5757181	0.630382	0.369618	1.24672
9930	-3992.386	-4252.611	260.2247	2.00008	0.5548339	0.660421	0.339579	1.24672
9936	-3982.82	-4243.269	260.4487	2.14818	0.4651881	0.670474	0.329526	1.046233
9942	-4009.854	-4270.246	260.3926	2.150138	0.586377	0.701841	0.298159	0.9023327
9948	-3998.009	-4258.547	260.5373	2.192872	0.4367889	0.701841	0.298159	0.9637101
9954	-3998.416	-4258.74	260.3239	2.114353	0.5735639	0.676962	0.323038	1.030516
9960	-3989.824	-4250.099	260.2757	2.028928	0.5490943	0.676962	0.323038	1.18647
9966	-3996.516	-4256.947	260.4316	2.037883	0.4690391	0.694185	0.305815	1.156843
9972	-3980.429	-4240.604	260.1745	2.141902	0.6444056	0.638151	0.361849	1.049658
9978	-3991.894	-4252.277	260.3829	2.139207	0.5737683	0.672664	0.327336	0.9452956
9984	-3981.375	-4241.766	260.3906	2.139207	0.5670404	0.681046	0.318954	0.9479232
9990	-3979.926	-4240.245	260.3192	2.193932	0.5670404	0.681046	0.318954	0.9653859
9996	-3983.814	-4244.057	260.2435	2.162637	0.6408722	0.669776	0.330224	0.9653859
10002	-3997.751	-4258.162	260.4114	2.160536	0.5045534	0.7197	0.2803	1.005617
10008	-3991.489	-4251.548	260.059	2.160536	0.6282177	0.699207	0.300793	1.158865
10014	-4003.765	-4263.994	260.2285	2.12123	0.6300144	0.710559	0.289441	1.036909
10020	-3993.956	-4254.246	260.2895	2.152589	0.5923232	0.717864	0.282136	0.9993292
10026	-4004.365	-4264.859	260.494	2.152589	0.5238258	0.632384	0.367616	0.8937117
10032	-4009.779	-4270.131	260.3523	2.083419	0.4564607	0.790918	0.209082	1.205119
10038	-4001.547	-4261.935	260.3879	1.946758	0.4431056	0.774968	0.225032	1.308755
10044	-3986.611	-4246.999	260.3885	1.98936	0.4296574	0.643727	0.356273	1.293512
10050	-3981.133	-4241.354	260.2209	1.9894	0.5367017	0.643727	0.356273	1.282041
10056	-3984.349	-4244.719	260.3696	2.012166	0.4141344	0.684891	0.315109	1.313768
10062	-3993.277	-4253.78	260.5038	2.087231	0.3624446	0.660953	0.339047	1.225057
10068	-3975.1	-4235.286	260.1853	1.841197	0.5893545	0.665863	0.334137	1.365352
10074	-3985.48	-4245.485	260.0048	1.805895	0.5036711	0.624157	0.375843	1.627761
10080	-3983.272	-4243.422	260.1496	1.780557	0.5056234	0.776779	0.223221	1.538118
10086	-3995.854	-4256.035	260.181	1.891612	0.477391	0.742351	0.257649	1.466775
10092	-3988.111	-4248.515	260.4047	1.923845	0.477391	0.580491	0.419509	1.264635
10098	-3991.443	-4251.632	260.1883	1.791697	0.5012458	0.640108	0.359892	1.506345
10104	-3992.789	-4252.177	259.3878	1.806792	0.6854403	0.709806	0.290194	1.87219
10110	-4000.176	-4259.936	259.7602	1.853707	0.6790315	0.686864	0.313136	1.582809
10116	-3994.127	-4253.876	259.7487	1.780488	0.5393224	0.694256	0.305744	1.786386
10122	-3988.488	-4248.52	260.032	1.833525	0.4635063	0.759572	0.240428	1.637233
10128	-3997.656	-4257.692	260.036	1.833525	0.4767335	0.802101	0.197899	1.617915
10134	-3989.373	-4248.848	259.4747	1.842599	0.5596855	0.616164	0.383836	1.91005
10140	-3977.446	-4237.65	260.2047	1.945573	0.5489238	0.692582	0.307418	1.315352
10146	-3996.035	-4255.875	259.8401	1.945573	0.5740288	0.726266	0.273734	1.565576
10152	-3981.895	-4241.596	259.7011	1.821755	0.5756017	0.745807	0.254193	1.752073
10158	-3973.408	-4233.531	260.1225	1.827609	0.4113755	0.625807	0.374193	1.644435
10164	-3978.307	-4238.387	260.0793	1.826138	0.5519268	0.746976	0.253024	1.501679
10170	-3979.114	-4239.12	260.0056	1.821204	0.5345357	0.675435	0.324565	1.579962
10176	-3968.815	-4228.821	260.0055	1.821204	0.5140982	0.719264	0.280736	1.603853
10182	-3995.927	-4255.868	259.9404	1.847242	0.5385854	0.697516	0.302484	1.603853
10188	-4003.886	-4263.559	259.673	1.767623	0.6927657	0.687087	0.312913	1.694471
10194	-3998.728	-4258.997	260.2691	2.122658	0.4947633	0.807895	0.192105	1.186566
10200	-3992.544	-4252.622	260.0772	2.053484	0.6807231	0.677728	0.322272	1.173882
10206	-3987.508	-4247.972	260.4638	2.031713	0.4377608	0.682926	0.317074	1.182393
10212	-3994.231	-4254.323	260.092	2.031713	0.6795152	0.682926	0.317074	1.181339
10218	-3999.992	-4260.369	260.3768	2.083389	0.5165218	0.587225	0.412775	1.093717
10224	-4004.952	-4265.363	260.4111	1.997318	0.4750213	0.528213	0.471787	1.200859
10230	-4000.312	-4260.708	260.3959	2.009952	0.4750213	0.528213	0.471787	1.203076
10236	-3998.603	-4258.971	260.3678	2.087064	0.4748397	0.54274	0.45726	1.160923
10242	-3980.551	-4240.873	260.3217	2.035901	0.5586828	0.727466	0.272534	1.126822
10248	-4002.892	-4263.302	260.4102	2.068448	0.5147302	0.660894	0.339106	1.079373
10254	-4009.597	-4270.068	260.4708	2.123619	0.446633	0.67439	0.32561	1.079373
10260	-3994.473	-4254.933	260.4607	2.200633	0.5035741	0.664682	0.335318	0.9138872
10266	-4006.023	-4266.474	260.4501	2.254244	0.5035741	0.731138	0.268862	0.8648164
10272	-4007.98	-4268.551	260.5709	2.254244	0.4330283	0.672537	0.327463	0.8664359
10278	-4013.262	-4273.953	260.6913	2.21245	0.4330283	0.753318	0.246682	0.7646269
10284	-4004.897	-4265.261	260.3632	2.263222	0.53446	0.673808	0.326192	0.8974118
10290	-3989.974	-4250.446	260.4717	2.149153	0.46527	0.728797	0.271203	1.022822
10296	-4001.147	-4261.338	260.191	2.127933	0.6218767	0.712062	0.287938	1.077066
10302	-4006.751	-4267.032	260.2808	2.061178	0.5332494	0.705124	0.294876	1.175582
10308	-3992.421	-4252.654	260.2322	2.061178	0.5480542	0.741894	0.258106	1.197527
10314	-3996.247	-4256.699	260.4524	2.144738	0.4666868	0.803772	0.196228	1.043482
10320	-3987.151	-4247.437	260.2853	2.179694	0.5472978	0.665721	0.334279	1.043482
10326	-3994.437	-4254.836	260.3994	2.190546	0.5472978	0.698408	0.301592	0.9156267
10332	-3993.696	-4254.1	260.4045	2.170017	0.5472978	0.646299	0.353701	0.9324566
10338	-4005.781	-4266.12	260.3388	2.142692	0.6298444	0.661388	0.338612	0.900781
10344	-3992.573	-4252.881	260.3077	2.036121	0.5252614	0.640512	0.359488	1.184945
10350	-4000.321	-4260.916	260.595	1.949444	0.3743045	0.650234	0.349766	1.24393
10356	-3990.977	-4251.252	260.2755	1.905137	0.4611683	0.759511	0.240489	1.405367
10362	-3993.303	-4253.569	260.2666	1.905137	0.4287023	0.643316	0.356684	1.456966
10368	-3993.436	-4253.687	260.251	1.852693	0.4339907	0.669583	0.330417	1.50107
10374	-4014.323	-4274.34	260.0162	1.83559	0.4779463	0.620022	0.379978	1.629195
10380	-4001.933	-4261.893	259.9602	1.982081	0.6607112	0.633863	0.366137	1.352231
10386	-4001.431	-4261.758	260.3271	1.982081	0.4424723	0.581148	0.418852	1.330207
10392	-3992.134	-4252.475	260.3406	1.938803	0.4775076	0.613565	0.386435	1.304736
10398	-3998.061	-4258.08	260.0185	1.878562	0.5099733	0.730005	0.269995	1.557285
10404	-4002.363	-4262.306	259.943	1.815365	0.5946923	0.577869	0.422131	1.563166
10410	-3985.87	-4245.964	260.094	1.885653	0.5317172	0.66031	0.33969	1.469515
10416	-3995.213	-4255.025	259.8112	1.903037	0.6364283	0.66031	0.33969	1.551735
10422	-3998.419	-4258.369	259.9497	1.97624	0.7089835	0.645809	0.354191	1.314184
10428	-3992.983	-4253.174	260.1905	1.992644	0.6123759	0.572431	0.427569	1.209845
10434	-3982.095	-4242.281	260.1866	1.992644	0.5475023	0.710953	0.289047	1.29361
10440	-3983.47	-4243.718	260.2487	1.997204	0.532608	0.647222	0.352778	1.25799
10446	-3996.597	-4256.497	259.9002	1.938335	0.6723486	0.730279	0.269721	1.421065
10452	-3985.352	-4245.685	260.3327	2.111885	0.4945078	0.730279	0.269721	1.140549
10458	-3991.722	-4251.997	260.2742	2.133395	0.5454311	0.736361	0.263639	1.099942
10464	-3983.378	-4243.533	260.1554	2.151577	0.5979649	0.675923	0.324077	1.119581
10470	-3982.594	-4242.814	260.2198	2.124126	0.5729813	0.591088	0.408912	1.119581
10476	-3976.224	-4236.46	260.2363	2.062458	0.578509	0.679075	0.320925	1.152515
10482	-3983.767	-4244.113	260.3466	1.951393	0.4520181	0.676298	0.323702	1.325547
10488	-3990.466	-4250.283	259.8169	1.966693	0.6124831	0.664379	0.335621	1.525419
10494	-3972.478	-4232.329	259.8513	1.775381	0.5258714	0.693297	0.306703	1.733139
10500	-3987.116	-4246.419	259.3022	1.775381	0.7330354	0.541769	0.458231	1.910044
10506	-3987.87	-4247.483	259.6133	1.775381	0.7330354	0.638949	0.361051	1.694658
10512	-3982.294	-4242.041	259.7466	1.775381	0.6118109	0.684843	0.315157	1.71545
10518	-3984.004	-4243.735	259.7309	1.779338	0.6118109	0.575357	0.424643	1.723724
10524	-3982.577	-4242.515	259.9378	1.911303	0.509907	0.62286	0.37714	1.592554
10530	-3978.335	-4238.425	260.0902	1.999212	0.534159	0.689438	0.310562	1.382042
10536	-3977.46	-4237.758	260.2972	1.95658	0.4967576	0.709363	0.290637	1.299202
10542	-3990.69	-4250.72	260.03	1.95658	0.6306507	0.667681	0.332319	1.349999
10548	-3991.709	-4251.583	259.8736	2.032389	0.6184036	0.59544	0.40456	1.426482
10554	-3998.823	-4258.749	259.9265	1.900363	0.4729057	0.59544	0.40456	1.653386
10560	-3974.994	-4234.996	260.0016	1.841716	0.4633726	0.632624	0.367376	1.653386
10566	-3985.43	-4245.207	259.7767	1.825125	0.550002	0.689967	0.310033	1.723995
10572	-3992.132	-4252.042	259.9099	1.899842	0.5461117	0.704311	0.295689	1.579148
10578	-3996.123	-4256.103	259.98	1.893431	0.5843898	0.704311	0.295689	1.488864
10584	-4013.301	-4273.266	259.9654	1.893431	0.5843898	0.659933	0.340067	1.499828
10590	-3988.562	-4248.609	260.0472	1.955405	0.4929036	0.674786	0.325214	1.499828
10596	-3992.499	-4252.517	260.0183	1.955405	0.5104287	0.62301	0.37699	1.499828
10602	-3985.395	-4245.481	260.086	1.961644	0.5694117	0.558035	0.441965	1.372108
10608	-3989.19	-4248.797	259.6072	1.883625	0.6476505	0.66437	0.33563	1.701889
10614	-4004.74	-4264.861	260.1202	2.000729	0.517948	0.616212	0.383788	1.377577
10620	-3986.535	-4246.583	260.0485	2.021913	0.6119764	0.658611	0.341389	1.303925
10626	-3984.828	-4245.136	260.3076	2.044383	0.5258519	0.674411	0.325589	1.177074
10632	-3978.49	-4238.864	260.3743	1.993145	0.5258519	0.675126	0.324874	1.163586
10638	-3989.221	-4249.21	259.989	2.013056	0.6535533	0.64696	0.35304	1.312187
10644	-3984.963	-4245.298	260.3347	2.043513	0.5064588	0.703207	0.296793	1.181554
10650	-3988.572	-4248.771	260.1994	1.958123	0.530069	0.703207	0.296793	1.333203
10656	-3970.34	-4230.453	260.1135	1.962757	0.5426066	0.748968	0.251032	1.381927
10662	-3989.643	-4249.848	260.2054	1.962757	0.4990144	0.669965	0.330035	1.364794
10668	-3989.303	-4249.264	259.9612	1.854517	0.532664	0.669965	0.330035	1.590185
10674	-4000.023	-4259.938	259.9146	1.910811	0.5010421	0.669965	0.330035	1.620305
10680	-3990.882	-4250.841	259.959	1.881347	0.5107281	0.748221	0.251779	1.597919
10686	-3982.922	-4242.966	260.0438	1.937189	0.5883525	0.733189	0.266811	1.402169
10692	-3990.672	-4250.812	260.1392	1.937189	0.4878206	0.649905	0.350095	1.450464
10698	-3992.214	-4252.454	260.2396	1.981555	0.4615943	0.692366	0.307634	1.373127
10704	-3998.262	-4258.453	260.1911	2.011558	0.5886568	0.664966	0.335034	1.222531
10710	-3992.653	-4252.923	260.2699	2.000954	0.477643	0.723886	0.276114	1.311449
10716	-3985.317	-4245.643	260.3265	2.000954	0.4975881	0.650633	0.349367	1.237272
10722	-3987.735	-4248.08	260.3456	2.051374	0.5225966	0.752814	0.247186	1.142131
10728	-3986.574	-4246.757	260.1826	2.22559	0.6394221	0.673087	0.326913	0.9654418
10734	-3992.34	-4252.75	260.4096	2.22559	0.4902782	0.702421	0.297579	0.9654418
10740	-3987.184	-4247.751	260.567	2.14352	0.4208361	0.68601	0.31399	1.013254
10746	-3996.78	-4257.323	260.542	2.159509	0.3983847	0.491903	0.508097	1.063004
10752	-3997.465	-4257.852	260.3867	2.117446	0.5251519	0.706075	0.293925	1.039274
10758	-3991.427	-4251.89	260.463	2.128526	0.4795031	0.768495	0.231505	1.027571
10764	-3989.912	-4250.385	260.4734	2.193094	0.4223783	0.740783	0.259217	1.053144
10770	-3984.713	-4245.175	260.4617	2.119007	0.5048923	0.685862	0.314138	0.9963283
10776	-3977.8	-4238.163	260.3624	2.205646	0.5279006	0.685862	0.314138	0.9713735
10782	-3997.124	-4257.496	260.3724	2.059966	0.4808651	0.685229	0.314771	1.171596
10788	-4001.257	-4261.438	260.1812	2.163921	0.6052485	0.64701	0.35299	1.074781
10794	-3991.638	-4251.994	260.3559	2.107985	0.51829	0.71659	0.28341	1.087747
10800	-3989.638	-4250.09	260.4517	2.084674	0.5068644	0.71659	0.28341	1.036785
10806	-3987.196	-4247.401	260.2051	2.068561	0.5715728	0.715547	0.284453	1.183535
10812	-3985.753	-4246.094	260.3409	2.035699	0.50603	0.632645	0.367355	1.183535
10818	-3994.251	-4254.516	260.2649	2.049168	0.4863021	0.650468	0.349532	1.264149
10824	-4006.587	-4266.797	260.2098	2.070563	0.5670206	0.650468	0.349532	1.183702
10830	-3992.556	-4252.868	260.3114	2.179256	0.5401192	0.764739	0.235261	1.02947
10836	-3993.466	-4254.007	260.5406	2.216698	0.4554143	0.596206	0.403794	0.898393
10842	-3988.017	-4248.333	260.3168	2.276157	0.5287877	0.744223	0.255777	0.9438122
10848	-3977.065	-4237.308	260.2429	2.276157	0.5802779	0.699328	0.300672	0.9381809
10854	-3972.744	-4233.301	260.5565	2.197959	0.4610064	0.728202	0.271798	0.8904162
10860	-3987.557	-4247.999	260.4423	2.197959	0.4785075	0.729955	0.270045	0.9807207
10866	-3989.99	-4250.524	260.5333	2.188712	0.4329956	0.764739	0.235261	0.9792193
10872	-3979.937	-4240.473	260.5363	2.188712	0.3923931	0.759375	0.240625	1.05183
10878	-3980.176	-4240.432	260.2556	1.998157	0.5277096	0.59405	0.40595	1.257907
10884	-3989.778	-4250.156	260.3783	1.998157	0.5277096	0.73531	0.26469	1.15301
10890	-3991.881	-4252.259	260.3772	2.001225	0.4294507	0.738817	0.261183	1.293411
10896	-3987.547	-4247.646	260.0991	2.081825	0.6587878	0.719812	0.280188	1.155712
10902	-3987.348	-4247.662	260.3144	2.074781	0.5554103	0.667236	0.332764	1.102702
10908	-3997.639	-4257.955	260.3159	2.028235	0.5471303	0.683293	0.316707	1.154638
10914	-3993.017	-4253.209	260.1915	2.028235	0.5759853	0.702695	0.297305	1.223998
10920	-3992.418	-4252.563	260.1449	2.028235	0.5794216	0.528682	0.471318	1.258735
10926	-3998.221	-4258.525	260.3047	1.989463	0.5021905	0.513732	0.486268	1.258735
10932	-3980.984	-4241.286	260.3021	1.996446	0.4995318	0.742033	0.257967	1.258735
10938	-4008.356	-4268.567	260.2102	1.981408	0.5600715	0.888651	0.111349	1.267616
10944	-3991.301	-4251.694	260.3934	1.988458	0.456824	0.772916	0.227084	1.250046
10950	-3998.988	-4259.177	260.1889	1.932087	0.5809676	0.594411	0.405589	1.299641
10956	-3997.266	-4257.523	260.2574	2.014447	0.5023081	0.608347	0.391653	1.276947
10962	-3991.691	-4251.881	260.1897	2.122711	0.6331786	0.727441	0.272559	1.068216
10968	-3979.046	-4239.376	260.3306	2.119685	0.5492805	0.688007	0.311993	1.054527
10974	-3986.127	-4246.586	260.4589	2.066629	0.4389502	0.702139	0.297861	1.154286
10980	-3977.49	-4237.647	260.1574	2.131564	0.5837492	0.706978	0.293022	1.154286
10986	-3985.344	-4245.733	260.3889	2.051073	0.4598302	0.706978	0.293022	1.196363
10992	-3988.381	-4248.672	260.2912	2.021449	0.4829474	0.691981	0.308019	1.270017
10998	-3982.475	-4242.864	260.3888	1.924201	0.4008342	0.703125	0.296875	1.38847
11004	-3988.111	-4248.382	260.2707	1.923417	0.5188932	0.703125	0.296875	1.318195
11010	-3980.823	-4241.179	260.3564	1.849139	0.4307163	0.649231	0.350769	1.428275
11016	-3985.707	-4245.58	259.8735	1.788742	0.4503958	0.649231	0.350769	1.796984
11022	-3985.067	-4245.09	260.0235	1.889744	0.50533	0.610758	0.389242	1.550981
11028	-3997.51	-4257.561	260.0508	1.819844	0.50533	0.741691	0.258309	1.582288
11034	-3996.623	-4256.509	259.8869	1.847326	0.5523269	0.65292	0.34708	1.627074
11040	-3994.092	-4254.006	259.9137	1.817793	0.4786101	0.755643	0.244357	1.714226
11046	-3978.798	-4238.673	259.8754	1.797418	0.5497688	0.719168	0.280832	1.673967
11052	-3986.904	-4247.267	260.3635	1.852278	0.4123858	0.736161	0.263839	1.446559
11058	-3970.621	-4230.948	260.3262	1.846325	0.4644789	0.736161	0.263839	1.407224
11064	-3993.246	-4253.206	259.9597	1.903444	0.7153078	0.740186	0.259814	1.357883
11070	-3972.313	-4232.155	259.8421	1.779498	0.5345385	0.698513	0.301487	1.727057
11076	-3981.2	-4241.042	259.8416	1.78235	0.5345385	0.615102	0.384898	1.725391
11082	-3990.769	-4250.514	259.7452	1.855121	0.6062503	0.79426	0.20574	1.665479
11088	-3986.507	-4246.499	259.9919	1.797879	0.484717	0.607259	0.392741	1.665479
11094	-3967.648	-4227.589	259.9407	1.839107	0.5638166	0.686066	0.313934	1.581157
11100	-3982.357	-4242.41	260.0528	1.838629	0.6081217	0.686066	0.313934	1.448906
11106	-4002.394	-4262.68	260.2855	1.935845	0.4607437	0.743479	0.256521	1.374166
11112	-3984.159	-4243.737	259.578	1.773084	0.6354012	0.704588	0.295412	1.811393
11118	-3982.872	-4241.85	258.9778	1.640226	0.6600535	0.647129	0.352871	2.274886
11124	-3987.484	-4246.921	259.437	1.756276	0.6963687	0.596408	0.403592	1.863295
11130	-3989.936	-4249.716	259.78	1.753836	0.564853	0.537551	0.462449	1.755754
11136	-3978.11	-4237.672	259.5616	1.7055	0.6482681	0.704663	0.295337	1.856854
11142	-3982.258	-4242.196	259.9378	1.694122	0.4100844	0.669696	0.330304	1.868715
11148	-3984.9	-4244.342	259.4417	1.638563	0.5530349	0.668027	0.331973	2.07509
11154	-4005.528	-4264.929	259.4015	1.777396	0.6335044	0.612729	0.387271	1.930723
11160	-4010.804	-4270.568	259.7636	1.777396	0.5564923	0.612729	0.387271	1.759654
11166	-3994.236	-4254.375	260.1396	1.896657	0.5910148	0.598679	0.401321	1.355696
11172	-3989.156	-4249.28	260.124	1.929817	0.5188139	0.730837	0.269163	1.428635
11178	-3981.873	-4242.093	260.2202	1.929817	0.4984527	0.687574	0.312426	1.37979
11184	-4003.915	-4264.195	260.2798	2.013374	0.4737437	0.710055	0.289945	1.29883
11190	-3999.134	-4259.445	260.3107	2.181164	0.5012013	0.722187	0.277813	1.087577
11196	-3987.522	-4247.951	260.4287	2.132569	0.5019128	0.77115	0.22885	1.020428
11202	-3976.327	-4236.673	260.345	2.26613	0.5532059	0.645421	0.354579	0.8813925
11208	-3981.405	-4241.828	260.4226	2.26613	0.5305008	0.645421	0.354579	0.8308348
11214	-3972.124	-4232.553	260.4287	2.269934	0.5122511	0.616965	0.383035	0.8546782
11220	-3985.048	-4245.522	260.4739	2.269934	0.4686922	0.768857	0.231143	0.8873249
11226	-3979.286	-4239.78	260.4944	2.269934	0.4943357	0.762808	0.237192	0.8092518
11232	-3974.847	-4235.292	260.4449	2.269934	0.4853114	0.683966	0.316034	0.8880661
11238	-3975.623	-4235.911	260.2871	2.26302	0.5924396	0.655373	0.344627	0.8838486
11244	-3978.419	-4238.786	260.3663	2.260429	0.5864207	0.662797	0.337203	0.8002719
11250	-3985.7	-4246.083	260.383	2.319047	0.5525044	0.659699	0.340301	0.7669821
11256	-3971.09	-4231.64	260.5495	2.305434	0.4471141	0.735794	0.264206	0.7971977
11262	-3992.364	-4252.939	260.5742	2.305434	0.3995385	0.692162	0.307838	0.8762201
11268	-3974.65	-4235.206	260.5566	2.284718	0.4309138	0.692162	0.307838	0.8517706
11274	-3980.335	-4240.733	260.3981	2.306029	0.5043125	0.781595	0.218405	0.8636021
11280	-3981.177	-4241.626	260.4498	2.21821	0.514958	0.740546	0.259454	0.885501
11286	-3987.153	-4247.515	260.362	2.207691	0.5627304	0.722101	0.277899	0.9117658
11292	-3985.725	-4246.163	260.4376	2.207206	0.5387397	0.722101	0.277899	0.8683568
11298	-3979.035	-4239.38	260.3456	2.207206	0.5962193	0.722101	0.277899	0.8742359
11304	-3977.613	-4237.929	260.3161	2.207206	0.5758663	0.722101	0.277899	0.9406605
11310	-3978.471	-4238.941	260.4692	2.272359	0.5024238	0.729158	0.270842	0.8213947
11316	-3980.732	-4241.243	260.5112	2.33945	0.4544688	0.736446	0.263554	0.7851911
11322	-3979.642	-4240.162	260.5197	2.345884	0.4825024	0.732051	0.267949	0.6858338
11328	-3981.589	-4241.977	260.3878	2.231026	0.5722598	0.658867	0.341133	0.8375888
11334	-3989.111	-4249.493	260.3813	2.191465	0.5722598	0.658867	0.341133	0.8922381
11340	-3988.456	-4248.603	260.1467	2.180077	0.665408	0.5972	0.4028	1.011816
11346	-3975.707	-4236.085	260.3776	2.081319	0.5445305	0.721659	0.278341	1.05337
11352	-3985.027	-4245.365	260.3378	2.081319	0.5223865	0.566259	0.433741	1.122575
11358	-3980.686	-4241.023	260.3372	2.14404	0.4846405	0.566259	0.433741	1.122575
11364	-3994.817	-4255.175	260.3582	2.090246	0.4974903	0.766709	0.233291	1.132742
11370	-3991.879	-4252.099	260.2198	2.11599	0.6100605	0.77826	0.22174	1.077086
11376	-3989.844	-4249.993	260.1498	2.108143	0.6659809	0.737341	0.262659	1.077086
11382	-3990.581	-4250.928	260.3473	2.108143	0.5307294	0.737341	0.262659	1.077086
11388	-3998.127	-4258.596	260.4695	2.07931	0.5332014	0.616116	0.383884	0.9824208
11394	-3986.201	-4246.641	260.4405	2.150304	0.4927384	0.651325	0.348675	1.006375
11400	-3991.979	-4252.278	260.299	2.145842	0.5856706	0.733835	0.266165	1.006375
11406	-3976.103	-4236.576	260.4727	2.253426	0.4608506	0.66496	0.33504	0.9224157
11412	-3967.001	-4227.324	260.3237	2.135053	0.566395	0.66496	0.33504	1.021086
11418	-3972.512	-4232.922	260.4093	2.077877	0.5059128	0.668305	0.331695	1.084816
11424	-3973.514	-4233.714	260.2002	2.170704	0.5284927	0.619955	0.380045	1.156842
11430	-3980.306	-4240.551	260.245	2.144192	0.5284927	0.781166	0.218834	1.140621
11436	-3984.245	-4244.37	260.1251	2.099092	0.6213156	0.79028	0.20972	1.163371
11442	-3997.403	-4257.855	260.4521	2.031372	0.45321	0.618818	0.381182	1.168786
11448	-4004.312	-4264.655	260.3432	1.997781	0.5205849	0.726168	0.273832	1.193927
11454	-3998.626	-4258.792	260.1664	2.065048	0.5791987	0.707063	0.292937	1.210027
11460	-3981.097	-4241.395	260.298	1.953039	0.592764	0.682817	0.317183	1.17588
11466	-3986.984	-4247.325	260.3415	2.044433	0.4074543	0.692674	0.307326	1.320625
11472	-3986.426	-4246.507	260.0815	1.978115	0.5604285	0.742469	0.257531	1.37344
11478	-3998.1	-4258.249	260.1484	1.968669	0.5604285	0.53948	0.46052	1.327779
11484	-3984.41	-4244.746	260.3364	2.038919	0.4850542	0.627695	0.372305	1.214592
11490	-3970.678	-4231.197	260.5192	2.188421	0.4850542	0.721356	0.278644	0.8967655
11496	-3970.799	-4231.111	260.312	2.188421	0.5205075	0.661396	0.338604	1.050056
11502	-3976.697	-4237.271	260.5731	2.103883	0.4197938	0.661396	0.338604	1.047691
11508	-3974.324	-4234.745	260.4211	2.150834	0.487698	0.705225	0.294775	1.033168
11514	-3986.688	-4247.015	260.3265	2.204091	0.5476719	0.737234	0.262766	0.9778826
11520	-3988.643	-4248.822	260.1798	2.204091	0.6393098	0.831904	0.168096	0.9903799
11526	-3999.315	-4259.616	260.3009	2.062894	0.5651234	0.652495	0.347505	1.112301
11532	-4001.6	-4261.724	260.1238	2.09101	0.5368628	0.749343	0.250657	1.278137
11538	-3974.77	-4235.174	260.4042	2.162428	0.5335101	0.67346	0.32654	0.9636416
11544	-3984.874	-4245.241	260.3668	2.122609	0.510281	0.717971	0.282029	1.076057
11550	-3982.407	-4242.677	260.2699	2.14059	0.5811514	0.663224	0.336776	1.046439
11556	-3985.67	-4246.147	260.4772	2.182891	0.4688995	0.628636	0.371364	0.9773224
11562	-3981.884	-4242.356	260.4714	2.172741	0.4688995	0.653569	0.346431	0.993465
11568	-4002.503	-4262.894	260.3908	2.190001	0.5271721	0.653569	0.346431	0.959381
11574	-4000.236	-4260.895	260.658	2.090856	0.4102729	0.683892	0.316108	0.9948169
11580	-3999.881	-4260.42	260.5391	2.076995	0.45149	0.822239	0.177761	1.050859
11586	-3986.413	-4246.796	260.3831	2.086957	0.5670219	0.65908	0.34092	1.009062
11592	-4000.74	-4260.985	260.2444	2.002449	0.4608616	0.674249	0.325751	1.353855
11598	-3995.235	-4255.472	260.237	2.034155	0.4967524	0.759825	0.240175	1.285039
11604	-3986.211	-4246.447	260.2358	1.982568	0.5226144	0.759825	0.240175	1.293697
11610	-3992.479	-4252.472	259.9931	1.919655	0.5377717	0.614988	0.385012	1.512694
11616	-3999.67	-4259.982	260.3119	1.95395	0.4703329	0.609976	0.390024	1.325574
11622	-3997.328	-4257.517	260.1887	2.019506	0.5046272	0.832146	0.167854	1.325574
11628	-3996.759	-4256.627	259.8679	1.953096	0.6465677	0.620297	0.379703	1.461355
11634	-4000.659	-4260.541	259.8827	2.034511	0.6678533	0.674176	0.325824	1.364442
11640	-4000.501	-4260.733	260.2321	2.023762	0.5965348	0.733505	0.266495	1.16689
11646	-3992.134	-4252.3	260.1659	2.059636	0.6119379	0.82813	0.17187	1.173892
11652	-3993.074	-4253.258	260.1839	2.059636	0.6305395	0.750849	0.249151	1.134752
11658	-3993.573	-4254.119	260.5464	1.908039	0.415695	0.708799	0.291201	1.251839
11664	-3990.265	-4250.537	260.2722	2.017374	0.4976886	0.653828	0.346172	1.26868
11670	-3986.149	-4246.302	260.1531	1.93144	0.5393727	0.676295	0.323705	1.3794
11676	-3987.773	-4248.077	260.3046	1.922234	0.5289386	0.709222	0.290778	1.278563
11682	-3992.116	-4252.122	260.0066	1.892195	0.5640204	0.748561	0.251439	1.492746
11688	-4006.071	-4265.943	259.8715	1.933904	0.6279165	0.706416	0.293584	1.492746
11694	-3999.264	-4259.513	260.2484	2.026604	0.5477632	0.651421	0.348579	1.213574
11700	-3992.371	-4252.875	260.5042	2.054715	0.4362434	0.720898	0.279102	1.12898
11706	-3992.963	-4253.261	260.298	2.058271	0.5092907	0.69583	0.30417	1.196502
11712	-4005.935	-4266.129	260.194	2.001351	0.5312959	0.644545	0.355455	1.301204
11718	-4004.084	-4264.475	260.3909	2.001351	0.5312959	0.644545	0.355455	1.133922
11724	-4008.42	-4268.835	260.4149	1.911172	0.5127541	0.680694	0.319306	1.217406
11730	-4004.661	-4265.142	260.4809	1.996076	0.4654186	0.660666	0.339334	1.155757
11736	-3999.306	-4259.548	260.2423	1.994882	0.5099606	0.60698	0.39302	1.29508
11742	-4012.954	-4273.122	260.1686	1.953999	0.5202877	0.607618	0.392382	1.373342
11748	-4020.732	-4280.894	260.1621	1.967985	0.5755129	0.684123	0.315877	1.298883
11754	-3995.022	-4255.169	260.1479	1.8537	0.4948584	0.681778	0.318222	1.498102
11760	-3996.18	-4256.384	260.2042	1.940864	0.4137802	0.681778	0.318222	1.498102
11766	-3998.202	-4258.545	260.3433	1.974607	0.5471285	0.712476	0.287524	1.177618
11772	-3988.627	-4248.983	260.3564	2.268954	0.565069	0.719272	0.280728	0.8428915
11778	-3990.52	-4250.839	260.319	2.292496	0.598717	0.697512	0.302488	0.796633
11784	-3987.395	-4247.646	260.2502	2.318049	0.591183	0.76326	0.23674	0.8648233
11790	-3985.091	-4245.411	260.3199	2.3175	0.5681239	0.646577	0.353423	0.8220416
11796	-3977.463	-4237.818	260.3555	2.246368	0.5744251	0.646577	0.353423	0.8543378
11802	-3994.752	-4254.96	260.2074	2.274962	0.6022301	0.719563	0.280437	0.9428748
11808	-3989.285	-4249.652	260.3673	2.263347	0.5684669	0.754182	0.245818	0.8299369
11814	-3995.834	-4256.039	260.2055	2.263347	0.6361805	0.706475	0.293525	0.9050192
11820	-3988.508	-4248.839	260.3311	2.25878	0.5512403	0.790853	0.209147	0.9089062
11826	-3995.652	-4255.99	260.3375	2.27524	0.5171936	0.729232	0.270768	0.9425219
11832	-3989.898	-4250.424	260.5257	2.111084	0.5085225	0.747975	0.252025	0.9318292
11838	-3990.056	-4250.494	260.4381	2.082547	0.508766	0.683305	0.316695	1.048922
11844	-3986.548	-4246.912	260.3633	2.082547	0.5541425	0.64656	0.35344	1.051622
11850	-4006.961	-4267.485	260.5236	2.083522	0.4274554	0.686132	0.313868	1.099805
11856	-3992.466	-4252.826	260.3595	2.07215	0.4738399	0.779737	0.220263	1.182615
11862	-3996.138	-4256.517	260.3786	2.025891	0.4898404	0.719137	0.280863	1.182615
11868	-3996.659	-4256.85	260.1913	2.011379	0.5987769	0.580224	0.419776	1.209903
11874	-4006.044	-4266.443	260.3982	2.083701	0.5160286	0.649373	0.350627	1.074367
11880	-3995.844	-4256.129	260.2842	2.05926	0.5583806	0.660359	0.339641	1.139903
11886	-3993.093	-4253.353	260.2596	2.057101	0.5537906	0.662179	0.337821	1.169704
11892	-4006.601	-4266.941	260.3398	2.052118	0.5408605	0.662179	0.337821	1.120702
11898	-3999.322	-4259.731	260.409	2.050509	0.550882	0.658925	0.341075	1.043343
11904	-3985.668	-4245.988	260.32	2.050509	0.5477086	0.646506	0.353494	1.130419
11910	-3985.808	-4245.961	260.1538	1.964419	0.5431663	0.646506	0.353494	1.34815
11916	-3987.487	-4247.786	260.2994	1.924647	0.4687092	0.731258	0.268742	1.361133
11922	-3982.807	-4243.015	260.2079	1.928492	0.4814857	0.690932	0.309068	1.412578
11928	-3999.193	-4259.222	260.0299	1.950063	0.4735791	0.626021	0.373979	1.541081
11934	-4007.268	-4267.344	260.0766	1.851373	0.5045228	0.616159	0.383841	1.541081
11940	-4005.051	-4264.975	259.924	1.825418	0.4660378	0.822488	0.177512	1.716863
11946	-4007.696	-4267.635	259.939	1.752065	0.5148926	0.653663	0.346337	1.700201
11952	-3993.738	-4253.725	259.9867	1.796683	0.577971	0.720915	0.279085	1.562952
11958	-3984.043	-4244.263	260.2197	1.921884	0.4803656	0.683552	0.316448	1.410049
11964	-3995.095	-4255.204	260.1092	1.968113	0.5191989	0.682763	0.317237	1.410049
11970	-4000.113	-4260.608	260.4944	2.21789	0.4914055	0.599976	0.400024	0.8791404
11976	-4003.776	-4264.255	260.4792	2.189103	0.4703879	0.674647	0.325353	0.9662369
11982	-3983.025	-4243.482	260.4568	2.155572	0.5035821	0.737758	0.262242	0.9662369
11988	-3993.26	-4253.591	260.3306	2.304881	0.5035821	0.666532	0.333468	0.9419991
11994	-4000.909	-4261.178	260.2692	2.04207	0.567169	0.580759	0.419241	1.156534
12000	-3991.311	-4251.578	260.2678	2.081246	0.529104	0.595953	0.404047	1.175096
12006	-3987.093	-4247.505	260.4119	2.06423	0.5143615	0.595953	0.404047	1.082284
12012	-3991.418	-4251.587	260.1695	1.972205	0.6082622	0.76417	0.23583	1.249751
12018	-3983.932	-4244.137	260.205	1.997666	0.5669719	0.723374	0.276626	1.249751
12024	-3997.975	-4258.287	260.3119	1.9132	0.4483352	0.725584	0.274416	1.388439
12030	-3988.822	-4248.906	260.0837	1.948689	0.576476	0.784352	0.215648	1.375733
12036	-3982.752	-4242.939	260.1862	1.948689	0.5147186	0.632391	0.367609	1.37071
12042	-3975.856	-4236.04	260.1839	1.983265	0.5213256	0.646197	0.353803	1.336665
12048	-3978.836	-4239.019	260.1832	1.970612	0.4254232	0.679954	0.320046	1.475135
12054	-3984.698	-4244.843	260.1452	1.914985	0.4782237	0.679954	0.320046	1.475135
12060	-3981.783	-4241.809	260.0265	1.967159	0.4553304	0.614453	0.385547	1.554369
12066	-3978.37	-4238.393	260.0236	1.896019	0.4987004	0.684098	0.315902	1.554369
12072	-3983.972	-4244.127	260.1554	1.958374	0.5354284	0.684098	0.315902	1.361256
12078	-3991.128	-4251.272	260.1442	1.992918	0.6064627	0.684098	0.315902	1.255761
12084	-3991.858	-4252.061	260.2024	2.031309	0.5623359	0.724721	0.275279	1.229589
12090	-3989.845	-4250.136	260.2913	2.133163	0.4992121	0.612741	0.387259	1.151473
12096	-4003.131	-4263.467	260.3358	2.139204	0.5615565	0.748523	0.251477	1.012341
12102	-4000.198	-4260.228	260.0294	2.089955	0.6502661	0.772921	0.227079	1.218876
12108	-4011.333	-4271.559	260.2262	2.095873	0.6013775	0.742896	0.257104	1.101303
12114	-4001.726	-4262.186	260.4605	2.183793	0.5129986	0.734982	0.265018	0.915732
12120	-3978.179	-4238.551	260.372	2.228243	0.476863	0.734982	0.265018	1.023423
12126	-3984.608	-4244.961	260.3532	2.220445	0.5066231	0.786751	0.213249	1.000558
12132	-3980.502	-4240.986	260.4842	2.216365	0.4697594	0.763885	0.236115	0.9333382
12138	-3986.483	-4246.832	260.3489	2.216365	0.5451106	0.709961	0.290039	0.9460149
12144	-3987.333	-4247.707	260.3739	2.149948	0.524032	0.740481	0.259519	1.021882
12150	-3990.238	-4250.599	260.3605	2.271814	0.5160543	0.699215	0.300785	0.9234425
12156	-3996.375	-4256.985	260.6102	2.280922	0.4335795	0.660935	0.339065	0.7811317
12162	-3983.605	-4244.128	260.523	2.26409	0.4707379	0.744193	0.255807	0.8313172
12168	-3993.824	-4254.396	260.5718	2.214213	0.4707379	0.748068	0.251932	0.8327126
12174	-3990.616	-4251.087	260.4712	2.197406	0.5019693	0.773497	0.226503	0.9088602
12180	-3992.428	-4252.84	260.4121	2.197406	0.5386983	0.656389	0.343611	0.9088602
12186	-3986.775	-4247.247	260.4719	2.197406	0.4822895	0.737117	0.262883	0.9437786
12192	-3995.727	-4255.991	260.2635	2.097438	0.5422411	0.624415	0.375585	1.146459
12198	-3988.377	-4248.694	260.3167	2.063547	0.5738078	0.712791	0.287209	1.085246
12204	-3990.3	-4250.674	260.3743	2.083671	0.5149955	0.712791	0.287209	1.098115
12210	-3991.399	-4251.732	260.3332	2.083671	0.5379384	0.718875	0.281125	1.102232
12216	-3981.764	-4242.002	260.2382	2.145209	0.5595234	0.687685	0.312315	1.102232
12222	-3998.13	-4258.498	260.3685	2.118654	0.4764735	0.712688	0.287312	1.129717
12228	-3998.663	-4259.144	260.4802	2.13047	0.4316751	0.780221	0.219779	1.0894
12234	-3995.164	-4255.476	260.3118	2.150703	0.5179973	0.687753	0.312247	1.0894
12240	-3983.672	-4243.705	260.0328	1.953592	0.60196	0.619909	0.380091	1.382432
12246	-3975.142	-4235.43	260.2881	1.953578	0.4433672	0.582644	0.417356	1.382432
12252	-3983.801	-4244.119	260.3177	1.973474	0.473261	0.61748	0.38252	1.301065
12258	-3986.907	-4247.374	260.4676	1.973474	0.3951042	0.590775	0.409225	1.295213
12264	-3990.048	-4250.489	260.4419	2.039112	0.3951042	0.702175	0.297825	1.262454
12270	-3983.602	-4243.972	260.3701	2.010583	0.449461	0.700111	0.299889	1.261815
12276	-3992.21	-4252.611	260.4011	1.968372	0.4558151	0.700533	0.299467	1.261815
12282	-3986.462	-4246.711	260.2488	1.970544	0.5239484	0.712897	0.287103	1.291158
12288	-3978.789	-4239.179	260.3893	1.987789	0.5063666	0.686972	0.313028	1.182644
12294	-3962.449	-4222.784	260.3345	1.987789	0.4431772	0.716241	0.283759	1.318634
12300	-3984.127	-4244.297	260.1698	1.919716	0.6010867	0.768185	0.231815	1.301238
12306	-3989.739	-4249.831	260.0914	1.919716	0.552405	0.693715	0.306285	1.420777
12312	-3980.945	-4241.019	260.0742	1.890608	0.552405	0.576119	0.423881	1.456243
12318	-3980.053	-4240.378	260.3253	2.071112	0.5210009	0.615245	0.384755	1.144859
12324	-3987.191	-4247.581	260.3897	1.993559	0.4704188	0.65914	0.34086	1.228995
12330	-3999.107	-4259.395	260.2882	2.063107	0.5493451	0.584382	0.415618	1.145281
12336	-3992.73	-4253.073	260.3428	2.078691	0.505299	0.777579	0.222421	1.145281
12342	-3983.495	-4243.861	260.3657	2.091646	0.498155	0.744037	0.255963	1.123695
12348	-3980.831	-4241.237	260.4062	2.128949	0.4527323	0.744037	0.255963	1.123695
12354	-3985.43	-4245.491	260.0606	2.128949	0.6707243	0.745322	0.254678	1.133701
12360	-4017.185	-4277.362	260.177	2.578526	0.5656055	0.693141	0.306859	0.6386931
12366	-4016.248	-4276.504	260.256	2.551846	0.5404343	0.639124	0.360876	0.6041854
12372	-4006.29	-4266.292	260.0021	2.102806	0.6774082	0.694532	0.305468	1.199937
12378	-3993.361	-4253.573	260.2118	2.102806	0.6134376	0.659772	0.340228	1.092218
12384	-3997.282	-4257.574	260.2915	2.05081	0.5345083	0.766447	0.233553	1.173553
12390	-4005.39	-4265.792	260.402	2.079978	0.4810871	0.694788	0.305212	1.127374
12396	-3984.515	-4244.962	260.4472	2.083538	0.4810871	0.702185	0.297815	1.082818
12402	-3993.216	-4253.527	260.3102	2.131253	0.5753117	0.737717	0.262283	1.024849
12408	-3979.249	-4239.807	260.5581	2.087544	0.3962106	0.716187	0.283813	1.118498
12414	-3984.439	-4244.508	260.0698	2.087544	0.5909718	0.61142	0.38858	1.257697
12420	-3995.231	-4255.461	260.2307	1.979925	0.5554858	0.701794	0.298206	1.257697
12426	-3989.304	-4249.261	259.9571	1.825902	0.5264217	0.688502	0.311498	1.621133
12432	-3995.777	-4255.776	259.999	1.83365	0.4165376	0.713434	0.286566	1.721113
12438	-3983.936	-4243.841	259.9054	1.881466	0.6445804	0.666374	0.333626	1.489231
12444	-3991.178	-4251.614	260.4365	1.964511	0.4511677	0.717096	0.282904	1.24241
12450	-3995.663	-4255.827	260.1638	1.947276	0.493723	0.686862	0.313138	1.416254
12456	-3990.649	-4250.851	260.2015	1.886469	0.5076577	0.642711	0.357289	1.416254
12462	-3991.728	-4251.751	260.0229	1.789999	0.5602742	0.641173	0.358827	1.560827
12468	-4000.613	-4260.396	259.7831	1.756959	0.5159985	0.641173	0.358827	1.804608
12474	-3993.145	-4252.998	259.8538	1.684375	0.5171857	0.562022	0.437978	1.804608
12480	-3983.25	-4243.213	259.9627	1.816628	0.5171857	0.612347	0.387653	1.634498
12486	-4005.236	-4265.061	259.8244	1.886432	0.55848	0.679579	0.320421	1.637145
12492	-4022.058	-4282.234	260.1764	1.925469	0.5064062	0.672169	0.327831	1.407141
12498	-4013.446	-4273.283	259.8371	1.896937	0.536891	0.72377	0.27623	1.644532
12504	-4008.843	-4268.688	259.8454	1.997137	0.6694445	0.72377	0.27623	1.421027
12510	-4001.126	-4260.95	259.824	1.847435	0.5982431	0.776285	0.223715	1.622738
12516	-4000.012	-4260.072	260.0607	1.823778	0.4782483	0.570961	0.429039	1.605162
12522	-3994.791	-4254.469	259.6781	1.764698	0.5238906	0.698481	0.301519	1.862757
12528	-3994.167	-4253.799	259.6317	1.764698	0.5639013	0.698481	0.301519	1.851835
12534	-3995.442	-4255.125	259.6837	1.843409	0.6004437	0.700555	0.299445	1.723351
12540	-4001.223	-4261.064	259.8408	1.749949	0.4322104	0.796544	0.203456	1.868681
12546	-4011.054	-4271.131	260.0769	1.927712	0.4661175	0.604963	0.395037	1.532323
12552	-4004.721	-4264.472	259.7511	1.819732	0.5439928	0.797847	0.202153	1.752267
12558	-4008.544	-4268.293	259.7487	1.743428	0.5592572	0.724887	0.275113	1.790687
12564	-4011.221	-4271.573	260.3524	1.911021	0.4670235	0.75427	0.24573	1.332177
12570	-3989.088	-4248.473	259.3842	1.776614	0.6507011	0.731554	0.268446	1.926832
12576	-4009.063	-4268.317	259.2538	1.81514	0.7644216	0.595238	0.404762	1.889515
12582	-4010.997	-4270.927	259.9306	1.86273	0.587796	0.757564	0.242436	1.544867
12588	-4003.49	-4263.581	260.0919	1.985467	0.5563987	0.700862	0.299138	1.364326
12594	-3995.95	-4256.484	260.5341	2.069863	0.4970418	0.684017	0.315983	0.9859759
12600	-4001.43	-4261.62	260.1896	1.906297	0.5575422	0.69302	0.30698	1.348217
12606	-3988.225	-4248.4	260.175	1.906297	0.4735692	0.638319	0.361681	1.465163
12612	-3982.132	-4242.12	259.9882	1.945903	0.5549058	0.749389	0.250611	1.4766
12618	-3992.402	-4252.4	259.9979	1.89717	0.5258836	0.639557	0.360443	1.539844
12624	-4003.768	-4263.976	260.2081	1.981804	0.5686525	0.73731	0.26269	1.258252
12630	-3996.49	-4256.779	260.2899	2.049895	0.5404189	0.662337	0.337663	1.167655
12636	-3984.549	-4244.921	260.3724	2.088516	0.5009773	0.741645	0.258355	1.116277
12642	-4003.349	-4263.606	260.2577	1.947052	0.5044182	0.66347	0.33653	1.328626
12648	-3990.424	-4250.78	260.3563	2.077875	0.5012375	0.743472	0.256528	1.139911
12654	-3999.948	-4260.372	260.4235	2.242379	0.4927431	0.743144	0.256856	0.9285799
12660	-3996.819	-4257.094	260.2749	2.153913	0.5836201	0.747677	0.252323	1.025129
12666	-3995.114	-4255.468	260.3542	2.153913	0.5073553	0.666753	0.333247	1.062997
12672	-4011.231	-4271.556	260.3249	2.170696	0.5150403	0.597315	0.402685	1.062997
12678	-3988.753	-4249.135	260.3827	2.123284	0.5086436	0.716548	0.283452	1.062997
12684	-3987.782	-4248.121	260.3384	2.068573	0.539868	0.755054	0.244946	1.108469
12690	-3987.196	-4247.507	260.3112	2.017692	0.4639441	0.769737	0.230263	1.283509
12696	-3987.642	-4247.635	259.9935	2.043575	0.7039837	0.763474	0.236526	1.227935
12702	-4010.474	-4270.204	259.7296	1.805293	0.689876	0.634834	0.365166	1.629786
12708	-4001.165	-4261.107	259.9416	1.801231	0.5443615	0.726401	0.273599	1.629786
12714	-4000.564	-4260.597	260.0333	1.868806	0.4868343	0.699351	0.300649	1.581711
12720	-4000.749	-4260.917	260.1676	1.846731	0.4677319	0.62417	0.37583	1.523003
12726	-4005.902	-4266.145	260.2436	1.900161	0.5210481	0.764898	0.235102	1.355682
12732	-3994.016	-4254.11	260.094	1.880369	0.5486064	0.657542	0.342458	1.453419
12738	-3998.053	-4258.229	260.1763	1.936724	0.5486064	0.722076	0.277924	1.345523
12744	-3995.19	-4255.542	260.3521	2.152722	0.5412505	0.744605	0.255395	1.013885
12750	-4013.078	-4273.292	260.2141	1.95772	0.5627243	0.722076	0.277924	1.28053
12756	-4017.987	-4277.77	259.7833	1.860639	0.5530062	0.753029	0.246971	1.690961
12762	-4005.689	-4265.683	259.994	2.007841	0.6304997	0.687981	0.312019	1.337981
12768	-3990.786	-4251.022	260.2361	2.007841	0.5216092	0.549086	0.450914	1.274086
12774	-3979.341	-4239.351	260.0101	1.966151	0.6167555	0.550261	0.449739	1.373643
12780	-3985.154	-4245.285	260.1306	1.919213	0.4753953	0.775766	0.224234	1.486594
12786	-3975.929	-4236.165	260.2363	1.942864	0.48022	0.583165	0.416835	1.380958
12792	-3981.948	-4242.244	260.2957	1.975987	0.4954358	0.716395	0.283605	1.286408
12798	-3978.831	-4239.241	260.4091	2.037492	0.4835211	0.716395	0.283605	1.155135
12804	-4001.096	-4261.256	260.1605	2.059419	0.6309842	0.63825	0.36175	1.155135
12810	-3996.381	-4256.645	260.2642	2.066982	0.5895481	0.754897	0.245103	1.108778
12816	-3989.184	-4249.586	260.4028	2.066982	0.4715776	0.724357	0.275643	1.15272
12822	-3988.946	-4249.504	260.558	2.066982	0.4431217	0.705742	0.294258	1.056599
12828	-3994.868	-4255.296	260.428	2.066982	0.5032605	0.683904	0.316096	1.081581
12834	-3999.627	-4260.023	260.3964	2.066982	0.5201113	0.696935	0.303065	1.085501
12840	-4010.683	-4270.44	259.7566	1.745505	0.5815754	0.69857	0.30143	1.76034
12846	-3990.233	-4250.18	259.947	1.883954	0.613097	0.719677	0.280323	1.489347
12852	-3997.518	-4257.528	260.0101	1.966391	0.6577812	0.69994	0.30006	1.328146
12858	-3977.173	-4237.36	260.1867	1.93752	0.4756134	0.673392	0.326608	1.429706
12864	-3977.639	-4237.867	260.2281	1.883391	0.4979266	0.661841	0.338159	1.410503
12870	-3980.446	-4240.678	260.2317	1.924756	0.4979266	0.705045	0.294955	1.375381
12876	-3987.894	-4248.053	260.1596	1.849311	0.5843722	0.614809	0.385191	1.384932
12882	-3994.68	-4254.757	260.0772	1.939589	0.5926369	0.690221	0.309779	1.36921
12888	-3997.881	-4257.918	260.0372	1.974616	0.6014366	0.766157	0.233843	1.36298
12894	-3999.235	-4259.568	260.3328	2.005146	0.5199635	0.593073	0.406927	1.19733
12900	-4008.227	-4268.582	260.355	1.997671	0.4517608	0.601259	0.398741	1.281569
12906	-4002.204	-4262.55	260.3457	2.006918	0.4517608	0.601259	0.398741	1.281569
12912	-3979.089	-4239.414	260.3246	2.011353	0.4831172	0.737189	0.262811	1.250428
12918	-3979.234	-4239.483	260.2484	1.973282	0.4715774	0.64629	0.35371	1.359084
12924	-3976.681	-4236.852	260.1711	2.097063	0.4997453	0.623093	0.376907	1.283457
12930	-3994.479	-4254.802	260.3236	2.245369	0.4888425	0.647636	0.352364	1.034109
12936	-3994.661	-4255.103	260.4424	2.150015	0.4595058	0.725184	0.274816	1.059924
12942	-3982.207	-4242.462	260.2541	2.184417	0.5599281	0.695447	0.304553	1.050135
12948	-3990.549	-4250.746	260.1969	2.187079	0.6347938	0.740231	0.259769	0.9966816
12954	-3987.097	-4247.346	260.2488	2.121665	0.6199704	0.632103	0.367897	1.030568
12960	-3988.819	-4249.354	260.5351	2.121665	0.4891793	0.632103	0.367897	0.9448268
12966	-3988.987	-4249.432	260.4447	2.191968	0.4763297	0.729288	0.270712	0.9881103
12972	-4009.159	-4269.481	260.3218	2.180808	0.5664668	0.61869	0.38131	0.9770454
12978	-4002.718	-4263.214	260.4962	2.051363	0.4779088	0.61869	0.38131	1.072169
12984	-4008.377	-4268.616	260.2391	2.133644	0.6594784	0.662426	0.337574	0.9735309
12990	-3992.461	-4252.995	260.5342	2.121299	0.4736999	0.567825	0.432175	0.9735309
12996	-3993.061	-4253.345	260.2837	2.061188	0.5428455	0.690405	0.309595	1.159805
13002	-3988.602	-4248.808	260.2057	2.124171	0.6058649	0.69579	0.30421	1.088145
13008	-3985.101	-4245.365	260.2642	2.152936	0.5690518	0.700634	0.299366	1.057341
13014	-3988.305	-4248.74	260.4353	2.109897	0.4885645	0.672549	0.327451	1.057341
13020	-3997.277	-4257.656	260.3785	2.144937	0.4742072	0.6734	0.3266	1.100413
13026	-4005.222	-4265.338	260.1158	2.24348	0.5768137	0.739631	0.260369	1.100413
13032	-4010.073	-4270.485	260.412	2.260065	0.4539544	0.739631	0.260369	0.9916559
13038	-4008.931	-4269.255	260.3245	2.258391	0.4944554	0.713212	0.286788	1.011302
13044	-4008.629	-4268.775	260.1462	2.227995	0.5754258	0.638008	0.361992	1.088562
13050	-3998.041	-4258.124	260.0834	2.185705	0.5819746	0.677154	0.322846	1.174011
13056	-3986.268	-4246.431	260.1633	2.185705	0.5299321	0.645085	0.354915	1.174011
13062	-4007.573	-4267.588	260.015	1.928725	0.62072	0.628321	0.371679	1.394701
13068	-4007.789	-4267.794	260.0045	1.939214	0.62072	0.719739	0.280261	1.394701
13074	-4010.386	-4270.501	260.1153	1.865064	0.5325742	0.723722	0.276278	1.467956
13080	-4009.337	-4269.328	259.991	1.865064	0.5626956	0.609138	0.390862	1.526208
13086	-4001.098	-4261.001	259.9031	1.865064	0.5224245	0.652124	0.347876	1.636519
13092	-4010.845	-4270.988	260.143	1.858198	0.5697914	0.662137	0.337863	1.407964
13098	-4010.336	-4270.533	260.1967	1.899509	0.5468553	0.606176	0.393824	1.361064
13104	-3995.981	-4256.255	260.2739	1.964049	0.5492661	0.645488	0.354512	1.242903
13110	-3989.192	-4249.504	260.3126	1.964049	0.4809258	0.674403	0.325597	1.302292
13116	-4000.213	-4260.434	260.2207	1.953293	0.5256355	0.701901	0.298099	1.325701
13122	-3989.668	-4250.094	260.4256	2.010934	0.3900891	0.701901	0.298099	1.306826
13128	-3993.558	-4254.022	260.4647	1.97189	0.3900891	0.674216	0.325784	1.306826
13134	-3982.915	-4243.217	260.3012	1.968616	0.50194	0.674216	0.325784	1.279109
13140	-3991.206	-4251.226	260.0196	1.949658	0.6726312	0.637434	0.362566	1.317805
13146	-4003.964	-4264.353	260.3889	1.977632	0.4697864	0.637434	0.362566	1.243963
13152	-3992.708	-4252.918	260.2105	1.899737	0.5341527	0.716806	0.283194	1.365649
13158	-3989.867	-4249.875	260.0079	1.895895	0.5026324	0.716806	0.283194	1.561192
13164	-3980.404	-4240.512	260.1072	1.858711	0.4866553	0.716806	0.283194	1.534957
13170	-3983.249	-4243.289	260.0399	1.848737	0.5340683	0.737707	0.262293	1.534957
13176	-3988.744	-4248.589	259.8451	1.694546	0.5373833	0.679547	0.320453	1.781281
13182	-3983.882	-4243.793	259.9108	1.726935	0.5373833	0.710426	0.289574	1.712537
13188	-3982.767	-4242.402	259.6343	1.851829	0.6400888	0.756658	0.243342	1.712597
13194	-3984.571	-4244.635	260.0648	2.067505	0.7300824	0.743262	0.256738	1.115726
13200	-3971.813	-4232.156	260.3428	2.077783	0.5261838	0.689538	0.310462	1.115726
13206	-4005.487	-4265.813	260.3258	2.077783	0.5023205	0.689538	0.310462	1.165311
13212	-4006.712	-4266.984	260.272	2.077783	0.5476104	0.655373	0.344627	1.148957
13218	-3998.482	-4258.906	260.4243	2.044333	0.5187813	0.655373	0.344627	1.082568
13224	-4000.447	-4260.707	260.26	2.056253	0.5187813	0.628991	0.371009	1.217519
13230	-3991.319	-4251.705	260.3865	2.215854	0.5221159	0.700562	0.299438	0.945189
13236	-3993.241	-4253.371	260.1294	2.36136	0.6956454	0.690858	0.309142	0.7789968
13242	-3993.997	-4254.345	260.3482	2.134922	0.4825312	0.619678	0.380322	1.124112
13248	-3988.122	-4248.517	260.3945	1.964329	0.4287165	0.619678	0.380322	1.310423
13254	-3998.423	-4258.766	260.3434	1.926245	0.4935688	0.783511	0.216489	1.290637
13260	-3986.83	-4246.981	260.1503	1.926245	0.4935688	0.737816	0.262184	1.442985
13266	-3982.284	-4242.53	260.2462	1.920367	0.5029234	0.736196	0.263804	1.360954
13272	-3994.293	-4254.364	260.0707	1.957272	0.5895783	0.660658	0.339342	1.363932
13278	-4021.085	-4280.864	259.779	1.902031	0.6912824	0.68866	0.31134	1.521356
13284	-4004.227	-4264.762	260.5342	2.168208	0.5137132	0.648841	0.351159	0.847174
13290	-3995.604	-4255.575	259.9702	1.958445	0.5290735	0.755895	0.244105	1.511053
13296	-3989.123	-4249.239	260.1164	1.886402	0.5144819	0.714599	0.285401	1.472908
13302	-3986.833	-4247.192	260.3586	2.304941	0.5553895	0.715688	0.284312	0.8133755
13308	-4004.387	-4264.798	260.4108	2.16686	0.5246617	0.628063	0.371937	0.9667763
13314	-4008.363	-4268.89	260.5272	2.111447	0.4806783	0.604644	0.395356	0.9785625
13320	-3988.58	-4249.068	260.4886	2.220136	0.4806783	0.604644	0.395356	0.9038463
13326	-3990.624	-4250.928	260.3038	2.238616	0.619548	0.643682	0.356318	0.8466267
13332	-3991.951	-4252.485	260.5335	2.416773	0.4433063	0.708633	0.291367	0.6536662
13338	-3999.414	-4259.834	260.4198	2.319373	0.5140424	0.681072	0.318928	0.7996476
13344	-4011.575	-4271.838	260.2634	2.31848	0.6081733	0.723584	0.276416	0.8174914
13350	-4006.009	-4266.29	260.2811	2.374629	0.5897875	0.627772	0.372228	0.7525847
13356	-4005.944	-4266.143	260.1993	2.43265	0.6047621	0.703667	0.296333	0.7554508
13362	-3979.112	-4239.432	260.3194	2.339147	0.57751	0.663632	0.336368	0.7749454
13368	-3976.737	-4237.334	260.5972	2.307717	0.3896647	0.732314	0.267686	0.869171
13374	-3978.92	-4239.264	260.3448	2.307717	0.50187	0.661638	0.338362	0.9266217
13380	-3989.113	-4249.494	260.3809	2.181871	0.4851122	0.728556	0.271444	1.046166
13386	-3978.09	-4238.562	260.472	2.210074	0.4439056	0.653104	0.346896	0.9996737
13392	-3980.55	-4240.902	260.3514	2.210074	0.5141551	0.608739	0.391261	1.000437
13398	-3978.126	-4238.547	260.4216	2.12747	0.5172452	0.707355	0.292645	1.007789
13404	-3983.537	-4244.013	260.4767	2.171779	0.4672604	0.599396	0.400604	0.9920057
13410	-3976.145	-4236.656	260.5113	2.091691	0.4578014	0.616413	0.383587	1.052645
13416	-3983.17	-4243.607	260.4374	2.110681	0.4578014	0.599685	0.400315	1.103857
13422	-3987.59	-4247.842	260.2516	2.028336	0.4843397	0.705338	0.294662	1.294849
13428	-3982.152	-4242.375	260.2228	1.936185	0.4391162	0.685731	0.314269	1.452196
13434	-3981.089	-4241.16	260.0716	1.864069	0.5706289	0.802699	0.197301	1.457321
13440	-3973.494	-4233.546	260.0517	1.864069	0.4740454	0.695083	0.304917	1.587651
13446	-3979.354	-4239.554	260.1995	1.865949	0.5061814	0.616497	0.383503	1.435504
13452	-3978.509	-4238.629	260.1204	1.899778	0.5540307	0.692778	0.307222	1.411809
13458	-3986.081	-4246.167	260.0859	1.790219	0.5075257	0.736548	0.263452	1.57565
13464	-4001.752	-4262.046	260.2934	1.870841	0.4785491	0.648708	0.351292	1.394808
13470	-3989.033	-4249.091	260.0579	1.834616	0.533848	0.752763	0.247237	1.532313
13476	-3981.984	-4242.356	260.3715	1.979824	0.4396226	0.629299	0.370701	1.300407
13482	-3980.438	-4240.599	260.1608	1.979824	0.4927885	0.678861	0.321139	1.394523
13488	-3985.918	-4246.19	260.2718	1.918316	0.5277892	0.678861	0.321139	1.30996
13494	-4000.369	-4260.737	260.3682	2.102641	0.5326524	0.692528	0.307472	1.059712
13500	-3990.006	-4250.327	260.3211	2.174006	0.5941201	0.712403	0.287597	0.9419195
13506	-3983.703	-4244.094	260.3906	2.104586	0.5465367	0.750339	0.249661	1.015269
13512	-3991.479	-4251.779	260.2995	2.074545	0.5251251	0.661613	0.338387	1.15877
13518	-3977.947	-4238.245	260.2984	2.06186	0.5338175	0.517568	0.482432	1.15877
13524	-3992.216	-4252.537	260.3207	2.06186	0.4558302	0.573703	0.426297	1.250853
13530	-3998.3	-4258.899	260.5998	2.062889	0.4157822	0.573703	0.426297	1.068383
13536	-3978.419	-4238.771	260.3521	2.11636	0.5453945	0.764756	0.235244	1.042909
13542	-3980.845	-4241.151	260.3054	2.11636	0.5348663	0.58306	0.41694	1.102185
13548	-3975.69	-4236.122	260.4321	2.132067	0.4678411	0.694814	0.305186	1.072852
13554	-3994.808	-4255.282	260.4739	2.179628	0.4709491	0.588862	0.411138	0.9803912
13560	-4001.028	-4261.526	260.4979	2.195805	0.454633	0.629359	0.370641	0.9684193
13566	-3982.666	-4243.042	260.3758	2.285572	0.5190889	0.649473	0.350527	0.8854442
13572	-3985.625	-4246.113	260.4879	2.302528	0.488758	0.765845	0.234155	0.7868404
13578	-4002.749	-4263.245	260.4958	2.302528	0.484066	0.750644	0.249356	0.7868404
13584	-4000.469	-4260.795	260.3252	2.350066	0.5607412	0.750644	0.249356	0.7868404
13590	-3989.973	-4250.362	260.3892	2.28234	0.5585132	0.513633	0.486367	0.796483
13596	-4001.371	-4261.822	260.4504	2.33136	0.517301	0.697889	0.302111	0.7306043
13602	-3999.312	-4259.743	260.4311	2.343546	0.4829289	0.728107	0.271893	0.8206769
13608	-3996.375	-4256.752	260.3772	2.343546	0.5408918	0.743477	0.256523	0.7659701
13614	-3988.253	-4248.619	260.3662	2.343546	0.5528866	0.737566	0.262434	0.7548895
13620	-3977.766	-4238.153	260.3867	2.287707	0.5030224	0.657909	0.342091	0.9003401
13626	-3990.145	-4250.728	260.5832	2.223834	0.4248262	0.618689	0.381311	0.9046079
13632	-3992.397	-4252.697	260.3	2.260352	0.6080208	0.792326	0.207674	0.8447431
13638	-3982.61	-4243.136	260.5261	2.30323	0.4652172	0.532647	0.467353	0.7886382
13644	-3973.124	-4233.64	260.5159	2.295041	0.4721725	0.666752	0.333248	0.7972627
13650	-3980.671	-4241.151	260.4796	2.374416	0.465214	0.655569	0.344431	0.7535168
13656	-3991.073	-4251.4	260.3275	2.36543	0.5578233	0.789528	0.210472	0.7683301
13662	-4006.614	-4267.12	260.5063	2.246589	0.4712248	0.659752	0.340248	0.8717328
13668	-3985.927	-4246.36	260.4332	2.246589	0.5243212	0.660408	0.339592	0.8539796
13674	-3997.222	-4257.706	260.4839	2.26464	0.4041241	0.663577	0.336423	1.006834
13680	-3981.629	-4242.034	260.4041	2.258836	0.5331548	0.692742	0.307258	0.8572555
13686	-3987.206	-4247.698	260.4917	2.215477	0.4633603	0.740717	0.259283	0.9380738
13692	-3974.591	-4234.893	260.3021	2.210252	0.5400622	0.810052	0.189948	1.008223
13698	-3981.393	-4241.749	260.356	2.102299	0.5108039	0.605877	0.394123	1.103984
13704	-3978.982	-4239.409	260.4265	2.102299	0.5014228	0.793659	0.206341	1.052573
13710	-3978.493	-4238.783	260.2896	2.102299	0.5373278	0.61049	0.38951	1.125695
13716	-3975.699	-4236.01	260.3107	2.042938	0.5620856	0.67085	0.32915	1.125695
13722	-3985.778	-4246.131	260.3531	2.039665	0.495518	0.718008	0.281992	1.18459
13728	-3978.565	-4238.847	260.2822	2.109827	0.48395	0.743133	0.256867	1.201885
13734	-3970.475	-4230.823	260.3483	2.118935	0.4932457	0.743133	0.256867	1.122136
13740	-3977.693	-4238.04	260.3463	2.118935	0.4944916	0.666956	0.333044	1.122136
13746	-3983.378	-4243.815	260.4371	2.115135	0.4441271	0.645672	0.354328	1.122136
13752	-3987.256	-4247.608	260.3518	2.083285	0.4315269	0.645672	0.354328	1.243486
13758	-3973.805	-4233.993	260.188	1.998768	0.4923023	0.65052	0.34948	1.358887
13764	-3975.304	-4235.3	259.9964	2.004265	0.5688558	0.720588	0.279412	1.409446
13770	-3987.548	-4247.522	259.9745	2.008397	0.5558276	0.637904	0.362096	1.438426
13776	-3988.624	-4248.935	260.3114	1.990617	0.4586316	0.763338	0.236662	1.312918
13782	-3983.027	-4243.34	260.3128	1.989194	0.4586316	0.763338	0.236662	1.312918
13788	-3985.175	-4245.388	260.2131	1.989194	0.4701027	0.759302	0.240698	1.37634
13794	-3975.497	-4235.657	260.1601	1.944284	0.4970236	0.690741	0.309259	1.417158
13800	-3967.343	-4227.398	260.0544	1.996367	0.5359481	0.624404	0.375596	1.409941
13806	-3974.945	-4235.164	260.2188	1.984967	0.5166568	0.66094	0.33906	1.31334
13812	-3982.285	-4242.415	260.1297	1.882091	0.4389281	0.648605	0.351395	1.562589
13818	-3989.062	-4249.361	260.2996	1.882091	0.3882196	0.590594	0.409406	1.507556
13824	-3983.774	-4243.678	259.904	1.884022	0.5731261	0.718624	0.281376	1.564825
13830	-3991.897	-4251.957	260.0597	1.853334	0.4941092	0.696906	0.303094	1.564825
13836	-3988.186	-4248.125	259.9388	1.860465	0.5055757	0.697608	0.302392	1.63377
13842	-4006.965	-4267.115	260.1496	1.818494	0.409717	0.578946	0.421054	1.63377
13848	-3998.628	-4258.379	259.7506	1.748483	0.4536921	0.565196	0.434804	1.904745
13854	-3993.036	-4252.805	259.7691	1.781839	0.5099031	0.77378	0.22622	1.803911
13860	-3981.601	-4241.618	260.0176	1.836247	0.5476162	0.650997	0.349003	1.545054
13866	-3981.099	-4241.095	259.9963	1.831415	0.5646391	0.651705	0.348295	1.545054
13872	-3991.238	-4251.289	260.0515	1.787596	0.5118145	0.745476	0.254524	1.597533
13878	-3987.02	-4246.988	259.967	1.787596	0.516428	0.672444	0.327556	1.653143
13884	-4004.378	-4264.346	259.9683	1.7863	0.516428	0.7137	0.2863	1.653143
13890	-4008.235	-4268.326	260.0915	1.896884	0.5456455	0.65777	0.34223	1.446257
13896	-4014.828	-4275.059	260.231	1.875863	0.4730913	0.761894	0.238106	1.446257
13902	-3998.091	-4258.37	260.2783	2.09849	0.5475683	0.760383	0.239617	1.124899
13908	-4006.128	-4266.538	260.41	2.100788	0.4415763	0.699556	0.300444	1.16305
13914	-4002.696	-4263.096	260.3998	2.100788	0.4993677	0.699556	0.300444	1.082316
13920	-4007.621	-4267.683	260.062	1.911262	0.5574167	0.684024	0.315976	1.44394
13926	-4001.465	-4261.601	260.1366	2.028454	0.5853036	0.684024	0.315976	1.25816
13932	-3992.89	-4253.154	260.2638	1.983965	0.4801616	0.621112	0.378888	1.326581
13938	-3991.922	-4252.234	260.3113	2.107508	0.456943	0.621112	0.378888	1.218795
13944	-3984.733	-4244.989	260.2561	2.119971	0.5604041	0.623825	0.376175	1.107671
13950	-3978.867	-4239.12	260.2527	2.227992	0.5926384	0.676774	0.323226	0.9594433
13956	-3977.078	-4237.265	260.1872	2.296216	0.5926384	0.657129	0.342871	0.9566203
13962	-3980.814	-4241.264	260.4498	2.296216	0.4695165	0.657129	0.342871	0.8831424
13968	-3986.295	-4246.844	260.5491	2.31123	0.4064913	0.670306	0.329694	0.8831424
13974	-3989.378	-4249.916	260.5376	2.293233	0.422178	0.670306	0.329694	0.8831424
13980	-3976.816	-4237.285	260.4698	2.2632	0.4645353	0.646314	0.353686	0.9076911
13986	-3976.403	-4236.805	260.4021	2.2632	0.5062286	0.684245	0.315755	0.9047159
13992	-3975.418	-4235.719	260.3008	2.2632	0.5670221	0.684245	0.315755	0.9109545
13998	-3965.481	-4225.763	260.282	2.302054	0.5884626	0.572009	0.427991	0.8506582
14004	-3967.833	-4228.321	260.4872	2.302054	0.4422791	0.561569	0.438431	0.888697
14010	-3971.485	-4231.862	260.3774	2.30184	0.5011244	0.663901	0.336099	0.8984747
14016	-3977.492	-4237.636	260.1444	2.313315	0.6401649	0.662104	0.337896	0.9112536
14022	-3989.058	-4249.243	260.1841	2.386714	0.5944319	0.646457	0.353543	0.8560743
14028	-4006.918	-4267.341	260.4234	2.448692	0.4513652	0.609024	0.390976	0.7627274
14034	-4005.647	-4266.181	260.5337	2.325698	0.4513652	0.659354	0.340646	0.7807683
14040	-3997.735	-4258.067	260.3315	2.372458	0.5277792	0.624568	0.375432	0.8169686
14046	-3992.548	-4252.943	260.3946	2.350852	0.5071089	0.590523	0.409477	0.8063557
14052	-3978.626	-4238.853	260.2279	2.348425	0.6143574	0.591103	0.408897	0.8131826
14058	-3975.901	-4236.214	260.3135	2.382743	0.5493484	0.765531	0.234469	0.7820384
14064	-3982.117	-4242.431	260.3137	2.382743	0.5491992	0.691006	0.308994	0.7820384
14070	-3980.828	-4241.125	260.2969	2.335323	0.5491992	0.68097	0.31903	0.8639672
14076	-3991.039	-4251.438	260.3991	2.294719	0.5216134	0.706217	0.293783	0.8421357
14082	-4001.854	-4262.243	260.389	2.303759	0.5424308	0.780446	0.219554	0.8013791
14088	-3988.776	-4249.24	260.4637	2.19415	0.4474646	0.780446	0.219554	1.017298
14094	-3980.827	-4241.228	260.4016	2.19415	0.4474646	0.660963	0.339037	1.076731
14100	-3983.947	-4244.372	260.4246	2.19415	0.4803226	0.628385	0.371615	0.9993821
14106	-3979.997	-4240.344	260.347	2.195315	0.53892	0.691943	0.308057	0.9798747
14112	-3979.759	-4240.163	260.4032	2.212397	0.4723507	0.725104	0.274896	1.016035
14118	-3979.044	-4239.355	260.3108	2.141734	0.5422739	0.607779	0.392221	1.06275
14124	-3986.042	-4246.506	260.4635	2.094602	0.4563911	0.630986	0.369014	1.096954
14130	-3999.204	-4259.562	260.3573	2.106678	0.5120528	0.630986	0.369014	1.096954
14136	-3979.833	-4240.36	260.527	2.106678	0.4991541	0.774279	0.225721	0.9516435
14142	-3985.447	-4245.855	260.4081	2.185739	0.4991541	0.729621	0.270379	0.9926475
14148	-3985.037	-4245.422	260.3853	2.185739	0.4952058	0.663086	0.336914	1.021785
14154	-3976.657	-4236.94	260.2826	2.185739	0.5923676	0.663086	0.336914	0.9726284
14160	-3985.415	-4245.945	260.5296	2.185739	0.4401968	0.663086	0.336914	0.9726284
14166	-3989.748	-4250.239	260.491	2.224326	0.4401968	0.750786	0.249214	0.9726284
14172	-3969.788	-4230.222	260.4341	2.221183	0.4860723	0.750786	0.249214	0.951922
14178	-3998.493	-4259.061	260.5681	2.233511	0.3940112	0.614272	0.385728	0.9730095
14184	-3997.454	-4257.606	260.1523	1.967303	0.5536444	0.709432	0.290568	1.334078
14190	-3991.312	-4251.603	260.2902	2.328917	0.5702762	0.768418	0.231582	0.8409054
14196	-3972.058	-4232.303	260.2447	2.328917	0.6010586	0.721867	0.278133	0.8409054
14202	-3970.488	-4230.826	260.3378	2.327512	0.5819124	0.721867	0.278133	0.7556273
14208	-3987.613	-4248.136	260.523	2.339685	0.4594275	0.742992	0.257008	0.7556273
14214	-3987.667	-4248.091	260.4242	2.296258	0.5618027	0.66427	0.33573	0.716875
14220	-3979.931	-4240.39	260.459	2.425632	0.4702361	0.635672	0.364328	0.689414
14226	-3992.743	-4253.214	260.4704	2.453714	0.4477053	0.736586	0.263414	0.689414
14232	-3994.986	-4255.243	260.2566	2.501867	0.541956	0.641017	0.358983	0.7044335
14238	-3993.989	-4254.28	260.2914	2.373542	0.541956	0.683089	0.316911	0.8380227
14244	-3994.939	-4255.341	260.4025	2.373542	0.4929318	0.684843	0.315157	0.7967991
14250	-4003.679	-4264.157	260.4783	2.368534	0.4238979	0.671617	0.328383	0.8606404
14256	-4018.1	-4278.499	260.3998	2.307195	0.461247	0.655267	0.344733	0.9422927
14262	-3997.413	-4257.277	259.8644	1.797113	0.5193856	0.689819	0.310181	1.71599
14268	-4004.769	-4264.599	259.8295	1.795447	0.5424091	0.765546	0.234454	1.71599
14274	-4006.916	-4266.793	259.8776	2.025017	0.7012555	0.762825	0.237175	1.340932
14280	-3993.247	-4253.568	260.3215	2.023139	0.4571194	0.67153	0.32847	1.280383
14286	-4005.54	-4265.476	259.9357	1.966506	0.5831303	0.800708	0.199292	1.468532
14292	-3992.521	-4252.359	259.8376	1.8993	0.6156215	0.673746	0.326254	1.55666
14298	-3995.454	-4255.557	260.1031	1.928366	0.5604238	0.637093	0.362907	1.395429
14304	-4001.724	-4261.789	260.0644	1.980407	0.5690526	0.75436	0.24564	1.37474
14310	-3998.933	-4259.184	260.2512	2.120902	0.5435022	0.753444	0.246556	1.134792
14316	-4005.009	-4265.317	260.3074	2.128099	0.5265938	0.630439	0.369561	1.101538
14322	-3985.282	-4245.624	260.3428	2.22041	0.5348869	0.631835	0.368165	0.9649518
14328	-3987.988	-4248.219	260.2316	2.234483	0.600626	0.633369	0.366631	0.9624788
14334	-3984.211	-4244.606	260.395	2.351095	0.4915786	0.739698	0.260302	0.838304
14340	-3987.847	-4248.261	260.4146	2.338831	0.4860352	0.694714	0.305286	0.8408137
14346	-3984.631	-4244.95	260.3192	2.338831	0.5243542	0.699881	0.300119	0.8795543
14352	-3995.38	-4255.633	260.2536	2.208191	0.5786777	0.699881	0.300119	0.9998264
14358	-3983.001	-4243.452	260.4516	2.206333	0.4427888	0.699881	0.300119	1.025501
14364	-3989.368	-4249.662	260.2937	2.199102	0.5154461	0.610338	0.389662	1.064975
14370	-3986.502	-4246.879	260.3767	2.238036	0.56182	0.610338	0.389662	0.8617981
14376	-3984.327	-4244.759	260.4321	2.246911	0.4926144	0.685269	0.314731	0.91452
14382	-3986.562	-4247.076	260.5147	2.147328	0.450928	0.684648	0.315352	1.007127
14388	-3977.072	-4237.629	260.5571	2.21188	0.369638	0.683649	0.316351	1.053084
14394	-3979.274	-4239.638	260.3637	2.258062	0.5148479	0.702743	0.297257	0.9369138
14400	-3987.141	-4247.544	260.4022	2.258062	0.5050472	0.651576	0.348424	0.9124476
14406	-3988.904	-4249.382	260.4784	2.258062	0.4450294	0.67622	0.32378	0.9414751
14412	-3992.246	-4252.707	260.4609	2.235504	0.5282097	0.646668	0.353332	0.8257013
14418	-3986.018	-4246.437	260.419	2.295113	0.5036339	0.636937	0.363063	0.8529839
14424	-3973.454	-4233.904	260.4498	2.295113	0.5036339	0.724901	0.275099	0.8144557
14430	-3976.934	-4237.364	260.4305	2.162434	0.5331734	0.721166	0.278834	0.9364402
14436	-3981.015	-4241.495	260.4793	2.162434	0.4047166	0.557003	0.442997	1.107173
14442	-3980.004	-4240.167	260.1623	2.124599	0.5667446	0.576213	0.423787	1.178407
14448	-3982.698	-4243.161	260.4628	2.073537	0.4315496	0.679247	0.320753	1.156653
14454	-3996.513	-4255.995	259.4826	1.799554	0.5939732	0.726011	0.273989	1.899101
14460	-4022.212	-4282.552	260.3391	2.035614	0.5071891	0.714176	0.285824	1.183542
14466	-3999.743	-4260.012	260.2688	1.997015	0.4896326	0.658593	0.341407	1.299122
14472	-3991.899	-4252.106	260.2076	1.985905	0.5815124	0.718881	0.281119	1.239162
14478	-4002.162	-4262.228	260.0656	1.994374	0.5860767	0.613527	0.386473	1.342668
14484	-3992.897	-4253.203	260.3054	1.987396	0.4620258	0.723503	0.276497	1.315562
14490	-3996.177	-4256.292	260.1144	1.935698	0.5887951	0.690849	0.309151	1.347319
14496	-3998.166	-4258.228	260.0625	2.003132	0.5782984	0.743804	0.256196	1.347319
14502	-3997.627	-4257.901	260.2744	2.050048	0.5215052	0.685807	0.314193	1.206767
14508	-4009.626	-4269.633	260.0075	1.997594	0.6228988	0.739061	0.260939	1.343974
14514	-4011.608	-4271.644	260.0362	1.904706	0.5803871	0.769813	0.230187	1.442146
14520	-4008.91	-4268.288	259.3776	1.693912	0.41239	0.651126	0.348874	2.236556
14526	-4014.576	-4274.128	259.5521	1.511851	0.4058804	0.651126	0.348874	2.249357
14532	-3987.625	-4247.026	259.4014	1.582046	0.4684983	0.669525	0.330475	2.228027
14538	-3997.324	-4257.034	259.7099	1.703605	0.4203023	0.773775	0.226225	2.00299
14544	-4000.747	-4260.362	259.6143	1.703139	0.4405004	0.742654	0.257346	2.04218
14550	-3993.05	-4252.84	259.7899	1.796939	0.5047252	0.706717	0.293283	1.784907
14556	-3992.201	-4252.235	260.0342	1.882926	0.5047252	0.652847	0.347153	1.548843
14562	-3987.652	-4247.544	259.8919	1.852756	0.5047252	0.670172	0.329828	1.673924
14568	-3996.502	-4256.225	259.7234	1.70978	0.5047252	0.701502	0.298498	1.890478
14574	-4000.912	-4260.729	259.8174	1.773267	0.5047252	0.701502	0.298498	1.782234
14580	-4007.528	-4267.565	260.037	1.773267	0.3898891	0.676525	0.323475	1.772605
14586	-4019.687	-4279.538	259.8511	1.693989	0.4778203	0.661009	0.338991	1.844854
14592	-4014.27	-4274.43	260.1592	1.924676	0.499246	0.78025	0.21975	1.430107
14598	-4022.277	-4282.345	260.0684	1.924676	0.5905633	0.562201	0.437799	1.390219
14604	-4002.684	-4262.449	259.7653	1.907659	0.6080805	0.567334	0.432666	1.611304
14610	-3992.961	-4253.073	260.1118	1.954951	0.4643799	0.704635	0.295365	1.488172
14616	-3989.642	-4249.892	260.2507	1.911482	0.540464	0.764479	0.235521	1.316299
14622	-3988.169	-4247.645	259.4763	1.655181	0.4842367	0.716411	0.283589	2.11436
14628	-3993.771	-4253.206	259.4355	1.682614	0.5001016	0.738149	0.261851	2.105747
14634	-3999.743	-4259.562	259.8188	1.689558	0.4613398	0.660874	0.339126	1.889369
14640	-4003.35	-4263.102	259.752	1.728411	0.5596951	0.610163	0.389837	1.798373
14646	-3994.843	-4254.437	259.5936	1.728411	0.5596951	0.718759	0.281241	1.906827
14652	-4004.965	-4264.107	259.1421	1.814829	0.5793937	0.749109	0.250891	2.129818
14658	-3996.811	-4256.213	259.4024	1.755232	0.5115337	0.696486	0.303514	2.067392
14664	-3986.934	-4246.241	259.3066	1.670266	0.5189464	0.67479	0.32521	2.177803
14670	-3976.799	-4236.576	259.7772	1.71992	0.5424954	0.67479	0.32521	1.805156
14676	-3979.055	-4238.946	259.8904	1.713155	0.4559114	0.65296	0.34704	1.830784
14682	-3978.737	-4238.476	259.7384	1.701008	0.5557653	0.627738	0.372262	1.830784
14688	-3975.236	-4235.02	259.7839	1.701008	0.4344435	0.731247	0.268753	1.937716
14694	-3983.168	-4242.457	259.2887	1.677778	0.6345847	0.757853	0.242147	2.071342
14700	-3979.279	-4239.23	259.9507	1.740414	0.5237258	0.606681	0.393319	1.690105
14706	-3976.894	-4236.544	259.6494	1.734375	0.5033683	0.74609	0.25391	1.925434
14712	-3977.066	-4236.739	259.6726	1.725443	0.4935835	0.792528	0.207472	1.92675
14718	-3991.044	-4250.283	259.2389	1.695484	0.6745619	0.548147	0.451853	2.056482
14724	-4007.281	-4266.864	259.5839	1.642762	0.480004	0.662454	0.337546	2.056482
14730	-4003.493	-4262.933	259.4396	1.643103	0.480004	0.629852	0.370148	2.150882
14736	-3997.865	-4257.686	259.8207	1.702963	0.3661546	0.76498	0.23502	2.000022
14742	-3993.049	-4252.926	259.8776	1.699309	0.4805573	0.744168	0.255832	1.819759
14748	-4004.122	-4263.897	259.7752	1.744277	0.5091299	0.614389	0.385611	1.82649
14754	-4000.847	-4260.636	259.7884	1.744277	0.4539254	0.576755	0.423245	1.881667
14760	-3988.856	-4248.381	259.5254	1.698262	0.6245078	0.737081	0.262919	1.908999
14766	-3985.253	-4244.842	259.589	1.71592	0.5249275	0.735886	0.264114	1.955049
14772	-4000.468	-4260.663	260.1945	1.85283	0.4267624	0.748644	0.251356	1.552817
14778	-3987.655	-4247.742	260.0872	2.009876	0.5992689	0.724434	0.275566	1.297175
14784	-3993.139	-4253.024	259.8847	1.746844	0.5268119	0.673247	0.326753	1.728716
14790	-3991.568	-4251.684	260.1164	1.843102	0.5369609	0.634711	0.365289	1.478512
14796	-4001.26	-4261.325	260.0647	1.957217	0.4983067	0.748364	0.251636	1.478512
14802	-3978.108	-4238.316	260.2084	1.957217	0.5278284	0.65935	0.34065	1.329643
14808	-3985.112	-4245.139	260.028	1.957403	0.5985591	0.810089	0.189911	1.387067
14814	-3984.191	-4244.41	260.2192	1.967244	0.4713742	0.635076	0.364924	1.387067
14820	-3992.266	-4252.083	259.8168	1.904843	0.4903288	0.733535	0.266465	1.707224
14826	-3983.75	-4243.854	260.1038	1.868724	0.484454	0.733535	0.266465	1.53286
14832	-3988.779	-4248.431	259.6524	1.729075	0.5410636	0.74144	0.25856	1.886009
14838	-3997.741	-4257.713	259.9721	1.859783	0.5786149	0.629134	0.370866	1.526339
14844	-3998.446	-4258.347	259.9005	1.877842	0.5405935	0.525789	0.474211	1.608313
14850	-3998.584	-4258.45	259.866	1.84668	0.5487331	0.821149	0.178851	1.646589
14856	-3990.393	-4250.177	259.7842	1.827666	0.6950961	0.672289	0.327711	1.568789
14862	-3981.683	-4241.139	259.456	1.830123	0.674057	0.652628	0.347372	1.819766
14868	-4003.998	-4263.744	259.7458	1.855039	0.6536943	0.631038	0.368962	1.617178
14874	-3999.637	-4259.502	259.8645	1.826516	0.459482	0.667997	0.332003	1.765839
14880	-3997.137	-4257.035	259.8981	1.750624	0.5181521	0.702182	0.297818	1.726373
14886	-3985.757	-4245.334	259.5775	1.722947	0.5127658	0.636322	0.363678	1.971182
14892	-3975.852	-4235.622	259.7701	1.691778	0.5336302	0.684077	0.315923	1.839097
14898	-3988.985	-4248.673	259.6884	1.709828	0.5336302	0.746025	0.253975	1.882599
14904	-3983.152	-4243.089	259.9369	1.682618	0.5031209	0.688753	0.311247	1.763976
14910	-3984.81	-4244.189	259.3793	1.696974	0.5065171	0.743427	0.256573	2.126216
14916	-3981.406	-4241.409	260.0023	1.74103	0.4839357	0.743427	0.256573	1.699443
14922	-3991.843	-4251.613	259.7697	1.800504	0.5956919	0.712574	0.287426	1.697801
14928	-3998.146	-4258.228	260.0824	1.82139	0.4591968	0.686784	0.313216	1.615112
14934	-4009.407	-4269.375	259.968	1.843907	0.5375613	0.68151	0.31849	1.58734
14940	-4013	-4273.203	260.2029	1.884982	0.4281314	0.800048	0.199952	1.520882
14946	-4004.492	-4264.588	260.0956	1.921708	0.5541884	0.707462	0.292538	1.413861
14952	-4004.951	-4264.821	259.8697	1.855571	0.4406691	0.661877	0.338123	1.765311
14958	-3994.27	-4254.012	259.7422	1.774414	0.5666307	0.569854	0.430146	1.765839
14964	-3992.27	-4252.139	259.8695	1.755094	0.502693	0.597288	0.402712	1.760963
14970	-3998.345	-4258.102	259.757	1.650191	0.5330179	0.734447	0.265553	1.877105
14976	-3992.856	-4252.152	259.2956	1.675448	0.5430755	0.702322	0.297678	2.156761
14982	-3990.867	-4250.612	259.7449	1.773027	0.5430755	0.730237	0.269763	1.79014
14988	-3995.228	-4254.968	259.7399	1.773027	0.5178738	0.730237	0.269763	1.821277
14994	-3996.209	-4256.192	259.9832	1.90708	0.4439675	0.692245	0.307755	1.644296
15000	-3978.597	-4238.796	260.1995	1.938069	0.553337	0.719924	0.280076	1.320051
15006	-3972.345	-4232.312	259.9674	1.938069	0.5186576	0.736422	0.263578	1.540708
15012	-3992.807	-4252.983	260.1768	1.925384	0.4865406	0.690753	0.309247	1.432336
15018	-3984.778	-4244.892	260.1141	1.971228	0.5165577	0.690381	0.309619	1.40715
15024	-3981.364	-4241.581	260.2169	1.988686	0.5170906	0.664474	0.335526	1.311264
15030	-3992.426	-4252.422	259.9966	1.948089	0.5238503	0.725819	0.274181	1.505325
15036	-3989.815	-4249.821	260.0052	1.868818	0.5693041	0.593318	0.406682	1.505325
15042	-4001.952	-4262.192	260.2399	2.040883	0.4874591	0.670316	0.329684	1.28987
15048	-3998.719	-4258.853	260.1344	2.002872	0.5642876	0.670316	0.329684	1.306778
15054	-4001.371	-4261.634	260.2632	2.112544	0.5157653	0.730687	0.269313	1.1705
15060	-3994.24	-4254.355	260.1152	2.009065	0.5757225	0.675526	0.324474	1.303325
15066	-3983.761	-4244.262	260.501	2.062074	0.4165588	0.704283	0.295717	1.157577
15072	-3983.298	-4243.544	260.2465	2.062074	0.5359708	0.704283	0.295717	1.200716
15078	-3992.939	-4253.154	260.2152	2.062074	0.544194	0.755868	0.244132	1.216428
15084	-3984.437	-4244.916	260.4794	2.140154	0.4129596	0.610781	0.389219	1.113128
15090	-3990.396	-4250.523	260.1274	2.171721	0.6046151	0.750339	0.249661	1.117969
15096	-3984.572	-4245.049	260.4764	2.011489	0.4539298	0.791442	0.208558	1.163804
15102	-3984.341	-4244.566	260.2245	2.026576	0.6111522	0.656569	0.343431	1.152435
15108	-3982.788	-4242.878	260.0906	2.095131	0.621743	0.648981	0.351019	1.196204
15114	-3986.615	-4247.069	260.4535	2.135341	0.4570266	0.659624	0.340376	1.067358
15120	-3982.962	-4243.469	260.5069	2.123823	0.4631331	0.736558	0.263442	1.016777
15126	-3987.617	-4248.019	260.4015	2.186543	0.4866602	0.666789	0.333211	1.019114
15132	-3983.089	-4243.52	260.4312	2.107291	0.4866602	0.65636	0.34364	1.066782
15138	-4015.84	-4276.202	260.362	2.174067	0.4418384	0.65874	0.34126	1.14032
15144	-4013.225	-4273.765	260.54	2.397236	0.4335612	0.665328	0.334672	0.7111498
15150	-3998.456	-4258.966	260.5098	2.446006	0.4335612	0.737115	0.262885	0.6780901
15156	-3992.818	-4253.397	260.5786	2.397822	0.4335612	0.737839	0.262161	0.6346469
15162	-3990.756	-4251.2	260.4438	2.182536	0.5239223	0.608326	0.391674	0.9160874
15168	-3997.766	-4258.138	260.3711	2.22508	0.4846822	0.671436	0.328564	1.014393
15174	-3991.174	-4251.565	260.3904	2.214054	0.5054659	0.621711	0.378289	0.9711818
15180	-3974.149	-4234.492	260.3433	2.214054	0.5054659	0.635901	0.364099	1.018552
15186	-3998.674	-4259.17	260.4961	2.225477	0.446398	0.680692	0.319308	0.9545644
15192	-3998.735	-4259.183	260.4489	2.225477	0.5128963	0.643801	0.356199	0.8820148
15198	-3994.645	-4255.036	260.3918	2.248793	0.5337641	0.643801	0.356199	0.8824387
15204	-4000.595	-4260.832	260.2376	2.246639	0.6019249	0.604542	0.395458	0.941406
15210	-4007.685	-4268.007	260.3225	2.200036	0.5545148	0.593766	0.406234	0.9753788
15216	-3975.407	-4235.791	260.3839	2.223993	0.4993109	0.735541	0.264459	0.9781065
15222	-3980.878	-4241.378	260.4998	2.100479	0.4241076	0.60721	0.39279	1.111711
15228	-3965.45	-4226.036	260.5861	2.166488	0.4177159	0.712693	0.287307	0.9768019
15234	-3996.355	-4256.803	260.4479	2.24932	0.5030314	0.709712	0.290288	0.8742125
15240	-3977.709	-4238.09	260.3812	2.24932	0.5030314	0.640784	0.359216	0.9481995
15246	-3988.768	-4249.144	260.3765	2.24932	0.5307314	0.640784	0.359216	0.9046449
15252	-3976.104	-4236.435	260.3304	2.267382	0.5777715	0.611198	0.388802	0.8532239
15258	-3971.418	-4231.772	260.3538	2.258899	0.5935273	0.601518	0.398482	0.8050556
15264	-3983.358	-4243.733	260.375	2.30958	0.5344415	0.709738	0.290262	0.8282016
15270	-3984.613	-4244.938	260.3254	2.30958	0.5664989	0.709738	0.290262	0.8282016
15276	-3992.473	-4252.914	260.4407	2.270629	0.5176396	0.688631	0.311369	0.8282016
15282	-3991.121	-4251.689	260.5676	2.270629	0.4491214	0.683246	0.316754	0.8144279
15288	-3988.945	-4249.398	260.4534	2.270629	0.504429	0.667865	0.332135	0.8392122
15294	-3993.512	-4253.767	260.2545	2.083004	0.5399821	0.683887	0.316113	1.170242
15300	-3980.548	-4240.859	260.3109	2.083004	0.5458746	0.735119	0.264881	1.111837
15306	-3993.405	-4253.397	259.9923	2.083004	0.7014188	0.638141	0.361859	1.198248
15312	-3995.721	-4256.073	260.3521	2.096113	0.4545968	0.663667	0.336333	1.197256
15318	-3984.595	-4245.074	260.4786	2.132992	0.3983635	0.717655	0.282345	1.145265
15324	-3992.688	-4252.916	260.2275	1.942254	0.5595016	0.630321	0.369679	1.286301
15330	-3987.127	-4247.282	260.1548	2.00259	0.5129698	0.650688	0.349312	1.355165
15336	-3991.171	-4251.398	260.2275	2.005787	0.5411478	0.59475	0.40525	1.257296
15342	-3977.027	-4237.333	260.3056	2.034019	0.4761392	0.777852	0.222148	1.257296
15348	-3991.77	-4252.195	260.4252	2.063335	0.4249058	0.730641	0.269359	1.208654
15354	-3982.052	-4242.224	260.1714	2.019919	0.6119808	0.664408	0.335592	1.203338
15360	-3981.038	-4241.336	260.2974	1.954337	0.4661994	0.684027	0.315973	1.342586
15366	-3975.485	-4235.681	260.196	2.018961	0.5395597	0.684027	0.315973	1.274549
15372	-3987.597	-4247.891	260.2936	2.018961	0.5395597	0.684027	0.315973	1.192384
15378	-3978.632	-4238.947	260.3146	2.089657	0.5379278	0.649066	0.350934	1.113717
15384	-3985.81	-4245.939	260.1292	2.168955	0.6184619	0.661394	0.338606	1.10078
15390	-3998.199	-4258.362	260.1621	2.100471	0.6324349	0.6264	0.3736	1.115241
15396	-3985.704	-4245.858	260.1537	2.129785	0.5986607	0.729593	0.270407	1.139746
15402	-3988.421	-4248.846	260.4251	2.012974	0.4630409	0.682313	0.317687	1.193212
15408	-3985.154	-4245.447	260.2937	1.949047	0.513532	0.781904	0.218096	1.285803
15414	-3983.426	-4243.563	260.1377	1.942263	0.5169494	0.719258	0.280742	1.410808
15420	-3979.012	-4239.054	260.0427	1.911668	0.5011832	0.678107	0.321893	1.525594
15426	-3993.123	-4252.906	259.7831	1.911668	0.7220956	0.703383	0.296617	1.4812
15432	-3983.227	-4243.169	259.9422	1.920336	0.5670404	0.737951	0.262049	1.516492
15438	-3997.211	-4257.31	260.0991	1.802241	0.5418051	0.651234	0.348766	1.516492
15444	-3990.469	-4250.697	260.2281	1.934018	0.5060639	0.651234	0.348766	1.36035
15450	-3985.645	-4246.081	260.4364	2.162452	0.5251272	0.706879	0.293121	0.9437987
15456	-3992.931	-4253.251	260.3193	2.041374	0.5524932	0.768689	0.231311	1.132545
15462	-3979.857	-4240.02	260.1628	2.048725	0.59371	0.711474	0.288526	1.208686
15468	-3973.546	-4233.867	260.3207	2.020217	0.534457	0.662097	0.337903	1.174787
15474	-3972.618	-4232.945	260.3271	1.958896	0.534457	0.741733	0.258267	1.221971
15480	-3983.781	-4244.034	260.2527	1.886047	0.5314031	0.641022	0.358978	1.346503
15486	-3995.037	-4255.359	260.322	1.928325	0.4929174	0.726204	0.273796	1.30722
15492	-3986.703	-4246.886	260.183	1.928325	0.6403421	0.640328	0.359672	1.237246
15498	-3973.359	-4233.638	260.2786	1.927586	0.4949671	0.73752	0.26248	1.339909
15504	-3978.534	-4238.631	260.0974	1.927586	0.6018592	0.712259	0.287741	1.352048
15510	-3984.482	-4244.429	259.9465	1.961669	0.6594922	0.82455	0.17545	1.380416
15516	-3976.541	-4236.703	260.1623	1.897798	0.5213841	0.652611	0.347389	1.420608
15522	-3983.385	-4243.363	259.9779	1.897798	0.48755	0.70016	0.29984	1.600096
15528	-3984.845	-4244.964	260.1186	1.963888	0.5740321	0.713405	0.286595	1.339036
15534	-3974.78	-4234.8	260.0206	1.865902	0.5475401	0.720483	0.279517	1.520873
15540	-3966.932	-4226.922	259.99	1.949559	0.6381211	0.672198	0.327802	1.378817
15546	-3977.757	-4237.758	260.0011	1.992659	0.4738936	0.672198	0.327802	1.53046
15552	-3980.696	-4240.416	259.7204	1.952084	0.6014545	0.687375	0.312625	1.618612
15558	-3966.24	-4226.458	260.2174	1.920042	0.5079331	0.747916	0.252084	1.377404
15564	-3964.519	-4224.704	260.1851	2.010309	0.5030044	0.687296	0.312704	1.337941
15570	-3968.642	-4228.842	260.1996	1.940286	0.4221566	0.697967	0.302033	1.490208
15576	-3969.808	-4229.913	260.1057	1.882016	0.4878805	0.601578	0.398422	1.517236
15582	-3974.986	-4235.286	260.2999	1.952721	0.5548074	0.732609	0.267391	1.223366
15588	-3976.89	-4237.183	260.2935	2.053369	0.4958485	0.6692	0.3308	1.223366
15594	-3974.328	-4234.582	260.2536	2.034836	0.5223747	0.6692	0.3308	1.236072
15600	-3990.927	-4251.039	260.112	2.034836	0.5390284	0.62711	0.37289	1.330474
15606	-3984.001	-4244.49	260.489	2.02536	0.4063541	0.652821	0.347179	1.216311
15612	-3967.458	-4227.888	260.4303	2.070516	0.4942101	0.677308	0.322692	1.090093
15618	-3973.933	-4234.287	260.3541	2.123488	0.4318384	0.669595	0.330405	1.207131
15624	-3998.146	-4258.118	259.9723	2.123488	0.7283894	0.656707	0.343293	1.150298
15630	-3989.012	-4249.351	260.3395	2.123488	0.4980752	0.631909	0.368091	1.118798
15636	-4004.458	-4264.714	260.2561	2.137885	0.5509525	0.709499	0.290501	1.104583
15642	-3997.813	-4258.152	260.3388	2.13236	0.5116631	0.644478	0.355522	1.090908
15648	-3982.828	-4243.294	260.4653	2.202239	0.4560795	0.738715	0.261285	0.9924562
15654	-3989.452	-4249.746	260.2939	2.202239	0.573196	0.736465	0.263535	0.9733372
15660	-3980.932	-4241.186	260.2541	2.093225	0.573196	0.646197	0.353803	1.11623
15666	-3979.141	-4239.516	260.3746	2.031789	0.5504491	0.700308	0.299692	1.093927
15672	-3983.462	-4243.776	260.3131	2.104606	0.5504491	0.605707	0.394293	1.083472
15678	-3980.482	-4240.781	260.2989	2.086675	0.5504491	0.657907	0.342093	1.112973
15684	-3973.173	-4233.464	260.2912	2.086675	0.5554266	0.650323	0.349677	1.112973
15690	-3976.586	-4236.993	260.4067	2.086675	0.5103007	0.686929	0.313071	1.072276
15696	-3977.014	-4237.336	260.3222	2.008178	0.4996693	0.686929	0.313071	1.231893
15702	-3970.175	-4230.357	260.182	2.05193	0.6153492	0.686929	0.313071	1.162242
15708	-3989.829	-4250.32	260.491	2.132278	0.4981116	0.648883	0.351117	0.9642734
15714	-3991.864	-4252.133	260.2691	2.178748	0.5510026	0.78022	0.21978	1.054369
15720	-3980.058	-4240.406	260.348	2.121158	0.5080124	0.673703	0.326297	1.098216
15726	-3980.14	-4240.517	260.3772	2.137989	0.4993305	0.700437	0.299563	1.068796
15732	-3978.763	-4239.087	260.3237	2.15647	0.5207491	0.58814	0.41186	1.068796
15738	-3983.935	-4244.252	260.3167	2.115502	0.5546419	0.640736	0.359264	1.063822
15744	-3989.327	-4249.745	260.4179	2.131013	0.481715	0.688112	0.311888	1.064817
15750	-3992.016	-4252.304	260.288	2.164175	0.5524358	0.688112	0.311888	1.048128
15756	-3976.404	-4236.631	260.2266	2.156876	0.5982826	0.690891	0.309109	1.048128
15762	-3985.663	-4245.942	260.2792	2.102657	0.5374177	0.731279	0.268721	1.134638
15768	-3979.548	-4239.781	260.2333	2.125619	0.5521136	0.666473	0.333527	1.134638
15774	-3981.036	-4241.457	260.4214	2.095797	0.4798941	0.71376	0.28624	1.097143
15780	-3993.753	-4254.24	260.4875	2.145238	0.4555034	0.734728	0.265272	1.027971
15786	-3989.395	-4249.696	260.3002	1.977145	0.5144618	0.734728	0.265272	1.255974
15792	-3981.49	-4241.739	260.2489	1.999408	0.5144618	0.730617	0.269383	1.279945
15798	-3982.878	-4243.198	260.3198	1.981777	0.4294605	0.755958	0.244042	1.355135
15804	-3984.112	-4244.15	260.0376	1.948639	0.626272	0.707282	0.292718	1.355135
15810	-3981.134	-4241.303	260.1689	1.933862	0.4980393	0.707282	0.292718	1.417092
15816	-3970.271	-4230.333	260.0627	1.936992	0.613441	0.798824	0.201176	1.358911
15822	-3976.023	-4236.134	260.1109	1.9413	0.5774975	0.632632	0.367368	1.358911
15828	-3973.531	-4233.515	259.9842	1.95789	0.6781629	0.639788	0.360212	1.333721
15834	-3963.337	-4223.69	260.3528	1.994757	0.4773834	0.743721	0.256279	1.248905
15840	-3978.696	-4238.774	260.0776	2.016181	0.6841675	0.731289	0.268711	1.201803
15846	-3970.564	-4230.688	260.1239	2.030402	0.6384107	0.657885	0.342115	1.203113
15852	-4001.046	-4261.553	260.5066	2.151506	0.4337122	0.641404	0.358596	1.041193
15858	-3991.534	-4252.054	260.5195	2.151506	0.4588944	0.697802	0.302198	0.9839957
15864	-3986.104	-4246.466	260.3624	2.173345	0.5405607	0.58457	0.41543	0.9839957
15870	-3984.133	-4244.581	260.4482	2.071087	0.4693908	0.690565	0.309435	1.111704
15876	-3979.88	-4240.157	260.2766	2.09211	0.5529252	0.580638	0.419362	1.124733
15882	-3992.004	-4252.315	260.3111	2.132116	0.4998074	0.599617	0.400383	1.133911
15888	-3993.425	-4253.81	260.3847	2.147842	0.5203727	0.606302	0.393698	1.019183
15894	-4003.568	-4263.849	260.2806	1.998384	0.5571458	0.678282	0.321718	1.197863
15900	-3999.525	-4259.74	260.2148	1.931653	0.5756228	0.665829	0.334171	1.285362
15906	-3990.294	-4250.566	260.2722	1.939254	0.5138574	0.709393	0.290607	1.310765
15912	-3990.365	-4250.656	260.2911	1.992383	0.4652261	0.731444	0.268556	1.318512
15918	-3983.429	-4243.863	260.4339	2.041588	0.4467488	0.755075	0.244925	1.185721
15924	-3973.191	-4233.395	260.2042	2.12148	0.5688843	0.564964	0.435036	1.141451
15930	-3982.157	-4242.42	260.2631	2.058728	0.5447226	0.720281	0.279719	1.177441
15936	-3983.506	-4243.772	260.2658	2.062089	0.5455732	0.576521	0.423479	1.171025
15942	-3990.267	-4250.418	260.1508	2.034643	0.6001882	0.650115	0.349885	1.222838
15948	-3980.034	-4240.245	260.2108	2.075977	0.5609982	0.694426	0.305574	1.186085
15954	-3985.247	-4245.297	260.0498	2.170539	0.6057988	0.684138	0.315862	1.186085
15960	-3990.64	-4250.973	260.3333	2.109984	0.5321948	0.709429	0.290571	1.086255
15966	-3987.418	-4247.803	260.3852	2.198914	0.4804958	0.709429	0.290571	1.033185
15972	-3982.553	-4242.813	260.2604	2.159934	0.5912043	0.805903	0.194097	1.022439
15978	-3987.78	-4248.025	260.245	2.275276	0.5912043	0.70595	0.29405	0.9193956
15984	-3995.069	-4255.343	260.2738	2.210272	0.5760243	0.611108	0.388892	0.9813164
15990	-3990.975	-4251.16	260.1849	2.131901	0.5876047	0.616212	0.383788	1.124446
15996	-3995.76	-4255.822	260.0618	2.122781	0.5843273	0.678759	0.321241	1.243108
16002	-4077.751	-4337.517	259.7659	1.763479	0.5379864	0.696139	0.303861	1.787702
16008	-4068.964	-4328.262	259.2977	1.742186	0.9201387	0.639428	0.360572	1.787702
16014	-3975.871	-4236.178	260.3075	2.206925	0.5204099	0.739621	0.260379	1.036736
16020	-3975.071	-4235.19	260.1198	2.089481	0.6655727	0.739621	0.260379	1.122238
16026	-3986.518	-4246.685	260.1677	2.113398	0.6655727	0.763372	0.236628	1.055758
16032	-4005.767	-4266.046	260.2794	2.033553	0.5021845	0.811915	0.188085	1.243047
16038	-4001.89	-4262.046	260.1561	1.968914	0.5556029	0.67153	0.32847	1.327337
16044	-4007.634	-4267.87	260.2357	1.981748	0.4811898	0.684131	0.315869	1.34941
16050	-3992.619	-4252.922	260.3037	2.005472	0.4928887	0.552926	0.447074	1.259083
16056	-3990.907	-4251.013	260.1056	1.945469	0.619648	0.590559	0.409441	1.310781
16062	-4007.897	-4268.359	260.462	1.945469	0.378301	0.752611	0.247389	1.348858
16068	-4002.729	-4262.886	260.1563	1.998857	0.5203803	0.730173	0.269827	1.347431
16074	-3980.975	-4241.307	260.3324	2.12164	0.5205408	0.716227	0.283773	1.093467
16080	-3993.54	-4253.869	260.3282	2.111968	0.5292002	0.738615	0.261385	1.093467
16086	-3996.169	-4256.505	260.336	2.111968	0.5556503	0.773615	0.226385	1.047421
16092	-3997.187	-4257.48	260.2936	2.138049	0.5592499	0.730122	0.269878	1.057703
16098	-3997.294	-4257.783	260.4891	2.102372	0.4409113	0.573116	0.426884	1.091693
16104	-3993.236	-4253.487	260.2517	1.953551	0.5024808	0.621322	0.378678	1.330768
16110	-3995.991	-4256.222	260.2307	2.099681	0.5542167	0.727337	0.272663	1.157088
16116	-3984.312	-4244.579	260.267	2.126838	0.5542167	0.611383	0.388617	1.100134
16122	-3996.509	-4257.037	260.5282	2.11476	0.449196	0.572187	0.427813	1.028869
16128	-3999.164	-4259.271	260.1061	2.145621	0.6857071	0.596501	0.403499	1.058129
16134	-4001.37	-4261.616	260.2463	2.145621	0.595904	0.658314	0.341686	1.04336
16140	-4003.293	-4263.408	260.1152	2.145621	0.6905984	0.801095	0.198905	1.04336
16146	-4005.078	-4265.196	260.1181	2.076673	0.687965	0.634723	0.365277	1.108252
16152	-3979.397	-4239.616	260.2191	2.047548	0.4981415	0.673774	0.326226	1.286862
16158	-3978.59	-4238.824	260.2332	2.004281	0.5078468	0.603818	0.396182	1.29758
16164	-3986.058	-4246.225	260.1671	1.909457	0.4552996	0.614279	0.385721	1.492765
16170	-3992.153	-4252.031	259.8777	1.909457	0.5234343	0.715233	0.284767	1.621618
16176	-4002.381	-4262.663	260.2817	1.997565	0.5563634	0.673532	0.326468	1.198633
16182	-3979.756	-4240.037	260.2807	2.124195	0.5563634	0.673532	0.326468	1.086894
16188	-3979.576	-4239.9	260.3237	2.115629	0.5204997	0.673532	0.326468	1.10699
16194	-3991.788	-4252.047	260.2589	2.115629	0.5637752	0.64949	0.35051	1.104405
16200	-3984.266	-4244.478	260.2124	2.154502	0.6181215	0.612964	0.387036	1.036565
16206	-3984.889	-4245.442	260.5525	2.096945	0.4460491	0.732873	0.267127	1.028054
16212	-4010.754	-4271.031	260.2777	2.385545	0.5642737	0.73336	0.26664	0.7958863
16218	-3998.034	-4258.439	260.4053	2.365572	0.4893073	0.667073	0.332927	0.8117011
16224	-3992.651	-4253.168	260.517	2.12502	0.4566738	0.6467	0.3533	1.016819
16230	-3990.585	-4250.879	260.2934	2.135122	0.5640581	0.641318	0.358682	1.053698
16236	-3991.399	-4251.76	260.3617	2.135122	0.4832749	0.569817	0.430183	1.110596
16242	-3994.595	-4254.936	260.341	2.101136	0.5865275	0.607901	0.392099	1.007783
16248	-4001.997	-4262.332	260.3343	2.082758	0.5034721	0.724954	0.275046	1.151875
16254	-3993.696	-4254.064	260.3678	2.054985	0.520433	0.724954	0.275046	1.122109
16260	-3995.531	-4255.777	260.2458	2.14922	0.6165925	0.724954	0.275046	1.011218
16266	-3984.896	-4245.253	260.357	2.081826	0.5269842	0.706842	0.293158	1.097926
16272	-3994.384	-4254.76	260.3764	2.081826	0.5072515	0.754017	0.245983	1.109317
16278	-3983.106	-4243.342	260.2356	2.00079	0.5758861	0.715716	0.284284	1.210051
16284	-4003.832	-4264.336	260.5034	2.161415	0.4329499	0.783813	0.216187	1.036072
16290	-4007.887	-4268.279	260.3922	2.093035	0.550781	0.751458	0.248542	1.018555
16296	-3992.306	-4252.621	260.3153	2.077449	0.5278907	0.606969	0.393031	1.138338
16302	-4003.005	-4263.184	260.1787	2.152527	0.5565254	0.714991	0.285009	1.153183
16308	-3993.552	-4254.062	260.5095	2.102233	0.4409511	0.782491	0.217509	1.072763
16314	-3985.661	-4245.919	260.2586	2.102233	0.5585981	0.658583	0.341417	1.123984
16320	-4014.083	-4274.587	260.5039	2.063866	0.4184505	0.767086	0.232914	1.150301
16326	-3996.875	-4257.432	260.5565	2.063866	0.4184505	0.767086	0.232914	1.103012
16332	-3999.545	-4259.725	260.18	2.038695	0.649932	0.735948	0.264052	1.132885
16338	-4008.727	-4269.083	260.3556	2.130673	0.581824	0.686317	0.313683	0.9701672
16344	-4000.862	-4261.115	260.2533	2.189518	0.6201791	0.75158	0.24842	0.957427
16350	-3984.822	-4245.289	260.4673	2.162512	0.4959917	0.746743	0.253257	0.9611992
16356	-3991.824	-4251.982	260.158	2.145004	0.4976234	0.634336	0.365664	1.257617
16362	-3984.56	-4245.122	260.5619	2.139232	0.4153918	0.622683	0.377317	1.032428
16368	-4003.907	-4264.142	260.2347	2.139232	0.5996178	0.581939	0.418061	1.055361
16374	-3990.93	-4251.2	260.2697	2.209972	0.5505014	0.673758	0.326242	1.024388
16380	-3990.562	-4250.901	260.3399	2.159327	0.4969674	0.658089	0.341911	1.087289
16386	-3998.709	-4259.114	260.405	2.067143	0.4586307	0.683796	0.316204	1.170379
16392	-3984.942	-4245.252	260.3105	2.060222	0.5189436	0.713743	0.286257	1.170379
16398	-3991.845	-4252.185	260.3408	2.08478	0.4999686	0.650106	0.349894	1.149445
16404	-3992.538	-4252.75	260.2114	2.069265	0.4999686	0.680599	0.319401	1.272892
16410	-3991.911	-4252.301	260.3907	2.069265	0.4379547	0.688792	0.311208	1.212588
16416	-3993.362	-4253.562	260.2003	2.124996	0.5609595	0.708627	0.291373	1.152501
16422	-3987.856	-4248.361	260.5053	2.132716	0.4176317	0.691524	0.308476	1.08815
16428	-3980.941	-4241.209	260.2681	2.100775	0.5559042	0.64427	0.35573	1.120488
16434	-3992.378	-4252.505	260.1276	2.124634	0.5472835	0.576565	0.423435	1.233465
16440	-3986.024	-4246.045	260.0213	2.115036	0.5416897	0.56148	0.43852	1.335563
16446	-3993.544	-4253.882	260.3376	2.100734	0.5246743	0.712991	0.287009	1.101784
16452	-3993.81	-4254.029	260.2193	1.953447	0.510684	0.714309	0.285691	1.345937
16458	-3995.511	-4255.415	259.9038	1.953447	0.5370845	0.716816	0.283184	1.55465
16464	-3998.7	-4258.815	260.1144	1.965437	0.4781957	0.6319	0.3681	1.460206
16470	-4005.762	-4265.84	260.078	1.893557	0.5275448	0.628778	0.371222	1.480635
16476	-3985.428	-4246.005	260.5771	2.111249	0.3851849	0.498986	0.501014	1.099254
16482	-3972.719	-4232.947	260.2277	2.111249	0.5761623	0.718578	0.281422	1.119767
16488	-3980.774	-4241.299	260.5251	2.111249	0.4269791	0.718578	0.281422	1.073532
16494	-3983.763	-4244.115	260.3516	2.107454	0.5045132	0.66449	0.33551	1.112724
16500	-3975.85	-4236.26	260.4097	2.107454	0.4953019	0.706808	0.293192	1.073207
16506	-3987.089	-4247.292	260.2029	2.107454	0.624411	0.666483	0.333517	1.081663
16512	-3992.522	-4252.901	260.3785	2.158083	0.5332351	0.674321	0.325679	0.9948195
16518	-3979.562	-4239.81	260.2474	2.164823	0.6160831	0.751941	0.248059	0.9948195
16524	-3977.253	-4237.73	260.4764	2.110469	0.484489	0.702944	0.297056	1.023885
16530	-3991.708	-4251.813	260.1049	2.097737	0.6515278	0.702944	0.297056	1.145244
16536	-3996.563	-4256.845	260.282	2.092653	0.5494396	0.683837	0.316163	1.124235
16542	-3986.713	-4247.024	260.3116	2.06303	0.5494396	0.664261	0.335739	1.124235
16548	-3979.083	-4239.387	260.3044	2.087076	0.5628223	0.597297	0.402703	1.090188
16554	-3982.21	-4242.443	260.2324	2.087076	0.505847	0.705899	0.294101	1.232502
16560	-3995.306	-4255.923	260.6173	2.109481	0.3693838	0.656759	0.343241	1.093071
16566	-3993.941	-4254.342	260.4016	2.134689	0.4570143	0.667687	0.332313	1.115837
16572	-3985.37	-4245.833	260.4636	2.070903	0.4685691	0.687119	0.312881	1.099135
16578	-3988.727	-4249.148	260.421	2.070903	0.4600826	0.737114	0.262886	1.150807
16584	-3995.21	-4255.337	260.1265	1.885238	0.5737151	0.619537	0.380463	1.395118
16590	-3986.981	-4246.969	259.9882	1.870967	0.6193155	0.651124	0.348876	1.461293
16596	-3975.33	-4235.469	260.1385	1.867297	0.5221392	0.686964	0.313036	1.461293
16602	-3982.23	-4242.375	260.1449	1.81499	0.4768151	0.745515	0.254485	1.551788
16608	-3981.208	-4241.286	260.0783	1.911354	0.4179419	0.590953	0.409047	1.607024
16614	-3989.183	-4249.001	259.818	1.850682	0.640807	0.602202	0.397798	1.580742
16620	-3982.129	-4242.189	260.0595	1.835937	0.5211944	0.710012	0.289988	1.545137
16626	-3982.885	-4243.024	260.1383	1.917927	0.4343726	0.734836	0.265164	1.535944
16632	-3990.792	-4250.656	259.8638	1.871682	0.5912327	0.732413	0.267587	1.583667
16638	-3994.037	-4254.311	260.2739	1.877244	0.5027973	0.693061	0.306939	1.373271
16644	-3989.836	-4250.045	260.2091	1.827109	0.5290218	0.700201	0.299799	1.429613
16650	-3985.254	-4245.349	260.0948	1.888685	0.523012	0.779398	0.220602	1.477091
16656	-3983.59	-4243.784	260.1934	1.888685	0.5027678	0.779398	0.220602	1.426998
16662	-3983.464	-4243.538	260.074	1.963834	0.6362327	0.761895	0.238105	1.302579
16668	-3968.261	-4228.436	260.1747	1.952001	0.5425131	0.694582	0.305418	1.34217
16674	-3979.027	-4239.257	260.2307	2.01424	0.5203276	0.668675	0.331325	1.275005
16680	-3993.167	-4253.505	260.338	1.956139	0.4565624	0.785144	0.214856	1.322188
16686	-3980.236	-4240.441	260.2052	1.998304	0.5100264	0.676916	0.323084	1.322188
16692	-3978.301	-4238.621	260.319	2.078321	0.4680119	0.732502	0.267498	1.220602
16698	-3972.053	-4232.19	260.1372	2.026966	0.5268399	0.700766	0.299234	1.332028
16704	-3981.727	-4242.09	260.3632	2.093345	0.4658956	0.675217	0.324783	1.172867
16710	-3979.693	-4239.93	260.2371	2.071832	0.5906578	0.642821	0.357179	1.127484
16716	-3980.579	-4240.769	260.1901	2.087384	0.5120781	0.691966	0.308034	1.259128
16722	-3986.173	-4246.348	260.1752	1.992144	0.6067527	0.664829	0.335171	1.230074
16728	-3995.974	-4256.26	260.2864	2.056411	0.4494352	0.744513	0.255487	1.292975
16734	-3988.621	-4248.787	260.1656	1.951543	0.5588091	0.646972	0.353028	1.32971
16740	-3994.953	-4255.124	260.1716	1.995548	0.6077458	0.646972	0.353028	1.229039
16746	-3994.171	-4254.576	260.405	2.002101	0.4184188	0.664047	0.335953	1.286633
16752	-3987.216	-4247.328	260.1122	2.002101	0.5523396	0.676832	0.323168	1.339952
16758	-3986.608	-4246.759	260.1508	1.984653	0.455763	0.715922	0.284078	1.44748
16764	-3991.771	-4251.856	260.0853	1.835214	0.4727185	0.76872	0.23128	1.58587
16770	-3994.1	-4254.37	260.2691	1.995726	0.4197894	0.594512	0.405488	1.398004
16776	-3982.877	-4243.017	260.1391	1.944002	0.5237891	0.698867	0.301133	1.399827
16782	-3982.34	-4242.368	260.0275	1.875697	0.4605177	0.698867	0.301133	1.613826
16788	-3983.181	-4243.472	260.2904	1.781613	0.4662401	0.698867	0.301133	1.481728
16794	-3984.572	-4244.615	260.043	1.904453	0.5229705	0.764788	0.235212	1.504262
16800	-4006.759	-4266.838	260.0793	1.879257	0.5229705	0.713923	0.286077	1.495939
16806	-4003.532	-4263.619	260.0868	1.79976	0.5229705	0.630183	0.369817	1.549554
16812	-3988.041	-4247.621	259.5799	1.824552	0.6784744	0.665086	0.334914	1.733325
16818	-3976.775	-4236.894	260.1183	1.824552	0.5123431	0.668385	0.331615	1.520558
16824	-3981.465	-4241.504	260.039	1.792331	0.502272	0.638602	0.361398	1.614549
16830	-3981.655	-4241.842	260.187	1.813991	0.4624508	0.651956	0.348044	1.53975
16836	-3990.837	-4251.16	260.3226	1.895272	0.3972991	0.680113	0.319887	1.466943
16842	-3986.503	-4246.687	260.1841	1.895272	0.5312464	0.812718	0.187282	1.393463
16848	-3985.926	-4246.143	260.2178	1.995983	0.5635343	0.639551	0.360449	1.244812
16854	-3995.398	-4255.846	260.4481	1.995983	0.4287938	0.616978	0.383022	1.240137
16860	-3983.286	-4243.402	260.1166	1.99192	0.5312754	0.730458	0.269542	1.370625
16866	-3986.473	-4246.597	260.1234	1.99192	0.4550805	0.611442	0.388558	1.463752
16872	-3979.35	-4239.68	260.3298	1.984729	0.5035744	0.754729	0.245271	1.239784
16878	-3983.112	-4243.425	260.3121	2.025844	0.5378513	0.654489	0.345511	1.172793
16884	-3992.729	-4252.956	260.2272	2.025844	0.5591133	0.618348	0.381652	1.217397
16890	-3986.105	-4246.305	260.2001	1.951203	0.5413071	0.62488	0.37512	1.32404
16896	-3985.821	-4246.052	260.2317	1.951203	0.4690939	0.683436	0.316564	1.392878
16902	-4000.997	-4260.942	259.9451	1.933785	0.5912894	0.606658	0.393342	1.47703
16908	-4008.747	-4268.608	259.8611	1.888092	0.5577411	0.730419	0.269581	1.610199
16914	-4002.479	-4262.464	259.9849	1.850778	0.5032767	0.730419	0.269581	1.610199
16920	-3985.465	-4245.571	260.1052	1.850564	0.4339163	0.639563	0.360437	1.610199
16926	-3985.294	-4245.327	260.0334	1.888927	0.487854	0.712764	0.287236	1.565687
16932	-3993.238	-4253.279	260.0408	1.832254	0.5243169	0.667732	0.332268	1.557892
16938	-3989.358	-4249.2	259.8416	1.855995	0.4792482	0.665368	0.334632	1.737367
16944	-3989.84	-4249.398	259.5577	1.838662	0.657058	0.665368	0.334632	1.759228
16950	-3979.139	-4239.177	260.038	1.828003	0.5683185	0.681373	0.318627	1.512457
16956	-3985.84	-4245.845	260.0049	1.906061	0.5677359	0.675802	0.324198	1.479331
16962	-3983.434	-4243.327	259.8938	1.800698	0.5581411	0.675802	0.324198	1.649199
16968	-3997.567	-4257.668	260.1014	1.743493	0.4291253	0.67138	0.32862	1.695974
16974	-3991.391	-4251.167	259.7761	1.738198	0.4153047	0.749394	0.250606	1.941732
16980	-3987.805	-4247.411	259.6054	1.810139	0.561261	0.75805	0.24195	1.841434
16986	-4003.702	-4263.754	260.052	1.840099	0.5070874	0.572507	0.427493	1.564396
16992	-3982.014	-4242.027	260.0131	1.878218	0.5009172	0.742534	0.257466	1.572478
16998	-3994.496	-4254.579	260.0824	1.920011	0.5001802	0.673306	0.326694	1.49089
17004	-3992.757	-4252.979	260.2222	1.778389	0.4507533	0.636486	0.363514	1.555296
17010	-3987.69	-4248.081	260.3908	1.910936	0.4437013	0.682118	0.317882	1.334382
17016	-3989.9	-4250.209	260.3094	1.836717	0.4993222	0.658285	0.341715	1.381725
17022	-3995.412	-4255.716	260.3036	1.952688	0.4809688	0.723718	0.276282	1.318624
17028	-3988.838	-4248.941	260.1034	1.99593	0.4831521	0.678942	0.321058	1.438941
17034	-3992.865	-4252.939	260.0746	1.968895	0.5009242	0.745547	0.254453	1.458857
17040	-4001.728	-4261.891	260.1622	1.981903	0.4850552	0.671983	0.328017	1.40186
17046	-4004.084	-4264.281	260.1976	1.998437	0.5840791	0.671983	0.328017	1.233818
17052	-4000.389	-4260.524	260.1349	1.982013	0.5813924	0.798755	0.201245	1.302426
17058	-3991.793	-4252.053	260.2606	2.007547	0.4550162	0.638023	0.361977	1.345135
17064	-4003.376	-4263.563	260.1871	2.049857	0.5294127	0.719422	0.280578	1.269585
17070	-3987.827	-4248.348	260.5211	2.073562	0.4278456	0.622917	0.377083	1.110542
17076	-3991.342	-4251.491	260.1496	2.27801	0.6524098	0.700942	0.299058	0.925748
17082	-3991.494	-4252.067	260.5736	2.008793	0.3787611	0.596482	0.403518	1.204266
17088	-3989.469	-4249.803	260.3335	2.028838	0.4349436	0.596482	0.403518	1.298336
17094	-3992.181	-4252.717	260.5361	2.087747	0.4349436	0.687319	0.312681	1.071587
17100	-3977.767	-4238.332	260.5646	2.127745	0.4349436	0.653405	0.346595	1.005513
17106	-3989.43	-4250.084	260.6533	2.127745	0.3903603	0.659648	0.340352	1.001021
17112	-3995.425	-4256.039	260.6147	2.174281	0.4273435	0.659648	0.340352	0.9193912
17118	-4005.143	-4265.675	260.5325	2.138994	0.4246797	0.680463	0.319537	1.044302
17124	-4000.009	-4260.621	260.6118	2.138994	0.4246797	0.724952	0.275048	0.9652849
17130	-4025.425	-4285.691	260.2657	2.036612	0.4690793	0.748728	0.251272	1.297885
17136	-4006.017	-4266.231	260.2145	2.019447	0.4901152	0.735816	0.264184	1.324238
17142	-4006.379	-4266.254	259.8753	1.956151	0.5044309	0.703278	0.296722	1.611868
17148	-3990.173	-4249.864	259.6909	1.845352	0.4619508	0.713179	0.286821	1.869635
17154	-3985.063	-4244.856	259.7924	1.845352	0.4700149	0.777303	0.222697	1.790154
17160	-3994.41	-4254.767	260.3564	2.027219	0.3934323	0.585645	0.414355	1.344103
17166	-4005.169	-4265.489	260.3196	2.11895	0.4353539	0.752627	0.247373	1.234691
17172	-3995.65	-4256.05	260.4002	2.118612	0.5274035	0.694895	0.305105	1.021576
17178	-4002.654	-4263.25	260.5956	2.118612	0.4262636	0.711168	0.288832	0.9996341
17184	-3999.733	-4260	260.2662	2.134448	0.6204267	0.706773	0.293227	1.000266
17190	-3990.343	-4250.667	260.3236	2.033999	0.5417659	0.646658	0.353342	1.15013
17196	-3977.978	-4238.165	260.1875	2.063265	0.5355198	0.656281	0.343719	1.250091
17202	-3992.043	-4251.995	259.9518	1.95176	0.5500398	0.697728	0.302272	1.505242
17208	-3981.411	-4241.512	260.1013	1.891106	0.5109924	0.66898	0.33102	1.485067
17214	-3990.021	-4250.287	260.2659	1.840208	0.3845819	0.688993	0.311007	1.568822
17220	-3990.568	-4250.682	260.114	1.975567	0.4707636	0.705605	0.294395	1.462499
17226	-3976.412	-4236.505	260.0931	1.849229	0.4736434	0.714488	0.285512	1.568722
17232	-3987.073	-4246.659	259.5859	1.773475	0.5026603	0.713597	0.286403	1.942718
17238	-3983.866	-4243.576	259.7102	1.780141	0.541436	0.717122	0.282878	1.811048
17244	-3979.466	-4239.163	259.6969	1.783034	0.5318824	0.714033	0.285967	1.828539
17250	-3992.714	-4252.82	260.1058	1.783034	0.3903309	0.729829	0.270171	1.716896
17256	-3994.827	-4254.385	259.5583	1.78551	0.5429177	0.729829	0.270171	1.909656
17262	-4001.072	-4261.284	260.2124	1.855698	0.3750106	0.703039	0.296961	1.610528
17268	-3992.72	-4252.875	260.1551	1.855698	0.5018149	0.703039	0.296961	1.482536
17274	-3991.113	-4251.19	260.0773	1.902567	0.4859376	0.726483	0.273517	1.525516
17280	-3995.271	-4255.452	260.1812	1.941228	0.4859376	0.610693	0.389307	1.417552
17286	-3992.282	-4252.54	260.258	1.94836	0.4196745	0.625351	0.374649	1.443316
17292	-3986.157	-4246.205	260.0472	1.890602	0.5999178	0.625351	0.374649	1.422423
17298	-3987.469	-4247.324	259.8552	1.929591	0.6449555	0.719323	0.280677	1.490409
17304	-3970.897	-4231.127	260.2302	1.960362	0.4448751	0.780455	0.219545	1.420018
17310	-3981.823	-4242.044	260.2212	1.902289	0.4880447	0.69553	0.30447	1.413998
17316	-3982.101	-4242.302	260.201	1.92916	0.4263845	0.69553	0.30447	1.49167
17322	-3978.537	-4238.915	260.3778	1.955372	0.4209864	0.69786	0.30214	1.342439
17328	-3987.53	-4247.68	260.1493	1.940584	0.5268692	0.732942	0.267058	1.390727
17334	-3995.872	-4256.244	260.3711	1.947492	0.3996097	0.732942	0.267058	1.385957
17340	-4018.871	-4278.684	259.813	1.740324	0.6337281	0.585756	0.414244	1.671177
17346	-4012.737	-4272.382	259.6449	1.707906	0.4770675	0.616624	0.383376	1.975933
17352	-4011.798	-4271.808	260.0104	1.949418	0.4911086	0.708986	0.291014	1.533924
17358	-4008.657	-4268.89	260.2331	1.842654	0.4911086	0.603228	0.396772	1.446744
17364	-3993.429	-4252.726	259.2972	1.70353	0.3496384	0.650856	0.349144	2.36174
17370	-3991.834	-4251.173	259.3392	1.600193	0.434486	0.732835	0.267165	2.29504
17376	-4000.481	-4259.599	259.1178	1.653564	0.4702524	0.723297	0.276703	2.361645
17382	-4001.385	-4260.678	259.2922	1.590779	0.4085851	0.684465	0.315535	2.361645
17388	-4000.035	-4259.086	259.0502	1.596631	0.4170466	0.697078	0.302922	2.500246
17394	-3987.146	-4246.125	258.9785	1.591576	0.4594857	0.678535	0.321465	2.500186
17400	-3980.237	-4239.589	259.3521	1.619006	0.5063213	0.725752	0.274248	2.194828
17406	-3984.302	-4243.854	259.5514	1.673225	0.5353907	0.725752	0.274248	1.997694
17412	-3989.36	-4249.154	259.7943	1.846174	0.5157116	0.685988	0.314012	1.734929
17418	-3988.71	-4248.572	259.8617	1.842864	0.3865122	0.72573	0.27427	1.850209
17424	-3989.71	-4249.871	260.1606	1.842864	0.3772513	0.72246	0.27754	1.653863
17430	-3991.185	-4251.196	260.0107	1.839606	0.3929306	0.72246	0.27754	1.740415
17436	-3991.856	-4251.207	259.351	1.66369	0.513002	0.592453	0.407547	2.159512
17442	-3976.002	-4235.216	259.2134	1.634525	0.422409	0.652824	0.347176	2.367391
17448	-3977.981	-4237.615	259.6348	1.62951	0.4271468	0.652824	0.347176	2.093321
17454	-3983.277	-4242.735	259.4577	1.696951	0.4567256	0.730461	0.269539	2.130223
17460	-3998.885	-4257.73	258.8446	1.510628	0.6247355	0.742302	0.257698	2.472348
17466	-3993.78	-4252.376	258.5956	1.494918	0.524487	0.563998	0.436002	2.729405
17472	-4003.63	-4261.993	258.3623	1.459306	0.4699622	0.642068	0.357932	2.947615
17478	-4000.208	-4258.636	258.4272	1.382043	0.4560879	0.743468	0.256532	2.969636
17484	-3990.765	-4248.019	257.2538	1.316899	0.4253702	0.743303	0.256697	3.730657
17490	-4017.519	-4277.317	259.7981	1.680795	0.5137972	0.621026	0.378974	1.849144
17496	-3997.723	-4257.431	259.7081	1.614927	0.4155875	0.639666	0.360334	2.068802
17502	-4005.794	-4264.211	258.4169	1.359938	0.5595547	0.692863	0.307137	2.886935
17508	-4002.01	-4260.124	258.1136	1.358786	0.3850972	0.523054	0.476946	3.24922
17514	-3988.95	-4248.36	259.41	1.713229	0.5822892	0.723184	0.276816	2.017381
17520	-3992.22	-4251.981	259.7606	1.838609	0.5822892	0.589832	0.410168	1.691267
17526	-3997.793	-4257.93	260.1372	1.77513	0.4835992	0.68427	0.31573	1.578265
17532	-3983.524	-4243.626	260.1014	1.839512	0.5064919	0.776924	0.223076	1.529109
17538	-4000.539	-4260.777	260.2385	1.845738	0.4198939	0.702431	0.297569	1.534937
17544	-3981.986	-4241.883	259.8973	1.839826	0.5120674	0.6652	0.3348	1.670697
17550	-3989.31	-4249.242	259.9317	1.746135	0.4879394	0.736637	0.263363	1.740895
17556	-3996.952	-4256.608	259.6557	1.758546	0.5234612	0.757949	0.242051	1.882679
17562	-3989.656	-4249.668	260.0122	1.802141	0.5100828	0.653577	0.346423	1.617538
17568	-3991.45	-4251.38	259.9296	1.790223	0.4685207	0.653577	0.346423	1.734625
17574	-3995.79	-4255.44	259.6495	1.737701	0.3905307	0.652113	0.347887	2.058211
17580	-3993.546	-4253.082	259.5367	1.737701	0.4510084	0.645504	0.354496	2.058211
17586	-3996.479	-4256.342	259.8634	1.902515	0.4510084	0.68713	0.31287	1.723813
17592	-3994.38	-4254.006	259.626	1.745755	0.5772915	0.713126	0.286874	1.854855
17598	-3998.916	-4258.997	260.0817	1.86809	0.5029177	0.581749	0.418251	1.52688
17604	-3986.458	-4246.798	260.3397	2.028763	0.4924331	0.595846	0.404154	1.209824
17610	-3987.032	-4247.371	260.3395	1.972547	0.3981474	0.706097	0.293903	1.393228
17616	-3992.232	-4252.166	259.9341	1.928321	0.5293095	0.617026	0.382974	1.559912
17622	-4009.68	-4269.588	259.9073	1.843888	0.5883372	0.695264	0.304736	1.575247
17628	-4000.459	-4260.229	259.7694	1.924616	0.5883372	0.745991	0.254009	1.616866
17634	-3994.785	-4254.71	259.9256	1.924616	0.5415087	0.77107	0.22893	1.55474
17640	-3991.198	-4251.274	260.0765	1.805512	0.5214032	0.684215	0.315785	1.55474
17646	-3986.551	-4246.099	259.5482	1.727242	0.5004996	0.618787	0.381213	2.001346
17652	-3993.948	-4253.389	259.4403	1.725524	0.5699762	0.680417	0.319583	2.001346
17658	-3996.234	-4255.569	259.3344	1.667364	0.5086478	0.680417	0.319583	2.172509
17664	-3993.261	-4252.855	259.5931	1.792265	0.6862908	0.680417	0.319583	1.739487
17670	-4000.274	-4259.343	259.0685	1.690597	0.7902302	0.680417	0.319583	2.075906
17676	-3994.375	-4253.299	258.9234	1.603	0.6573288	0.699857	0.300143	2.335761
17682	-4003.969	-4263.096	259.1268	1.639876	0.5205892	0.652713	0.347287	2.311329
17688	-3990.358	-4249.523	259.1646	1.590541	0.5669447	0.615734	0.384266	2.272511
17694	-3994.551	-4253.544	258.9931	1.599209	0.6745798	0.590164	0.409836	2.278798
17700	-4003.078	-4261.841	258.7632	1.599209	0.5570098	0.722276	0.277724	2.530126
17706	-3995.368	-4253.959	258.5916	1.550642	0.4240166	0.647249	0.352751	2.803254
17712	-4008.047	-4267.905	259.8583	1.905954	0.5669761	0.683217	0.316783	1.589034
17718	-3990.62	-4250.683	260.0634	1.905954	0.5669761	0.683217	0.316783	1.435778
17724	-3990.188	-4250.199	260.0105	1.905954	0.5371807	0.713561	0.286439	1.51064
17730	-3996.67	-4256.633	259.9626	1.86787	0.5551492	0.718308	0.281692	1.553702
17736	-3992.332	-4252.55	260.2181	1.833801	0.4057592	0.713814	0.286186	1.578405
17742	-3980.304	-4240.197	259.8934	1.833801	0.5107407	0.648564	0.351436	1.679347
17748	-3992.184	-4252.274	260.0897	1.829268	0.4632306	0.659279	0.340721	1.598948
17754	-3985.528	-4245.726	260.1978	1.913436	0.4335097	0.670939	0.329061	1.496024
17760	-3993.542	-4253.659	260.1176	1.949848	0.4335097	0.683101	0.316899	1.528777
17766	-3977.853	-4238.027	260.1741	1.949848	0.4304693	0.747016	0.252984	1.490662
17772	-3978.138	-4237.917	259.7795	1.916146	0.5735614	0.665055	0.334945	1.631621
17778	-3993.774	-4253.371	259.5975	1.764728	0.4703498	0.755355	0.244645	1.977355
17784	-3991.405	-4251.063	259.6589	1.640785	0.372432	0.700692	0.299308	2.139271
17790	-4000.729	-4260.548	259.8193	1.764353	0.4507805	0.690652	0.309348	1.850659
17796	-3989.153	-4248.945	259.7922	1.746258	0.4693196	0.736969	0.263031	1.85938
17802	-3984.73	-4244.572	259.8429	1.757737	0.4846824	0.647558	0.352442	1.798522
17808	-3978.647	-4238.436	259.7886	1.663837	0.4345462	0.735034	0.264966	1.959389
17814	-4005.427	-4264.826	259.3989	1.696259	0.4745792	0.704815	0.295185	2.148807
17820	-3978.93	-4238.468	259.5372	1.662666	0.3865843	0.685689	0.314311	2.18578
17826	-3974.682	-4233.978	259.2962	1.748288	0.5697156	0.68911	0.31089	2.081915
17832	-3975.585	-4235.391	259.8062	1.748288	0.4529952	0.599021	0.400979	1.8679
17838	-3982.665	-4242.209	259.5446	1.809846	0.4834133	0.808839	0.191161	1.967613
17844	-3982.369	-4242.232	259.863	1.949048	0.4834133	0.547123	0.452877	1.651162
17850	-3990.828	-4250.914	260.0858	1.908224	0.4480502	0.732071	0.267929	1.563604
17856	-3987.167	-4247.259	260.0921	1.912186	0.4405996	0.657393	0.342607	1.565915
17862	-3978.032	-4238.139	260.1073	1.796248	0.4326748	0.694691	0.305309	1.649505
17868	-3982.639	-4242.165	259.5255	1.782431	0.5719434	0.763672	0.236328	1.903797
17874	-3973.819	-4233.173	259.3542	1.721446	0.5595647	0.660754	0.339246	2.071584
17880	-3979.008	-4239.204	260.1966	1.885002	0.3894343	0.721689	0.278311	1.579778
17886	-3992.966	-4252.833	259.8668	1.795812	0.4135043	0.721689	0.278311	1.843256
17892	-3992.048	-4251.844	259.7965	1.795812	0.6324131	0.803163	0.196837	1.644579
17898	-4004.146	-4263.908	259.7621	1.81325	0.5327649	0.675275	0.324725	1.761436
17904	-4006.198	-4266.527	260.3293	1.889529	0.4875225	0.812906	0.187094	1.339808
17910	-4008.004	-4268.14	260.1358	1.889529	0.4696738	0.790035	0.209965	1.512355
17916	-3978.603	-4238.686	260.0837	1.874787	0.4696738	0.842789	0.157211	1.561874
17922	-3980.738	-4241.002	260.2642	1.874787	0.4753152	0.706898	0.293102	1.418712
17928	-3986.481	-4246.582	260.1007	1.930372	0.5343475	0.739662	0.260338	1.427121
17934	-3989.084	-4249.299	260.2146	1.865317	0.5273183	0.649762	0.350238	1.397923
17940	-3988.182	-4248.225	260.0431	1.90159	0.5820176	0.703532	0.296468	1.437427
17946	-3982.521	-4242.513	259.9917	1.90159	0.6206163	0.70751	0.29249	1.433794
17952	-3990.441	-4250.651	260.2098	1.90159	0.464324	0.70388	0.29612	1.454409
17958	-3992.004	-4252.216	260.2121	1.948254	0.4904823	0.70388	0.29612	1.382108
17964	-3999.215	-4259.452	260.2369	1.93364	0.5011121	0.568411	0.431589	1.360165
17970	-3994.408	-4254.522	260.1141	1.93364	0.5794411	0.790765	0.209235	1.360165
17976	-4000.731	-4260.944	260.2132	1.965534	0.5417973	0.718804	0.281196	1.301297
17982	-3993.213	-4253.405	260.1918	2.000741	0.4571367	0.594428	0.405572	1.401645
17988	-3975.065	-4235.331	260.2659	1.994197	0.5258939	0.766323	0.233677	1.25503
17994	-3990.837	-4250.975	260.1387	2.05333	0.5423529	0.701784	0.298216	1.289742
18000	-3988.21	-4248.508	260.2978	2.005806	0.5257596	0.61643	0.38357	1.218695
18006	-3984.699	-4244.866	260.1673	2.030398	0.5306542	0.680133	0.319867	1.300132
18012	-3999.658	-4259.53	259.8711	1.974365	0.7275012	0.735844	0.264156	1.359605
18018	-3987.876	-4247.9	260.0237	1.975996	0.5714954	0.66232	0.33768	1.407074
18024	-3973.832	-4233.932	260.1001	1.933454	0.5493177	0.66232	0.33768	1.407074
18030	-3963.828	-4223.945	260.117	1.997183	0.4730578	0.727909	0.272091	1.440772
18036	-3967.559	-4227.497	259.938	1.873936	0.473282	0.664424	0.335576	1.663544
18042	-3986.276	-4246.362	260.0856	1.777463	0.444189	0.664424	0.335576	1.663544
18048	-3987.999	-4247.916	259.9163	1.891741	0.4298792	0.585354	0.414646	1.721008
18054	-3978.749	-4238.676	259.927	1.939334	0.6000868	0.585354	0.414646	1.47683
18060	-3989.561	-4249.782	260.2208	1.939334	0.4905822	0.776743	0.223257	1.382092
18066	-3979.025	-4239.212	260.1868	1.939334	0.5111866	0.776743	0.223257	1.382092
18072	-3985.267	-4245.567	260.2998	1.883509	0.4819814	0.735666	0.264334	1.375349
18078	-3982.903	-4243.25	260.347	2.120345	0.4550672	0.624827	0.375173	1.179989
18084	-3989.333	-4249.542	260.2088	2.206807	0.6219921	0.641371	0.358629	0.9828838
18090	-3989.024	-4249.192	260.1672	2.158781	0.7224672	0.711271	0.288729	0.935733
18096	-3975.099	-4235.626	260.5274	2.162845	0.4643738	0.630254	0.369746	0.9541513
18102	-3994.388	-4254.844	260.4555	2.192174	0.5330432	0.685073	0.314927	0.875544
18108	-3988.089	-4248.406	260.3169	2.243183	0.5234854	0.793783	0.206217	0.9867136
18114	-3987.865	-4248.155	260.2897	2.210104	0.583633	0.649854	0.350146	0.9532989
18120	-3995.112	-4255.552	260.4399	2.137685	0.4904447	0.775602	0.224398	1.023113
18126	-3988.258	-4248.652	260.394	2.104852	0.5104968	0.667625	0.332375	1.066893
18132	-3979.886	-4240.114	260.2284	2.224182	0.5104968	0.667625	0.332375	1.1097
18138	-3980.316	-4240.523	260.2067	2.158622	0.5965781	0.703964	0.296036	1.067654
18144	-3991.31	-4251.609	260.299	2.152815	0.5394111	0.813099	0.186901	1.067654
18150	-4010.698	-4270.997	260.2996	2.02581	0.5062466	0.745115	0.254885	1.227017
18156	-3991.643	-4251.959	260.3157	2.049761	0.5285226	0.745115	0.254885	1.161544
18162	-3976.64	-4236.914	260.2739	2.085244	0.4540131	0.702413	0.297587	1.272917
18168	-3985.225	-4245.607	260.3823	2.237546	0.4727736	0.702413	0.297587	1.01107
18174	-3977.574	-4237.964	260.3898	2.228008	0.5097228	0.725325	0.274675	0.9499797
18180	-3992.974	-4253.334	260.3601	2.227939	0.578301	0.622889	0.377111	0.8638836
18186	-3988.721	-4248.925	260.204	2.350757	0.6100934	0.589599	0.410401	0.8479641
18192	-3979.995	-4240.278	260.283	2.269083	0.6120073	0.676592	0.323408	0.8479641
18198	-3988.178	-4248.531	260.3526	2.220069	0.4997069	0.723185	0.276815	1.012813
18204	-3987.48	-4247.851	260.3708	2.042644	0.5267751	0.693761	0.306239	1.121387
18210	-3988.57	-4248.952	260.3821	2.061657	0.4805016	0.713221	0.286779	1.162125
18216	-3981.061	-4241.453	260.3912	2.061657	0.4756742	0.651021	0.348979	1.161415
18222	-3970.004	-4230.353	260.3484	1.996188	0.488373	0.681552	0.318448	1.235787
18228	-3985.995	-4246.326	260.3317	2.021601	0.5033656	0.681552	0.318448	1.207358
18234	-3990.397	-4250.73	260.3331	2.022225	0.5166006	0.663997	0.336003	1.18708
18240	-3978.816	-4239.09	260.2745	2.041312	0.5063191	0.603339	0.396661	1.234957
18246	-3989.023	-4249.199	260.1755	2.011168	0.4982951	0.659496	0.340504	1.351073
18252	-3992.515	-4252.794	260.2791	2.004422	0.4745498	0.612075	0.387925	1.305541
18258	-3990.296	-4250.591	260.2951	1.967077	0.4486547	0.612075	0.387925	1.358858
18264	-3981.616	-4241.773	260.157	1.93325	0.5218036	0.55996	0.44004	1.396732
18270	-3987.016	-4247.206	260.1897	1.914247	0.3779194	0.55996	0.44004	1.580119
18276	-4006.755	-4266.938	260.1827	1.914247	0.4256477	0.784434	0.215566	1.517538
18282	-3992.944	-4253.176	260.2321	1.888185	0.4404472	0.66285	0.33715	1.479759
18288	-3992.742	-4253.162	260.4206	1.890256	0.4151712	0.685542	0.314458	1.368786
18294	-3979.838	-4240.135	260.296	1.890256	0.4387296	0.703229	0.296771	1.431856
18300	-3980.823	-4241.199	260.3761	1.923268	0.4831791	0.681691	0.318309	1.280581
18306	-3994.171	-4254.423	260.2526	2.005309	0.5081187	0.681691	0.318309	1.280581
18312	-3996.858	-4256.974	260.1168	1.998946	0.5913445	0.687159	0.312841	1.291447
18318	-4001.313	-4261.657	260.3443	1.998946	0.4846107	0.763454	0.236546	1.242234
18324	-4003.197	-4263.39	260.193	1.901334	0.4846107	0.763454	0.236546	1.440835
18330	-3993.593	-4253.838	260.2451	1.974145	0.5010175	0.763454	0.236546	1.32148
18336	-3992.61	-4252.872	260.2621	1.930802	0.4143508	0.786285	0.213715	1.461153
18342	-3998.825	-4259.028	260.2029	1.900308	0.4208471	0.655323	0.344677	1.519531
18348	-3988.43	-4248.078	259.6481	1.900308	0.5767844	0.69142	0.30858	1.732921
18354	-3993.009	-4252.8	259.7913	1.845699	0.4796329	0.714308	0.285692	1.77925
18360	-3983.25	-4243.126	259.876	1.900153	0.5783004	0.742383	0.257617	1.567869
18366	-3989.159	-4249.079	259.9204	1.84417	0.5291653	0.742383	0.257617	1.631292
18372	-3981.815	-4241.744	259.9289	1.825699	0.5291653	0.738989	0.261011	1.638514
18378	-3994.324	-4254.085	259.7608	1.893759	0.6287225	0.688637	0.311363	1.603308
18384	-3979.951	-4240.006	260.0552	1.869979	0.500676	0.711541	0.288459	1.547806
18390	-3987.434	-4247.671	260.2367	1.869979	0.4671269	0.709135	0.290865	1.454294
18396	-4000.722	-4260.874	260.1521	1.924772	0.4247274	0.659654	0.340346	1.533724
18402	-3982.185	-4242.592	260.4073	2.031668	0.481543	0.680425	0.319575	1.164769
18408	-3991.113	-4251.575	260.4621	2.031668	0.455366	0.714515	0.285485	1.156471
18414	-3989.134	-4249.077	259.9424	2.147856	0.6714866	0.714515	0.285485	1.219208
18420	-4007.063	-4267.294	260.2312	2.121374	0.5044985	0.787447	0.212553	1.206364
18426	-3987.679	-4248.049	260.3699	2.121374	0.5044374	0.705349	0.294651	1.083226
18432	-3979.73	-4240.027	260.2966	2.047524	0.5266081	0.625564	0.374436	1.182845
18438	-3976.275	-4236.564	260.2885	2.115065	0.5468468	0.628271	0.371729	1.101658
18444	-4007.707	-4268.011	260.3041	2.009036	0.5381292	0.622096	0.377904	1.193843
18450	-3992.372	-4252.694	260.3227	2.056546	0.5381292	0.660062	0.339938	1.13596
18456	-3979.276	-4239.595	260.3191	2.131078	0.4950712	0.660062	0.339938	1.134758
18462	-3989.146	-4249.513	260.3673	2.039501	0.4865415	0.723398	0.276602	1.18547
18468	-3993.281	-4253.615	260.3336	2.076784	0.5222882	0.637941	0.362059	1.130575
18474	-3988.329	-4248.583	260.2543	2.04902	0.5936051	0.735685	0.264315	1.128591
18480	-3981.267	-4241.584	260.3171	2.077753	0.5264115	0.666711	0.333289	1.138591
18486	-3989.116	-4249.522	260.4055	2.077753	0.5264115	0.665898	0.334102	1.057355
18492	-3988.09	-4248.559	260.4696	2.116117	0.4834214	0.705214	0.294786	1.026713
18498	-3983.52	-4243.852	260.332	2.074055	0.5228504	0.752142	0.247858	1.13367
18504	-3980.417	-4240.994	260.5769	2.073603	0.4250099	0.71301	0.28699	1.063681
18510	-3992.725	-4253.11	260.3853	2.140353	0.5462557	0.71301	0.28699	0.985157
18516	-4005.809	-4266.19	260.3801	2.140353	0.4723616	0.65431	0.34569	1.105989
18522	-4003.215	-4263.807	260.5925	2.108154	0.384896	0.563953	0.436047	1.088469
18528	-3993.095	-4253.309	260.2136	2.114086	0.468059	0.674169	0.325831	1.278606
18534	-3989.922	-4249.919	259.9968	2.010199	0.5912436	0.699053	0.300947	1.378519
18540	-3992.004	-4252.197	260.1928	1.964629	0.5912436	0.667589	0.332411	1.257219
18546	-3995.246	-4255.28	260.0338	1.964629	0.5912436	0.667589	0.332411	1.385188
18552	-3986.863	-4247.196	260.3334	2.026224	0.527446	0.751817	0.248183	1.168236
18558	-4007.23	-4267.52	260.2906	2.069415	0.6217534	0.640023	0.359977	1.038239
18564	-3982.768	-4243.178	260.4099	1.971668	0.4850486	0.543297	0.456703	1.209283
18570	-3978.588	-4238.79	260.202	2.010562	0.6022291	0.777263	0.222737	1.197206
18576	-3993.651	-4253.901	260.2507	2.053838	0.6022291	0.67308	0.32692	1.116128
18582	-3995.215	-4255.442	260.227	2.007759	0.5678427	0.713522	0.286478	1.221664
18588	-4008.748	-4268.786	260.0378	1.992689	0.608173	0.700845	0.299155	1.340424
18594	-4003.861	-4263.883	260.0217	1.899724	0.5296337	0.760703	0.239297	1.515794
18600	-4003.902	-4263.875	259.9729	1.932739	0.5826405	0.708015	0.291985	1.466484
18606	-3997.004	-4257.093	260.0884	1.909117	0.5826405	0.727819	0.272181	1.395887
18612	-3993.297	-4253.495	260.1984	1.99981	0.5416261	0.60987	0.39013	1.285638
18618	-3988.744	-4249.348	260.6042	2.15347	0.3856015	0.682964	0.317036	1.033247
18624	-3979.782	-4240.175	260.3927	2.15347	0.5039632	0.620047	0.379953	1.031867
18630	-3985.357	-4245.778	260.421	2.15347	0.4487345	0.714067	0.285933	1.094364
18636	-3978.339	-4238.638	260.2989	2.140244	0.5415622	0.656042	0.343958	1.076326
18642	-3977.645	-4238.039	260.3935	2.140244	0.4685874	0.747191	0.252809	1.099759
18648	-3983.232	-4243.548	260.3155	2.112062	0.4860926	0.698521	0.301479	1.168051
18654	-3982.692	-4243.015	260.3238	2.081242	0.4705758	0.663284	0.336716	1.210341
18660	-3981.244	-4241.697	260.4531	2.184306	0.4705758	0.664039	0.335961	0.997416
18666	-3982.913	-4243.342	260.4281	2.188523	0.5037741	0.615595	0.384405	0.9615385
18672	-3999.937	-4260.28	260.3437	2.188523	0.5723081	0.659977	0.340023	0.9368398
18678	-3991.267	-4251.754	260.4866	2.188523	0.4985195	0.659977	0.340023	0.9079263
18684	-3978.65	-4239.113	260.4636	2.230541	0.4985195	0.659977	0.340023	0.8864244
18690	-3981.395	-4241.851	260.4562	2.284085	0.4922442	0.721716	0.278284	0.8441159
18696	-3981.654	-4242.135	260.4809	2.244808	0.4781614	0.721716	0.278284	0.8894746
18702	-3995.525	-4255.757	260.2313	2.321132	0.5875386	0.678878	0.321122	0.8894746
18708	-3975.104	-4235.544	260.4407	2.321132	0.4896793	0.642688	0.357312	0.8225345
18714	-3973.533	-4233.853	260.32	2.308287	0.567774	0.642688	0.357312	0.8341969
18720	-3992.912	-4253.222	260.3105	2.308287	0.5580752	0.70111	0.29889	0.8636708
18726	-3980.003	-4240.411	260.4084	2.260547	0.5211347	0.664112	0.335888	0.8729069
18732	-3993.24	-4253.687	260.4472	2.169251	0.4995891	0.699601	0.300399	0.9687935
18738	-3982.776	-4243.214	260.4378	2.087239	0.5062856	0.664273	0.335727	1.048528
18744	-3977.344	-4237.772	260.4279	2.124586	0.4823336	0.627899	0.372101	1.060428
18750	-3978.819	-4239.241	260.4219	2.130752	0.5383919	0.684024	0.315976	0.9700985
18756	-3987.342	-4247.778	260.4362	2.136141	0.5201313	0.600225	0.399775	0.9797591
18762	-4004.242	-4264.628	260.3862	1.971651	0.4438803	0.674075	0.325925	1.288773
18768	-3982.857	-4243.088	260.2306	2.025462	0.5255566	0.624701	0.375299	1.258872
18774	-3981.904	-4242.008	260.1037	1.996486	0.629747	0.647072	0.352928	1.258872
18780	-4000.579	-4260.681	260.1023	2.043319	0.6100688	0.567756	0.432244	1.244352
18786	-3988.661	-4249.028	260.3677	1.949683	0.4985535	0.656069	0.343931	1.244352
18792	-3976.057	-4236.413	260.3561	2.034867	0.4796125	0.62106	0.37894	1.209062
18798	-3985.799	-4246.062	260.2628	2.007842	0.4796125	0.66457	0.33543	1.308903
18804	-3984.323	-4244.622	260.2993	1.961345	0.4830759	0.772431	0.227569	1.312295
18810	-3993.1	-4253.262	260.1617	2.0306	0.5035885	0.772431	0.227569	1.339614
18816	-4004.367	-4264.819	260.452	2.142502	0.4800745	0.59878	0.40122	1.023726
18822	-3999.955	-4260.409	260.454	2.200246	0.4363816	0.543194	0.456806	1.040298
18828	-3983.583	-4244.003	260.4204	2.067025	0.4486902	0.66376	0.33624	1.172384
18834	-3987.597	-4247.584	259.9871	2.14888	0.635493	0.677918	0.322082	1.22214
18840	-3987.486	-4247.93	260.4439	2.104854	0.4659027	0.677918	0.322082	1.090231
18846	-3984.282	-4244.604	260.322	2.090357	0.517972	0.774591	0.225409	1.135062
18852	-3995.765	-4256.152	260.3873	2.20205	0.5495371	0.819316	0.180684	0.9124325
18858	-3987.784	-4248.243	260.4587	2.219367	0.49232	0.560968	0.439032	0.9160917
18864	-3984.075	-4244.495	260.42	2.219367	0.501614	0.605934	0.394066	0.9412126
18870	-3988.255	-4248.671	260.4162	2.178521	0.4872965	0.571579	0.428421	1.011544
18876	-4009.778	-4270.096	260.318	2.178521	0.4872965	0.501208	0.498792	1.104677
18882	-3997.771	-4258.203	260.4319	2.204576	0.4646836	0.654574	0.345426	1.00847
18888	-3989.595	-4249.901	260.306	2.185817	0.5318226	0.590498	0.409502	1.040943
18894	-3983.77	-4244.164	260.3944	2.185817	0.5318226	0.67062	0.32938	0.9522398
18900	-3986.389	-4246.502	260.1133	2.073197	0.5189314	0.755375	0.244625	1.324262
18906	-3982.34	-4242.563	260.2235	2.00823	0.4791988	0.754196	0.245804	1.340768
18912	-3977.711	-4237.844	260.1333	1.986974	0.5992522	0.501121	0.498879	1.278239
18918	-3983.428	-4243.754	260.3264	2.04587	0.4550135	0.68477	0.31523	1.260644
18924	-3973.124	-4233.382	260.2581	2.063582	0.5439391	0.715442	0.284558	1.178585
18930	-3999.692	-4260.125	260.4328	2.152886	0.3921579	0.654233	0.345767	1.178585
18936	-3990.757	-4251.076	260.3186	2.062803	0.4376702	0.680972	0.319028	1.278656
18942	-3982.123	-4242.496	260.3731	2.02133	0.4615238	0.680972	0.319028	1.232599
18948	-3969.7	-4229.983	260.2829	2.021686	0.4778555	0.646891	0.353109	1.283739
18954	-3975.137	-4235.522	260.3848	2.029183	0.4737382	0.652637	0.347363	1.198014
18960	-3988.082	-4248.381	260.2993	2.029183	0.5137325	0.727176	0.272824	1.214077
18966	-3989.113	-4249.461	260.3482	1.99125	0.4948062	0.661281	0.338719	1.23106
18972	-3994.115	-4254.383	260.2679	2.149039	0.4430755	0.68064	0.31936	1.241128
18978	-3990.799	-4251.379	260.5799	2.106553	0.4208998	0.680736	0.319264	1.036688
18984	-3991.758	-4252.18	260.4222	2.205455	0.522266	0.644593	0.355407	0.9176427
18990	-3987.214	-4247.706	260.4917	2.272232	0.4885043	0.725456	0.274544	0.8223681
18996	-4003.894	-4264.27	260.3753	2.391771	0.5078018	0.788108	0.211892	0.7754752
19002	-3993.482	-4253.723	260.2412	2.251484	0.5953047	0.763305	0.236695	0.9426227
19008	-3996.959	-4257.127	260.1673	2.17891	0.6755709	0.652174	0.347826	0.9785212
19014	-4002.66	-4263.187	260.5271	2.163445	0.4547508	0.685996	0.314004	0.971397
19020	-3988.136	-4248.272	260.1353	2.118094	0.5697319	0.674025	0.325975	1.203388
19026	-3982.08	-4242.315	260.2352	2.14192	0.491096	0.750266	0.249734	1.204389
19032	-3990.581	-4250.854	260.2733	2.064825	0.552177	0.750266	0.249734	1.153077
19038	-4000.29	-4260.693	260.4037	1.993013	0.5371458	0.744223	0.255777	1.121687
19044	-3995.677	-4255.873	260.1956	2.04961	0.4974346	0.598236	0.401764	1.30528
19050	-3978.261	-4238.461	260.1997	2.006582	0.4974346	0.682984	0.317016	1.336553
19056	-3983.724	-4243.701	259.9772	2.008011	0.5650591	0.688475	0.311525	1.425833
19062	-3993.426	-4253.92	260.4931	2.105296	0.4700461	0.690105	0.309895	1.036677
19068	-3997.051	-4257.527	260.4762	2.120527	0.4700461	0.66898	0.33102	1.038267
19074	-4004.523	-4264.46	259.9369	1.854583	0.4071539	0.697243	0.302757	1.762443
19080	-4006.805	-4267.162	260.3571	1.974927	0.4768265	0.736964	0.263036	1.262616
19086	-4002.907	-4263.268	260.3608	1.968281	0.465043	0.68378	0.31622	1.281756
19092	-3988.386	-4248.645	260.2585	1.928616	0.5104044	0.746983	0.253017	1.334861
19098	-3996.09	-4255.965	259.8747	1.818488	0.5972592	0.670262	0.329738	1.607983
19104	-3997.698	-4257.966	260.2684	1.839247	0.4588415	0.670262	0.329738	1.464542
19110	-3991.323	-4251.681	260.3579	1.914918	0.4588415	0.699481	0.300519	1.336075
19116	-3979.699	-4239.904	260.2054	1.927575	0.5767785	0.745146	0.254854	1.295017
19122	-3990.586	-4250.756	260.1705	1.927575	0.5836762	0.775536	0.224464	1.314943
19128	-3999.487	-4259.965	260.4789	2.002876	0.5230154	0.514925	0.485075	1.063942
19134	-3996.234	-4256.478	260.2441	2.065882	0.4197706	0.669254	0.330746	1.362679
19140	-4003.824	-4263.923	260.0996	2.008246	0.5241624	0.680278	0.319722	1.380019
19146	-4014.416	-4274.873	260.4565	2.045217	0.391345	0.673985	0.326015	1.25129
19152	-4001.066	-4261.378	260.3115	2.049049	0.4669967	0.651092	0.348908	1.252958
19158	-3992.63	-4252.984	260.3537	2.047166	0.4482076	0.758782	0.241218	1.246922
19164	-3992.912	-4253.261	260.3492	2.06914	0.4770235	0.761916	0.238084	1.189376
19170	-3991.464	-4251.851	260.3872	2.059566	0.4606089	0.570415	0.429585	1.189376
19176	-3994.065	-4254.304	260.2396	2.074045	0.4730595	0.747385	0.252615	1.283017
19182	-3980.765	-4241.178	260.4124	2.047313	0.4918397	0.667251	0.332749	1.13109
19188	-3978.636	-4238.574	259.9379	2.047313	0.6567122	0.608239	0.391761	1.322297
19194	-3977.773	-4237.958	260.1845	1.974721	0.5465096	0.608239	0.391761	1.31114
19200	-3983.128	-4243.306	260.178	1.98116	0.5465096	0.608239	0.391761	1.31114
19206	-3995.765	-4255.529	259.7648	1.87512	0.611916	0.769773	0.230227	1.631232
19212	-3991.194	-4251.204	260.0095	2.005678	0.5311205	0.699519	0.300481	1.443182
19218	-3977.744	-4238.106	260.3621	2.062993	0.507065	0.699519	0.300481	1.139439
19224	-3991.941	-4252.011	260.0707	2.037759	0.5931586	0.699519	0.300481	1.295236
19230	-3992.751	-4253.002	260.2508	1.97042	0.4103553	0.620852	0.379148	1.445332
19236	-3989.561	-4249.843	260.2818	2.000334	0.4103553	0.672902	0.327098	1.398362
19242	-3981.039	-4241.316	260.277	1.997762	0.4877137	0.672902	0.327098	1.29449
19248	-3999.829	-4259.843	260.0142	1.894816	0.4655843	0.672902	0.327098	1.603191
19254	-3991.131	-4251.132	260.0016	1.861731	0.4654554	0.72255	0.27745	1.636405
19260	-3998.123	-4257.971	259.8483	1.774899	0.4888155	0.740241	0.259759	1.777987
19266	-3982.913	-4242.011	259.0978	1.685347	0.6220068	0.740241	0.259759	2.202529
19272	-3986.797	-4246.412	259.6144	1.755434	0.5034246	0.620229	0.379771	1.93484
19278	-3996.794	-4256.43	259.6364	1.666647	0.5310064	0.719521	0.280479	1.949762
19284	-4000.712	-4260.143	259.4314	1.63863	0.4367352	0.745423	0.254577	2.208438
19290	-3978.207	-4237.138	258.9313	1.63886	0.5702859	0.606785	0.393215	2.387046
19296	-4000.629	-4259.579	258.9499	1.72302	0.5049216	0.674049	0.325951	2.387046
19302	-3989.349	-4248.497	259.1487	1.617959	0.5576721	0.674134	0.325866	2.274183
19308	-3995.529	-4254.73	259.2006	1.617959	0.5458065	0.609077	0.390923	2.252627
19314	-4005.76	-4265.372	259.6125	1.73172	0.4783496	0.574316	0.425684	1.980203
19320	-3996.951	-4256.729	259.7777	1.777818	0.4984354	0.673102	0.326898	1.813828
19326	-3988.871	-4248.843	259.9719	1.886861	0.5003788	0.756414	0.243586	1.596914
19332	-3990.688	-4250.515	259.8268	1.791651	0.5547825	0.756414	0.243586	1.707042
19338	-3992.348	-4252.214	259.8657	1.88786	0.5758724	0.767438	0.232562	1.587053
19344	-4001.375	-4261.402	260.0272	1.85785	0.5181329	0.744852	0.255148	1.556424
19350	-3998.963	-4258.802	259.8381	1.851423	0.6416416	0.732965	0.267035	1.564586
19356	-4002.423	-4262.416	259.9931	1.922966	0.6066024	0.633376	0.366624	1.431701
19362	-4006.137	-4266.141	260.0039	2.032699	0.5901516	0.633376	0.366624	1.35645
19368	-4003.919	-4264.256	260.3369	2.051582	0.4545841	0.629742	0.370258	1.247818
19374	-3986.6	-4247.117	260.5171	2.084343	0.4595929	0.648876	0.351124	1.051205
19380	-3987.559	-4248.007	260.4478	2.119918	0.4790693	0.654345	0.345655	1.051205
19386	-3999.73	-4259.972	260.2421	2.162792	0.5481471	0.791649	0.208351	1.098593
19392	-3991.364	-4251.671	260.3075	2.162792	0.5414441	0.7576	0.2424	1.047098
19398	-3980.388	-4241.027	260.6389	2.162792	0.383521	0.695754	0.304246	0.9938492
19404	-3983.806	-4244.159	260.3532	2.144964	0.5227784	0.697338	0.302662	1.048749
19410	-3977.968	-4238.347	260.3793	2.168871	0.5170462	0.697338	0.302662	1.00898
19416	-3971.236	-4231.464	260.2273	2.168871	0.5086818	0.662079	0.337921	1.162677
19422	-3972.455	-4232.78	260.3242	2.136513	0.4702734	0.732849	0.267151	1.162677
19428	-3987.439	-4247.814	260.3751	1.981015	0.4702734	0.691392	0.308608	1.251919
19434	-4005.719	-4265.64	259.9212	2.005225	0.6357105	0.806896	0.193104	1.39173
19440	-3996.01	-4256.45	260.4398	1.962365	0.4520148	0.61618	0.38382	1.240145
19446	-3987.689	-4247.94	260.2506	1.968031	0.4739927	0.687004	0.312996	1.358247
19452	-3990.425	-4250.552	260.1267	1.968031	0.57353	0.657351	0.342649	1.329842
19458	-3990.419	-4250.136	259.7165	1.880194	0.6680554	0.657351	0.342649	1.606062
19464	-3984.719	-4244.549	259.8299	1.860493	0.5350749	0.657351	0.342649	1.677749
19470	-3998.609	-4258.489	259.8794	1.772042	0.4837735	0.72889	0.27111	1.764257
19476	-4003.965	-4263.842	259.8769	1.735961	0.4803545	0.619909	0.380091	1.795089
19482	-3997.903	-4257.903	260.0003	1.898673	0.5313743	0.603996	0.396004	1.530485
19488	-3997.032	-4257.043	260.0114	1.862574	0.5232353	0.620597	0.379403	1.558502
19494	-3982.717	-4242.983	260.2664	1.957013	0.5406484	0.760946	0.239054	1.266132
19500	-3967.343	-4227.741	260.3975	1.971896	0.4891455	0.722112	0.277888	1.213748
19506	-3990.101	-4250.391	260.2898	2.00341	0.4660001	0.652516	0.347484	1.309602
19512	-3990.167	-4250.357	260.1905	1.86126	0.4402476	0.652516	0.347484	1.531341
19518	-3991.524	-4251.617	260.0932	1.917862	0.5627477	0.739885	0.260115	1.408524
19524	-3983.931	-4244.081	260.1505	1.926391	0.5627477	0.681661	0.318339	1.357008
19530	-3974.591	-4234.853	260.262	1.926391	0.4504039	0.704205	0.295795	1.414103
19536	-3988.228	-4248.185	259.9569	1.978895	0.5651587	0.661698	0.338302	1.463486
19542	-3994.848	-4255.137	260.2881	1.924026	0.4707996	0.665049	0.334951	1.367666
19548	-3991.398	-4251.65	260.2519	1.880247	0.5187971	0.585824	0.414176	1.367666
19554	-3985.288	-4245.532	260.2438	1.961122	0.4750056	0.758544	0.241456	1.367666
19560	-3972.796	-4233.018	260.2224	2.02242	0.4750056	0.612018	0.387982	1.335998
19566	-3977.575	-4237.774	260.1985	1.962745	0.4750056	0.712438	0.287562	1.401819
19572	-3971.328	-4231.672	260.3442	2.088792	0.4750056	0.712438	0.287562	1.179767
19578	-3980.947	-4241.344	260.3968	1.976318	0.4237636	0.712438	0.287562	1.306246
19584	-3986.261	-4246.418	260.157	2.013988	0.5111075	0.695894	0.304106	1.346834
19590	-3980.97	-4241.065	260.0951	2.084612	0.6289298	0.720338	0.279662	1.192697
19596	-3978.641	-4239.128	260.487	2.088723	0.4822059	0.644513	0.355487	1.038404
19602	-3979.836	-4240.149	260.3131	2.068905	0.4822059	0.696108	0.303892	1.212992
19608	-3981.392	-4241.655	260.2631	2.044	0.5571963	0.74521	0.25479	1.173475
19614	-3982.131	-4242.3	260.1686	2.044	0.5647104	0.690466	0.309534	1.244267
19620	-4000.683	-4260.924	260.2412	2.074287	0.5967809	0.604326	0.395674	1.113407
19626	-3998.336	-4258.757	260.4209	2.123409	0.5349613	0.682211	0.317789	0.9842121
19632	-4003.035	-4263.294	260.2591	2.188427	0.6295794	0.697186	0.302814	0.938485
19638	-3998.016	-4258.464	260.4477	2.188427	0.527238	0.703258	0.296742	0.8992738
19644	-3984.909	-4245.348	260.4384	2.188427	0.4935326	0.682509	0.317491	0.9685306
19650	-3990.251	-4250.689	260.4378	2.189035	0.4935326	0.715702	0.284298	0.9685306
19656	-3993.971	-4254.528	260.5566	2.195657	0.438352	0.711361	0.288639	0.9374059
19662	-3986.499	-4246.657	260.158	2.174122	0.6280084	0.668105	0.331895	1.056522
19668	-3996.636	-4256.937	260.3014	2.174122	0.5318555	0.746682	0.253318	1.056522
19674	-3994.469	-4254.737	260.268	2.174122	0.5318555	0.758165	0.241835	1.087819
19680	-4000.244	-4260.639	260.3953	2.105573	0.5270733	0.599497	0.400503	1.039511
19686	-3973.004	-4233.277	260.2729	2.105573	0.5614775	0.71232	0.28768	1.104049
19692	-3983.529	-4243.902	260.3731	2.148603	0.5258119	0.594735	0.405265	1.021246
19698	-3984.694	-4245.083	260.3892	2.19869	0.5032643	0.835789	0.164211	0.9917371
19704	-4001.059	-4261.59	260.5301	2.19869	0.4226083	0.746415	0.253585	0.9917371
19710	-3996.618	-4257.039	260.4202	2.191009	0.5268815	0.752429	0.247571	0.9275158
19716	-3992.103	-4252.239	260.1361	2.251223	0.6811052	0.607428	0.392572	0.9275158
19722	-3984.067	-4244.489	260.4226	2.223526	0.4988477	0.646707	0.353293	0.9388907
19728	-3981.216	-4241.682	260.4658	2.189752	0.4939584	0.765618	0.234382	0.9375348
19734	-3986.319	-4246.755	260.4356	2.190275	0.5266995	0.721152	0.278848	0.9116964
19740	-3981.083	-4241.429	260.3457	2.248771	0.5250406	0.674192	0.325808	0.9485361
19746	-3990.505	-4251.056	260.5511	2.248771	0.4673294	0.674192	0.325808	0.8227016
19752	-3980.5	-4241.067	260.5663	2.248771	0.4585938	0.714309	0.285691	0.8227016
19758	-3973.391	-4233.686	260.2952	2.280423	0.5656503	0.714309	0.285691	0.9002523
19764	-3970.737	-4231.259	260.5217	2.327418	0.4467134	0.69807	0.30193	0.8058508
19770	-3973.375	-4233.746	260.3707	2.327418	0.5487428	0.75263	0.24737	0.780722
19776	-3968.606	-4229.176	260.5702	2.3066	0.4479737	0.681092	0.318908	0.7646833
19782	-3987.028	-4247.306	260.2775	2.320388	0.6422096	0.666687	0.333313	0.72642
19788	-3965.351	-4225.757	260.4058	2.320388	0.5027622	0.666687	0.333313	0.8400083
19794	-3991.428	-4251.831	260.4036	2.255951	0.5339071	0.653612	0.346388	0.859931
19800	-3984.086	-4244.568	260.4817	2.277504	0.4725491	0.747527	0.252473	0.861626
19806	-3975.392	-4235.795	260.4035	2.308338	0.4725491	0.646468	0.353532	0.9158285
19812	-3970.601	-4230.735	260.1334	2.229553	0.6666488	0.692606	0.307394	0.9736338
19818	-3982.326	-4242.818	260.4918	2.229553	0.4892007	0.785783	0.214217	0.8728447
19824	-3982.311	-4242.739	260.4283	2.309635	0.4834755	0.777216	0.222784	0.8647649
19830	-3975.805	-4236.196	260.3904	2.285938	0.5215557	0.56825	0.43175	0.8633253
19836	-3976.326	-4236.642	260.3166	2.128833	0.4941252	0.685592	0.314408	1.140409
19842	-3989.031	-4249.522	260.4915	2.031522	0.4377574	0.647539	0.352461	1.158396
19848	-3984.455	-4244.831	260.3765	2.059883	0.4721137	0.7767	0.2233	1.181117
19854	-3992.25	-4252.067	259.8172	1.941303	0.6589564	0.690773	0.309227	1.495738
19860	-3986.778	-4246.777	259.999	1.835676	0.4361037	0.654054	0.345946	1.694148
19866	-3988.037	-4247.921	259.8833	1.788864	0.5320407	0.598743	0.401257	1.694148
19872	-3982.977	-4243.051	260.0737	1.922685	0.5320407	0.719964	0.280036	1.456461
19878	-3992.082	-4252.195	260.113	1.923835	0.4151572	0.721987	0.278013	1.576439
19884	-3998.464	-4258.259	259.7951	1.984428	0.5682888	0.72384	0.27616	1.576439
19890	-3981.143	-4240.736	259.5929	1.699522	0.4981158	0.637925	0.362075	1.992613
19896	-3992.38	-4251.831	259.4508	1.630798	0.410144	0.574247	0.425753	2.23279
19902	-3977.312	-4236.064	258.7521	1.518453	0.4307151	0.724396	0.275604	2.717352
19908	-3987.586	-4246.259	258.6732	1.555278	0.6652439	0.815385	0.184615	2.516612
19914	-3991.437	-4250.088	258.6511	1.560271	0.5899539	0.629087	0.370913	2.593226
19920	-3986.837	-4245.715	258.8781	1.558615	0.5017963	0.629087	0.370913	2.538484
19926	-3985.092	-4244.418	259.3265	1.596663	0.5208947	0.646899	0.353101	2.210589
19932	-3978.879	-4238.992	260.1123	1.823657	0.5276438	0.678413	0.321587	1.50732
19938	-3985.713	-4245.836	260.1229	1.839537	0.4868931	0.590648	0.409352	1.537235
19944	-3987.81	-4247.788	259.9785	1.905854	0.5348319	0.663968	0.336032	1.537235
19950	-3989.409	-4249.445	260.0358	1.843669	0.5569021	0.801222	0.198778	1.515356
19956	-3988.154	-4248.028	259.8741	1.859933	0.6078294	0.779753	0.220247	1.567036
19962	-3991.186	-4251.497	260.3115	1.809065	0.4522974	0.675225	0.324775	1.463527
19968	-3990.245	-4250.457	260.2128	1.897921	0.4578321	0.750437	0.249563	1.463527
19974	-3986.954	-4247.351	260.3962	1.88282	0.4733181	0.646769	0.353231	1.310844
19980	-3982.146	-4242.675	260.5293	1.953807	0.4463421	0.646769	0.353231	1.179759
19986	-3968.647	-4229.046	260.3991	2.092676	0.4941222	0.777647	0.222353	1.098486
19992	-3969.904	-4230.047	260.1437	2.092676	0.641717	0.66461	0.33539	1.127136
19998	-3970.023	-4230.377	260.3544	2.216909	0.4983563	0.629473	0.370527	1.016388
20004	-3969.2	-4229.702	260.5019	2.19009	0.4882548	0.649129	0.350871	0.9082004
20010	-3966.015	-4226.403	260.3882	2.145988	0.5012163	0.671525	0.328475	1.047835
20016	-3969.32	-4229.712	260.3921	2.117862	0.5012163	0.671525	0.328475	1.070747
20022	-3976.566	-4236.858	260.2921	2.117862	0.5142912	0.671525	0.328475	1.142421
20028	-3967.941	-4228.251	260.3093	2.117862	0.5275099	0.673879	0.326121	1.107907
20034	-3967.142	-4227.356	260.2135	2.103994	0.6111006	0.673879	0.326121	1.092645
20040	-3973.064	-4233.261	260.1963	2.068994	0.5477863	0.673879	0.326121	1.221817
20046	-3972.082	-4232.446	260.3641	1.990785	0.514304	0.713431	0.286569	1.190623
20052	-3976.172	-4236.258	260.0866	2.046968	0.514304	0.626549	0.373451	1.372329
20058	-3977.513	-4237.71	260.1976	2.076497	0.6287726	0.734913	0.265087	1.109423
20064	-3988.428	-4248.688	260.2603	2.200125	0.6100463	0.734913	0.265087	0.9541754
20070	-3988.082	-4248.446	260.3634	2.216861	0.5306049	0.690971	0.309029	0.9541754
20076	-3992.727	-4253.106	260.3785	2.258907	0.5379145	0.678461	0.321539	0.8785867
20082	-3973.365	-4233.68	260.3149	2.148961	0.5521462	0.715376	0.284624	1.037335
20088	-3971.612	-4231.776	260.1643	2.038467	0.5521462	0.740124	0.259876	1.268448
20094	-3959.086	-4219.357	260.2711	2.056203	0.5570159	0.834979	0.165021	1.156061
20100	-3957.349	-4217.721	260.3726	2.056203	0.4854396	0.669428	0.330572	1.167926
20106	-3970.259	-4230.654	260.3947	2.056203	0.5037415	0.669428	0.330572	1.121215
20112	-3969.155	-4229.444	260.2887	2.056203	0.5409914	0.669428	0.330572	1.162365
20118	-3979.219	-4239.391	260.1721	1.974744	0.5083322	0.741041	0.258959	1.36948
20124	-3974.544	-4234.549	260.0043	1.902718	0.4763896	0.712306	0.287694	1.591127
20130	-3966.122	-4226.31	260.1887	1.877479	0.4763896	0.764523	0.235477	1.472907
20136	-4006.153	-4266.331	260.1787	1.878132	0.4910474	0.589088	0.410912	1.461233
20142	-4006.391	-4266.478	260.0876	1.843965	0.5316337	0.712097	0.287903	1.505823
20148	-4012.964	-4273.332	260.3679	1.912424	0.3507173	0.635282	0.364718	1.490741
20154	-3994.754	-4255.032	260.2777	1.84404	0.3514291	0.716787	0.283213	1.606771
20160	-3982.657	-4242.478	259.8212	1.850368	0.5682725	0.749152	0.250848	1.654644
20166	-3979.498	-4239.495	259.9967	1.782359	0.4888614	0.704448	0.295552	1.66817
20172	-4011.362	-4271.698	260.3358	2.030403	0.5388955	0.558128	0.441872	1.146432
20178	-3999.677	-4259.895	260.2183	2.049844	0.5388955	0.794022	0.205978	1.231095
20184	-3987.624	-4247.819	260.1945	2.069627	0.5867255	0.719983	0.280017	1.17222
20190	-3993.662	-4253.782	260.1203	1.986837	0.5867255	0.611653	0.388347	1.304004
20196	-3986.679	-4246.751	260.0726	2.010619	0.6030553	0.721398	0.278602	1.304004
20202	-3987.591	-4247.688	260.0967	1.951351	0.5671071	0.807556	0.192444	1.374553
20208	-4000.966	-4261.047	260.0805	1.878211	0.5641633	0.566645	0.433355	1.447166
20214	-3986.687	-4246.983	260.296	1.974315	0.4675335	0.566645	0.433355	1.325948
20220	-4002.001	-4262.64	260.6389	2.250867	0.408796	0.556105	0.443895	0.8429394
20226	-3999.763	-4260.224	260.4612	2.274794	0.4959427	0.556105	0.443895	0.8418657
20232	-3995.311	-4255.554	260.2423	2.075554	0.516658	0.69012	0.30988	1.219019
20238	-4013.185	-4273.521	260.3357	2.065616	0.5132708	0.755625	0.244375	1.151626
20244	-3999.42	-4259.821	260.4011	2.051825	0.4390444	0.559192	0.440808	1.216974
20250	-3990.29	-4250.688	260.3981	2.044727	0.4240306	0.645636	0.354364	1.248578
20256	-3984.307	-4244.487	260.1797	1.992019	0.5289151	0.710534	0.289466	1.323359
20262	-3981.157	-4240.986	259.829	1.912807	0.5958214	0.715753	0.284247	1.574063
20268	-3990.167	-4250.672	260.5053	2.068499	0.4238068	0.67047	0.32953	1.136084
20274	-3985.522	-4245.899	260.3771	2.053512	0.516336	0.667188	0.332812	1.121002
20280	-3985.621	-4245.95	260.3288	1.957191	0.487355	0.641462	0.358538	1.285821
20286	-3993.479	-4253.755	260.2756	2.001448	0.487355	0.724743	0.275257	1.293116
20292	-3995.457	-4255.52	260.0634	1.92095	0.5969057	0.723417	0.276583	1.389772
20298	-3970.343	-4230.479	260.1364	1.838765	0.4817158	0.677131	0.322869	1.534329
20304	-3978.457	-4238.77	260.3124	1.897212	0.494617	0.672718	0.327282	1.337673
20310	-3967.394	-4227.61	260.2157	1.923382	0.5622697	0.672718	0.327282	1.30779
20316	-3983.096	-4243.406	260.3091	1.870647	0.4389314	0.718264	0.281736	1.436596
20322	-3978.24	-4237.889	259.6483	1.668043	0.6569318	0.70867	0.29133	1.814897
20328	-3987.503	-4247.332	259.8286	1.744067	0.5617264	0.703661	0.296339	1.731835
20334	-3989.67	-4249.156	259.486	1.811241	0.6587337	0.631119	0.368881	1.826341
20340	-3989.339	-4248.98	259.6416	1.775504	0.5273188	0.687647	0.312353	1.876512
20346	-3986.01	-4245.737	259.7265	1.757002	0.4355674	0.687647	0.312353	1.937274
20352	-3995.703	-4255.235	259.5323	1.737365	0.473465	0.687647	0.312353	2.035406
20358	-3986.878	-4246.539	259.6613	1.798709	0.5733337	0.687647	0.312353	1.79818
20364	-3989.249	-4249.006	259.7576	1.898936	0.68123	0.67115	0.32885	1.549344
20370	-3987.442	-4247.407	259.965	1.826252	0.5544973	0.640468	0.359532	1.583198
20376	-3984.63	-4244.415	259.7856	1.879207	0.7028328	0.675078	0.324922	1.522264
20382	-3982.606	-4242.542	259.9359	1.994624	0.6098406	0.644796	0.355204	1.416991
20388	-3979.732	-4239.586	259.8543	1.943875	0.7504133	0.694279	0.305721	1.374327
20394	-3977.501	-4237.521	260.0198	1.943875	0.5968622	0.708928	0.291072	1.405859
20400	-3984.868	-4245.046	260.178	2.084106	0.5812348	0.601507	0.398493	1.181014
20406	-3984.786	-4245.24	260.4532	2.089074	0.4792959	0.655058	0.344942	1.074902
20412	-3986.399	-4246.573	260.1737	2.106246	0.5485545	0.635987	0.364013	1.208369
20418	-3996.643	-4256.727	260.0832	2.139852	0.7015874	0.690286	0.309714	1.065579
20424	-3997.58	-4257.707	260.1273	2.139852	0.683448	0.690286	0.309714	1.046265
20430	-4002.091	-4262.323	260.2319	2.146352	0.6031896	0.62106	0.37894	1.046265
20436	-3990.921	-4251.224	260.3025	2.208957	0.6283383	0.660418	0.339582	0.8687684
20442	-3986.731	-4247.224	260.4921	2.237296	0.4685682	0.788388	0.211612	0.9039251
20448	-3974.233	-4234.536	260.3029	2.256569	0.5723567	0.707161	0.292839	0.9069615
20454	-3989.507	-4250.048	260.5411	2.257288	0.4583051	0.718135	0.281865	0.8441434
20460	-3983.335	-4243.739	260.4038	2.192374	0.5255938	0.718135	0.281865	0.9458644
20466	-3989.172	-4249.541	260.3687	2.159097	0.5398021	0.623803	0.376197	0.993177
20472	-3991.126	-4251.695	260.5684	2.050078	0.3970739	0.57456	0.42544	1.14135
20478	-3973.63	-4233.693	260.0629	1.967953	0.4644877	0.767185	0.232815	1.514946
20484	-3980.171	-4240.526	260.3549	1.972487	0.4498929	0.678296	0.321704	1.304853
20490	-3969.141	-4229.098	259.9575	1.946279	0.5676868	0.75052	0.24948	1.484843
20496	-3980.277	-4240.234	259.9575	1.946279	0.5676868	0.730789	0.269211	1.484843
20502	-3979.342	-4239.239	259.8967	1.926268	0.6380282	0.61877	0.38123	1.46878
20508	-3979.778	-4240.082	260.3033	2.035153	0.4509881	0.652455	0.347545	1.294258
20514	-3985.18	-4245.556	260.3756	2.035153	0.4432183	0.562699	0.437301	1.246093
20520	-3982.935	-4243.039	260.1041	2.035153	0.613048	0.639018	0.360982	1.246093
20526	-3977.818	-4238.001	260.1831	1.913613	0.5710444	0.699229	0.300771	1.331245
20532	-3987.153	-4247.214	260.0606	1.878286	0.5415749	0.680153	0.319847	1.488582
20538	-3983.589	-4243.776	260.1876	1.891287	0.5112625	0.67543	0.32457	1.418775
20544	-3985.136	-4245.249	260.1128	2.020321	0.5988714	0.71257	0.28743	1.268158
20550	-3984.142	-4244.526	260.3846	2.037461	0.5069523	0.736585	0.263415	1.142311
20556	-3989.146	-4249.459	260.3134	2.108358	0.5179804	0.760143	0.239857	1.126553
20562	-3990.276	-4250.759	260.4838	2.171975	0.5179804	0.7115	0.2885	0.8939209
20568	-3991.808	-4252.218	260.4099	2.171975	0.5168072	0.608361	0.391639	0.9754054
20574	-3982.814	-4243.323	260.5092	2.139737	0.4850219	0.594496	0.405504	0.960409
20580	-3976.113	-4236.466	260.3531	2.121158	0.4986064	0.721889	0.278111	1.107683
20586	-3985.996	-4246.508	260.5118	2.090893	0.4572555	0.753181	0.246819	1.053856
20592	-3995.1	-4255.351	260.2504	2.101588	0.5903542	0.688085	0.311915	1.088591
20598	-3994.09	-4254.643	260.5525	2.240848	0.4385667	0.734104	0.265896	0.8916671
20604	-3998.657	-4259.118	260.4608	2.114195	0.5035711	0.703492	0.296508	1.00417
20610	-4002.312	-4262.737	260.4251	2.170027	0.4459503	0.768067	0.231933	1.079888
20616	-4002.982	-4263.473	260.4911	2.170774	0.4608531	0.71231	0.28769	0.9897688
20622	-3994.72	-4255.058	260.3381	2.202576	0.6063614	0.71231	0.28769	0.8712895
20628	-3995.838	-4256.166	260.3275	2.182903	0.582786	0.766967	0.233033	0.943473
20634	-3986.344	-4246.739	260.3944	2.178569	0.53316	0.608056	0.391944	0.9575918
20640	-4004.801	-4265.123	260.3226	2.353662	0.5771216	0.585501	0.414499	0.7499149
20646	-3976.037	-4236.445	260.4084	2.353662	0.5210901	0.638861	0.361139	0.7515404
20652	-3993.326	-4253.661	260.3357	2.131084	0.5765881	0.664719	0.335281	0.9979645
20658	-4008.272	-4268.843	260.5707	2.020922	0.4625473	0.760643	0.239357	1.055587
20664	-3983.254	-4243.259	260.0053	2.020922	0.7006228	0.622302	0.377698	1.24069
20670	-3983.579	-4243.716	260.1373	1.958059	0.6158891	0.593846	0.406154	1.279041
20676	-4000.833	-4261.137	260.3037	2.010288	0.4285718	0.625691	0.374309	1.34656
20682	-4004.32	-4264.534	260.2142	2.284918	0.6533243	0.755021	0.244979	0.8418816
20688	-3995.545	-4255.916	260.371	2.289593	0.5415532	0.714195	0.285805	0.8441734
20694	-4004.399	-4264.813	260.414	2.246532	0.5415532	0.707232	0.292768	0.8441734
20700	-4008.644	-4269.116	260.4716	2.27991	0.500812	0.711498	0.288502	0.8119533
20706	-4003.609	-4264.032	260.423	2.207391	0.5123683	0.711498	0.288502	0.9319723
20712	-4004.189	-4264.565	260.376	2.23117	0.5268427	0.759825	0.240175	0.9319723
20718	-3994.074	-4254.423	260.349	2.259926	0.5268427	0.559254	0.440746	0.9300639
20724	-3982.757	-4242.98	260.2231	2.299771	0.582564	0.682604	0.317396	0.9304683
20730	-3989.44	-4249.726	260.2857	2.215319	0.5032987	0.572172	0.427828	1.075867
20736	-3991.97	-4252.498	260.5282	2.215319	0.4395299	0.672572	0.327428	0.9444172
20742	-3986.686	-4246.966	260.2797	2.32066	0.5781162	0.68494	0.31506	0.8494952
20748	-3986.373	-4246.752	260.3788	2.38178	0.5114979	0.720747	0.279253	0.7761035
20754	-3984.441	-4244.954	260.5126	2.307668	0.4350392	0.804685	0.195315	0.8678473
20760	-3992.227	-4252.57	260.3425	2.298663	0.5101299	0.801986	0.198014	0.9242567
20766	-3980.244	-4240.588	260.344	2.298663	0.5101299	0.717312	0.282688	0.9226235
20772	-3991.561	-4251.883	260.3217	2.343236	0.5101299	0.717312	0.282688	0.8979166
20778	-3983.929	-4244.38	260.4508	2.177389	0.4921445	0.717312	0.282688	0.969498
20784	-3976.086	-4236.118	260.0317	2.186135	0.6888993	0.569574	0.430426	1.085962
20790	-3990.209	-4250.518	260.3089	2.186619	0.5465636	0.786254	0.213746	1.014875
20796	-3982.245	-4242.524	260.2791	2.184582	0.5912543	0.765473	0.234527	0.9790761
20802	-3988.477	-4248.912	260.435	2.235653	0.4618236	0.564311	0.435689	0.9790761
20808	-4002.301	-4262.538	260.237	2.213228	0.6035897	0.714355	0.285645	0.9744935
20814	-3987.512	-4248.133	260.6213	2.213228	0.4075965	0.602005	0.397995	0.9099275
20820	-3984.136	-4244.506	260.3697	2.158481	0.6050456	0.612582	0.387418	0.8878781
20826	-3995.244	-4255.651	260.4068	2.253311	0.5008595	0.633502	0.366498	0.9202219
20832	-3983.621	-4243.853	260.2314	2.238458	0.5849108	0.633502	0.366498	0.9823681
20838	-3991.509	-4251.809	260.2998	2.232851	0.5849108	0.666535	0.333465	0.9159531
20844	-3982.003	-4242.31	260.3073	2.157989	0.5678793	0.651655	0.348345	1.012432
20850	-3980.558	-4240.815	260.2572	2.153455	0.5678793	0.6023	0.3977	1.065108
20856	-3984.86	-4245.206	260.3463	2.153455	0.5312199	0.589487	0.410513	1.034209
20862	-3985.222	-4245.717	260.4954	2.122777	0.4646522	0.565984	0.434016	1.026474
20868	-3985.581	-4246.003	260.4217	2.13838	0.4935056	0.565984	0.434016	1.035165
20874	-3981.9	-4242.141	260.2409	2.13838	0.6145377	0.62835	0.37165	1.029529
20880	-3977.785	-4238.125	260.3401	2.04817	0.5320722	0.63771	0.36229	1.136418
20886	-3976.473	-4236.771	260.2976	1.986215	0.5320722	0.601301	0.398699	1.226978
20892	-3986.06	-4246.437	260.3768	1.963116	0.4670488	0.718638	0.281362	1.269968
20898	-3994.778	-4255.008	260.2302	1.913975	0.5259405	0.586871	0.413129	1.349116
20904	-4002.235	-4262.448	260.2127	2.296821	0.5689712	0.586871	0.413129	0.9660172
20910	-3994.225	-4254.577	260.3517	2.118611	0.5999379	0.652056	0.347944	0.9591635
20916	-3992.838	-4253.292	260.4544	2.181129	0.5084921	0.628116	0.371884	0.9332855
20922	-3997.429	-4257.797	260.3679	2.267611	0.5084921	0.624479	0.375521	0.9332855
20928	-4000.725	-4261.094	260.3694	2.267611	0.529431	0.650071	0.349929	0.8944314
20934	-3995.118	-4255.317	260.199	2.186446	0.5965318	0.713257	0.286743	1.048675
20940	-3992.98	-4253.229	260.2493	2.124598	0.5100481	0.528715	0.471285	1.180203
20946	-4000.859	-4261.079	260.2209	2.126316	0.5708283	0.581839	0.418161	1.119562
20952	-3983.474	-4243.189	259.7148	1.748697	0.485698	0.694016	0.305984	1.891374
20958	-3989.614	-4249.497	259.8837	1.818082	0.4976961	0.602709	0.397291	1.712586
20964	-3994.319	-4254.791	260.4723	2.312726	0.4860635	0.715316	0.284684	0.8002419
20970	-3984.043	-4244.632	260.589	2.248543	0.4348566	0.743977	0.256023	0.8476253
20976	-4009.814	-4270.238	260.4237	2.277664	0.5141533	0.727371	0.272629	0.8476253
20982	-4000.109	-4260.255	260.1461	1.930147	0.5940071	0.70885	0.29115	1.320276
20988	-3997.886	-4258.25	260.3642	1.923729	0.4614509	0.70885	0.29115	1.320276
20994	-3998.136	-4258.337	260.2005	1.935434	0.4692494	0.60377	0.39623	1.429097
21000	-3978.874	-4239.233	260.3592	1.954254	0.4418531	0.60377	0.39623	1.327662
21006	-3992.342	-4252.669	260.3271	1.829868	0.4800523	0.6742	0.3258	1.398508
21012	-3999.64	-4259.566	259.9254	1.849236	0.4473407	0.6742	0.3258	1.722305
21018	-3998.583	-4258.158	259.5747	1.677455	0.4653948	0.652478	0.347522	2.056209
21024	-3994.986	-4254.699	259.7129	1.733889	0.4065484	0.69568	0.30432	1.998077
21030	-3998.841	-4258.942	260.1008	2.075467	0.6360947	0.679751	0.320249	1.18699
21036	-3995.395	-4255.619	260.2244	2.075467	0.5867143	0.727942	0.272058	1.140725
21042	-3992.148	-4252.502	260.3537	2.047678	0.5575921	0.666966	0.333034	1.088429
21048	-4001.004	-4261.285	260.2802	2.158625	0.5441	0.597828	0.402172	1.072958
21054	-3982.853	-4243.146	260.2932	2.12491	0.5239508	0.634739	0.365261	1.121245
21060	-3986.643	-4247.039	260.3959	2.167079	0.5239508	0.706892	0.293108	0.9830306
21066	-3982.733	-4243.086	260.3524	2.160502	0.5757453	0.702167	0.297833	0.9519448
21072	-3989.269	-4249.519	260.25	2.092343	0.5898228	0.733242	0.266758	1.098227
21078	-3983.282	-4243.512	260.2306	2.060871	0.5855704	0.686105	0.313895	1.149658
21084	-4001.982	-4262.279	260.2975	2.001885	0.499318	0.71736	0.28264	1.258334
21090	-3983.213	-4243.451	260.2388	1.952012	0.5251135	0.683302	0.316698	1.312858
21096	-3993.468	-4253.76	260.2916	1.889681	0.521965	0.722412	0.277588	1.324547
21102	-3981.445	-4241.468	260.0232	1.910448	0.627409	0.7181	0.2819	1.395227
21108	-3985.759	-4245.755	259.9966	1.831723	0.5460719	0.632893	0.367107	1.565565
21114	-3994.083	-4254.411	260.329	2.040624	0.4921136	0.591766	0.408234	1.209348
21120	-3986.959	-4247.154	260.1953	2.040624	0.5726306	0.569104	0.430896	1.21459
21126	-3994.171	-4254.41	260.2385	2.040624	0.544349	0.610739	0.389261	1.21459
21132	-3975.88	-4236.203	260.3223	1.995877	0.4832621	0.716377	0.283623	1.265012
21138	-3983.213	-4243.4	260.1866	1.813567	0.5392151	0.777912	0.222088	1.444889
21144	-3975.072	-4235.207	260.1358	1.914563	0.5167745	0.739373	0.260627	1.433849
21150	-3989.077	-4249.262	260.1853	1.906917	0.4590326	0.652482	0.347518	1.475996
21156	-4002.941	-4263.497	260.5561	2.017939	0.3733044	0.726739	0.273261	1.220689
21162	-4005.207	-4265.491	260.2845	2.017939	0.5128649	0.526337	0.473663	1.237243
21168	-3997.44	-4257.741	260.3007	2.047202	0.4759588	0.722992	0.277008	1.250633
21174	-3978.328	-4238.641	260.3127	2.163444	0.5060509	0.654248	0.345752	1.094736
21180	-3999.503	-4258.932	259.4293	1.623355	0.3762232	0.75099	0.24901	2.293865
21186	-3994.464	-4253.688	259.2246	1.571171	0.4591825	0.746614	0.253386	2.358383
21192	-3982.554	-4242.845	260.2903	1.944179	0.5149999	0.59757	0.40243	1.290569
21198	-3980.768	-4241.11	260.3413	2.028243	0.478065	0.686371	0.313629	1.229506
21204	-3970.959	-4231.166	260.2077	2.024858	0.516354	0.639907	0.360093	1.290328
21210	-3988.36	-4248.668	260.3082	2.017028	0.4682635	0.751253	0.248747	1.280294
21216	-3994.18	-4254.526	260.3466	1.991023	0.4555074	0.626277	0.373723	1.288389
21222	-3987.395	-4248.061	260.6662	1.991023	0.3799132	0.69134	0.30866	1.136922
21228	-3975.139	-4235.449	260.3103	2.057347	0.5238713	0.679938	0.320062	1.166134
21234	-3971.869	-4232.295	260.4261	2.109694	0.515498	0.643638	0.356362	1.023624
21240	-3979.059	-4239.342	260.2832	2.089393	0.6159336	0.677647	0.322353	1.034134
21246	-3974.775	-4235.203	260.4284	2.089393	0.5100061	0.677647	0.322353	1.049704
21252	-3982.18	-4242.504	260.324	2.146612	0.5394781	0.664612	0.335388	1.049704
21258	-3990.247	-4250.703	260.4557	2.079818	0.5131378	0.799447	0.200553	1.027631
21264	-3990.402	-4250.861	260.459	2.097157	0.458554	0.799447	0.200553	1.095225
21270	-3991.746	-4252.064	260.3178	2.088332	0.5496881	0.753184	0.246816	1.095225
21276	-3994.138	-4254.535	260.397	2.067962	0.5496881	0.741627	0.258373	1.039951
21282	-3996.274	-4256.366	260.0915	1.906434	0.5365476	0.688734	0.311266	1.449832
21288	-3994.138	-4254.17	260.0316	1.870857	0.5350823	0.637292	0.362708	1.523523
21294	-3992.211	-4252.155	259.9432	1.828418	0.6009788	0.790409	0.209591	1.546632
21300	-3991.4	-4251.28	259.8801	1.87707	0.5828326	0.745814	0.254186	1.57684
21306	-4001.512	-4261.482	259.9707	1.87707	0.5992536	0.653589	0.346411	1.491757
21312	-3993.134	-4252.809	259.6756	1.87707	0.6404342	0.770444	0.229556	1.664973
21318	-4009.636	-4269.609	259.973	1.922766	0.6355514	0.770444	0.229556	1.415756
21324	-3994.06	-4254.251	260.19	2.217222	0.6405022	0.700872	0.299128	0.9648088
21330	-4003.109	-4263.367	260.2584	1.933158	0.4176647	0.699501	0.300499	1.457461
21336	-4001.162	-4261.12	259.9579	1.900344	0.5404679	0.607435	0.392565	1.549978
21342	-4003.296	-4263.242	259.9466	1.883507	0.4830451	0.74843	0.25157	1.638609
21348	-4013.094	-4272.797	259.7035	1.874136	0.5654724	0.661645	0.338355	1.724325
21354	-3998.984	-4259.228	260.2442	2.121082	0.5665312	0.735481	0.264519	1.109041
21360	-3998.521	-4257.578	259.0575	1.661835	0.5665814	0.574407	0.425593	2.295732
21366	-3992.302	-4251.682	259.3805	1.661835	0.5686922	0.708948	0.291052	2.084366
21372	-4015.467	-4275.895	260.4281	2.085185	0.4791072	0.680711	0.319289	1.101989
21378	-4006.315	-4266.729	260.4136	2.085185	0.4891793	0.668019	0.331981	1.099713
21384	-4008.466	-4268.861	260.3952	2.114313	0.5028933	0.617817	0.382183	1.06855
21390	-3998.634	-4258.904	260.2692	2.056092	0.5336602	0.722784	0.277216	1.189472
21396	-3988.395	-4248.766	260.3711	2.065655	0.5336602	0.722784	0.277216	1.090151
21402	-3997.274	-4257.529	260.2554	2.009322	0.4876572	0.755141	0.244859	1.302699
21408	-3985.794	-4245.833	260.0387	1.985426	0.5517745	0.684693	0.315307	1.411481
21414	-3986.977	-4247.167	260.1905	1.976614	0.5263346	0.747988	0.252012	1.330329
21420	-3994.089	-4254.413	260.3233	1.976614	0.4790908	0.752469	0.247531	1.285866
21426	-3988.096	-4248.3	260.2033	2.034655	0.5835616	0.586923	0.413077	1.198923
21432	-3988.083	-4248.218	260.1347	1.991893	0.5097376	0.637254	0.362746	1.383589
21438	-3981.879	-4241.985	260.1053	1.957389	0.5942042	0.681355	0.318645	1.330898
21444	-3990.252	-4250.106	259.8541	1.925703	0.6808709	0.595324	0.404676	1.45734
21450	-3994.993	-4255.074	260.0814	1.905095	0.5156726	0.773258	0.226742	1.4838
21456	-4003.883	-4263.927	260.0446	1.905095	0.50053	0.736474	0.263526	1.529877
21462	-3997.479	-4257.462	259.9832	1.899401	0.4899418	0.736474	0.263526	1.592184
21468	-4000.319	-4260.082	259.7634	1.791803	0.4485015	0.652164	0.347836	1.872873
21474	-4001.069	-4260.937	259.8683	1.704396	0.409267	0.701399	0.298601	1.910054
21480	-4024.66	-4281.59	256.93	1.269024	0.4647599	0.682365	0.317635	3.903901
21486	-4008.046	-4266.056	258.0097	1.31478	0.4221898	0.652314	0.347686	3.294589
21492	-4009.761	-4268.019	258.2584	1.31478	0.390978	0.686357	0.313643	3.182716
21498	-4003.631	-4261.759	258.1274	1.31478	0.4610011	0.733507	0.266493	3.183624
21504	-4006.632	-4265.229	258.5973	1.491191	0.4676557	0.639246	0.360754	2.788384
21510	-4015.067	-4274.993	259.9259	1.852466	0.4836758	0.57868	0.42132	1.674868
21516	-3998.473	-4258.488	260.0151	1.852466	0.4763492	0.616727	0.383273	1.61983
21522	-4007.09	-4267.494	260.404	1.83614	0.4632944	0.809595	0.190405	1.355806
21528	-3993.148	-4253.014	259.8659	1.955657	0.5840867	0.632391	0.367609	1.527963
21534	-4002.273	-4262.46	260.1869	1.955657	0.5018686	0.703921	0.296079	1.38121
21540	-3996.137	-4256.407	260.2699	1.985116	0.6145058	0.745421	0.254579	1.144704
21546	-3996.981	-4257.409	260.4277	2.129638	0.5169763	0.715277	0.284723	1.00003
21552	-3988.855	-4248.864	260.0094	1.827185	0.4379571	0.737719	0.262281	1.690414
21558	-3998.95	-4259.162	260.2114	1.87994	0.4279266	0.737719	0.262281	1.518618
21564	-4004.108	-4263.907	259.7993	1.875522	0.4920793	0.69984	0.30016	1.738152
21570	-3997.744	-4257.44	259.6959	1.827741	0.4920793	0.74939	0.25061	1.84298
21576	-3991.878	-4251.437	259.5594	1.79422	0.5530848	0.74939	0.25061	1.892294
21582	-4005.859	-4265.702	259.8435	1.749083	0.4375855	0.703851	0.296149	1.860772
21588	-4007.199	-4266.511	259.3113	1.675948	0.6586284	0.703851	0.296149	2.035725
21594	-3993.306	-4252.545	259.2389	1.635895	0.4063762	0.703851	0.296149	2.369476
21600	-3995.78	-4255.183	259.403	1.697556	0.5581857	0.688482	0.311518	2.056545
21606	-3988.492	-4248.064	259.5727	1.691944	0.4579646	0.656491	0.343509	2.056545
21612	-3990.714	-4250.056	259.3419	1.620961	0.4546136	0.677453	0.322547	2.256869
21618	-4003.865	-4263.175	259.3099	1.609354	0.4499959	0.762189	0.237811	2.29008
21624	-3987.829	-4247.195	259.3659	1.609354	0.4356031	0.73185	0.26815	2.270769
21630	-3979.667	-4239.215	259.5479	1.623083	0.4281346	0.697614	0.302386	2.153135
21636	-3984.454	-4243.547	259.0931	1.700731	0.3909064	0.738965	0.261035	2.439478
21642	-3976.241	-4235.591	259.3505	1.655649	0.4065888	0.757478	0.242522	2.285576
21648	-3979.919	-4239.727	259.8078	1.773977	0.5349925	0.686477	0.313523	1.754487
21654	-3988.63	-4248.221	259.5906	1.82978	0.6579927	0.558922	0.441078	1.741545
21660	-4002.877	-4262.513	259.6364	1.770079	0.4568338	0.500251	0.499749	1.96351
21666	-4003.872	-4263.303	259.431	1.671382	0.5385321	0.500251	0.499749	2.075383
21672	-3982.228	-4241.57	259.342	1.651854	0.5718304	0.629329	0.370671	2.113054
21678	-3975.342	-4234.839	259.4967	1.674379	0.5884841	0.757601	0.242399	1.979403
21684	-3998.985	-4258.76	259.7754	1.674379	0.4447664	0.678961	0.321039	1.948789
21690	-3993.04	-4252.402	259.3621	1.652479	0.5410443	0.670109	0.329891	2.130384
21696	-3988.56	-4248.115	259.5548	1.636134	0.4041395	0.74676	0.25324	2.169481
21702	-3980.078	-4239.817	259.7385	1.655637	0.5087204	0.688172	0.311828	1.912535
21708	-3980.906	-4240.537	259.6308	1.717578	0.443422	0.70679	0.29321	2.018221
21714	-4001.086	-4259.976	258.8895	1.580465	0.6118376	0.726691	0.273309	2.411731
21720	-4006.223	-4265.074	258.8507	1.680381	0.6268982	0.661698	0.338302	2.35958
21726	-3998.756	-4257.368	258.6123	1.5353	0.6489073	0.656626	0.343374	2.580805
21732	-3996.193	-4254.703	258.5103	1.566202	0.6688563	0.656626	0.343374	2.608003
21738	-3995.078	-4254.572	259.4933	1.684418	0.6595987	0.603766	0.396234	1.907204
21744	-3998.006	-4257.471	259.4657	1.684418	0.4770257	0.796206	0.203794	2.110164
21750	-3999.906	-4259.638	259.7322	1.665093	0.4759926	0.627146	0.372854	1.947332
21756	-4000.368	-4259.94	259.5718	1.665093	0.4759926	0.627146	0.372854	2.054213
21762	-3997.65	-4257.101	259.4511	1.72851	0.5103486	0.681187	0.318813	2.054213
21768	-3996.365	-4255.706	259.3416	1.72851	0.5919654	0.643462	0.356538	2.043201
21774	-3999.594	-4259.286	259.6924	1.777653	0.5105981	0.673189	0.326811	1.858816
21780	-3991.675	-4251.422	259.7461	1.910552	0.6424096	0.757863	0.242137	1.58788
21786	-3977.397	-4237.163	259.7658	1.890925	0.6423882	0.711952	0.288048	1.58788
21792	-3986.485	-4246.639	260.1544	1.890925	0.4024071	0.734487	0.265513	1.58788
21798	-3993.571	-4253.713	260.1414	1.890925	0.409659	0.646106	0.353894	1.587265
21804	-3991.462	-4251.186	259.724	1.850989	0.4868597	0.651922	0.348078	1.813675
21810	-3976.839	-4236.938	260.0986	1.959127	0.5072197	0.725743	0.274257	1.440094
21816	-3989.433	-4249.478	260.0448	1.85929	0.5124273	0.680619	0.319381	1.549174
21822	-3995.742	-4254.986	259.2436	1.848053	0.7611711	0.715441	0.284559	1.876704
21828	-3987.218	-4246.838	259.62	1.795759	0.526452	0.698177	0.301823	1.878413
21834	-3998.406	-4258.263	259.8564	1.758411	0.5092472	0.656495	0.343505	1.760294
21840	-4009.774	-4269.441	259.6667	1.817483	0.5930424	0.700658	0.299342	1.761053
21846	-4016.493	-4276.615	260.1223	1.823286	0.469405	0.697196	0.302804	1.571698
21852	-4002.826	-4262.869	260.0435	1.959028	0.5391621	0.69004	0.30996	1.443213
21858	-4007.093	-4267.124	260.0313	1.984797	0.6053723	0.752026	0.247974	1.355139
21864	-3985.657	-4245.898	260.2411	1.864213	0.4592742	0.707063	0.292937	1.465733
21870	-3999.839	-4259.946	260.1076	1.864213	0.4666081	0.718721	0.281279	1.55594
21876	-3989.403	-4249.288	259.8845	1.864213	0.5605765	0.64549	0.35451	1.607389
21882	-3980.746	-4240.731	259.9849	1.802236	0.5244645	0.702705	0.297295	1.620439
21888	-3986.829	-4246.718	259.8888	1.793639	0.5234504	0.702705	0.297295	1.696514
21894	-3982.443	-4242.321	259.8778	1.833401	0.488737	0.716753	0.283247	1.716453
21900	-3990.269	-4250.315	260.0461	1.913686	0.488737	0.717734	0.282266	1.536923
21906	-3997.982	-4257.823	259.8405	1.83989	0.5976485	0.669806	0.330194	1.616834
21912	-3993.745	-4253.664	259.9185	1.817867	0.4485855	0.642326	0.357674	1.747606
21918	-3998.959	-4258.52	259.5605	1.845666	0.5346811	0.642326	0.357674	1.876012
21924	-3990.893	-4250.985	260.0921	1.900801	0.4110045	0.66436	0.33564	1.614078
21930	-4004.522	-4264.851	260.3286	1.991499	0.4879813	0.693937	0.306063	1.25682
21936	-3993.305	-4253.346	260.0406	1.98651	0.6238941	0.777108	0.222892	1.32523
21942	-3998.499	-4258.285	259.7868	1.755116	0.5408691	0.720951	0.279049	1.7759
21948	-3992.146	-4252.112	259.966	1.755116	0.3852027	0.720951	0.279049	1.840612
21954	-3984.584	-4244.443	259.8596	1.802875	0.4669902	0.708693	0.291307	1.776603
21960	-3975.047	-4235.083	260.0357	1.865538	0.4811727	0.708693	0.291307	1.589379
21966	-3980.01	-4240.239	260.2285	1.925919	0.4811727	0.708693	0.291307	1.39895
21972	-3989.2	-4249.089	259.8897	1.892145	0.4722067	0.698453	0.301547	1.686365
21978	-3994.195	-4254.204	260.0087	1.820837	0.514699	0.736899	0.263101	1.601113
21984	-3986.849	-4246.746	259.8973	1.820837	0.4292156	0.642168	0.357832	1.784767
21990	-3990.808	-4251.048	260.2398	1.895757	0.5102531	0.750045	0.249955	1.375939
21996	-3991.777	-4252.115	260.3378	1.96371	0.5102531	0.597213	0.402787	1.241521
22002	-3966.911	-4226.986	260.0749	1.96371	0.5666959	0.709568	0.290432	1.38246
22008	-3976.141	-4236.43	260.2897	2.01119	0.4732607	0.66138	0.33862	1.293212
22014	-3985.736	-4246.186	260.4495	1.915097	0.4178403	0.699097	0.300903	1.322044
22020	-3994.865	-4254.974	260.1084	1.971277	0.5781494	0.677551	0.322449	1.336347
22026	-4003.96	-4264.041	260.0812	1.899784	0.6254816	0.74863	0.25137	1.36018
22032	-4005.869	-4265.943	260.0747	1.815	0.4872813	0.71404	0.28596	1.590254
22038	-3997.168	-4257.221	260.0525	1.772578	0.5021463	0.659419	0.340581	1.619225
22044	-4010.819	-4270.904	260.0853	1.918988	0.4492939	0.659419	0.340581	1.554441
22050	-3983.244	-4243.208	259.9641	1.957089	0.5562332	0.673606	0.326394	1.484876
22056	-3983.353	-4243.27	259.9168	1.957089	0.6238261	0.725636	0.274364	1.445203
22062	-3973.106	-4233.322	260.2159	1.972341	0.428112	0.754157	0.245843	1.445203
22068	-3985.127	-4245.205	260.0782	1.923557	0.522605	0.615683	0.384317	1.463749
22074	-3989.234	-4249.118	259.8834	1.950412	0.5843012	0.714634	0.285366	1.518589
22080	-3975.74	-4235.747	260.0074	1.939436	0.5750771	0.626512	0.373488	1.443681
22086	-3990.203	-4250.226	260.023	1.949945	0.5578382	0.6606	0.3394	1.443681
22092	-3979.222	-4239.443	260.2208	1.920494	0.4789647	0.718098	0.281902	1.412117
22098	-3974.985	-4234.619	259.634	1.755458	0.5305709	0.631426	0.368574	1.891833
22104	-3992.176	-4251.643	259.4669	1.643801	0.5305709	0.767402	0.232598	2.078168
22110	-3996.92	-4256.271	259.3505	1.709291	0.5477406	0.734035	0.265965	2.09395
22116	-3992.267	-4251.928	259.6606	1.810748	0.5281918	0.682397	0.317603	1.838503
22122	-3993.915	-4253.425	259.5102	1.672782	0.493492	0.593703	0.406297	2.070285
22128	-3986.75	-4246.261	259.5116	1.725354	0.5216998	0.631301	0.368699	2.003971
22134	-3998.482	-4258.526	260.0448	1.901881	0.5079547	0.716939	0.283061	1.522995
22140	-3986.787	-4246.678	259.8913	1.812648	0.4648915	0.727464	0.272536	1.750185
22146	-3985.467	-4245.614	260.1465	1.980478	0.5307555	0.607121	0.392879	1.356682
22152	-3997.222	-4257.551	260.3285	1.983372	0.5080192	0.652214	0.347786	1.235938
22158	-4005.963	-4265.914	259.9501	2.025807	0.6028008	0.681696	0.318304	1.389648
22164	-4002.263	-4262.388	260.1251	2.126672	0.6028008	0.522122	0.477878	1.16249
22170	-3993.824	-4254.119	260.2946	2.126672	0.5476927	0.669309	0.330691	1.084126
22176	-3978.249	-4238.5	260.2513	2.085693	0.5543747	0.626263	0.373737	1.151092
22182	-3996.056	-4256.308	260.2511	2.154364	0.511072	0.745085	0.254915	1.151092
22188	-3988.846	-4249.128	260.2819	2.064834	0.5401725	0.700726	0.299274	1.16191
22194	-3992.623	-4252.969	260.3463	2.064834	0.5001402	0.700726	0.299274	1.16191
22200	-3988.822	-4249.029	260.2065	2.062448	0.5817139	0.700726	0.299274	1.174519
22206	-3991.172	-4251.175	260.0029	2.11387	0.6477461	0.700726	0.299274	1.224072
22212	-4008.552	-4268.775	260.2228	2.184392	0.4990427	0.63369	0.36631	1.166916
22218	-4003.846	-4264.067	260.2207	2.099676	0.505471	0.752793	0.247207	1.232301
22224	-3991.17	-4251.261	260.0915	2.06072	0.6086338	0.739686	0.260314	1.240509
22230	-3989.267	-4249.486	260.2194	2.050064	0.5116077	0.713124	0.286876	1.266401
22236	-4005.41	-4265.665	260.2545	2.192917	0.591432	0.672944	0.327056	0.9952837
22242	-3990.554	-4250.615	260.0615	2.017057	0.5366325	0.743119	0.256881	1.387499
22248	-4008.238	-4268.622	260.3845	1.980403	0.44747	0.66978	0.33022	1.277771
22254	-3987.436	-4247.676	260.2403	2.058311	0.5344099	0.708101	0.291899	1.211303
22260	-3989.807	-4249.821	260.0143	2.027123	0.6444161	0.647159	0.352841	1.290396
22266	-3984.903	-4245.167	260.2642	2.027123	0.5108854	0.606072	0.393928	1.249229
22272	-4011.457	-4271.968	260.51	2.250137	0.4881091	0.699065	0.300935	0.8280085
22278	-3993.336	-4253.773	260.4367	2.196518	0.5270908	0.603927	0.396073	0.9028374
22284	-3977.315	-4237.657	260.3415	2.28176	0.5160569	0.729503	0.270497	0.9332597
22290	-3991.923	-4252.332	260.4091	2.349158	0.4931221	0.729503	0.270497	0.8198121
22296	-3985.476	-4245.893	260.4173	2.300785	0.5406445	0.704675	0.295325	0.7703837
22302	-3985.424	-4245.721	260.297	2.367804	0.5617472	0.719379	0.280621	0.7989572
22308	-3990.46	-4250.795	260.3356	2.351376	0.5417362	0.680723	0.319277	0.8104237
22314	-3987.471	-4248.007	260.5366	2.324598	0.4305383	0.657837	0.342163	0.8280146
22320	-3985.093	-4245.693	260.6003	2.275835	0.4305383	0.746843	0.253157	0.8088126
22326	-3983.213	-4243.618	260.4053	2.275835	0.509078	0.70156	0.29844	0.8813742
22332	-3985.037	-4245.524	260.4866	2.275835	0.5141293	0.739603	0.260397	0.7674153
22338	-3988.46	-4248.771	260.3106	2.346636	0.5072535	0.7326	0.2674	0.9118125
22344	-3982.709	-4243.16	260.4507	2.248828	0.5072535	0.557191	0.442809	0.8633153
22350	-3977.084	-4237.465	260.3806	2.235027	0.5535033	0.66465	0.33535	0.8757186
22356	-3975.833	-4236.162	260.3293	2.263379	0.589085	0.706537	0.293463	0.8388988
22362	-3986.037	-4246.539	260.5012	2.166489	0.4491873	0.681911	0.318089	1.004576
22368	-3981.328	-4241.738	260.4107	2.095797	0.5342513	0.665614	0.334386	1.022985
22374	-3990.289	-4250.732	260.4426	2.095797	0.4885879	0.699259	0.300741	1.063801
22380	-3982.379	-4242.879	260.4998	2.004884	0.4698908	0.699259	0.300741	1.124112
22386	-3981.614	-4242.06	260.4464	2.100087	0.476195	0.714892	0.285108	1.075904
22392	-3991.251	-4251.678	260.4267	2.130562	0.5071205	0.63802	0.36198	1.016015
22398	-3981.056	-4241.35	260.2943	2.060836	0.5006406	0.644141	0.355859	1.209629
22404	-3988.307	-4248.441	260.1336	2.060836	0.6160502	0.656901	0.343099	1.195731
22410	-3982.609	-4243.057	260.4474	2.20925	0.4639148	0.757381	0.242619	0.989613
22416	-3964.733	-4225.225	260.4925	2.20925	0.4712508	0.76911	0.23089	0.9292654
22422	-3980.5	-4240.799	260.2988	2.127124	0.5557914	0.731131	0.268869	1.068143
22428	-3982.51	-4242.899	260.389	2.127124	0.5393524	0.587654	0.412346	1.00562
22434	-3985.965	-4246.391	260.4253	2.129471	0.4897474	0.751725	0.248275	1.046336
22440	-3976.379	-4236.695	260.316	2.129471	0.5579731	0.73106	0.26894	1.046336
22446	-3979.284	-4239.637	260.3523	2.102528	0.5324163	0.578135	0.421865	1.075193
22452	-3982.06	-4242.375	260.3156	2.231049	0.5580866	0.73723	0.26277	0.9444611
22458	-3996.581	-4256.974	260.3933	2.159532	0.5035217	0.703809	0.296191	1.02615
22464	-3991.313	-4251.771	260.4583	2.148493	0.4774859	0.641395	0.358605	1.016022
22470	-3984.186	-4244.33	260.1439	2.131018	0.6051163	0.69235	0.30765	1.13903
22476	-3995.25	-4255.718	260.4679	2.131018	0.4818472	0.79239	0.20761	1.016467
22482	-3990.776	-4251.201	260.4254	2.11455	0.5026912	0.679009	0.320991	1.0399
22488	-4005.003	-4265.338	260.3341	2.101169	0.4694461	0.640484	0.359516	1.186004
22494	-4008.167	-4268.544	260.3768	2.044428	0.4996145	0.785824	0.214176	1.153759
22500	-3991.344	-4251.298	259.954	1.874442	0.6499425	0.662803	0.337197	1.452162
22506	-3998.837	-4259.026	260.1889	1.934841	0.5392622	0.681701	0.318299	1.348617
22512	-3985.123	-4245.07	259.9474	1.973847	0.6442619	0.649957	0.350043	1.386556
22518	-3983.175	-4243.193	260.0178	1.853751	0.6177545	0.688543	0.311457	1.453536
22524	-3993.615	-4253.667	260.0527	1.853751	0.517968	0.699632	0.300368	1.540793
22530	-4000.413	-4260.468	260.055	1.890897	0.5088404	0.699632	0.300368	1.52255
22536	-4005.941	-4266.319	260.3772	1.931293	0.4748224	0.767285	0.232715	1.284752
22542	-3997.685	-4257.905	260.22	1.931293	0.5091091	0.715931	0.284069	1.365031
22548	-3984.578	-4244.906	260.3273	1.992118	0.4419073	0.715931	0.284069	1.322844
22554	-3989.984	-4250.224	260.2399	2.197994	0.6276175	0.703593	0.296407	0.9516221
22560	-3983.158	-4243.378	260.2201	2.197994	0.6454874	0.572781	0.427219	0.9461671
22566	-4007.773	-4268.053	260.2795	2.258328	0.5351268	0.68649	0.31351	0.9905125
22572	-3999.71	-4259.991	260.2811	2.160525	0.6003849	0.684535	0.315465	0.9879316
22578	-3996.151	-4256.535	260.384	2.347464	0.4909003	0.674153	0.325847	0.8575113
22584	-3986.886	-4247.382	260.4952	2.2732	0.4846256	0.655774	0.344226	0.8249825
22590	-3984.062	-4244.291	260.2287	2.358279	0.5936157	0.744204	0.255796	0.8378078
22596	-3980.202	-4240.731	260.5288	2.283131	0.4535587	0.744204	0.255796	0.8378078
22602	-3993.991	-4254.293	260.3018	2.280628	0.6288741	0.735578	0.264422	0.77724
22608	-3990.957	-4251.381	260.4236	2.319279	0.5430404	0.761592	0.238408	0.7274439
22614	-3982.828	-4243.33	260.502	2.39063	0.4598166	0.662106	0.337894	0.7072337
22620	-3983.24	-4243.598	260.3578	2.358782	0.5439833	0.667062	0.332938	0.7650734
22626	-3986.009	-4246.419	260.4092	2.358782	0.5309073	0.774175	0.225825	0.7176314
22632	-3996.362	-4256.793	260.431	2.29277	0.5445515	0.605098	0.394902	0.7532323
22638	-3987.481	-4247.946	260.4647	2.30551	0.5152964	0.633485	0.366515	0.7532323
22644	-3985.082	-4245.512	260.4298	2.110301	0.5629774	0.665899	0.334101	0.943497
22650	-4004.19	-4264.652	260.4622	2.278823	0.5062594	0.728605	0.271395	0.813921
22656	-4002.765	-4263.28	260.5146	2.278823	0.4856428	0.669117	0.330883	0.7899503
22662	-3983.327	-4243.851	260.5237	2.268126	0.4872364	0.637982	0.362018	0.78837
22668	-3981.935	-4242.301	260.3661	2.268126	0.5614912	0.637982	0.362018	0.8387212
22674	-3978.409	-4238.8	260.3917	2.238056	0.5518081	0.73288	0.26712	0.8621409
22680	-3989.083	-4249.52	260.4377	2.314485	0.4988361	0.710997	0.289003	0.8153843
22686	-3993.401	-4253.824	260.4229	2.344753	0.5145775	0.710997	0.289003	0.7587091
22692	-3993.957	-4254.301	260.3445	2.38058	0.5301975	0.640661	0.359339	0.7836349
22698	-3989.733	-4250.232	260.4997	2.35392	0.4707553	0.685106	0.314894	0.7396691
22704	-3990.687	-4251.216	260.5291	2.336208	0.4707553	0.765283	0.234717	0.7210166
22710	-3992.397	-4252.743	260.3464	2.385135	0.5363075	0.765283	0.234717	0.760844
22716	-3982.372	-4242.763	260.3904	2.315683	0.5527515	0.629159	0.370841	0.7605609
22722	-3983.118	-4243.355	260.2378	2.149137	0.6194313	0.693545	0.306455	1.015245
22728	-3993.008	-4253.533	260.5248	2.079376	0.4509599	0.692664	0.307336	1.063028
22734	-3997.506	-4257.824	260.3181	2.096543	0.5667172	0.717546	0.282454	1.063028
22740	-3979.021	-4239.389	260.3686	2.163669	0.5422001	0.680743	0.319257	0.9849033
22746	-3995.631	-4255.883	260.2527	2.113816	0.5718189	0.685613	0.314387	1.100599
22752	-3987.298	-4247.568	260.2706	2.015538	0.4985233	0.685613	0.314387	1.27036
22758	-3988.937	-4249.362	260.4251	2.015538	0.4985233	0.712883	0.287117	1.138187
22764	-3986.824	-4247.161	260.3369	2.00102	0.4848846	0.632209	0.367791	1.246334
22770	-3995.353	-4255.283	259.9303	1.984154	0.65728	0.708108	0.291892	1.377857
22776	-3987.874	-4248.005	260.1316	1.976788	0.5966928	0.708108	0.291892	1.291033
22782	-3989.661	-4249.821	260.1608	2.002407	0.5808352	0.69787	0.30213	1.265201
22788	-3993.097	-4253.355	260.2579	1.975364	0.5114702	0.715861	0.284139	1.296209
22794	-3999.711	-4259.934	260.2229	1.975364	0.5022931	0.654508	0.345492	1.336591
22800	-4001.387	-4261.585	260.1981	2.057925	0.573172	0.640154	0.359846	1.196724
22806	-3978.425	-4238.697	260.2729	2.057925	0.6029315	0.633616	0.366384	1.091195
22812	-3974.816	-4235.136	260.3196	2.148067	0.5590105	0.598384	0.401616	1.0234
22818	-3984.341	-4244.798	260.4563	2.032957	0.4856482	0.681363	0.318637	1.113774
22824	-3993.889	-4254.321	260.4321	2.071453	0.5282227	0.688972	0.311028	1.035134
22830	-3992.125	-4252.423	260.2979	2.071453	0.5562107	0.614996	0.385004	1.119601
22836	-3984.05	-4244.238	260.188	2.071453	0.5978327	0.666154	0.333846	1.16209
22842	-3986.848	-4247.272	260.4241	2.082464	0.4331418	0.670112	0.329888	1.180096
22848	-3979.08	-4239.282	260.202	1.997507	0.5827159	0.714858	0.285142	1.232596
22854	-3993.976	-4254.21	260.2339	1.997507	0.5123418	0.644284	0.355716	1.296575
22860	-3988.551	-4248.992	260.4408	1.997507	0.4455635	0.658757	0.341243	1.219423
22866	-3993.027	-4253.329	260.3019	1.90218	0.5319255	0.658757	0.341243	1.293249
22872	-3980.518	-4240.662	260.1442	1.903504	0.4781951	0.746733	0.253267	1.484535
22878	-3994.277	-4254.51	260.233	1.891237	0.4322029	0.696566	0.303434	1.488106
22884	-4003.551	-4263.911	260.3603	1.891237	0.4540213	0.661204	0.338796	1.359693
22890	-4010.984	-4271.328	260.3442	1.940866	0.4254224	0.5837	0.4163	1.37403
22896	-4027.601	-4287.618	260.0172	2.011499	0.5804395	0.614291	0.385709	1.37403
22902	-3997.872	-4257.994	260.1213	1.8838	0.5467862	0.66435	0.33565	1.432104
22908	-3992.242	-4252.419	260.1774	1.926645	0.5461519	0.73242	0.26758	1.355718
22914	-3995.137	-4255.244	260.1072	1.934735	0.5461519	0.602724	0.397276	1.404427
22920	-3995.603	-4255.71	260.1072	1.934735	0.5461519	0.602724	0.397276	1.404427
22926	-3998.308	-4258.441	260.133	1.896251	0.5461519	0.77057	0.22943	1.414253
22932	-3999.404	-4259.836	260.4314	2.152888	0.4963586	0.66443	0.33557	1.00684
22938	-3987.7	-4248.173	260.4728	2.237159	0.4085975	0.723247	0.276753	1.036256
22944	-3982.588	-4242.999	260.4113	2.136539	0.5206134	0.635549	0.364451	1.003648
22950	-3982.298	-4242.772	260.4741	2.136539	0.4825724	0.645462	0.354538	1.003648
22956	-3992.555	-4253.059	260.5037	2.285102	0.4504219	0.707944	0.292056	0.8723205
22962	-3982.381	-4242.819	260.4384	2.156449	0.5158915	0.707944	0.292056	0.963562
22968	-3982.98	-4243.397	260.4166	2.149909	0.5152254	0.651189	0.348811	0.9936158
22974	-3983.138	-4243.543	260.4042	2.123886	0.5100764	0.566813	0.433187	1.039673
22980	-3978.154	-4238.575	260.4204	2.12189	0.5014619	0.68864	0.31136	1.039673
22986	-3983.24	-4243.763	260.5228	2.129014	0.5014619	0.687293	0.312707	0.9281549
22992	-3984.795	-4245.217	260.4224	2.199794	0.5094298	0.6919	0.3081	0.9459209
22998	-3971.3	-4231.516	260.2157	2.032652	0.6087855	0.718898	0.281102	1.157848
23004	-3968.589	-4228.91	260.3206	2.016346	0.5330778	0.696245	0.303755	1.180207
23010	-3972.047	-4232.322	260.2754	1.982897	0.5096044	0.727081	0.272919	1.278234
23016	-3979.225	-4239.573	260.3473	1.96567	0.503575	0.727081	0.272919	1.241101
23022	-3984.134	-4244.474	260.3401	2.069515	0.5398541	0.675516	0.324484	1.106086
23028	-3984.914	-4245.094	260.1799	2.062216	0.5729393	0.675516	0.324484	1.208916
23034	-3999.862	-4260.163	260.3014	2.065607	0.5510035	0.682296	0.317704	1.128902
23040	-3980.734	-4241.128	260.3942	2.075533	0.4876404	0.602784	0.397216	1.128358
23046	-3976.176	-4236.578	260.4019	2.116779	0.5626589	0.709353	0.290647	0.966496
23052	-3981.802	-4241.807	260.0047	1.859138	0.5235721	0.673081	0.326919	1.565563
23058	-3983.67	-4243.847	260.1772	1.918385	0.5633594	0.670339	0.329661	1.341427
23064	-3990.788	-4250.907	260.1181	1.918385	0.5633594	0.626174	0.373826	1.388026
23070	-3984.569	-4244.76	260.1914	1.87895	0.5239222	0.713294	0.286706	1.409591
23076	-3998.254	-4258.61	260.356	1.909742	0.4503159	0.67663	0.32337	1.353631
23082	-3995.076	-4255.64	260.5634	2.238353	0.4684222	0.61403	0.38597	0.8177829
23088	-3998.899	-4259.378	260.4788	2.29286	0.4684222	0.649393	0.350607	0.8552656
23094	-3986.394	-4246.823	260.4296	2.327082	0.5035858	0.672845	0.327155	0.7991702
23100	-3987.3	-4247.665	260.3646	2.264585	0.5699787	0.672845	0.327155	0.8289819
23106	-3996.589	-4256.925	260.3363	2.276643	0.537627	0.738084	0.261916	0.9068721
23112	-3988.931	-4249.151	260.2205	2.272305	0.6314626	0.668436	0.331564	0.8853508
23118	-3986.78	-4247.284	260.5038	2.279388	0.466644	0.658338	0.341662	0.8449572
23124	-3979.958	-4240.372	260.4145	2.311311	0.533919	0.691352	0.308648	0.7744336
23130	-3979.855	-4240.109	260.254	2.365699	0.5756467	0.658949	0.341051	0.830135
23136	-3985.686	-4246.12	260.4345	2.349971	0.4959206	0.72108	0.27892	0.7785148
23142	-3985.108	-4245.417	260.3095	2.349971	0.5479431	0.599691	0.400309	0.8332554
23148	-3989.616	-4250.099	260.4825	2.349971	0.4561222	0.574089	0.425911	0.8057923
23154	-3987.398	-4247.985	260.5874	2.245431	0.4657196	0.726219	0.273781	0.7826611
23160	-3977.414	-4237.839	260.4241	2.245431	0.4949629	0.695794	0.304206	0.9205903
23166	-3968.809	-4229.307	260.498	2.167174	0.5188059	0.654254	0.345746	0.8815623
23172	-3976.176	-4236.592	260.4164	2.222296	0.5378203	0.655607	0.344393	0.877265
23178	-3984.567	-4244.974	260.4067	2.262623	0.4901281	0.699307	0.300693	0.9295957
23184	-3993.942	-4254.247	260.3044	2.392097	0.5831111	0.730575	0.269425	0.7031416
23190	-4001.656	-4261.889	260.233	2.539383	0.5626911	0.820512	0.179488	0.6072545
23196	-3993.331	-4253.528	260.1975	2.521916	0.5923552	0.639738	0.360262	0.6298425
23202	-3985.87	-4246.203	260.3327	2.521916	0.4958098	0.754721	0.245279	0.6639428
23208	-3988.554	-4248.88	260.3261	2.449297	0.5365386	0.608962	0.391038	0.6895075
23214	-3995.531	-4255.882	260.3518	2.449297	0.5443118	0.552817	0.447183	0.6060375
23220	-3979.85	-4240.101	260.251	2.495829	0.5879001	0.60122	0.39878	0.5657853
23226	-3997.004	-4257.36	260.3554	2.469994	0.5248258	0.719697	0.280303	0.6233105
23232	-3997.331	-4257.816	260.4849	2.453277	0.4380492	0.66979	0.33021	0.6954683
23238	-3990.321	-4250.588	260.2675	2.330834	0.6138566	0.743111	0.256889	0.7847922
23244	-3997.835	-4258.309	260.4741	2.192251	0.5274074	0.743111	0.256889	0.8641124
23250	-3991.12	-4251.606	260.4867	2.192251	0.5274074	0.770663	0.229337	0.8490146
23256	-3988.57	-4249.072	260.5015	2.213216	0.5016574	0.644551	0.355449	0.8561513
23262	-3996.68	-4256.959	260.2789	2.023963	0.4981467	0.737057	0.262943	1.25702
23268	-3989.152	-4249.454	260.3025	2.023963	0.4981467	0.579665	0.420335	1.237348
23274	-3977.01	-4237.302	260.292	2.052537	0.5634188	0.703799	0.296201	1.132012
23280	-4000.473	-4260.767	260.2933	2.080427	0.5428153	0.684264	0.315736	1.134282
23286	-3998.605	-4258.99	260.3851	2.021557	0.5338739	0.731375	0.268625	1.117331
23292	-3984.435	-4244.804	260.3685	2.090084	0.5158147	0.561722	0.438278	1.096317
23298	-3983.754	-4244.194	260.4401	2.034039	0.470404	0.759587	0.240413	1.150657
23304	-4005.122	-4265.458	260.3357	2.10542	0.5037158	0.759587	0.240413	1.130069
23310	-3994.383	-4254.298	259.9144	1.853644	0.4638457	0.788014	0.211986	1.706365
23316	-3994.852	-4254.873	260.021	1.817664	0.510654	0.697923	0.302077	1.599242
23322	-3990.583	-4250.72	260.137	1.945573	0.5299192	0.690133	0.309867	1.392656
23328	-3982.039	-4242.067	260.0278	1.969196	0.5828102	0.749306	0.250694	1.396035
23334	-3986.021	-4246.104	260.0828	1.954962	0.5607371	0.682853	0.317147	1.390157
23340	-3985.57	-4245.488	259.9187	1.989251	0.6004659	0.794261	0.205739	1.444787
23346	-3994.712	-4255.015	260.3029	1.942401	0.4749655	0.780316	0.219684	1.33569
23352	-3992.114	-4252.531	260.4172	1.942401	0.4165421	0.697203	0.302797	1.32798
23358	-3985.209	-4245.521	260.3113	1.979717	0.4509451	0.651779	0.348221	1.332656
23364	-4000.077	-4260.299	260.2214	1.979717	0.5566952	0.651779	0.348221	1.263995
23370	-4002.854	-4263.074	260.2202	1.920442	0.4565468	0.722445	0.277555	1.442463
23376	-4009.408	-4269.553	260.1447	2.014174	0.5186655	0.722445	0.277555	1.346727
23382	-3997.775	-4257.98	260.2052	2.158333	0.5899552	0.656546	0.343454	1.078442
23388	-3985.077	-4245.398	260.3215	2.141342	0.5515205	0.698684	0.301316	1.039234
23394	-3991.204	-4251.603	260.3988	2.076909	0.4922315	0.731371	0.268629	1.116054
23400	-3967.747	-4228.015	260.2678	2.076909	0.5407934	0.673939	0.326061	1.162832
23406	-3974.655	-4234.782	260.1271	1.956674	0.5032444	0.673939	0.326061	1.425137
23412	-3981.041	-4241.211	260.1703	1.898099	0.5118744	0.673939	0.326061	1.426067
23418	-3982.439	-4242.541	260.1028	1.935006	0.5088515	0.586599	0.413401	1.45329
23424	-4004.961	-4265.351	260.3898	2.049012	0.5059563	0.689897	0.310103	1.128833
23430	-4001.904	-4261.978	260.0742	1.97653	0.6082962	0.709134	0.290866	1.324103
23436	-3986.151	-4246.479	260.3279	1.97653	0.4594304	0.616052	0.383948	1.309821
23442	-3983.757	-4243.658	259.9013	1.97653	0.6232914	0.756348	0.243652	1.4428
23448	-3975.386	-4235.493	260.107	2.046705	0.6251572	0.636092	0.363908	1.219431
23454	-3980.373	-4240.294	259.9213	2.077135	0.6727819	0.620379	0.379621	1.294045
23460	-3980.546	-4240.623	260.0767	2.097981	0.6328321	0.653184	0.346816	1.192315
23466	-3980.567	-4240.971	260.404	2.085487	0.4861483	0.705138	0.294862	1.112849
23472	-3990.362	-4250.604	260.2416	2.045479	0.6061199	0.68248	0.31752	1.126872
23478	-3983.402	-4243.562	260.16	2.119163	0.6061199	0.649568	0.350432	1.133944
23484	-3977.548	-4237.77	260.2214	2.072138	0.606172	0.57518	0.42482	1.120988
23490	-3975.899	-4236.157	260.2584	2.072138	0.5855797	0.645924	0.354076	1.114718
23496	-3977.907	-4238.12	260.2124	2.132932	0.5855797	0.734513	0.265487	1.101187
23502	-3986.325	-4246.424	260.0991	2.132932	0.6896391	0.714625	0.285375	1.07179
23508	-3982.818	-4243.179	260.3606	2.144802	0.4574955	0.728298	0.271702	1.142804
23514	-3992.944	-4253.17	260.2253	2.111578	0.5373822	0.728298	0.271702	1.174369
23520	-3978.04	-4238.464	260.4234	2.131076	0.4622864	0.554719	0.445281	1.090772
23526	-3978.996	-4239.174	260.1777	2.130121	0.6193097	0.627453	0.372547	1.090772
23532	-3970.879	-4231.146	260.2673	2.138622	0.5640336	0.751683	0.248317	1.075079
23538	-3981.949	-4242.165	260.2164	2.129679	0.5376811	0.773667	0.226333	1.165895
23544	-3983.209	-4243.531	260.3213	1.998291	0.4904995	0.67208	0.32792	1.253719
23550	-3988.468	-4248.813	260.3446	1.999202	0.5027009	0.721489	0.278511	1.216363
23556	-3988.233	-4248.288	260.0553	1.95881	0.5711895	0.643265	0.356735	1.396242
23562	-3981.61	-4241.765	260.1559	1.973628	0.490607	0.685149	0.314851	1.405928
23568	-3991.974	-4252.256	260.2828	2.012771	0.490607	0.724966	0.275034	1.273408
23574	-3986.398	-4246.536	260.1379	2.089643	0.5911451	0.670288	0.329712	1.198204
23580	-3984.968	-4245.216	260.2479	2.073429	0.5911451	0.633801	0.366199	1.115636
23586	-3997.246	-4257.193	259.9475	2.079768	0.6637512	0.633801	0.366199	1.280371
23592	-3993.207	-4253.479	260.272	2.085274	0.5620309	0.600123	0.399877	1.122492
23598	-4007.606	-4267.821	260.2151	2.085274	0.5681383	0.701982	0.298018	1.16483
23604	-3984.431	-4244.879	260.4484	2.085274	0.4551784	0.701982	0.298018	1.121208
23610	-3988.952	-4249.247	260.2946	2.085274	0.5396005	0.701982	0.298018	1.13332
23616	-3983.756	-4244.092	260.3363	2.085274	0.5152328	0.713673	0.286327	1.130758
23622	-3991.796	-4251.914	260.118	2.084134	0.5907443	0.687275	0.312725	1.220423
23628	-3986.467	-4246.483	260.0157	2.071125	0.6615432	0.703732	0.296268	1.233391
23634	-3995.663	-4256.029	260.3665	2.047248	0.5001983	0.771572	0.228428	1.159465
23640	-3989.502	-4249.836	260.3339	2.101857	0.5757634	0.754302	0.245698	1.029822
23646	-3994.419	-4254.715	260.2957	2.096113	0.5757634	0.708595	0.291405	1.07169
23652	-3996.194	-4256.368	260.1744	2.228528	0.6042513	0.68594	0.31406	1.020889
23658	-3988.067	-4248.415	260.3481	2.228528	0.5137787	0.791246	0.208754	0.9858468
23664	-3991.664	-4251.956	260.292	2.149498	0.6019167	0.791369	0.208631	0.9858468
23670	-3983.542	-4243.901	260.3586	2.195831	0.5536018	0.724488	0.275512	0.9435081
23676	-3983.705	-4244.109	260.4042	2.205268	0.5185028	0.676738	0.323262	0.9437646
23682	-3985.799	-4246.093	260.2936	2.136423	0.5287215	0.677106	0.322894	1.103484
23688	-3972.446	-4232.593	260.1472	2.138614	0.6007066	0.722221	0.277779	1.134964
23694	-3988.05	-4248.431	260.3807	2.138214	0.4957215	0.722221	0.277779	1.070862
23700	-3997.543	-4257.885	260.3421	2.1317	0.5684988	0.722221	0.277779	1.003051
23706	-3994.595	-4254.776	260.1807	2.183677	0.6442831	0.67725	0.32275	1.003051
23712	-3968.954	-4229.412	260.4581	2.130854	0.4628903	0.734555	0.265445	1.057511
23718	-3969.62	-4229.895	260.2751	2.118837	0.5844411	0.771252	0.228748	1.057511
23724	-3973.221	-4233.613	260.3929	2.090325	0.5207656	0.600257	0.399743	1.065977
23730	-3977.456	-4237.664	260.2074	2.168601	0.5643382	0.600257	0.399743	1.102292
23736	-3980.801	-4240.989	260.188	2.266068	0.6008512	0.686498	0.313502	0.9745433
23742	-3977.248	-4237.648	260.3997	2.266068	0.494755	0.610356	0.389644	0.9251229
23748	-3989.389	-4249.859	260.4704	2.316126	0.494755	0.646561	0.353439	0.7783699
23754	-3985.711	-4246.141	260.4292	2.316126	0.5003315	0.71908	0.28092	0.8209851
23760	-3982.949	-4243.481	260.532	2.314574	0.4497591	0.71908	0.28092	0.8020241
23766	-3996.599	-4257.209	260.6104	2.307137	0.4110649	0.668015	0.331985	0.8020241
23772	-3986.402	-4246.688	260.2865	2.275561	0.5744356	0.662029	0.337971	0.9006057
23778	-3992.707	-4252.973	260.2655	2.351511	0.5917958	0.740935	0.259065	0.8027237
23784	-3989.714	-4250.132	260.4187	2.266221	0.5500136	0.729086	0.270914	0.7960361
23790	-3990.797	-4251.247	260.4495	2.461892	0.4442464	0.729086	0.270914	0.7218918
23796	-3996.927	-4257.302	260.3758	2.432091	0.5022214	0.747598	0.252402	0.7281806
23802	-3980.254	-4240.729	260.4754	2.432091	0.4497131	0.722642	0.277358	0.7122614
23808	-3982.617	-4242.958	260.3406	2.506268	0.4988729	0.710215	0.289785	0.6692737
23814	-3994.081	-4254.333	260.2516	2.488614	0.5719004	0.715214	0.284786	0.6515534
23820	-4004.995	-4265.135	260.1402	2.044834	0.4672411	0.701519	0.298481	1.393762
23826	-3986.249	-4246.591	260.342	2.071858	0.4672411	0.715269	0.284731	1.207705
23832	-3995.395	-4255.585	260.1899	2.509024	0.5854357	0.744017	0.255983	0.6928916
23838	-3992.992	-4253.439	260.4472	2.487446	0.4408143	0.643062	0.356938	0.6928916
23844	-3979.858	-4240.422	260.5642	2.122905	0.4493219	0.649297	0.350703	0.9847495
23850	-3986.608	-4246.899	260.2914	2.487446	0.5377798	0.612244	0.387756	0.6794601
23856	-3980.377	-4240.659	260.2815	2.487446	0.5512505	0.738203	0.261797	0.6573661
23862	-3986.638	-4246.942	260.3043	2.478963	0.5375574	0.664022	0.335978	0.671706
23868	-3997.641	-4257.97	260.3284	2.478963	0.5381008	0.683641	0.316359	0.6155163
23874	-3995.146	-4255.541	260.3944	2.548976	0.4562719	0.710223	0.289777	0.6155163
23880	-3993.078	-4253.39	260.3116	2.513138	0.5370049	0.717979	0.282021	0.5638881
23886	-3994.441	-4254.673	260.232	2.463781	0.5784296	0.759085	0.240915	0.7162
23892	-3992.465	-4252.944	260.479	2.343156	0.4616327	0.743834	0.256166	0.8066096
23898	-3993.43	-4253.848	260.4182	2.334387	0.5161159	0.703937	0.296063	0.7767485
23904	-3983.244	-4243.794	260.5505	2.181825	0.4349268	0.686585	0.313415	0.9649577
23910	-3987.093	-4247.433	260.34	2.161783	0.5282727	0.660806	0.339194	1.036834
23916	-3980.274	-4240.701	260.4268	2.121396	0.4996213	0.660806	0.339194	1.036834
23922	-3998.544	-4258.621	260.0769	1.843717	0.5048123	0.673091	0.326909	1.546138
23928	-3984.847	-4245.004	260.1573	1.930418	0.5398385	0.721907	0.278093	1.376324
23934	-4004.875	-4265.142	260.2674	1.943113	0.4887891	0.774122	0.225878	1.344713
23940	-3987.073	-4247.306	260.2328	1.965334	0.4175139	0.730344	0.269656	1.452669
23946	-3981.348	-4241.627	260.2787	1.90526	0.4399228	0.730344	0.269656	1.431993
23952	-3984.966	-4245.51	260.544	1.950436	0.412956	0.666843	0.333157	1.222592
23958	-3982.207	-4242.55	260.3436	1.939338	0.3816545	0.772982	0.227018	1.440745
23964	-3987.933	-4248.395	260.4625	1.939338	0.4049111	0.713031	0.286969	1.311733
23970	-3995.269	-4255.661	260.3924	2.110162	0.465274	0.67642	0.32358	1.133231
23976	-3990.57	-4250.944	260.3734	2.110162	0.4972522	0.677068	0.322932	1.101277
23982	-3991.514	-4251.798	260.2833	2.076865	0.5171512	0.6241	0.3759	1.182065
23988	-4003.922	-4264.131	260.2098	2.178761	0.5822242	0.727313	0.272687	1.06568
23994	-3996.621	-4256.821	260.1998	2.178761	0.6321899	0.727313	0.272687	1.005718
24000	-3987.596	-4248.05	260.4537	2.167088	0.5090008	0.662011	0.337989	0.9481096
24006	-3982.552	-4242.901	260.3491	2.19067	0.5273194	0.671179	0.328821	1.000945
24012	-3982.09	-4242.588	260.4973	2.19067	0.4814008	0.620514	0.379486	0.925364
24018	-3971.621	-4232.086	260.4652	2.173092	0.4628183	0.712748	0.287252	1.009869
24024	-3982.762	-4242.941	260.1793	2.239486	0.6193546	0.712748	0.287252	0.983514
24030	-3993.819	-4253.918	260.0991	2.239486	0.6776212	0.686614	0.313386	0.983514
24036	-4002.877	-4263.348	260.471	2.180833	0.4612162	0.716217	0.283783	0.9992288
24042	-3991.59	-4251.81	260.2197	2.086505	0.5300957	0.706019	0.293981	1.210634
24048	-3987.182	-4247.697	260.5145	2.159738	0.4952967	0.61493	0.38507	0.914845
24054	-3986.75	-4246.937	260.1863	2.251236	0.632602	0.644492	0.355508	0.9445699
24060	-3977.353	-4237.786	260.433	2.251236	0.5324561	0.741615	0.258385	0.8326191
24066	-3981.572	-4241.961	260.3889	2.297014	0.5446641	0.71927	0.28073	0.8058444
24072	-3991.782	-4252.251	260.4693	2.294383	0.4959985	0.65533	0.34467	0.806456
24078	-3994.545	-4254.983	260.4376	2.366865	0.5089009	0.692699	0.307301	0.715821
24084	-3983.505	-4243.852	260.3471	2.268381	0.604067	0.715413	0.284587	0.7805603
24090	-3981.9	-4242.151	260.2518	2.375444	0.604067	0.665203	0.334797	0.7638432
24096	-3994.831	-4255.319	260.4882	2.372879	0.4687331	0.578589	0.421411	0.733462
24102	-3981.194	-4241.637	260.4429	2.262214	0.4625934	0.663391	0.336609	0.9417679
24108	-3975.228	-4235.572	260.3442	2.234222	0.5586622	0.6547	0.3453	0.9089767
24114	-3987.01	-4247.32	260.3095	2.262722	0.5693276	0.628436	0.371564	0.8978122
24120	-3992.879	-4253.286	260.4079	2.262722	0.4944038	0.652531	0.347469	0.9203923
24126	-3981.978	-4242.299	260.3218	2.160559	0.5043294	0.685592	0.314408	1.091676
24132	-3976.113	-4236.508	260.3951	2.160559	0.4640139	0.568044	0.431956	1.086932
24138	-3980.198	-4240.29	260.0922	2.079662	0.629771	0.568044	0.431956	1.198403
24144	-3988.523	-4248.709	260.1861	2.132457	0.594746	0.652749	0.347251	1.113358
24150	-3997.506	-4257.942	260.436	2.243955	0.5131865	0.679375	0.320625	0.8750472
24156	-3992.189	-4252.696	260.507	2.213155	0.4518981	0.685796	0.314204	0.945745
24162	-3979.518	-4239.948	260.4298	2.207868	0.5138525	0.685796	0.314204	0.9214523
24168	-3979.406	-4239.554	260.1475	2.264054	0.6928255	0.678592	0.321408	0.8831514
24174	-3974.242	-4234.716	260.4742	2.278472	0.4771638	0.70529	0.29471	0.8599203
24180	-3979.585	-4240.059	260.4742	2.180495	0.4549211	0.666036	0.333964	1.007378
24186	-3981.628	-4242.008	260.3803	2.180495	0.5359501	0.751361	0.248639	0.9656476
24192	-3986.845	-4247.272	260.4264	2.219567	0.5115532	0.728901	0.271099	0.9164902
24198	-3993.042	-4253.197	260.1553	2.250883	0.6745161	0.693434	0.306566	0.9164902
24204	-3979.06	-4239.35	260.29	2.250883	0.579049	0.608826	0.391174	0.9164902
24210	-3982.856	-4243.113	260.257	2.119174	0.5734715	0.608826	0.391174	1.089433
24216	-3987.199	-4247.568	260.3691	2.099195	0.4633089	0.738494	0.261506	1.166555
24222	-4000.944	-4261.262	260.3182	2.071327	0.490563	0.656779	0.343221	1.194498
24228	-3998.476	-4258.845	260.3685	2.047233	0.5089839	0.654754	0.345246	1.144964
24234	-3986.696	-4247.211	260.5142	2.120524	0.3828122	0.706375	0.293625	1.151794
24240	-3989.241	-4249.664	260.4225	2.25912	0.4381613	0.646787	0.353213	1.010376
24246	-3983.166	-4243.541	260.3745	2.25912	0.5214152	0.687409	0.312591	0.9125299
24252	-3988.108	-4248.561	260.4529	2.25912	0.4681119	0.639016	0.360984	0.9239321
24258	-3994.532	-4254.955	260.423	2.267789	0.4756688	0.599375	0.400625	0.9328839
24264	-3993.265	-4253.684	260.4181	2.367474	0.5147523	0.618417	0.381583	0.7309846
24270	-3978.936	-4239.34	260.4042	2.417596	0.470451	0.754477	0.245523	0.7865989
24276	-3981.454	-4241.758	260.3041	2.431501	0.5222457	0.777577	0.222423	0.7865989
24282	-3978.579	-4239.071	260.4922	2.339046	0.448852	0.743146	0.256854	0.8239996
24288	-3971.616	-4232.048	260.4318	2.294512	0.4842516	0.700682	0.299318	0.8767829
24294	-3977.104	-4237.519	260.4156	2.320042	0.4788098	0.771084	0.228916	0.8767829
24300	-3965.938	-4226.188	260.2498	2.277273	0.5993704	0.703253	0.296747	0.8984749
24306	-3988.517	-4248.686	260.1685	2.182951	0.6688185	0.689928	0.310072	0.9823837
24312	-3993.279	-4253.566	260.2864	2.199414	0.6290915	0.593448	0.406552	0.897157
24318	-3987.155	-4247.579	260.4244	2.165226	0.5402718	0.731993	0.268007	0.927992
24324	-3988.829	-4249.258	260.429	2.165226	0.5196395	0.659433	0.340567	0.9579497
24330	-3983.411	-4243.747	260.3367	2.165226	0.5196395	0.637069	0.362931	1.049939
24336	-3984.165	-4244.601	260.4361	2.199553	0.4954999	0.719607	0.280393	0.9559178
24342	-3981.171	-4241.696	260.5245	2.158947	0.4786186	0.699284	0.300716	0.9353749
24348	-3990.441	-4250.948	260.5068	2.101639	0.4798486	0.639206	0.360794	1.0104
24354	-3987.99	-4248.507	260.5164	2.101639	0.448054	0.639206	0.360794	1.054741
24360	-4010.374	-4270.126	259.7523	1.79337	0.5519161	0.591049	0.408951	1.761283
24366	-4010.446	-4270.122	259.6768	1.825227	0.5786692	0.580446	0.419554	1.763428
24372	-4006.951	-4267.491	260.5403	2.19198	0.4161422	0.676072	0.323928	1.00039
24378	-3997.175	-4257.654	260.4791	2.196425	0.4558175	0.735303	0.264697	0.984873
24384	-4003.707	-4264.151	260.4445	2.204902	0.4486407	0.703004	0.296996	1.023516
24390	-3993.303	-4253.671	260.3682	2.163951	0.5322133	0.684326	0.315674	1.000796
24396	-3997.714	-4257.997	260.2832	2.057941	0.4794351	0.695977	0.304023	1.251343
24402	-3989.227	-4249.598	260.3707	2.013352	0.471439	0.629316	0.370684	1.226838
24408	-3992.756	-4252.938	260.182	2.051197	0.5059496	0.767093	0.232907	1.303647
24414	-3981.401	-4241.702	260.3017	1.888235	0.5059496	0.74101	0.25899	1.338436
24420	-3976.857	-4237.087	260.2307	1.940395	0.4803656	0.716938	0.283062	1.387086
24426	-3998.798	-4259.032	260.2342	1.940395	0.5295953	0.70343	0.29657	1.32018
24432	-3981.9	-4242.149	260.2496	1.991361	0.5295953	0.614538	0.385462	1.266
24438	-3985.487	-4245.694	260.2072	1.955907	0.620964	0.630665	0.369335	1.216488
24444	-4001.061	-4261.505	260.4442	1.955907	0.4486604	0.630665	0.369335	1.246857
24450	-3993.496	-4253.635	260.1392	1.951637	0.4884172	0.765242	0.234758	1.438623
24456	-3974.846	-4235.136	260.2906	2.017841	0.4884172	0.707543	0.292457	1.265858
24462	-3988.242	-4248.365	260.123	2.008688	0.6308868	0.557615	0.442385	1.231177
24468	-3987.832	-4248.155	260.323	1.962459	0.5278985	0.658251	0.341749	1.231177
24474	-3971.921	-4232.195	260.274	1.982594	0.5069164	0.659081	0.340919	1.28329
24480	-3998.879	-4258.824	259.9449	1.993139	0.6367606	0.695776	0.304224	1.381515
24486	-3994.02	-4254.242	260.222	2.007607	0.5477119	0.692599	0.307401	1.251894
24492	-3993.792	-4254.114	260.3226	2.040549	0.5118662	0.616379	0.383621	1.186922
24498	-3986.315	-4246.573	260.2575	2.030476	0.5172668	0.740564	0.259436	1.243366
24504	-3987.734	-4248.082	260.3474	2.074985	0.5172668	0.708074	0.291926	1.127047
24510	-3993.614	-4253.996	260.3812	2.074985	0.5172668	0.686134	0.313866	1.096319
24516	-3999.938	-4260.282	260.3447	2.056646	0.5172668	0.726499	0.273501	1.14586
24522	-3996.606	-4256.828	260.2217	1.988803	0.4607517	0.590854	0.409146	1.382668
24528	-3990.377	-4250.618	260.2414	1.950686	0.4545899	0.750338	0.249662	1.405476
24534	-3979.248	-4239.423	260.1749	1.93195	0.4995517	0.718406	0.281594	1.411989
24540	-3984.141	-4244.388	260.2468	1.93195	0.5522358	0.665522	0.334478	1.288008
24546	-3972.569	-4233.064	260.4947	1.947891	0.4551963	0.66926	0.33074	1.201158
24552	-3980.697	-4240.844	260.1463	1.947891	0.5656104	0.729326	0.270674	1.339791
24558	-3983.68	-4243.934	260.2538	1.986787	0.5167722	0.725831	0.274169	1.283278
24564	-3985.662	-4245.87	260.2076	2.053666	0.5167722	0.737432	0.262568	1.266248
24570	-3981.887	-4242.242	260.3549	2.053666	0.5167722	0.673953	0.326047	1.140101
24576	-3990.429	-4250.816	260.3868	2.077148	0.5249888	0.696309	0.303691	1.077708
24582	-3972.512	-4232.727	260.2148	2.081696	0.5379268	0.694252	0.305748	1.208417
24588	-3981.706	-4241.891	260.1852	2.065636	0.5439844	0.694252	0.305748	1.238981
24594	-3981.84	-4241.975	260.1351	2.05401	0.5631476	0.644357	0.355643	1.265808
24600	-3988.42	-4248.635	260.2154	1.95653	0.5172902	0.510456	0.489544	1.338104
24606	-3989.424	-4249.676	260.2514	1.920491	0.5172902	0.697189	0.302811	1.338104
24612	-3974.898	-4235.171	260.2735	1.995109	0.505613	0.702979	0.297021	1.275173
24618	-3977.393	-4237.436	260.0432	2.001709	0.5663217	0.681509	0.318491	1.377894
24624	-3990.1	-4250.359	260.2589	2.109648	0.5663217	0.689305	0.310695	1.106394
24630	-3974.347	-4234.807	260.4592	2.078508	0.4687007	0.740027	0.259973	1.09595
24636	-3981.418	-4241.817	260.3985	2.046457	0.5245354	0.679647	0.320353	1.09595
24642	-4000.128	-4260.518	260.3901	1.907325	0.3838472	0.699637	0.300363	1.42628
24648	-3983.578	-4243.508	259.9292	1.862542	0.4460777	0.745615	0.254385	1.711819
24654	-3977.467	-4237.482	260.0145	1.896598	0.5011299	0.742755	0.257245	1.557675
24660	-3990.007	-4249.841	259.8343	1.812274	0.4314564	0.742755	0.257245	1.831385
24666	-3993.602	-4253.374	259.7724	1.739813	0.4206101	0.729477	0.270523	1.93647
24672	-3991.758	-4251.425	259.6669	1.739813	0.585055	0.765344	0.234656	1.822953
24678	-3980.973	-4240.574	259.6019	1.736268	0.622039	0.723275	0.276725	1.833246
24684	-3997.686	-4257.264	259.5779	1.890147	0.6337647	0.711867	0.288133	1.731483
24690	-3990.45	-4250.509	260.0593	1.785007	0.5791383	0.698801	0.301199	1.516487
24696	-3987.167	-4247.154	259.9863	1.796603	0.5833257	0.666643	0.333357	1.557428
24702	-3993.59	-4253.712	260.1217	1.878698	0.4634854	0.666643	0.333357	1.538855
24708	-3980.579	-4240.338	259.7587	1.894055	0.6741791	0.613593	0.386407	1.559056
24714	-3988.093	-4248.35	260.2567	1.905095	0.4719697	0.613593	0.386407	1.405508
24720	-4010.45	-4270.662	260.2124	2.077284	0.5745456	0.590508	0.409492	1.165697
24726	-3997.263	-4257.604	260.3404	2.077284	0.5484377	0.663459	0.336541	1.086333
24732	-3993.216	-4253.669	260.453	1.942221	0.4279006	0.670955	0.329045	1.281997
24738	-3991.671	-4252.019	260.3475	1.994077	0.4729745	0.692504	0.307496	1.260114
24744	-3997.398	-4257.596	260.1978	1.984132	0.5981322	0.701582	0.298418	1.228337
24750	-4001.924	-4262.261	260.337	2.005953	0.6015544	0.701582	0.298418	1.081859
24756	-3999.271	-4259.668	260.3961	2.005953	0.5109653	0.731996	0.268004	1.154275
24762	-3992.797	-4252.965	260.1677	2.008843	0.60796	0.712731	0.287269	1.22085
24768	-3989.306	-4249.484	260.1783	1.964252	0.5520914	0.730292	0.269708	1.317594
24774	-3983.115	-4243.412	260.2975	2.046145	0.5520914	0.737876	0.262124	1.148283
24780	-3985.574	-4245.828	260.2538	2.046145	0.5520914	0.592196	0.407804	1.186462
24786	-3997.145	-4257.633	260.4886	2.05779	0.4735915	0.65629	0.34371	1.080121
24792	-3992.982	-4253.438	260.4565	2.142541	0.4436163	0.745097	0.254903	1.080121
24798	-4001.803	-4262.186	260.3834	2.142541	0.4966956	0.715893	0.284107	1.062711
24804	-4000.593	-4260.979	260.3867	2.169243	0.4966956	0.711504	0.288496	1.034087
24810	-3983.387	-4243.712	260.3248	2.236224	0.5289469	0.712744	0.287256	0.9768633
24816	-4004.04	-4264.313	260.2725	2.214843	0.6408356	0.712744	0.287256	0.8765932
24822	-3997.721	-4258.058	260.3374	2.151469	0.5122885	0.712744	0.287256	1.073534
24828	-3977.221	-4237.455	260.2342	2.155812	0.5627305	0.75488	0.24512	1.091631
24834	-3992.341	-4252.566	260.2257	2.101397	0.6254126	0.677703	0.322297	1.064691
24840	-3996.534	-4256.926	260.3926	2.113063	0.4760616	0.665684	0.334316	1.113703
24846	-4001.822	-4262.309	260.4864	2.113063	0.4186388	0.665684	0.334316	1.121645
24852	-3996.129	-4256.189	260.0601	2.107081	0.545481	0.720685	0.279315	1.305962
24858	-3998.403	-4258.466	260.0624	1.976843	0.6303696	0.671614	0.328386	1.308066
24864	-4004.459	-4264.534	260.0746	2.010801	0.6008232	0.737486	0.262514	1.304871
24870	-3989.588	-4249.784	260.196	1.941456	0.4773883	0.659198	0.340802	1.417128
24876	-3986.027	-4246.021	259.9941	1.941456	0.533535	0.608139	0.391861	1.500608
24882	-3991.727	-4251.733	260.0067	1.92882	0.533535	0.586381	0.413619	1.500608
24888	-3990.489	-4250.813	260.3241	2.19836	0.494984	0.540607	0.459393	1.068684
24894	-3999.708	-4259.991	260.2833	2.119248	0.5697705	0.776886	0.223114	1.070098
24900	-3979.618	-4239.968	260.35	2.123686	0.4950524	0.657854	0.342146	1.113629
24906	-3969.179	-4229.56	260.381	2.073707	0.430704	0.741239	0.258761	1.228236
24912	-3969.083	-4229.407	260.3232	2.0509	0.5024266	0.707437	0.292563	1.190806
24918	-3967.069	-4227.389	260.3202	2.022611	0.486771	0.707437	0.292563	1.239551
24924	-3976.696	-4237.033	260.3375	2.022611	0.4877882	0.728382	0.271618	1.223522
24930	-3985.363	-4245.709	260.3461	2.034011	0.4585085	0.685574	0.314426	1.248986
24936	-3983.681	-4243.681	260.0003	2.033798	0.6061558	0.771117	0.228883	1.339904
24942	-3999.404	-4259.357	259.9524	1.764949	0.531655	0.712846	0.287154	1.66239
24948	-3979.491	-4239.674	260.1826	1.908608	0.4425309	0.761652	0.238348	1.49881
24954	-3983.287	-4243.43	260.1433	1.908608	0.4815935	0.777397	0.222603	1.476998
24960	-3988.79	-4249.062	260.2721	1.997359	0.5019261	0.740961	0.259039	1.279424
24966	-3990.742	-4250.934	260.192	2.037467	0.5139155	0.661313	0.338687	1.296113
24972	-3989.115	-4249.215	260.0998	2.007224	0.5710478	0.682704	0.317296	1.322943
24978	-3983.79	-4243.975	260.1851	2.022645	0.5195108	0.713309	0.286691	1.306397
24984	-3992.894	-4253.199	260.3052	2.043268	0.4837811	0.727515	0.272485	1.239012
24990	-3990.798	-4251.113	260.3151	2.070033	0.5127297	0.763581	0.236419	1.166632
24996	-3984.356	-4244.516	260.1606	1.913927	0.4845514	0.743998	0.256002	1.456039
25002	-3986.353	-4246.906	260.5526	2.087604	0.4650877	0.755126	0.244874	1.004088
25008	-3979.435	-4239.752	260.3174	2.18971	0.5469391	0.612268	0.387732	1.002817
25014	-3991.18	-4251.513	260.3333	2.247451	0.5542436	0.767135	0.232865	0.9139892
25020	-3985.269	-4245.72	260.4511	2.272499	0.4859798	0.655688	0.344312	0.8765879
25026	-3978.859	-4239.25	260.3909	2.253686	0.5344063	0.655688	0.344312	0.8765879
25032	-3977.478	-4237.84	260.3622	2.281559	0.5349326	0.713741	0.286259	0.8765879
25038	-3987.377	-4247.74	260.3626	2.281236	0.5349326	0.750023	0.249977	0.8765879
25044	-3985.136	-4245.548	260.4119	2.297193	0.482545	0.72341	0.27659	0.8998509
25050	-3993.987	-4254.513	260.5262	2.297193	0.4569589	0.654845	0.345155	0.815661
25056	-3989.275	-4249.803	260.5287	2.28464	0.4597669	0.744093	0.255907	0.8223197
25062	-3980.317	-4240.689	260.3718	2.266325	0.5587737	0.648627	0.351373	0.8389678
25068	-3977.6	-4237.982	260.3819	2.198872	0.5563165	0.707887	0.292113	0.9103972
25074	-3989.717	-4250.092	260.3749	2.211762	0.5563165	0.716554	0.283446	0.9038335
25080	-3986.665	-4246.954	260.2882	2.023451	0.5407582	0.742127	0.257873	1.191599
25086	-3979.556	-4239.727	260.1709	2.125354	0.6524105	0.629309	0.370691	1.058352
25092	-3984.779	-4245.052	260.2733	2.125354	0.5538878	0.548351	0.451649	1.096189
25098	-3986.13	-4246.515	260.385	2.013401	0.5186762	0.701654	0.298346	1.146412
25104	-3991.805	-4252.275	260.4707	2.024588	0.4611545	0.679933	0.320067	1.146137
25110	-3998.104	-4258.51	260.4067	1.967038	0.4463265	0.679933	0.320067	1.272206
25116	-3983.947	-4244.057	260.1092	1.986296	0.5401818	0.745327	0.254673	1.369791
25122	-3982.699	-4243.021	260.3219	1.994644	0.497436	0.780147	0.219853	1.246573
25128	-3975.262	-4235.456	260.1944	1.967019	0.5702753	0.75865	0.24135	1.279719
25134	-3973.766	-4234.017	260.2513	1.950061	0.5442328	0.687951	0.312049	1.279719
25140	-3988.432	-4248.713	260.2809	1.93503	0.5322551	0.717735	0.282265	1.283138
25146	-3987.8	-4247.855	260.0551	1.941173	0.5163546	0.674514	0.325486	1.475574
25152	-3988.313	-4248.24	259.9274	1.87808	0.5360514	0.675041	0.324959	1.593745
25158	-3988.065	-4247.717	259.6527	1.840688	0.5742078	0.474154	0.525846	1.774105
25164	-3979.254	-4239.102	259.8479	1.815633	0.4684485	0.758888	0.241112	1.774105
25170	-3979.055	-4238.755	259.7001	1.77871	0.5465155	0.661808	0.338192	1.813487
25176	-3993.484	-4253.322	259.8376	1.789043	0.5876906	0.547007	0.452993	1.666046
25182	-3989.805	-4249.503	259.698	1.744189	0.5954245	0.672695	0.327305	1.787842
25188	-3978.648	-4238.365	259.7172	1.669445	0.5695949	0.647548	0.352452	1.85261
25194	-3990.409	-4249.477	259.0687	1.610957	0.5400033	0.644102	0.355898	2.347145
25200	-3989.345	-4248.862	259.517	1.608477	0.3795996	0.645971	0.354029	2.24278
25206	-3999.085	-4258.783	259.6978	1.662775	0.444755	0.732515	0.267485	2.008497
25212	-3994.085	-4254.377	260.2927	1.922386	0.4249668	0.631033	0.368967	1.429099
25218	-4007.479	-4267.562	260.0833	1.91841	0.4586033	0.593292	0.406708	1.544205
25224	-4005.976	-4266.268	260.2922	2.002579	0.4480722	0.696333	0.303667	1.333682
25230	-3995.826	-4255.835	260.0091	1.906954	0.4025664	0.714839	0.285161	1.680815
25236	-3998.536	-4258.47	259.9339	1.839633	0.4869757	0.740535	0.259465	1.674348
25242	-4008.25	-4268.227	259.9764	1.847353	0.4912527	0.653101	0.346899	1.633208
25248	-4018.687	-4278.765	260.0784	1.847353	0.5254264	0.705824	0.294176	1.517574
25254	-4007.444	-4267.622	260.178	1.847353	0.3632957	0.719388	0.280612	1.658452
25260	-4011.069	-4271.096	260.027	1.902417	0.5025187	0.725957	0.274043	1.542436
25266	-3997.722	-4257.695	259.9727	1.87475	0.4066454	0.760409	0.239591	1.723856
25272	-3994.411	-4254.436	260.0257	1.828811	0.453681	0.613537	0.386463	1.657558
25278	-3990.809	-4250.896	260.0871	1.782848	0.4199488	0.630746	0.369254	1.690202
25284	-3989.405	-4249.363	259.9583	1.814966	0.3748001	0.676803	0.323197	1.818987
25290	-3985.833	-4245.874	260.0412	1.809101	0.4523188	0.676482	0.323518	1.662285
25296	-3985.028	-4245.267	260.2392	1.861755	0.4765799	0.676482	0.323518	1.446241
25302	-3976.999	-4237.233	260.2348	1.875964	0.468207	0.676482	0.323518	1.449745
25308	-3975.597	-4235.842	260.2448	1.99133	0.5173645	0.809101	0.190899	1.286146
25314	-3974.239	-4234.583	260.3438	1.970613	0.4632487	0.664795	0.335205	1.29632
25320	-3990.959	-4251.318	260.3586	2.078773	0.5013016	0.701845	0.298155	1.136976
25326	-3996.128	-4256.469	260.3413	2.045713	0.5244842	0.735233	0.264767	1.148221
25332	-3985.379	-4245.569	260.1898	1.721968	0.4271967	0.741952	0.258048	1.650788
25338	-3990.968	-4251.086	260.1182	1.885239	0.4937878	0.716322	0.283678	1.498049
25344	-3981.98	-4242.234	260.2543	1.861282	0.4021468	0.697759	0.302241	1.536578
25350	-4005.481	-4264.828	259.3468	1.691472	0.5142124	0.710014	0.289986	2.142819
25356	-4016.883	-4276.619	259.7358	1.691472	0.3502977	0.794471	0.205529	2.085599
25362	-3999.656	-4259.246	259.5895	1.614344	0.5260252	0.741294	0.258706	2.021384
25368	-3999.468	-4258.514	259.0465	1.644469	0.5334485	0.677915	0.322085	2.346501
25374	-4003.481	-4263.69	260.2091	1.831419	0.331482	0.654555	0.345445	1.695683
25380	-3997.51	-4257.639	260.1288	1.820648	0.3838529	0.645693	0.354307	1.683052
25386	-3995.887	-4255.504	259.6167	1.850958	0.4598943	0.773397	0.226603	1.918662
25392	-3991.66	-4251.533	259.8731	1.909093	0.5008942	0.645547	0.354453	1.651612
25398	-3997.044	-4257.086	260.0424	2.056649	0.4898645	0.645547	0.354453	1.430484
25404	-3994.108	-4254.464	260.3561	2.044444	0.4562866	0.727709	0.272291	1.23514
25410	-3992.997	-4253.113	260.1165	1.986222	0.4562866	0.630872	0.369128	1.471677
25416	-3995.451	-4255.592	260.1414	1.899782	0.4907119	0.65408	0.34592	1.473517
25422	-3990.401	-4250.558	260.1562	1.878373	0.5644912	0.67577	0.32423	1.388164
25428	-3998.723	-4258.884	260.1607	1.968694	0.5600411	0.677396	0.322604	1.318345
25434	-4000.161	-4260.578	260.4169	2.009703	0.4606919	0.733438	0.266562	1.206566
25440	-3984.974	-4245.301	260.3267	2.116049	0.4927186	0.623596	0.376404	1.144831
25446	-3987.162	-4247.677	260.5149	2.08609	0.4566389	0.732559	0.267441	1.056559
25452	-3996.797	-4257.221	260.4237	2.08609	0.4772402	0.732559	0.267441	1.108137
25458	-3987.467	-4247.775	260.3081	2.08609	0.5483271	0.798024	0.201976	1.108137
25464	-3974.104	-4234.286	260.1823	2.139122	0.6134769	0.766129	0.233871	1.085889
25470	-3968.016	-4228.368	260.3521	2.129346	0.4772365	0.639445	0.360555	1.133676
25476	-3987.734	-4248.025	260.2905	2.06178	0.4772365	0.763921	0.236079	1.245202
25482	-3977.289	-4237.766	260.4768	2.06178	0.429287	0.742575	0.257425	1.158353
25488	-3982.766	-4243.23	260.4633	1.998184	0.429287	0.768853	0.231147	1.224791
25494	-3979.715	-4240.195	260.4804	2.165834	0.4806733	0.690883	0.309117	0.9708555
25500	-3974.948	-4235.348	260.3996	2.165834	0.4920339	0.731575	0.268425	1.032354
25506	-3980.062	-4240.545	260.4823	2.086705	0.5285471	0.691714	0.308286	0.9693657
25512	-3997.189	-4257.6	260.4113	2.084067	0.5281033	0.719962	0.280038	1.043243
25518	-3988.891	-4249.276	260.3855	2.117043	0.4875693	0.741126	0.258874	1.098745
25524	-3981.413	-4241.927	260.5134	2.190827	0.4651719	0.689667	0.310333	0.9378664
25530	-3976.356	-4236.851	260.4944	2.229118	0.477914	0.760951	0.239049	0.8924808
25536	-4008.082	-4268.574	260.4926	2.274822	0.4426477	0.658924	0.341076	0.9124434
25542	-3994.577	-4254.964	260.3866	2.173954	0.5683625	0.700951	0.299049	0.9124434
25548	-3982.308	-4242.621	260.313	2.223025	0.5880482	0.740698	0.259302	0.9070827
25554	-3984.663	-4245.136	260.4733	2.191366	0.5053279	0.653944	0.346056	0.9070827
25560	-3988.053	-4248.522	260.4685	2.135686	0.5212554	0.751824	0.248176	0.9446944
25566	-4003.476	-4263.937	260.4616	2.158255	0.5212554	0.682165	0.317835	0.9279204
25572	-3994.639	-4255.047	260.4074	2.153276	0.5212554	0.669091	0.330909	0.9897486
25578	-3994.718	-4255.417	260.6992	2.123558	0.3887023	0.740643	0.259357	0.9617894
25584	-3993.044	-4253.39	260.3453	2.123558	0.5229547	0.619325	0.380675	1.076161
25590	-4000.05	-4260.371	260.3211	2.123558	0.5226202	0.590133	0.409867	1.098981
25596	-4003.129	-4263.522	260.393	1.990271	0.4945934	0.664754	0.335246	1.194122
25602	-4015.851	-4276.132	260.2814	2.045884	0.5596493	0.788704	0.211296	1.152448
25608	-3997.947	-4258.553	260.6063	2.061718	0.404161	0.713323	0.286677	1.084028
25614	-3981.469	-4241.906	260.4376	2.079721	0.4882706	0.713323	0.286677	1.084028
25620	-3991.398	-4251.836	260.4373	2.079721	0.5011185	0.56402	0.43598	1.064256
25626	-3996.57	-4256.936	260.3659	2.06186	0.5526305	0.756845	0.243155	1.070951
25632	-3984.863	-4245.283	260.4204	2.06186	0.4950749	0.606357	0.393643	1.105762
25638	-3979	-4239.187	260.1864	2.06186	0.5616396	0.763222	0.236778	1.218209
25644	-3982.3	-4242.609	260.3091	2.126936	0.5064691	0.693582	0.306418	1.130524
25650	-3975.769	-4236.086	260.3168	2.054642	0.5064691	0.693582	0.306418	1.187394
25656	-3975.557	-4235.659	260.1019	2.000487	0.6047683	0.693582	0.306418	1.2864
25662	-3981.538	-4241.804	260.2659	2.009592	0.5292304	0.737973	0.262027	1.237752
25668	-3985.858	-4246.069	260.2114	2.009592	0.564332	0.699379	0.300621	1.237752
25674	-3977.904	-4238.066	260.1625	2.009592	0.5648549	0.699379	0.300621	1.277712
25680	-3981.666	-4241.885	260.2197	1.890507	0.5171744	0.629409	0.370591	1.386939
25686	-3980.879	-4241.289	260.4107	1.898147	0.3783585	0.686755	0.313245	1.425921
25692	-3968.283	-4228.459	260.1752	1.899313	0.5082385	0.686755	0.313245	1.425921
25698	-3980.673	-4240.943	260.2704	1.899313	0.4559638	0.636162	0.363838	1.420891
25704	-3980.798	-4241.134	260.3363	1.899313	0.4501873	0.613343	0.386657	1.377624
25710	-3979.069	-4239.094	260.0249	1.918774	0.6157818	0.759424	0.240576	1.400214
25716	-3974.697	-4234.779	260.0819	1.918774	0.5752185	0.759424	0.240576	1.40204
25722	-3985.099	-4244.92	259.8209	1.826958	0.5581208	0.676188	0.323812	1.682542
25728	-3969.684	-4229.541	259.8574	1.880805	0.5892467	0.65567	0.34433	1.583759
25734	-3972.889	-4233.06	260.1707	1.880805	0.4489165	0.74351	0.25649	1.519985
25740	-3981.26	-4240.722	259.4619	1.882133	0.6637502	0.721043	0.278957	1.789336
25746	-3995.892	-4255.938	260.0458	1.882133	0.5737428	0.703783	0.296217	1.459611
25752	-3991.422	-4251.475	260.053	1.86322	0.5518921	0.703783	0.296217	1.493599
25758	-4000.109	-4260.314	260.2049	1.92839	0.4242879	0.744859	0.255141	1.492241
25764	-3998.883	-4259.124	260.241	1.889044	0.4892747	0.684839	0.315161	1.407321
25770	-3987.554	-4247.569	260.0148	1.940687	0.4933379	0.714559	0.285441	1.534417
25776	-3997.835	-4257.864	260.0289	1.940687	0.5134877	0.744941	0.255059	1.499144
25782	-3986.854	-4246.682	259.8288	1.844589	0.5987859	0.739337	0.260663	1.620738
25788	-3990.193	-4250.069	259.876	1.891622	0.4981191	0.630226	0.369774	1.665298
25794	-3983.733	-4243.69	259.9569	1.913133	0.4391084	0.762774	0.237226	1.665083
25800	-3985.22	-4245.002	259.7817	1.804547	0.5056702	0.61766	0.38234	1.784239
25806	-3985.737	-4245.392	259.6556	1.686274	0.5125375	0.618293	0.381707	1.943605
25812	-3985.295	-4244.267	258.972	1.596136	0.6118846	0.633763	0.366237	2.349593
25818	-3994.301	-4253.762	259.4604	1.650627	0.3871973	0.559214	0.440786	2.242428
25824	-3983.021	-4242.401	259.3795	1.705331	0.4912146	0.819184	0.180816	2.137209
25830	-3982.707	-4242.258	259.5509	1.715293	0.4113402	0.778551	0.221449	2.111413
25836	-3989.902	-4249.616	259.7132	1.725637	0.332747	0.752692	0.247308	2.102688
25842	-3989.752	-4249.304	259.5516	1.71349	0.4808682	0.633982	0.366018	2.030096
25848	-3980.966	-4240.562	259.5965	1.731918	0.4554229	0.666216	0.333784	2.017233
25854	-3980.856	-4240.777	259.9206	1.812865	0.5173683	0.596953	0.403047	1.667225
25860	-3975.462	-4235.722	260.2599	1.811015	0.4567139	0.752558	0.247442	1.495078
25866	-3967.325	-4227.585	260.2593	1.941166	0.421119	0.752558	0.247442	1.445767
25872	-3970.984	-4231.166	260.1813	1.880589	0.4576747	0.673586	0.326414	1.500588
25878	-3978.994	-4239.255	260.2604	1.808471	0.4563769	0.723795	0.276205	1.497089
25884	-3996.398	-4255.691	259.2928	1.724378	0.5219067	0.723795	0.276205	2.148475
25890	-3988.834	-4248.497	259.6634	1.720497	0.4364601	0.779111	0.220889	2.002899
25896	-3968.506	-4228.083	259.5774	1.713786	0.6048659	0.670022	0.329978	1.882217
25902	-3961.817	-4221.541	259.7235	1.784328	0.5401779	0.662096	0.337904	1.800282
25908	-3973.395	-4233.631	260.2368	1.798509	0.431251	0.585438	0.414562	1.555606
25914	-3976.297	-4236.148	259.851	1.7523	0.431251	0.713391	0.286609	1.86133
25920	-3985.67	-4245.533	259.8633	1.74488	0.544012	0.713391	0.286609	1.726093
25926	-3986.346	-4246.428	260.0817	1.876735	0.536818	0.713391	0.286609	1.47953
25932	-3999.642	-4259.545	259.9036	1.827302	0.536818	0.716473	0.283527	1.646836
25938	-3988.902	-4249.004	260.1014	1.815501	0.4273977	0.795299	0.204701	1.646836
25944	-3987.459	-4247.459	259.9997	1.73434	0.4273977	0.696223	0.303777	1.776039
25950	-3985.072	-4244.733	259.6617	1.73434	0.5367482	0.69621	0.30379	1.880725
25956	-3996.605	-4256.129	259.5242	1.664607	0.3953203	0.708983	0.291017	2.181897
25962	-3996.321	-4256.29	259.9692	1.803208	0.4554083	0.708983	0.291017	1.713773
25968	-3993.642	-4253.565	259.9235	1.814526	0.4849328	0.708983	0.291017	1.702034
25974	-3991.915	-4252.047	260.1317	1.723539	0.3598096	0.554445	0.445555	1.783424
25980	-3975.802	-4236.023	260.2215	1.78829	0.4572179	0.701391	0.298609	1.539999
25986	-3979.753	-4239.304	259.5515	1.781713	0.5725538	0.744281	0.255719	1.886004
25992	-3987.727	-4247.522	259.7954	1.705778	0.468279	0.669296	0.330704	1.886004
25998	-3977.774	-4237.592	259.8185	1.762771	0.4723613	0.750497	0.249503	1.826352
26004	-3990.106	-4249.824	259.7179	1.717707	0.3722325	0.589274	0.410726	2.050283
26010	-3980.896	-4240.193	259.2972	1.683938	0.5131876	0.695447	0.304553	2.181056
26016	-3998.099	-4258.159	260.0595	1.769994	0.3508645	0.6223	0.3777	1.814213
26022	-3977.065	-4237.071	260.0067	1.769994	0.4759982	0.720675	0.279325	1.685368
26028	-3972.126	-4232.125	259.9997	1.789024	0.4515283	0.677035	0.322965	1.707055
26034	-3985.561	-4245.395	259.8341	1.723588	0.5169974	0.676174	0.323826	1.791288
26040	-3997.266	-4256.989	259.7233	1.811899	0.4903028	0.779017	0.220983	1.837104
26046	-3984.546	-4244.505	259.9592	1.811899	0.5426921	0.752455	0.247545	1.611211
26052	-3977.962	-4237.98	260.0178	1.804811	0.3965621	0.669662	0.330338	1.754925
26058	-3985.632	-4245.694	260.0621	1.804811	0.3950657	0.669662	0.330338	1.72584
26064	-3976.735	-4236.546	259.8109	1.81874	0.5488004	0.700274	0.299726	1.705662
26070	-3976.911	-4236.812	259.9013	1.817569	0.4932881	0.727079	0.272921	1.705662
26076	-3977.451	-4237.412	259.9612	1.767757	0.4545481	0.729944	0.270056	1.74538
26082	-3992.046	-4251.95	259.9045	1.859368	0.5470254	0.655413	0.344587	1.611536
26088	-3988.98	-4249.275	260.2949	1.962755	0.5203018	0.706148	0.293852	1.264549
26094	-3988.807	-4249.009	260.2019	1.988541	0.4910429	0.660378	0.339622	1.357652
26100	-3980.539	-4240.944	260.4057	1.871373	0.4498332	0.671184	0.328816	1.345361
26106	-3980.374	-4240.423	260.049	1.851151	0.5312766	0.651067	0.348933	1.529682
26112	-3983.248	-4243.297	260.0486	1.773745	0.4950459	0.652931	0.347069	1.629675
26118	-3990.857	-4250.858	260.0008	1.765671	0.4582948	0.652931	0.347069	1.714342
26124	-3987.205	-4247.053	259.8484	1.737542	0.4697789	0.670639	0.329361	1.826257
26130	-3981.56	-4241.383	259.8229	1.789164	0.4548215	0.670639	0.329361	1.826257
26136	-3989.026	-4248.878	259.852	1.709156	0.4409071	0.683937	0.316063	1.878076
26142	-3990.503	-4250.384	259.8816	1.653413	0.5128045	0.743807	0.256193	1.811699
26148	-3978.538	-4238.4	259.8615	1.73368	0.4766478	0.743807	0.256193	1.811699
26154	-3975.389	-4235.231	259.8417	1.73368	0.4744999	0.652607	0.347393	1.827906
26160	-3978.681	-4238.755	260.074	1.787114	0.4306816	0.580759	0.419241	1.682375
26166	-3979.712	-4239.763	260.0517	1.881127	0.4639893	0.638067	0.361933	1.587892
26172	-3976.469	-4236.51	260.0407	2.011617	0.5575659	0.638067	0.361933	1.382539
26178	-3993.76	-4253.985	260.2249	1.881451	0.5012479	0.615215	0.384785	1.410197
26184	-4011.771	-4272.19	260.4186	2.04366	0.4285745	0.622089	0.377911	1.22519
26190	-4002.005	-4262.505	260.4998	2.118027	0.4264438	0.622089	0.377911	1.091657
26196	-3997.212	-4257.784	260.5725	2.022107	0.3848453	0.590876	0.409124	1.183323
26202	-4016.166	-4276.647	260.481	1.944571	0.4752474	0.614847	0.385153	1.185751
26208	-4005.734	-4265.894	260.1601	2.031489	0.5911093	0.641585	0.358415	1.228875
26214	-3995.742	-4255.889	260.1474	1.77302	0.4855574	0.645171	0.354829	1.569887
26220	-3999.593	-4259.504	259.9115	1.77302	0.5933726	0.663393	0.336607	1.618397
26226	-3989.678	-4249.886	260.2077	1.848297	0.4183605	0.669489	0.330511	1.557915
26232	-3982.763	-4242.888	260.1251	1.879522	0.5262053	0.693304	0.306696	1.457206
26238	-3980.581	-4241.019	260.4378	1.969018	0.4502353	0.693304	0.306696	1.238935
26244	-3977.244	-4237.452	260.2074	2.096388	0.5477502	0.693304	0.306696	1.18899
26250	-3974.759	-4235.123	260.364	2.110085	0.5009088	0.693304	0.306696	1.104385
26256	-3978.905	-4239.402	260.4968	2.162165	0.4726027	0.693304	0.306696	0.9719506
26262	-3980.525	-4240.994	260.4693	2.165399	0.4868326	0.693304	0.306696	0.9719506
26268	-3981.435	-4241.889	260.4539	2.233136	0.4868326	0.586858	0.413142	0.9162918
26274	-3994.621	-4255.29	260.6685	2.182271	0.4213997	0.6237	0.3763	0.8615314
26280	-3981.531	-4241.767	260.2368	2.105777	0.6830082	0.681687	0.318313	0.9720773
26286	-3982.978	-4243.47	260.4922	2.076573	0.4641126	0.681687	0.318313	1.074556
26292	-3990.538	-4250.955	260.4175	1.950338	0.4237196	0.664434	0.335566	1.310603
26298	-3984.054	-4244.426	260.3713	2.003006	0.4779187	0.615567	0.384433	1.225652
26304	-3993.575	-4253.946	260.3714	1.968601	0.4751555	0.613296	0.386704	1.258326
26310	-3982.345	-4242.678	260.3331	2.031053	0.5601078	0.671882	0.328118	1.118887
26316	-3971.789	-4232.25	260.4614	2.063755	0.4815876	0.757529	0.242471	1.087219
26322	-3977.386	-4237.86	260.4743	2.041198	0.4746299	0.718303	0.281697	1.107005
26328	-3979.546	-4239.834	260.2877	2.03505	0.6221272	0.69264	0.30736	1.073122
26334	-3972.042	-4232.239	260.1976	2.24163	0.6211331	0.641274	0.358726	0.959817
26340	-3984.658	-4245.006	260.3475	2.095626	0.5427772	0.735379	0.264621	1.070826
26346	-3970.057	-4230.391	260.3336	2.253644	0.5888937	0.735379	0.264621	0.8459635
26352	-3988.97	-4249.384	260.4137	2.253644	0.4793723	0.643407	0.356593	0.9511232
26358	-3994.415	-4254.886	260.4707	2.265229	0.4793723	0.601219	0.398781	0.8753219
26364	-3988.486	-4248.883	260.3973	2.225367	0.5179963	0.767291	0.232709	0.93048
26370	-3979.268	-4239.682	260.4138	2.246317	0.5179963	0.767291	0.232709	0.8889165
26376	-3988.17	-4248.746	260.5763	2.201654	0.4754077	0.701921	0.298079	0.8327613
26382	-3978.726	-4239.182	260.4565	1.97782	0.4608768	0.730233	0.269767	1.199701
26388	-3988.449	-4248.482	260.0331	2.0162	0.6477095	0.714238	0.285762	1.280269
26394	-3979.119	-4239.237	260.1186	2.0162	0.6048957	0.742202	0.257798	1.259511
26400	-3973.286	-4233.743	260.4572	2.0162	0.5182086	0.694943	0.305057	1.079038
26406	-3978.168	-4238.499	260.3307	1.966543	0.4828557	0.694943	0.305057	1.282825
26412	-3980.087	-4240.349	260.2621	1.929927	0.5571301	0.694851	0.305149	1.270975
26418	-3973.082	-4233.42	260.3383	1.929927	0.5181459	0.625867	0.374133	1.25865
26424	-3971.679	-4231.925	260.2453	2.022875	0.5181459	0.578751	0.421249	1.25865
26430	-3975.918	-4236.005	260.0868	1.924678	0.5367278	0.742559	0.257441	1.439253
26436	-3980.553	-4240.688	260.1343	1.91683	0.5737283	0.766368	0.233632	1.364226
26442	-3990.549	-4250.822	260.2734	1.942519	0.4625068	0.711177	0.288823	1.376027
26448	-3985.232	-4245.195	259.9633	1.942519	0.6653362	0.660975	0.339025	1.376027
26454	-3982.247	-4242.536	260.2891	1.937314	0.4565157	0.660975	0.339025	1.376027
26460	-3987.853	-4248.184	260.3303	1.96544	0.4182903	0.660975	0.339025	1.376027
26466	-3991.947	-4252.192	260.2444	1.995532	0.4996253	0.626153	0.373847	1.30664
26472	-3984.016	-4244.161	260.1452	1.843343	0.5207413	0.6774	0.3226	1.476068
26478	-3985.483	-4245.691	260.2076	1.847673	0.5094678	0.589665	0.410335	1.439141
26484	-3975.917	-4235.85	259.9323	1.899217	0.5161243	0.623594	0.376406	1.59799
26490	-3966.196	-4226.396	260.2	1.920119	0.5534154	0.679327	0.320673	1.33395
26496	-3972.956	-4233.212	260.2558	1.92388	0.4602716	0.696955	0.303045	1.407332
26502	-3973.774	-4234.089	260.3146	1.963842	0.4845768	0.63603	0.36397	1.295778
26508	-3969.491	-4229.773	260.2823	2.005328	0.4912715	0.63603	0.36397	1.279077
26514	-3980.589	-4240.76	260.1711	1.962528	0.545878	0.53605	0.46395	1.332474
26520	-3979.004	-4239.052	260.0476	1.965807	0.545878	0.548521	0.451479	1.426819
26526	-3981.721	-4241.938	260.2163	1.929569	0.4460706	0.771463	0.228537	1.452667
26532	-3971.519	-4231.553	260.0338	1.860148	0.5105733	0.700329	0.299671	1.558875
26538	-3982.428	-4242.467	260.0389	1.776351	0.464621	0.625684	0.374316	1.671869
26544	-3975.481	-4235.581	260.0997	1.877402	0.564478	0.63862	0.36138	1.432744
26550	-3986.401	-4246.28	259.8788	1.776144	0.564478	0.695687	0.304313	1.670614
26556	-3990.903	-4251.051	260.1482	1.873191	0.5328316	0.734673	0.265327	1.436353
26562	-3984.926	-4244.809	259.883	1.799042	0.4946338	0.721017	0.278983	1.730049
26568	-3998.579	-4258.596	260.0177	1.689473	0.4638333	0.721017	0.278983	1.749218
26574	-3991.419	-4251.071	259.6521	1.827299	0.6132037	0.79549	0.20451	1.743981
26580	-3982.113	-4241.931	259.818	1.798295	0.5722459	0.732494	0.267506	1.689787
26586	-3992.022	-4251.93	259.9072	1.798295	0.5150622	0.730022	0.269978	1.689787
26592	-3986.467	-4246.351	259.8835	1.764725	0.4783265	0.693164	0.306836	1.772935
26598	-3991.893	-4251.605	259.7125	1.760022	0.5963066	0.693164	0.306836	1.765853
26604	-3998.944	-4258.876	259.9322	1.736835	0.5080274	0.740843	0.259157	1.723652
26610	-4000.99	-4261.122	260.1323	1.883633	0.4825972	0.718847	0.281153	1.50284
26616	-3991.707	-4251.561	259.8539	1.893584	0.5126777	0.719305	0.280695	1.662637
26622	-3977.823	-4237.257	259.4342	1.665893	0.4733	0.715427	0.284573	2.14707
26628	-3988.196	-4247.593	259.3971	1.73002	0.5578414	0.651027	0.348973	2.03928
26634	-3976.267	-4235.905	259.6377	1.575587	0.4326143	0.666675	0.333325	2.120165
26640	-3988.961	-4248.31	259.3493	1.635953	0.4296148	0.662924	0.337076	2.271407
26646	-3987.874	-4247.642	259.7681	1.76379	0.4574077	0.704629	0.295371	1.878002
26652	-3991.976	-4251.667	259.6902	1.74636	0.4706137	0.741442	0.258558	1.927045
26658	-3984.883	-4244.437	259.5544	1.67488	0.4391007	0.741442	0.258558	2.102005
26664	-3990.261	-4250.194	259.9332	1.798524	0.5255808	0.687633	0.312367	1.658986
26670	-3996.082	-4256.321	260.2387	1.899102	0.4619176	0.720471	0.279529	1.437457
26676	-4012.246	-4272.429	260.1833	1.887239	0.4967125	0.617884	0.382116	1.44358
26682	-4001.828	-4261.71	259.8828	1.879748	0.4967125	0.609111	0.390889	1.670583
26688	-4002.542	-4262.248	259.7058	1.764957	0.4218984	0.701306	0.298694	1.962721
26694	-4006.234	-4266.458	260.2245	1.862761	0.4379247	0.710025	0.289975	1.507991
26700	-3996.922	-4257.204	260.2812	1.92759	0.4379247	0.710025	0.289975	1.415661
26706	-3994.914	-4255.04	260.1255	1.92759	0.52983	0.569156	0.430844	1.415661
26712	-4001.142	-4261.453	260.3116	1.95475	0.4780894	0.543533	0.456467	1.314485
26718	-3999.034	-4259.092	260.0576	1.877782	0.5006129	0.795574	0.204426	1.540332
26724	-3999.177	-4259.437	260.2601	1.921794	0.4376013	0.593627	0.406373	1.436822
26730	-4000.214	-4260.389	260.1751	1.917765	0.4410977	0.679179	0.320821	1.499546
26736	-4001.487	-4261.505	260.0178	1.917399	0.5346702	0.762317	0.237683	1.499546
26742	-3993.435	-4253.372	259.9371	1.81914	0.5527974	0.703524	0.296476	1.610615
26748	-4009.87	-4269.793	259.9229	1.838691	0.4803468	0.738319	0.261681	1.690842
26754	-3995.274	-4255.125	259.8507	1.748372	0.4803468	0.689878	0.310122	1.804661
26760	-3998.453	-4258.275	259.8219	1.795402	0.4803468	0.658626	0.341374	1.792034
26766	-3995.381	-4255.188	259.8076	1.809681	0.4803468	0.723787	0.276213	1.792034
26772	-3989.902	-4249.627	259.7251	1.811709	0.5293498	0.723787	0.276213	1.792034
26778	-3997.577	-4257.471	259.894	1.864363	0.5293498	0.813979	0.186021	1.635557
26784	-3990.249	-4250.216	259.9667	1.91685	0.4957243	0.701674	0.298326	1.584459
26790	-3985.813	-4245.927	260.1135	1.8562	0.4944134	0.721663	0.278337	1.522508
26796	-3987.963	-4247.889	259.9259	1.793319	0.4560424	0.601178	0.398822	1.750328
26802	-3974.909	-4234.565	259.6561	1.759467	0.429744	0.690215	0.309785	1.990004
26808	-3980.568	-4239.848	259.2809	1.683684	0.3961402	0.751229	0.248771	2.324966
26814	-3980.424	-4239.96	259.536	1.594454	0.3309883	0.678036	0.321964	2.30465
26820	-3982.114	-4241.606	259.4918	1.663798	0.4566708	0.663569	0.336431	2.129686
26826	-3982.734	-4242.26	259.5256	1.716674	0.4861054	0.663569	0.336431	2.03929
26832	-3994.407	-4254.524	260.1173	1.758056	0.4294869	0.58397	0.41603	1.673788
26838	-3990.016	-4249.749	259.7331	1.680753	0.553718	0.702749	0.297251	1.85053
26844	-3989.201	-4248.722	259.5212	1.670089	0.4613169	0.733433	0.266567	2.10099
26850	-3996.895	-4256.498	259.6029	1.76404	0.3935047	0.818745	0.181255	2.067753
26856	-3998.909	-4258.834	259.9258	1.797042	0.394945	0.627217	0.372783	1.82627
26862	-3990.011	-4250.115	260.1042	1.930269	0.4128428	0.690515	0.309485	1.581312
26868	-3982.695	-4242.729	260.0339	1.930269	0.4988384	0.764152	0.235848	1.521171
26874	-3991.35	-4251.623	260.273	1.942825	0.4966867	0.753095	0.246905	1.329953
26880	-3997.631	-4257.992	260.3609	2.183901	0.505276	0.768089	0.231911	1.031172
26886	-3983.547	-4244.017	260.4703	2.085979	0.4896304	0.713855	0.286145	1.045104
26892	-3995.771	-4255.964	260.1938	2.159886	0.5807479	0.782221	0.217779	1.100164
26898	-3981.513	-4241.866	260.3531	2.106585	0.5338459	0.736664	0.263336	1.068444
26904	-3989.023	-4249.286	260.2622	2.132272	0.585074	0.686468	0.313532	1.05608
26910	-3990.938	-4251.148	260.2099	2.12438	0.5419067	0.686468	0.313532	1.170453
26916	-4008.207	-4268.402	260.195	2.135167	0.5923027	0.686468	0.313532	1.10603
26922	-3999.849	-4259.927	260.0777	2.150462	0.701386	0.747929	0.252071	1.061044
26928	-3999.688	-4260.045	260.3573	2.152158	0.4295807	0.760114	0.239886	1.18323
26934	-3988.719	-4249.037	260.3185	2.109606	0.5108197	0.723418	0.276582	1.131327
26940	-4009.554	-4269.849	260.2948	2.027941	0.5472263	0.619821	0.380179	1.173232
26946	-4009.353	-4269.7	260.3472	2.056468	0.496813	0.6585	0.3415	1.173232
26952	-4011.537	-4271.927	260.3898	2.138122	0.5060462	0.741613	0.258387	1.046215
26958	-4000.266	-4260.77	260.5041	2.135155	0.4507605	0.790759	0.209241	1.029765
26964	-3993.844	-4254.325	260.4812	2.171742	0.4208789	0.680508	0.319492	1.068583
26970	-4003.133	-4263.584	260.4508	2.036355	0.4140879	0.674029	0.325971	1.226922
26976	-4000.149	-4260.419	260.2707	1.963931	0.5529187	0.665809	0.334191	1.240971
26982	-3991.716	-4252.183	260.467	1.916292	0.4354331	0.723338	0.276662	1.280474
26988	-3978.607	-4238.841	260.234	1.85866	0.4202082	0.723338	0.276662	1.528232
26994	-3975.1	-4235.266	260.1664	1.85866	0.5013716	0.690098	0.309902	1.472328
27000	-3985.825	-4245.759	259.9333	1.904417	0.6003997	0.627537	0.372463	1.498028
27006	-3983.082	-4243.105	260.0237	1.926194	0.5266938	0.677049	0.322951	1.498028
27012	-3989.471	-4249.826	260.3557	2.070653	0.4608698	0.710359	0.289641	1.206538
27018	-3995.561	-4255.85	260.2887	2.118643	0.5057041	0.724573	0.275427	1.1572
27024	-3983.093	-4243.671	260.5786	2.13817	0.3945674	0.750278	0.249722	1.055642
27030	-3990.012	-4250.269	260.2571	1.98229	0.5685149	0.704759	0.295241	1.216904
27036	-3989.268	-4249.482	260.2138	2.028154	0.4748402	0.704759	0.295241	1.338503
27042	-3987.216	-4247.173	259.9567	1.925555	0.5516824	0.735738	0.264262	1.519287
27048	-3985.52	-4245.711	260.191	1.931978	0.5264641	0.813617	0.186383	1.365252
27054	-3986.252	-4246.556	260.3041	2.379238	0.5348581	0.814609	0.185391	0.8288896
27060	-3994.165	-4254.507	260.3416	2.379238	0.5066266	0.816508	0.183492	0.8387734
27066	-3987.522	-4247.935	260.4132	2.39726	0.4964555	0.701473	0.298527	0.7390771
27072	-4007.183	-4267.407	260.2246	2.068977	0.5728135	0.704482	0.295518	1.164614
27078	-4021.307	-4281.626	260.3194	2.058502	0.5186023	0.789639	0.210361	1.164614
27084	-3987.542	-4247.962	260.4203	2.300176	0.5190544	0.689428	0.310572	0.8136838
27090	-4006.664	-4266.999	260.3347	2.321912	0.5618699	0.629964	0.370036	0.8095026
27096	-4000.203	-4260.708	260.5054	2.301979	0.4567352	0.775332	0.224668	0.8364383
27102	-4007.61	-4267.63	260.0194	1.928545	0.6196875	0.765833	0.234167	1.392559
27108	-4004.386	-4264.548	260.1615	1.872896	0.5096526	0.633675	0.366325	1.454921
27114	-3991.7	-4251.813	260.1129	1.969216	0.5889807	0.746004	0.253996	1.32147
27120	-3999.316	-4259.29	259.974	1.937459	0.6035641	0.763552	0.236448	1.438626
27126	-4002.546	-4262.683	260.137	1.883963	0.5470685	0.672263	0.327737	1.419537
27132	-3986.333	-4246.356	260.0233	1.853092	0.5272236	0.673305	0.326695	1.552074
27138	-3984.962	-4245.236	260.274	1.973673	0.5272236	0.678108	0.321892	1.263602
27144	-3977.773	-4238.032	260.2589	1.890412	0.5435144	0.691778	0.308222	1.322861
27150	-3983.743	-4243.987	260.2435	1.963168	0.4913991	0.691778	0.308222	1.344277
27156	-3991.267	-4251.512	260.2457	1.963168	0.4409847	0.668204	0.331796	1.411272
27162	-3997.89	-4258.151	260.2605	1.844591	0.427211	0.668204	0.331796	1.509348
27168	-3996.322	-4256.306	259.9841	1.852732	0.5124824	0.69334	0.30666	1.598395
27174	-4002.548	-4262.547	259.9983	1.947301	0.6014387	0.637846	0.362154	1.414763
27180	-4000.04	-4260.188	260.1478	1.897873	0.5709105	0.682094	0.317906	1.371904
27186	-3998.154	-4258.383	260.2296	1.95351	0.487388	0.614943	0.385057	1.368273
27192	-3991.744	-4252.219	260.4746	2.239053	0.48039	0.631847	0.368153	0.898804
27198	-3990.76	-4251.226	260.4663	2.273105	0.4568991	0.726566	0.273434	0.9153618
27204	-3989.798	-4250.084	260.2867	2.303698	0.5839781	0.73684	0.26316	0.8509388
27210	-3989.957	-4250.385	260.4276	2.303698	0.5138417	0.754876	0.245124	0.8105592
27216	-3997.948	-4258.348	260.4007	2.303698	0.5182177	0.689491	0.310509	0.8357811
27222	-3989.35	-4249.777	260.427	2.282096	0.5153113	0.700929	0.299071	0.8357811
27228	-3983.023	-4243.318	260.2949	2.204059	0.5979233	0.700929	0.299071	0.9317923
27234	-3990.25	-4250.908	260.6579	2.307292	0.3724707	0.642413	0.357587	0.8376751
27240	-3993.486	-4253.997	260.5107	2.307292	0.4459637	0.68163	0.31837	0.8469529
27246	-3989.259	-4249.786	260.527	2.238126	0.4329158	0.68163	0.31837	0.9342053
27252	-3985.679	-4245.984	260.3049	2.250845	0.5747952	0.68163	0.31837	0.9070238
27258	-3985.887	-4246.202	260.3149	2.311499	0.5578555	0.68163	0.31837	0.8549817
27264	-3993.701	-4254.259	260.5584	2.326059	0.4304573	0.628958	0.371042	0.7979694
27270	-4006.638	-4267.031	260.3932	2.084997	0.4845267	0.633324	0.366676	1.125477
27276	-3998.795	-4258.911	260.1158	2.082858	0.6120079	0.633324	0.366676	1.197006
27282	-3993.962	-4254.416	260.4543	2.216352	0.53336	0.63648	0.36352	0.8476199
27288	-4012.545	-4273.06	260.5149	2.216352	0.4848416	0.749152	0.250848	0.8699329
27294	-4000.466	-4260.983	260.5167	2.15214	0.4577696	0.749152	0.250848	0.9881597
27300	-4005.43	-4265.712	260.2819	2.125868	0.5029483	0.705379	0.294621	1.160773
27306	-4001.594	-4262.008	260.4144	2.125868	0.5029483	0.706102	0.293898	1.0392
27312	-3989.557	-4249.958	260.401	2.079274	0.4925625	0.697236	0.302764	1.111409
27318	-3981.707	-4241.977	260.2705	1.985126	0.4959753	0.697236	0.302764	1.298814
27324	-3982.555	-4242.707	260.1527	1.882263	0.5004996	0.700217	0.299783	1.465865
27330	-3986.769	-4247.206	260.4373	2.015279	0.3848534	0.607745	0.392255	1.302195
27336	-3984.912	-4245.133	260.2208	2.020709	0.573686	0.717627	0.282373	1.208442
27342	-3985.005	-4245.375	260.3704	2.030709	0.5153056	0.552258	0.447742	1.148886
27348	-3987.401	-4247.688	260.2867	2.022518	0.5742615	0.766741	0.233259	1.148886
27354	-3998.17	-4258.247	260.0767	2.022518	0.6005252	0.785964	0.214036	1.293979
27360	-3983.492	-4243.646	260.1537	2.022518	0.5491697	0.661607	0.338393	1.293979
27366	-3996.674	-4257.014	260.3398	2.032003	0.4872249	0.717109	0.282891	1.214484
27372	-3989.647	-4249.941	260.2939	2.032003	0.4911216	0.672458	0.327542	1.247551
27378	-3989.595	-4249.985	260.3906	2.032003	0.4756465	0.672458	0.327542	1.187743
27384	-3983.554	-4244.032	260.4778	2.032003	0.4265751	0.715976	0.284024	1.187743
27390	-3996.984	-4257.286	260.3024	2.094443	0.5105965	0.617106	0.382894	1.159372
27396	-3993.716	-4254.12	260.4036	2.066455	0.4469333	0.56409	0.43591	1.190118
27402	-3990.186	-4250.615	260.4295	2.097797	0.5203284	0.795075	0.204925	1.024324
27408	-4000.102	-4260.342	260.2406	1.986981	0.5768516	0.669781	0.330219	1.216316
27414	-3995.426	-4255.871	260.4446	2.036692	0.4189845	0.669781	0.330219	1.224162
27420	-3984.201	-4244.638	260.4371	2.045494	0.4189845	0.669781	0.330219	1.223072
27426	-3986.283	-4246.772	260.4894	2.045494	0.4356713	0.727677	0.272323	1.151313
27432	-3988.8	-4249.238	260.4378	2.010866	0.440496	0.776466	0.223534	1.21832
27438	-4003.193	-4263.574	260.3803	2.010866	0.440496	0.531632	0.468368	1.266431
27444	-3999.367	-4259.698	260.331	2.010866	0.4683939	0.545709	0.454291	1.266431
27450	-3998.09	-4258.383	260.2923	2.036826	0.5023595	0.537352	0.462648	1.229231
27456	-4007.348	-4267.545	260.1971	2.202787	0.5954871	0.728556	0.271444	1.036263
27462	-3992.481	-4252.779	260.2985	2.427834	0.5790736	0.695565	0.304435	0.6582192
27468	-4012.608	-4272.901	260.2933	2.488102	0.5305695	0.729477	0.270523	0.6955942
27474	-4000.325	-4260.722	260.3966	2.328177	0.47687	0.663808	0.336192	0.8930399
27480	-4020.381	-4280.571	260.1897	2.524529	0.6031637	0.755759	0.244241	0.6017149
27486	-4015.04	-4275.469	260.4286	2.544084	0.432306	0.616341	0.383659	0.6483946
27492	-4014.061	-4274.594	260.533	2.354961	0.4502344	0.787504	0.212496	0.7420025
27498	-4017.515	-4278.057	260.5421	2.27097	0.4720122	0.650581	0.349419	0.7946892
27504	-4008.112	-4268.492	260.3805	2.296843	0.5358867	0.724753	0.275247	0.8344468
27510	-4015.767	-4276.218	260.4515	2.252202	0.5103709	0.709825	0.290175	0.8522193
27516	-4010.708	-4271.077	260.3695	2.226555	0.5103709	0.769204	0.230796	0.9715625
27522	-4001.874	-4262.205	260.3314	2.226555	0.5268949	0.733622	0.266378	0.9833704
27528	-4005.435	-4265.871	260.4353	2.226555	0.4651153	0.654055	0.345945	0.9821673
27534	-4002.765	-4262.992	260.2272	2.231432	0.5926478	0.683884	0.316116	0.9821673
27540	-4007.137	-4267.683	260.5458	2.307297	0.4327507	0.781834	0.218166	0.8331187
27546	-3987.834	-4248.369	260.5349	2.307297	0.4052448	0.660549	0.339451	0.9063613
27552	-4001.389	-4261.951	260.5628	2.293917	0.4368277	0.698789	0.301211	0.8191306
27558	-3994.458	-4254.984	260.5264	2.327236	0.4203906	0.637442	0.362558	0.860342
27564	-3988.671	-4248.986	260.3156	2.274343	0.5824175	0.717138	0.282862	0.8543448
27570	-3989.021	-4249.361	260.34	2.274343	0.566126	0.717138	0.282862	0.8543448
27576	-3986.466	-4247.006	260.5393	2.186939	0.4565125	0.717138	0.282862	0.9305285
27582	-3983.942	-4244.586	260.6439	2.205201	0.4074035	0.694204	0.305796	0.8939721
27588	-3994.355	-4254.714	260.3586	2.230673	0.5612482	0.635039	0.364961	0.8924145
27594	-3989.894	-4250.414	260.5203	2.230673	0.4618696	0.581512	0.418488	0.8927501
27600	-3987.092	-4247.563	260.4701	2.21444	0.4984408	0.768891	0.231109	0.8974978
27606	-3991.646	-4252.057	260.4111	2.216614	0.528642	0.729658	0.270342	0.9062197
27612	-3988.621	-4248.965	260.3439	2.100061	0.528642	0.577668	0.422332	1.090776
27618	-3991.929	-4252.285	260.356	2.100061	0.5296808	0.660259	0.339741	1.078017
27624	-4001.434	-4261.557	260.1229	2.014198	0.5230441	0.664822	0.335178	1.358371
27630	-3995.03	-4255.128	260.0979	1.967619	0.5516612	0.591948	0.408052	1.379309
27636	-3993.617	-4253.538	259.921	1.967619	0.6336815	0.712023	0.287977	1.42324
27642	-3977.756	-4237.708	259.9528	1.960518	0.5752697	0.648249	0.351751	1.468997
27648	-3989.736	-4249.884	260.1486	1.96491	0.5834351	0.648249	0.351751	1.302736
27654	-3988.524	-4249.012	260.4885	2.022644	0.3715901	0.726665	0.273335	1.276007
27660	-3986.231	-4246.299	260.0684	1.990362	0.600726	0.73338	0.26662	1.326455
27666	-3993.642	-4253.516	259.8738	1.930034	0.5913299	0.609171	0.390829	1.53321
27672	-3984.23	-4243.821	259.5919	1.90541	0.6585855	0.759494	0.240506	1.686618
27678	-3983.456	-4243.156	259.6999	1.747921	0.5562762	0.655747	0.344253	1.824499
27684	-3977.429	-4237.103	259.6745	1.747921	0.5340871	0.669697	0.330303	1.865614
27690	-3986.531	-4246.518	259.9872	1.879715	0.4388397	0.690664	0.309336	1.667695
27696	-3987.851	-4247.718	259.8668	1.787478	0.5675889	0.665844	0.334156	1.667695
27702	-3986.989	-4246.686	259.6971	1.781058	0.5592781	0.770031	0.229969	1.80036
27708	-3987.604	-4247.143	259.5392	1.728747	0.6684151	0.611311	0.388689	1.83751
27714	-3987.823	-4247.853	260.0298	1.858624	0.5304115	0.625092	0.374908	1.539393
27720	-3989.09	-4249.119	260.0292	1.799603	0.5131565	0.57476	0.42524	1.603471
27726	-3996.725	-4256.57	259.8451	1.816181	0.5549997	0.622448	0.377552	1.676444
27732	-3980.671	-4240.784	260.1128	1.865016	0.5117925	0.655901	0.344099	1.495084
27738	-3999.639	-4259.835	260.1961	1.817548	0.4442769	0.689386	0.310614	1.554146
27744	-3980.916	-4240.73	259.8145	1.817548	0.5111763	0.640271	0.359729	1.746016
27750	-3996.236	-4255.881	259.6445	1.744625	0.5661084	0.640271	0.359729	1.854518
27756	-3983.597	-4243.466	259.8688	1.863936	0.517102	0.582531	0.417469	1.668019
27762	-3982.162	-4242.096	259.9339	1.782259	0.5274192	0.534	0.466	1.668019
27768	-3990.353	-4250.216	259.8627	1.786247	0.4938351	0.626126	0.373874	1.754172
27774	-3990.048	-4249.786	259.7379	1.723062	0.5434557	0.701863	0.298137	1.829085
27780	-3984.689	-4244.937	260.248	1.968428	0.5155366	0.680751	0.319249	1.304524
27786	-3983.232	-4243.583	260.3509	2.039307	0.4157242	0.677087	0.322913	1.304524
27792	-3988.711	-4248.91	260.1986	2.039307	0.5024389	0.620568	0.379432	1.304524
27798	-3978.74	-4238.888	260.148	2.039307	0.5337965	0.63342	0.36658	1.304524
27804	-3991.16	-4251.664	260.5042	2.121715	0.4434513	0.621841	0.378159	1.055137
27810	-4003.279	-4263.314	260.0354	1.987577	0.5807144	0.620793	0.379207	1.378207
27816	-4004.43	-4264.471	260.041	1.960953	0.4931279	0.596179	0.403821	1.500043
27822	-3994.473	-4254.619	260.1455	1.910532	0.5230395	0.64647	0.35353	1.421719
27828	-3993.386	-4253.524	260.1388	1.926179	0.5078223	0.64647	0.35353	1.433778
27834	-3971.363	-4231.636	260.2735	1.931764	0.5227061	0.639482	0.360518	1.304219
27840	-3986.925	-4247.204	260.2787	1.931764	0.499211	0.715921	0.284079	1.330899
27846	-3993.932	-4254.288	260.3563	1.969541	0.5132229	0.760234	0.239766	1.21696
27852	-3988.086	-4248.332	260.2453	1.932429	0.5132229	0.760234	0.239766	1.338729
27858	-3987.346	-4247.53	260.1849	1.932429	0.5122291	0.742318	0.257682	1.387655
27864	-3978.827	-4238.894	260.0679	1.825146	0.5122291	0.722337	0.277663	1.557571
27870	-3976.191	-4236.24	260.0486	1.755075	0.4306848	0.675037	0.324963	1.723066
27876	-3990.626	-4250.074	259.4472	1.693444	0.529881	0.675037	0.324963	2.059176
27882	-3982.683	-4242.166	259.4832	1.645643	0.5373393	0.675037	0.324963	2.059176
27888	-3979.802	-4239.168	259.3656	1.633962	0.5306019	0.675037	0.324963	2.15095
27894	-3987.099	-4246.483	259.3844	1.689359	0.5274507	0.739716	0.260284	2.105742
27900	-3979.807	-4239.153	259.3455	1.689359	0.6168162	0.72799	0.27201	2.042725
27906	-3978.378	-4237.621	259.2436	1.746694	0.5742016	0.647322	0.352678	2.113083
27912	-3978.738	-4238.233	259.4949	1.732121	0.5433313	0.691391	0.308609	1.987786
27918	-3993.665	-4253.389	259.7236	1.811874	0.5506366	0.664459	0.335541	1.769777
27924	-3994.37	-4254.265	259.8943	1.802323	0.446793	0.723781	0.276219	1.777546
27930	-3976.5	-4236.516	260.0156	1.750537	0.5715829	0.633468	0.366532	1.582603
27936	-3975.83	-4235.791	259.9606	1.884061	0.6003103	0.74915	0.25085	1.492881
27942	-3992.839	-4252.555	259.7158	1.986511	0.7345086	0.685953	0.314047	1.463608
27948	-3973.524	-4233.562	260.0379	1.986511	0.563186	0.706914	0.293086	1.397671
27954	-3979.749	-4239.966	260.217	1.960693	0.5131663	0.666121	0.333879	1.338799
27960	-3988.447	-4248.605	260.1585	1.960693	0.4978888	0.666121	0.333879	1.404534
27966	-3977.523	-4237.767	260.2439	1.922503	0.4936776	0.711837	0.288163	1.373179
27972	-3974.321	-4234.794	260.4722	1.932562	0.4507647	0.770117	0.229883	1.239869
27978	-3988.139	-4248.376	260.2361	2.022794	0.4751362	0.741788	0.258212	1.32456
27984	-3988.859	-4249.165	260.3065	2.033589	0.5576508	0.685958	0.314042	1.143893
27990	-3973.265	-4233.482	260.2169	2.116736	0.5830634	0.685958	0.314042	1.115242
27996	-3990.874	-4251.229	260.3542	2.114645	0.5830634	0.639898	0.360102	0.9861524
28002	-3992.651	-4253.03	260.3789	1.964015	0.5246399	0.671051	0.328949	1.186638
28008	-3993.166	-4253.258	260.0914	1.890266	0.4621369	0.758634	0.241366	1.554396
28014	-3987.677	-4247.768	260.0914	1.890266	0.4621369	0.63716	0.36284	1.554396
28020	-3999.311	-4259.637	260.3258	2.037039	0.4862009	0.684821	0.315179	1.223511
28026	-3997.283	-4257.834	260.5511	2.140832	0.4663782	0.643599	0.356401	0.9487923
28032	-3991.494	-4252.036	260.5417	2.157351	0.3816367	0.642502	0.357498	1.095877
28038	-3999.141	-4259.435	260.2939	2.168021	0.4814069	0.711454	0.288546	1.14479
28044	-3994.459	-4254.85	260.391	2.226174	0.4814069	0.623212	0.376788	0.9990302
28050	-3988.997	-4249.397	260.4002	2.226174	0.4814069	0.807496	0.192504	0.9898545
28056	-3982.806	-4243.274	260.4674	2.146114	0.4638083	0.705283	0.294717	1.032476
28062	-3994.592	-4255.04	260.448	2.153028	0.4710038	0.732167	0.267833	1.032476
28068	-3989.298	-4249.736	260.4378	2.217717	0.4670515	0.817944	0.182056	0.9852505
28074	-3987.894	-4248.267	260.3725	2.217717	0.4256493	0.69945	0.30055	1.118262
28080	-3984.288	-4244.482	260.1944	2.032011	0.4966256	0.69945	0.30055	1.321535
28086	-3987.733	-4248.142	260.4085	2.146342	0.4966256	0.705754	0.294246	1.035222
28092	-3999.758	-4259.951	260.1932	2.146342	0.4966256	0.651569	0.348431	1.228453
28098	-3985.848	-4246.112	260.2643	2.146777	0.574865	0.725829	0.274171	1.054748
28104	-3987.306	-4247.706	260.4003	2.146777	0.4728933	0.670695	0.329305	1.080603
28110	-3975.046	-4235.479	260.4333	2.139513	0.4721321	0.670695	0.329305	1.057633
28116	-3980.734	-4241.156	260.4227	2.139513	0.4783715	0.691539	0.308461	1.057633
28122	-3974.382	-4234.822	260.4401	2.139513	0.4669601	0.630436	0.369564	1.059746
28128	-4004.685	-4265.016	260.3303	2.234283	0.4909347	0.530961	0.469039	1.03503
28134	-3998.146	-4258.605	260.459	2.098615	0.4951169	0.672944	0.327056	1.03503
28140	-4004.04	-4264.411	260.3716	2.173944	0.5572341	0.582173	0.417827	0.9470815
28146	-3993.941	-4254.411	260.4703	2.211974	0.4793605	0.805727	0.194273	0.9352863
28152	-3995.668	-4255.825	260.1565	2.276667	0.6168833	0.594664	0.405336	0.9723933
28158	-4011.411	-4271.76	260.3489	2.257093	0.5797191	0.784201	0.215799	0.8396726
28164	-4016.43	-4276.648	260.2181	2.257093	0.6276423	0.756048	0.243952	0.9112461
28170	-3998.953	-4259.367	260.414	2.194786	0.5444778	0.703601	0.296399	0.8995683
28176	-3996.5	-4257.017	260.517	2.194786	0.4351122	0.711046	0.288954	0.9856635
28182	-3987.302	-4247.627	260.3248	2.270846	0.5022482	0.71311	0.28689	0.9856635
28188	-4000.525	-4261.156	260.6306	2.174896	0.4035029	0.71311	0.28689	0.9498086
28194	-4013.573	-4273.954	260.3803	2.146816	0.5329122	0.739685	0.260315	1.004716
28200	-4007.699	-4267.949	260.2496	1.961286	0.4985911	0.68878	0.31122	1.331395
28206	-3995.794	-4255.821	260.027	1.96116	0.5650442	0.714604	0.285396	1.423584
28212	-3998.957	-4259.435	260.4775	1.965051	0.4750963	0.582585	0.417415	1.171293
28218	-3989.983	-4250.119	260.1368	2.015632	0.5386717	0.644117	0.355883	1.326457
28224	-3987.284	-4247.577	260.2929	2.079215	0.5150071	0.795251	0.204749	1.174718
28230	-3999.136	-4259.478	260.3424	2.002307	0.5150071	0.747187	0.252813	1.19843
28236	-3997.558	-4257.615	260.0577	1.946911	0.5607845	0.659408	0.340592	1.415895
28242	-4001.462	-4261.55	260.0871	1.885322	0.4877755	0.764118	0.235882	1.528752
28248	-4006.102	-4266.095	259.9921	1.864191	0.5602969	0.726048	0.273952	1.528752
28254	-3995.748	-4256.02	260.2714	1.921088	0.420283	0.739054	0.260946	1.453007
28260	-3994.756	-4255.048	260.2917	1.946963	0.4726618	0.755614	0.244386	1.344166
28266	-3969.876	-4230.103	260.2273	1.946128	0.5461647	0.752602	0.247398	1.300054
28272	-3991.943	-4252.105	260.1624	1.89452	0.5137138	0.665087	0.334913	1.432596
28278	-3980.319	-4240.356	260.037	1.89452	0.5137138	0.691305	0.308695	1.527335
28284	-3996.384	-4256.132	259.7478	1.856885	0.6376241	0.691305	0.308695	1.630394
28290	-3968.208	-4228.077	259.8691	1.840345	0.5654895	0.701272	0.298728	1.630394
28296	-3978.943	-4238.797	259.8538	1.783558	0.6144645	0.701272	0.298728	1.630394
28302	-3978.164	-4238.15	259.9857	1.818272	0.5778878	0.763294	0.236706	1.547848
28308	-3977.265	-4237.103	259.838	1.774752	0.5687566	0.682069	0.317931	1.696025
28314	-3995.636	-4255.736	260.1001	1.87409	0.4309187	0.694546	0.305454	1.600776
28320	-4005.009	-4264.864	259.8547	1.814331	0.5074027	0.701606	0.298394	1.724341
28326	-4006.665	-4266.515	259.8498	1.76811	0.6369254	0.644807	0.355193	1.621572
28332	-3997.074	-4257.066	259.9914	1.857835	0.4719473	0.595183	0.404817	1.638495
28338	-3996.381	-4256.381	259.9996	1.862096	0.5097636	0.536801	0.463199	1.583537
28344	-4009.411	-4269.509	260.0977	1.849674	0.5097636	0.619289	0.380711	1.520277
28350	-3995.668	-4255.608	259.9397	1.849674	0.5173738	0.671434	0.328566	1.627039
28356	-3992.768	-4252.703	259.9348	1.849674	0.5636075	0.66891	0.33109	1.578025
28362	-3993.007	-4253.237	260.2303	1.9043	0.4176816	0.610871	0.389129	1.500454
28368	-4007.122	-4267.222	260.1	1.890847	0.5769375	0.610871	0.389129	1.407636
28374	-3994.931	-4255.132	260.2003	1.890847	0.5125667	0.730771	0.269229	1.407636
28380	-4001.582	-4261.806	260.224	1.923906	0.5125667	0.730427	0.269573	1.363237
28386	-3999.674	-4259.936	260.2618	1.923906	0.4924506	0.729059	0.270941	1.359522
28392	-3992.512	-4253.029	260.5168	2.17146	0.4680391	0.739041	0.260959	0.9495851
28398	-4005.979	-4266.532	260.5537	2.180318	0.4821546	0.772221	0.227779	0.8719728
28404	-4004.322	-4264.915	260.5931	2.126719	0.4235943	0.772447	0.227553	0.9989506
28410	-3994.007	-4254.439	260.4321	2.168416	0.4832547	0.772447	0.227553	1.012512
28416	-3995.139	-4255.783	260.6438	2.207296	0.3779951	0.593867	0.406133	0.9544333
28422	-3999.645	-4260.087	260.4423	2.207296	0.4879947	0.807287	0.192713	0.9544333
28428	-3995.055	-4255.469	260.4137	2.211001	0.4712073	0.738015	0.261985	1.008981
28434	-3995.975	-4256.373	260.3984	2.211001	0.4280522	0.693108	0.306892	1.096743
28440	-3996.804	-4257.212	260.4085	2.309791	0.4952891	0.648831	0.351169	0.8645742
28446	-3993.377	-4253.772	260.3952	2.295635	0.5290681	0.642045	0.357955	0.8310098
28452	-3986.696	-4247.308	260.6129	2.295635	0.3901408	0.774036	0.225964	0.8637479
28458	-3999.68	-4260.253	260.5734	2.28216	0.4613713	0.655035	0.344965	0.7611191
28464	-3994.104	-4254.43	260.3262	1.983782	0.4900819	0.690723	0.309277	1.262265
28470	-3998.902	-4259.207	260.305	2.264529	0.547774	0.651284	0.348716	0.9369795
28476	-3992.904	-4253.208	260.3034	2.253941	0.5477605	0.742938	0.257062	0.9499945
28482	-3990.359	-4250.543	260.1845	2.156501	0.5943078	0.696629	0.303371	1.093434
28488	-3991.141	-4251.371	260.2294	2.033712	0.558484	0.801775	0.198225	1.209695
28494	-4003.596	-4264.074	260.478	2.137249	0.5897636	0.731664	0.268336	0.8090346
28500	-3996.44	-4256.699	260.2584	2.226599	0.6426115	0.731664	0.268336	0.8763989
28506	-3989.917	-4250.298	260.3815	2.251878	0.499022	0.737043	0.262957	0.95216
28512	-3998.253	-4258.695	260.442	2.311803	0.4513916	0.709369	0.290631	0.9101928
28518	-3993.645	-4254.253	260.608	2.318161	0.4362092	0.664349	0.335651	0.7215496
28524	-3995.763	-4256.21	260.4475	2.278495	0.4929907	0.711831	0.288169	0.8599615
28530	-3993.65	-4254.031	260.3812	2.166936	0.5513629	0.638816	0.361184	0.9538545
28536	-3995.414	-4255.81	260.3962	2.090654	0.5513629	0.638816	0.361184	1.01609
28542	-3990.984	-4251.067	260.0834	2.090654	0.6411097	0.638816	0.361184	1.182874
28548	-3979.342	-4239.774	260.4321	2.072281	0.4120311	0.770717	0.229283	1.215675
28554	-3987.972	-4248.355	260.3829	2.072281	0.5186833	0.770717	0.229283	1.095124
28560	-3989.938	-4250.324	260.3861	2.134729	0.5336269	0.592267	0.407733	1.009843
28566	-4008.462	-4268.886	260.4242	2.08117	0.4436192	0.767616	0.232384	1.164643
28572	-3998.678	-4259	260.3224	2.08117	0.5240024	0.660885	0.339115	1.134216
28578	-3994.325	-4254.52	260.1955	2.073452	0.5878991	0.762534	0.237466	1.16651
28584	-3990.619	-4250.947	260.3277	2.073452	0.5030047	0.741868	0.258132	1.16651
28590	-3992.902	-4253.198	260.2964	2.045093	0.5053476	0.617906	0.382094	1.214566
28596	-3984.773	-4245.117	260.3435	2.052268	0.4669983	0.66929	0.33071	1.223382
28602	-3976.808	-4237.119	260.3111	2.048009	0.4885143	0.782865	0.217135	1.223382
28608	-3981.296	-4241.799	260.5035	2.098207	0.4176468	0.570324	0.429676	1.121318
28614	-3978.426	-4238.758	260.3314	1.987988	0.5132966	0.706387	0.293613	1.222331
28620	-3975.439	-4235.726	260.2874	1.987988	0.5132966	0.573657	0.426343	1.259162
28626	-3989.635	-4249.802	260.1666	2.076799	0.4889497	0.6311	0.3689	1.318145
28632	-3992.438	-4252.666	260.228	2.038239	0.4889497	0.6311	0.3689	1.299662
28638	-3982.804	-4242.871	260.0666	1.958267	0.5748274	0.642544	0.357456	1.38358
28644	-3995.098	-4255.27	260.1723	1.944587	0.5893789	0.653707	0.346293	1.292874
28650	-3999.777	-4259.728	259.9505	1.893906	0.5076491	0.726821	0.273179	1.598651
28656	-3982.945	-4242.971	260.0263	1.977648	0.5648065	0.712676	0.287324	1.411614
28662	-3989.965	-4250.225	260.2598	1.919127	0.5780347	0.628545	0.371455	1.255615
28668	-3991.085	-4251.135	260.0501	1.939932	0.5753088	0.79734	0.20266	1.410175
28674	-3986.183	-4246.287	260.1046	1.871133	0.5803143	0.7032	0.2968	1.415463
28680	-3992.312	-4252.341	260.0282	2.0078	0.5803143	0.552149	0.447851	1.368404
28686	-3997.115	-4257.301	260.1861	2.0078	0.5803143	0.635152	0.364848	1.240288
28692	-3998.25	-4258.48	260.2297	2.048131	0.5398683	0.635152	0.364848	1.221691
28698	-4004.728	-4265.114	260.3857	2.048131	0.5179307	0.752969	0.247031	1.115789
28704	-3990.735	-4251.022	260.2874	1.94446	0.5533377	0.661073	0.338927	1.242755
28710	-3997.07	-4257.575	260.5044	1.9604	0.3878039	0.661073	0.338927	1.28754
28716	-4002.271	-4262.737	260.4656	2.14658	0.4716292	0.705106	0.294894	1.020604
28722	-4002.219	-4262.574	260.3547	2.179686	0.5468883	0.825178	0.174822	0.9752891
28728	-4005.055	-4265.325	260.2697	2.253821	0.5947658	0.823085	0.176915	0.910007
28734	-3972.797	-4233.298	260.5012	2.230628	0.4555782	0.780339	0.219661	0.9261965
28740	-3990.69	-4251.088	260.3983	2.230628	0.5520702	0.778086	0.221914	0.8626647
28746	-3982.468	-4242.857	260.3889	2.230628	0.5324802	0.692148	0.307852	0.9085872
28752	-3983.733	-4244.036	260.3027	2.235386	0.5720484	0.732407	0.267593	0.9309901
28758	-3992.673	-4252.975	260.302	2.33707	0.5595707	0.584986	0.415014	0.8362985
28764	-3999.321	-4259.66	260.3392	2.288626	0.5595707	0.760589	0.239411	0.8501118
28770	-3986.842	-4247.163	260.321	2.306807	0.5595707	0.665453	0.334547	0.8501118
28776	-3989.35	-4249.844	260.4939	2.315472	0.4781894	0.665453	0.334547	0.7853603
28782	-3979.125	-4239.603	260.4771	2.33634	0.461604	0.83396	0.16604	0.8179694
28788	-3974.638	-4234.944	260.3063	2.344005	0.579724	0.673787	0.326213	0.7818048
28794	-3997.23	-4257.565	260.335	2.236122	0.5869665	0.692675	0.307325	0.8686806
28800	-3996.209	-4256.531	260.3221	2.241952	0.623631	0.773159	0.226841	0.8120719
28806	-4003.574	-4264.055	260.481	2.277449	0.4996848	0.773159	0.226841	0.8052929
28812	-3988.825	-4249.255	260.4297	2.079366	0.5048988	0.646713	0.353287	1.065877
28818	-3977.017	-4237.376	260.3589	2.101667	0.5113293	0.691464	0.308536	1.101113
28824	-3994.807	-4255.243	260.4366	2.010423	0.4488003	0.669312	0.330688	1.207036
28830	-4005.006	-4265.248	260.2429	1.928157	0.4657238	0.63419	0.36581	1.406666
28836	-3993.168	-4253.375	260.2071	1.875409	0.520027	0.748354	0.251646	1.404975
28842	-3996.008	-4256.188	260.1802	1.91797	0.5495629	0.81748	0.18252	1.356133
28848	-3982.114	-4242.327	260.2131	1.951969	0.5075437	0.694264	0.305736	1.356133
28854	-3993.31	-4253.649	260.3391	1.940646	0.4718396	0.588882	0.411118	1.312328
28860	-3989.404	-4249.402	259.9979	1.808297	0.558455	0.70002	0.29998	1.567843
28866	-3990.187	-4250.402	260.215	1.986967	0.5521816	0.607164	0.392836	1.269057
28872	-3982.997	-4243.193	260.1953	1.962833	0.5321395	0.688483	0.311517	1.330148
28878	-3986.045	-4246.424	260.3783	1.962833	0.5005494	0.716261	0.283739	1.221583
28884	-3990.038	-4250.493	260.4546	1.893272	0.417957	0.70946	0.29054	1.335208
28890	-3975.916	-4236.32	260.4044	1.97475	0.4002022	0.70946	0.29054	1.337163
28896	-3987.051	-4247.389	260.3379	1.924039	0.4767555	0.722859	0.277141	1.319859
28902	-4004.589	-4264.802	260.2136	1.924039	0.5100989	0.700195	0.299805	1.374496
28908	-3998.634	-4258.842	260.2083	1.904715	0.5253576	0.709728	0.290272	1.374496
28914	-3987.747	-4248.065	260.3177	1.998464	0.4954525	0.689398	0.310602	1.24968
28920	-4002.131	-4262.046	259.915	1.820287	0.5217011	0.705902	0.294098	1.660878
28926	-3988.331	-4248.257	259.9261	1.793237	0.4730667	0.648002	0.351998	1.729521
28932	-3998.052	-4258.131	260.0789	1.793237	0.4730667	0.648002	0.351998	1.620558
28938	-3995.47	-4255.342	259.8722	1.798784	0.4730667	0.713175	0.286825	1.763335
28944	-3974.729	-4234.763	260.0337	1.843366	0.4730667	0.705978	0.294022	1.617001
28950	-3972.142	-4232.161	260.0189	1.849916	0.5183407	0.648295	0.351705	1.568072
28956	-3990.052	-4249.944	259.8916	1.863157	0.5733592	0.693818	0.306182	1.588961
28962	-3975.545	-4235.941	260.3956	1.908627	0.4480198	0.693818	0.306182	1.326222
28968	-3982.71	-4242.835	260.1245	2.025479	0.4137856	0.635513	0.364487	1.494419
28974	-3981.733	-4242.071	260.3381	2.014402	0.5238897	0.718002	0.281998	1.179311
28980	-3975.349	-4235.699	260.3505	2.023725	0.4338634	0.699622	0.300378	1.290255
28986	-3971.516	-4231.863	260.347	2.152125	0.4873728	0.722691	0.277309	1.102175
28992	-3975.059	-4235.401	260.3427	2.174455	0.5163942	0.695786	0.304214	1.040309
28998	-3981.119	-4241.498	260.3785	2.156109	0.5321807	0.695786	0.304214	0.9984676
29004	-3981.678	-4242.012	260.3339	2.156109	0.5485706	0.775545	0.224455	1.017176
29010	-3976.76	-4237.13	260.3699	2.131866	0.5637833	0.682504	0.317496	0.9821289
29016	-3979.272	-4239.705	260.4329	2.120982	0.47796	0.699997	0.300003	1.066138
29022	-3976.414	-4236.611	260.1967	2.116702	0.6110797	0.73416	0.26584	1.096396
29028	-3979.439	-4239.602	260.163	2.187181	0.4780038	0.670529	0.329471	1.245866
29034	-3972.195	-4232.499	260.3033	2.161424	0.5514626	0.553029	0.446971	1.037491
29040	-3984.77	-4245.181	260.4113	2.161424	0.5266774	0.652464	0.347536	0.9685468
29046	-3978.632	-4239.079	260.4464	2.132206	0.5229718	0.637462	0.362538	0.9685468
29052	-3987.339	-4247.815	260.4764	2.132206	0.4921549	0.607401	0.392599	0.9894814
29058	-3996.584	-4257.043	260.4584	2.191641	0.468186	0.545212	0.454788	0.9888499
29064	-3997.039	-4257.135	260.0955	1.987666	0.677209	0.712494	0.287506	1.218737
29070	-4002.883	-4263.257	260.3744	1.960099	0.4696764	0.654217	0.345783	1.270719
29076	-4019.739	-4280.102	260.3624	1.913288	0.5049535	0.663812	0.336188	1.270203
29082	-4003.162	-4263.364	260.2018	1.913288	0.5049535	0.752677	0.247323	1.398725
29088	-3992.514	-4252.655	260.1411	1.860653	0.5049535	0.592089	0.407911	1.485413
29094	-3996.461	-4256.896	260.4355	1.893006	0.49479	0.663933	0.336067	1.240292
29100	-3996.614	-4256.832	260.2175	1.891523	0.46051	0.660341	0.339659	1.461294
29106	-3987.612	-4247.585	259.9729	1.891523	0.5287564	0.646832	0.353168	1.559035
29112	-4011.229	-4271.201	259.9722	1.931356	0.5774168	0.673194	0.326806	1.473956
29118	-3995.495	-4255.411	259.9155	1.875044	0.4982646	0.599275	0.400725	1.648686
29124	-3996.369	-4256.236	259.8666	1.82969	0.5034415	0.682521	0.317479	1.709731
29130	-4003.916	-4264.35	260.4336	2.087338	0.5678315	0.693497	0.306503	0.9559787
29136	-3992.879	-4253.138	260.2592	2.366457	0.5585069	0.627447	0.372553	0.8547678
29142	-4003.27	-4263.699	260.4289	2.282703	0.5186644	0.604156	0.395844	0.825788
29148	-3998.722	-4259.195	260.4723	2.282703	0.4791007	0.818376	0.181624	0.8532406
29154	-3994.352	-4254.757	260.4051	2.190975	0.5299179	0.745003	0.254997	0.9385908
29160	-3987.466	-4247.784	260.3178	2.24677	0.594837	0.71939	0.28061	0.8628229
29166	-3975.046	-4235.518	260.4724	2.24677	0.4943833	0.671106	0.328894	0.8652354
29172	-3981.822	-4242.242	260.4209	2.293588	0.4972114	0.743416	0.256584	0.8652354
29178	-4002.486	-4262.898	260.4121	2.293588	0.4972114	0.613416	0.386584	0.8756199
29184	-3985.189	-4245.531	260.342	2.21631	0.5383994	0.6835	0.3165	0.9642614
29190	-3990.131	-4250.513	260.3827	2.182363	0.5340883	0.739448	0.260552	0.9642614
29196	-3990.728	-4250.897	260.1689	2.243577	0.6537402	0.667979	0.332021	0.9400731
29202	-3988.092	-4248.502	260.4099	2.135298	0.4862682	0.643749	0.356251	1.061054
29208	-4004.117	-4264.471	260.3536	2.060258	0.5068623	0.609422	0.390578	1.14972
29214	-4002.138	-4262.192	260.0536	1.966587	0.5740116	0.614074	0.385926	1.388175
29220	-3979.783	-4239.854	260.0704	2.08631	0.6719611	0.713231	0.286769	1.161364
29226	-3985.51	-4245.695	260.1846	1.99289	0.5051061	0.713231	0.286769	1.349469
29232	-3984.539	-4244.724	260.1846	1.99289	0.5051061	0.73036	0.26964	1.349469
29238	-3989.818	-4249.955	260.1366	1.933711	0.5051061	0.735365	0.264635	1.433082
29244	-3984.665	-4244.755	260.0894	1.959382	0.529032	0.735365	0.264635	1.419967
29250	-3987.906	-4248.13	260.2241	1.998418	0.5283573	0.670809	0.329191	1.282823
29256	-3979.592	-4239.699	260.1071	1.998418	0.6405561	0.687501	0.312499	1.241855
29262	-3995.103	-4255.543	260.44	2.069591	0.4713555	0.663572	0.336428	1.117483
29268	-3978.205	-4238.599	260.3947	1.968675	0.4713555	0.649724	0.350276	1.244356
29274	-4001.77	-4261.938	260.1678	1.92763	0.4226627	0.723306	0.276694	1.522777
29280	-3999.207	-4259.38	260.1728	2.011254	0.5466857	0.723306	0.276694	1.290755
29286	-3997.416	-4257.478	260.0625	1.947753	0.6261472	0.638084	0.361916	1.336156
29292	-4005.085	-4265.255	260.1709	2.013449	0.5941058	0.720472	0.279528	1.231231
29298	-3998.933	-4259.214	260.2807	2.073088	0.5138663	0.773737	0.226263	1.19218
29304	-3995.126	-4255.506	260.3806	2.112294	0.5050665	0.654003	0.345997	1.080725
29310	-3986.913	-4247.245	260.332	2.118275	0.5315005	0.735656	0.264344	1.080725
29316	-3995.884	-4256.147	260.2634	2.121581	0.6254542	0.675239	0.324761	1.008758
29322	-3996.133	-4256.465	260.3319	2.121581	0.4651746	0.675239	0.324761	1.176689
29328	-3985.693	-4246.002	260.3093	2.106832	0.5636198	0.801685	0.198315	1.066019
29334	-3983.013	-4243.28	260.2676	2.206711	0.5636198	0.704355	0.295645	1.00991
29340	-3984.115	-4244.504	260.3886	2.198988	0.5193332	0.765561	0.234439	0.9653262
29346	-3984.746	-4245.342	260.5956	2.161042	0.4324015	0.750077	0.249923	0.9443267
29352	-4005.805	-4266.268	260.463	2.161042	0.5017603	0.698408	0.301592	0.9571527
29358	-3996.692	-4257.128	260.4361	2.096282	0.5256686	0.73665	0.26335	1.010996
29364	-3979.867	-4240.019	260.1526	2.10404	0.581427	0.697941	0.302059	1.18552
29370	-3977.188	-4237.621	260.4335	2.167885	0.4885045	0.673148	0.326852	1.00282
29376	-3989.574	-4250.149	260.5749	2.151888	0.4267271	0.744078	0.255922	0.9860404
29382	-3980.28	-4240.737	260.4569	2.209793	0.4806061	0.747972	0.252028	0.9495926
29388	-3983.811	-4244.233	260.4223	2.18705	0.5224903	0.773458	0.226542	0.9370492
29394	-3993.504	-4253.742	260.2381	2.18705	0.5755802	0.656372	0.343628	1.040272
29400	-3995.627	-4256.056	260.4285	2.18705	0.4211675	0.737116	0.262884	1.102736
29406	-3995.34	-4255.613	260.2737	2.116353	0.5548521	0.737116	0.262884	1.102736
29412	-3996.129	-4256.537	260.408	2.136991	0.5411486	0.736089	0.263911	0.9735805
29418	-3984.62	-4244.927	260.3065	2.172222	0.5898149	0.723397	0.276603	0.9657991
29424	-3984.459	-4244.885	260.4267	2.200104	0.5061544	0.68239	0.31761	0.9467363
29430	-3995.771	-4256.276	260.505	2.134451	0.4674786	0.747615	0.252385	1.000701
29436	-3997.538	-4257.979	260.4408	2.143445	0.4711745	0.797179	0.202821	1.048383
29442	-3981.756	-4241.924	260.1683	2.049509	0.5972646	0.698414	0.301586	1.198903
29448	-3984.558	-4244.942	260.3839	2.049509	0.5112142	0.644211	0.355789	1.125933
29454	-3992.272	-4252.614	260.3422	2.085923	0.5112142	0.610267	0.389733	1.13067
29460	-3976.515	-4236.84	260.3246	2.057388	0.6069116	0.665845	0.334155	1.037506
29466	-3967.375	-4227.808	260.4322	2.155398	0.535306	0.652821	0.347179	0.9385249
29472	-3971.869	-4232.43	260.5614	2.155398	0.4561284	0.663133	0.336867	0.9413205
29478	-3976.41	-4236.863	260.4533	2.080624	0.497236	0.717818	0.282182	1.054357
29484	-3991.951	-4252.364	260.4128	2.098209	0.5171058	0.695053	0.304947	1.045097
29490	-3982.407	-4242.852	260.4452	2.084922	0.5042655	0.650377	0.349623	1.046908
29496	-3980.668	-4241.203	260.5349	2.196589	0.4653674	0.725811	0.274189	0.9077278
29502	-3987.099	-4247.602	260.5025	2.136682	0.4950515	0.638488	0.361512	0.9529567
29508	-3987.548	-4247.897	260.3489	2.280061	0.5438469	0.795913	0.204087	0.8775407
29514	-3986.809	-4247.071	260.2617	2.280061	0.6263276	0.662393	0.337607	0.8355776
29520	-3988.691	-4249.274	260.5823	2.237309	0.4495935	0.630127	0.369873	0.8369919
29526	-3987.678	-4248.109	260.431	2.231825	0.517456	0.628815	0.371185	0.886791
29532	-3993.104	-4253.614	260.5102	2.241908	0.467218	0.722632	0.277368	0.880764
29538	-3986.583	-4247.054	260.4716	2.241908	0.4898654	0.745853	0.254147	0.880764
29544	-3971.235	-4231.661	260.4264	2.241908	0.4898654	0.745853	0.254147	0.931165
29550	-3973.206	-4233.664	260.4585	2.200161	0.5037818	0.668111	0.331889	0.9164738
29556	-3987.728	-4248.272	260.5443	2.168846	0.4578461	0.629701	0.370299	0.9420637
29562	-3995.407	-4255.522	260.1149	2.254686	0.6783003	0.673486	0.326514	0.9504516
29568	-3993.469	-4254.055	260.5863	2.231357	0.4217477	0.616978	0.383022	0.8991
29574	-4001.415	-4261.898	260.483	2.231357	0.5032524	0.694482	0.305518	0.8534187
29580	-4012.079	-4272.469	260.39	2.231357	0.535972	0.688324	0.311676	0.9004229
29586	-4004.283	-4264.622	260.3392	2.231357	0.5466722	0.654283	0.345717	0.9377082
29592	-3987.184	-4247.683	260.4995	2.157951	0.4763334	0.763252	0.236748	0.9668496
29598	-4001.94	-4262.225	260.2852	2.188643	0.5974794	0.694301	0.305699	0.959228
29604	-3982.921	-4243.449	260.5277	2.192389	0.464887	0.70197	0.29803	0.9213172
29610	-3993.477	-4253.875	260.3979	2.147192	0.5732987	0.737599	0.262401	0.9213172
29616	-3987.682	-4248.133	260.4515	2.152058	0.4317176	0.621516	0.378484	1.095945
29622	-3984.599	-4244.785	260.1854	2.046327	0.5498107	0.611403	0.388597	1.247413
29628	-3991.588	-4251.555	259.9666	2.046327	0.7047175	0.679024	0.320976	1.247413
29634	-4007.325	-4267.601	260.276	1.989959	0.5643511	0.682599	0.317401	1.19956
29640	-3993.218	-4253.584	260.3665	2.005167	0.4465498	0.710177	0.289823	1.273541
29646	-3991.502	-4251.824	260.3216	2.018605	0.5327841	0.664546	0.335454	1.177746
29652	-3982.675	-4242.994	260.3193	2.035794	0.5234525	0.716025	0.283975	1.177746
29658	-3991.235	-4251.536	260.3018	2.045667	0.5038098	0.686236	0.313764	1.211655
29664	-3998.173	-4258.513	260.3391	1.985189	0.5180293	0.642151	0.357849	1.211655
29670	-4002.101	-4262.336	260.2354	2.15029	0.5865407	0.655706	0.344294	1.062344
29676	-3993.695	-4254.067	260.372	2.110987	0.4250479	0.649022	0.350978	1.213164
29682	-4000.12	-4260.393	260.2736	1.900586	0.4842639	0.562009	0.437991	1.379483
29688	-3978.573	-4238.909	260.3359	1.91607	0.4599441	0.612336	0.387664	1.351126
29694	-3974.309	-4234.335	260.0265	1.91607	0.5965041	0.679575	0.320425	1.42259
29700	-3993.791	-4253.971	260.1799	1.91607	0.4689559	0.664327	0.335673	1.460056
29706	-3987.453	-4247.088	259.6354	1.829249	0.6314894	0.693108	0.306892	1.736156
29712	-3970.565	-4230.522	259.9565	1.821667	0.6314894	0.693108	0.306892	1.509381
29718	-3965.167	-4225.06	259.8933	1.876163	0.6377708	0.744933	0.255067	1.509381
29724	-3980.688	-4240.806	260.1179	1.876163	0.5159213	0.564716	0.435284	1.477761
29730	-3985.911	-4245.681	259.7702	1.815385	0.5363082	0.646107	0.353893	1.75036
29736	-3973.344	-4233.238	259.8947	1.815385	0.5846449	0.675896	0.324104	1.609189
29742	-3979.703	-4239.69	259.9872	1.845394	0.5154471	0.654529	0.345471	1.597991
29748	-3997.463	-4257.453	259.9898	1.71166	0.4547312	0.794615	0.205385	1.76435
29754	-3997.19	-4257.295	260.1052	1.863684	0.5578388	0.604478	0.395522	1.446771
29760	-3993.294	-4253.287	259.9925	1.869683	0.5808699	0.67948	0.32052	1.501219
29766	-3992.754	-4253.134	260.3794	2.059161	0.4547586	0.745091	0.254909	1.205234
29772	-4006.436	-4266.466	260.0295	2.088709	0.6596638	0.62495	0.37505	1.209021
29778	-3988.924	-4249.256	260.3313	2.143471	0.4903073	0.759316	0.240684	1.119763
29784	-4003.874	-4264.192	260.3175	2.103657	0.5363048	0.702377	0.297623	1.100584
29790	-3981.903	-4242.35	260.4476	2.112145	0.494978	0.694679	0.305321	1.033143
29796	-3971.969	-4232.259	260.2903	2.026606	0.494978	0.694679	0.305321	1.24971
29802	-3973.767	-4234.083	260.3155	2.026606	0.5186882	0.639262	0.360738	1.195567
29808	-3982.295	-4242.573	260.2778	2.026606	0.4934691	0.753786	0.246214	1.262193
29814	-3973.916	-4234.418	260.5017	1.975853	0.3996538	0.642644	0.357356	1.257998
29820	-3973.84	-4234.059	260.2194	1.97399	0.5460877	0.633904	0.366096	1.283885
29826	-3990.347	-4250.533	260.186	1.995134	0.6102754	0.709172	0.290828	1.214126
29832	-3979.238	-4239.399	260.1604	1.995134	0.5640059	0.709172	0.290828	1.292284
29838	-3994.391	-4254.926	260.5354	2.060669	0.4512281	0.649599	0.350401	1.070213
29844	-3991.235	-4251.634	260.3997	2.102834	0.5011983	0.783994	0.216006	1.077664
29850	-3996.381	-4256.626	260.2447	2.126118	0.5334016	0.74359	0.25641	1.150054
29856	-3996.192	-4256.318	260.1264	2.148762	0.6595409	0.739711	0.260289	1.069085
29862	-4013.428	-4273.728	260.3003	2.106164	0.4625104	0.739711	0.260289	1.220972
29868	-4007.078	-4267.375	260.2969	1.931669	0.4151328	0.766274	0.233726	1.432827
29874	-3994.312	-4254.516	260.2044	2.020564	0.5554955	0.701662	0.298338	1.245752
29880	-4012.322	-4272.56	260.2386	2.036308	0.6049178	0.701662	0.298338	1.139308
29886	-3998.657	-4259.021	260.3643	2.092078	0.4883346	0.718286	0.281714	1.139308
29892	-3979.959	-4240.103	260.1434	2.063644	0.6531817	0.698087	0.301913	1.139308
29898	-3988.95	-4249.177	260.2275	2.071712	0.6359193	0.676044	0.323956	1.077084
29904	-3985.958	-4246.062	260.1045	2.04711	0.6716784	0.722091	0.277909	1.16613
29910	-3990.252	-4250.519	260.2668	2.149101	0.5788549	0.673552	0.326448	1.044479
29916	-3981.482	-4241.811	260.3285	2.149101	0.5385346	0.639416	0.360584	1.044479
29922	-3985.304	-4245.814	260.5094	2.021443	0.408238	0.657987	0.342013	1.199221
29928	-3993.705	-4253.902	260.1965	2.067452	0.5952172	0.657987	0.342013	1.161421
29934	-3993.163	-4253.584	260.4218	2.067452	0.4514933	0.798246	0.201754	1.166387
29940	-3987.349	-4247.557	260.2076	2.127268	0.5275991	0.706443	0.293557	1.189461
29946	-3989.021	-4249.345	260.3244	2.092915	0.4891139	0.686288	0.313712	1.172577
29952	-3982.95	-4243.232	260.2822	2.08225	0.5478846	0.6123	0.3877	1.135568
29958	-3991.442	-4251.644	260.2025	2.08225	0.5822586	0.744303	0.255697	1.159944
29964	-3980.839	-4240.951	260.1119	1.912023	0.6046596	0.722412	0.277588	1.34973
29970	-3983.632	-4243.597	259.9657	1.905439	0.4723003	0.675487	0.324513	1.622263
29976	-3981.422	-4241.522	260.1002	1.890207	0.426681	0.728254	0.271746	1.594635
29982	-3976.41	-4236.632	260.2225	1.842646	0.4423882	0.814344	0.185656	1.518483
29988	-3990.267	-4250.261	259.9938	1.85096	0.5649367	0.726104	0.273896	1.532093
29994	-3975.641	-4235.639	259.9972	1.806772	0.5192165	0.722013	0.277987	1.614376
30000	-3966.429	-4226.548	260.1187	1.829037	0.4317579	0.677172	0.322828	1.618848
30006	-3972.211	-4232.126	259.9151	1.812923	0.5638269	0.751239	0.248761	1.618848
30012	-3997.617	-4257.179	259.5618	1.702723	0.6179017	0.751239	0.248761	1.88764
30018	-3997.866	-4257.535	259.669	1.721047	0.5341249	0.673782	0.326218	1.88764
30024	-4001.034	-4260.717	259.6825	1.721047	0.3778959	0.695959	0.304041	2.063941
30030	-3994.4	-4254.411	260.0116	1.721047	0.3751002	0.631496	0.368504	1.846541
30036	-3996.57	-4256.86	260.2899	1.832301	0.3751002	0.795309	0.204691	1.570955
30042	-3992.45	-4252.789	260.3384	1.8672	0.3816059	0.690399	0.309601	1.499402
30048	-3984.104	-4244.29	260.1863	1.904861	0.4833693	0.698596	0.301404	1.444871
30054	-3984.357	-4244.577	260.2197	1.962913	0.4593072	0.674216	0.325784	1.406393
30060	-3981.726	-4242.04	260.3141	1.934093	0.4090752	0.681906	0.318094	1.426525
30066	-3984.089	-4244.422	260.3327	1.88006	0.4416477	0.667783	0.332217	1.407365
30072	-3995.078	-4255.419	260.3401	1.917484	0.4416477	0.716261	0.283739	1.372322
30078	-3988.849	-4248.943	260.0946	1.845246	0.5183227	0.691298	0.308702	1.515539
30084	-3977.64	-4237.814	260.1748	1.878943	0.4640445	0.668074	0.331926	1.498335
30090	-4006.618	-4266.849	260.2313	2.178746	0.6221198	0.666932	0.333068	0.9883401
30096	-3987.028	-4247.589	260.5608	2.185854	0.4363157	0.620941	0.379059	0.9473479
30102	-4000.96	-4261.499	260.5387	2.195973	0.4363157	0.620941	0.379059	0.9599335
30108	-3980.775	-4241.189	260.4145	2.180053	0.4766848	0.669649	0.330351	1.029273
30114	-3972.267	-4232.654	260.3865	2.072123	0.4651922	0.780937	0.219063	1.172197
30120	-3978.447	-4238.904	260.4572	2.094582	0.4540806	0.549349	0.450651	1.106492
30126	-3994.283	-4254.682	260.3989	2.202104	0.4812033	0.648914	0.351086	1.01543
30132	-3979.62	-4240.089	260.4694	2.202104	0.4523251	0.72562	0.27438	0.9952032
30138	-3979.611	-4239.962	260.3508	2.23734	0.5511781	0.695843	0.304157	0.9109852
30144	-3979.124	-4239.494	260.37	2.240066	0.5633182	0.740286	0.259714	0.8646143
30150	-3966.789	-4227.223	260.434	2.311819	0.5328963	0.677368	0.322632	0.7475839
30156	-3973.583	-4233.915	260.332	2.311819	0.6054087	0.677368	0.322632	0.7361154
30162	-3983.404	-4243.94	260.5353	2.320251	0.4579024	0.674621	0.325379	0.7698376
30168	-3992.853	-4253.238	260.3852	2.333098	0.5445525	0.719088	0.280912	0.7612169
30174	-3993.875	-4254.345	260.4697	2.193372	0.5445525	0.719088	0.280912	0.8353276
30180	-3988.349	-4248.588	260.2388	1.978148	0.5572435	0.718791	0.281209	1.250201
30186	-3990.586	-4250.806	260.22	1.940593	0.5483195	0.640713	0.359287	1.307765
30192	-3988.044	-4248.362	260.3177	1.943533	0.5394608	0.702397	0.297603	1.236176
30198	-3987.351	-4247.343	259.9923	1.941942	0.7291848	0.702397	0.297603	1.286519
30204	-3990.296	-4250.55	260.254	1.967534	0.5586961	0.626526	0.373474	1.244479
30210	-3991.979	-4252.183	260.2035	2.004048	0.5607635	0.703848	0.296152	1.253494
30216	-3993.178	-4253.513	260.3346	2.108518	0.5266909	0.702103	0.297897	1.094455
30222	-3986.694	-4247.151	260.4572	2.145347	0.4743393	0.659996	0.340004	1.025478
30228	-3997.18	-4257.509	260.3289	2.102459	0.5240341	0.609487	0.390513	1.109099
30234	-3993.932	-4254.019	260.0867	1.990117	0.6110562	0.740226	0.259774	1.299811
30240	-3985.659	-4245.896	260.2366	1.984759	0.5200414	0.774918	0.225082	1.294628
30246	-3996.595	-4256.933	260.3383	2.003708	0.3852549	0.638086	0.361914	1.389538
30252	-3994.656	-4255.019	260.3627	2.109588	0.4793603	0.621806	0.378194	1.138664
30258	-3997.425	-4257.523	260.0978	2.251787	0.6391365	0.699886	0.300114	1.024662
30264	-3984.143	-4244.519	260.3752	2.330342	0.5015264	0.606334	0.393666	0.86738
30270	-3983.907	-4244.321	260.414	2.282265	0.5015264	0.710414	0.289586	0.8781831
30276	-3981.615	-4241.987	260.3721	2.189859	0.5533674	0.60662	0.39338	0.9358102
30282	-3990.206	-4250.595	260.3893	2.189859	0.5343232	0.60662	0.39338	0.9491661
30288	-3979.78	-4240.032	260.2514	2.181798	0.6284876	0.651533	0.348467	0.9552151
30294	-3984.212	-4244.588	260.376	2.220561	0.506145	0.607763	0.392237	0.9781613
30300	-3990.903	-4251.479	260.5761	2.265855	0.4422519	0.6041	0.3959	0.8254725
30306	-3973.719	-4234.17	260.451	2.265855	0.4645595	0.6041	0.3959	0.9254368
30312	-3979.026	-4239.217	260.1902	2.21035	0.6638643	0.656256	0.343744	0.9381409
30318	-3974.283	-4234.527	260.2442	2.217993	0.6353034	0.700923	0.299077	0.9137969
30324	-3978.231	-4238.682	260.4509	2.217993	0.4616072	0.717157	0.282843	0.9813224
30330	-3975.867	-4236.417	260.5496	2.321328	0.4096516	0.621196	0.378804	0.863748
30336	-3988.07	-4248.303	260.2331	2.317474	0.5975802	0.696091	0.303909	0.8746256
30342	-3992.426	-4252.829	260.4032	2.295156	0.5171366	0.707246	0.292754	0.8454283
30348	-3984.98	-4245.322	260.342	2.295156	0.5249749	0.707246	0.292754	0.9022578
30354	-3983.282	-4243.754	260.4718	2.300614	0.5001707	0.707246	0.292754	0.7854591
30360	-3981.017	-4241.267	260.2496	1.896107	0.4989708	0.642601	0.357399	1.382492
30366	-3984.628	-4244.96	260.3318	1.886884	0.535244	0.749082	0.250918	1.277
30372	-3973.251	-4233.583	260.332	1.967325	0.5301777	0.592884	0.407116	1.216378
30378	-3982.635	-4242.827	260.1924	1.874999	0.5334685	0.549674	0.450326	1.400078
30384	-3977.129	-4237.299	260.1702	1.874999	0.5778364	0.74464	0.25536	1.364045
30390	-3989.5	-4250.049	260.5491	2.307874	0.4527334	0.759176	0.240824	0.7807574
30396	-3985.082	-4245.334	260.2511	2.307874	0.6621367	0.70374	0.29626	0.7444898
30402	-3979.614	-4240.051	260.4368	2.353228	0.5067072	0.715811	0.284189	0.7444898
30408	-3985.624	-4246.034	260.4095	2.345063	0.5179966	0.678208	0.321792	0.7696698
30414	-3992.102	-4252.462	260.3594	2.345063	0.5386701	0.653152	0.346848	0.7936282
30420	-3990.419	-4250.968	260.5492	2.287002	0.4700448	0.653152	0.346848	0.7672477
30426	-3982.531	-4243	260.4685	2.287002	0.4700448	0.627665	0.372335	0.8710434
30432	-3979.196	-4239.692	260.4958	2.314608	0.4700448	0.7133	0.2867	0.8028099
30438	-3980.929	-4241.163	260.2335	2.466598	0.5680892	0.696213	0.303787	0.7342368
30444	-3968.848	-4229.147	260.299	2.397174	0.5680892	0.679376	0.320624	0.7403835
30450	-3970.239	-4230.766	260.5267	2.254712	0.4621462	0.674926	0.325074	0.8565705
30456	-3978.017	-4238.295	260.2774	2.16315	0.5255134	0.674926	0.325074	1.098568
30462	-3994.947	-4255.28	260.3331	2.09183	0.5255134	0.727761	0.272239	1.112818
30468	-3984.501	-4245.02	260.5189	2.193698	0.4420979	0.727388	0.272612	0.9719535
30474	-3981.95	-4242.374	260.4244	2.187003	0.5182724	0.659098	0.340902	0.9420652
30480	-3979.307	-4239.667	260.3597	2.232617	0.5182724	0.727547	0.272453	0.9622567
30486	-3982.428	-4242.71	260.2822	2.232617	0.5177449	0.651159	0.348841	1.040527
30492	-3986.246	-4246.671	260.4246	2.185819	0.4119783	0.640409	0.359591	1.123041
30498	-3970.978	-4231.553	260.5749	2.185819	0.4209414	0.645487	0.354513	0.9622019
30504	-3978.831	-4239.373	260.5414	2.148512	0.4492653	0.734593	0.265407	0.9820736
30510	-3973.031	-4233.279	260.2479	2.062434	0.5597302	0.614241	0.385759	1.167291
30516	-3964.513	-4225.041	260.5281	2.181226	0.4911389	0.601357	0.398643	0.8830822
30522	-3974.718	-4235.157	260.4394	2.35214	0.4868876	0.601357	0.398643	0.789604
30528	-3977.212	-4237.705	260.4928	2.37172	0.4644346	0.642501	0.357499	0.7396167
30534	-3982.183	-4242.624	260.4403	2.37172	0.4705438	0.731902	0.268098	0.7995782
30540	-3979.25	-4239.751	260.5014	2.35007	0.4699053	0.683495	0.316505	0.7452069
30546	-3972.671	-4233.021	260.3502	2.403775	0.5448857	0.733662	0.266338	0.7043374
30552	-3992.282	-4252.643	260.3609	2.403775	0.5448857	0.657362	0.342638	0.6851371
30558	-3997.323	-4257.545	260.2215	2.465884	0.6046034	0.751125	0.248875	0.6612635
30564	-3993.04	-4253.543	260.503	2.457404	0.4423562	0.699906	0.300094	0.6350007
30570	-3980.626	-4241.017	260.3908	2.410506	0.5293375	0.707321	0.292679	0.6615761
30576	-3984.624	-4244.969	260.3446	2.410506	0.5293375	0.731662	0.268338	0.7420172
30582	-3997.669	-4258.031	260.3618	2.315759	0.5322335	0.639539	0.360461	0.8413373
30588	-4001.128	-4261.37	260.2422	2.277913	0.6212588	0.712669	0.287331	0.8704078
30594	-3990.015	-4250.479	260.4636	2.210919	0.5222113	0.7121	0.2879	0.8642642
30600	-3995.46	-4255.631	260.1706	2.074895	0.5316759	0.645242	0.354758	1.259551
30606	-3986.19	-4245.979	259.7889	2.044069	0.6434672	0.608279	0.391721	1.45544
30612	-3986.691	-4246.65	259.959	2.044069	0.5768472	0.707067	0.292933	1.398276
30618	-3995.258	-4255.644	260.386	2.086641	0.5211027	0.599237	0.400763	1.075397
30624	-3997.275	-4257.693	260.4181	2.164838	0.4158448	0.616395	0.383605	1.141134
30630	-3987.83	-4248.342	260.512	2.038628	0.4741176	0.653261	0.346739	1.075372
30636	-3976.132	-4236.391	260.2591	2.038628	0.5440033	0.728633	0.271367	1.199198
30642	-3977.698	-4238.004	260.3056	1.955604	0.5013662	0.765963	0.234037	1.286963
30648	-3994.93	-4255.016	260.0855	1.882765	0.6090774	0.69704	0.30296	1.388546
30654	-3983.89	-4244.07	260.1801	2.018699	0.5659693	0.592926	0.407074	1.254197
30660	-3980.446	-4240.789	260.3434	1.888847	0.4473913	0.651692	0.348308	1.384185
30666	-3982.774	-4242.792	260.0186	1.869363	0.4896833	0.666724	0.333276	1.58854
30672	-4010.92	-4271.035	260.1155	1.982555	0.5121668	0.62959	0.37041	1.402731
30678	-4004.288	-4264.143	259.8548	1.907637	0.5481693	0.62959	0.37041	1.61132
30684	-3983.518	-4243.732	260.2146	1.892563	0.3976372	0.754058	0.245942	1.549294
30690	-3984.575	-4244.588	260.0125	1.832706	0.3349875	0.593731	0.406269	1.826715
30696	-3990.016	-4250.335	260.3185	1.965773	0.3349875	0.679193	0.320807	1.512981
30702	-3981.827	-4242.078	260.2513	2.021289	0.4978299	0.727314	0.272686	1.282456
30708	-3984.538	-4244.894	260.3565	2.054732	0.4763952	0.692746	0.307254	1.196416
30714	-3980.222	-4240.724	260.5024	2.054732	0.4739792	0.671062	0.328938	1.069489
30720	-4000.501	-4260.788	260.2876	2.072675	0.5569929	0.521078	0.478922	1.126671
30726	-3994.517	-4254.601	260.0838	2.142047	0.5898462	0.521078	0.478922	1.201334
30732	-4000.334	-4260.736	260.4023	2.073784	0.4151112	0.572172	0.427828	1.234659
30738	-3992.819	-4253.054	260.2346	1.995626	0.5445143	0.720537	0.279463	1.25545
30744	-3998.036	-4258.405	260.3692	1.98525	0.4744137	0.687371	0.312629	1.247416
30750	-4007.146	-4267.57	260.4239	2.200761	0.4892831	0.567753	0.432247	0.9780636
30756	-3988.842	-4249.392	260.5507	2.200761	0.4723318	0.763001	0.236999	0.87125
30762	-3977.474	-4238.001	260.5269	2.215996	0.4300955	0.757902	0.242098	0.9631321
30768	-3992.754	-4253.263	260.5094	2.232595	0.4556684	0.803154	0.196846	0.9149178
30774	-3991.059	-4251.5	260.441	2.27637	0.4838784	0.78944	0.21056	0.8878495
30780	-3993.274	-4253.826	260.5521	2.27637	0.3942131	0.762918	0.237082	0.9445258
30786	-3987.243	-4247.632	260.3893	2.245084	0.5344044	0.72942	0.27058	0.8884555
30792	-3976.941	-4237.409	260.4679	2.180384	0.519625	0.523754	0.476246	0.8993434
30798	-3988.189	-4248.57	260.3803	2.227214	0.4812824	0.702828	0.297172	1.008869
30804	-3992.526	-4252.781	260.2544	2.305766	0.6026904	0.759874	0.240126	0.8543266
30810	-3992.875	-4253.291	260.4167	2.305766	0.5040765	0.751902	0.248098	0.8419678
30816	-3979.781	-4240.375	260.5938	2.2888	0.4130037	0.714571	0.285429	0.8419678
30822	-3977.517	-4237.984	260.4664	2.056513	0.4396539	0.64927	0.35073	1.155491
30828	-3984.405	-4244.699	260.2935	2.056513	0.4745775	0.613556	0.386444	1.250822
30834	-3972.435	-4232.601	260.1663	1.985815	0.5409813	0.640911	0.359089	1.323784
30840	-3977.699	-4237.666	259.9673	2.023485	0.6822839	0.816022	0.183978	1.28994
30846	-3984.06	-4244.416	260.3564	1.939652	0.4933622	0.629167	0.370833	1.269264
30852	-3985.255	-4245.469	260.2139	2.006735	0.5548924	0.754992	0.245008	1.25009
30858	-3995.571	-4255.972	260.401	2.038976	0.4962188	0.781136	0.218864	1.142123
30864	-3988.257	-4248.469	260.2115	2.294672	0.6152842	0.652851	0.347149	0.896254
30870	-3991.787	-4252.155	260.368	2.31311	0.5011518	0.65111	0.34889	0.896254
30876	-3989.944	-4250.349	260.4054	2.281184	0.5148341	0.685821	0.314179	0.8640943
30882	-3984.18	-4244.567	260.3873	2.093631	0.5202692	0.734877	0.265123	1.068892
30888	-3991.818	-4252.108	260.2908	2.088693	0.5437159	0.632716	0.367284	1.127874
30894	-3985.469	-4245.759	260.2897	2.402306	0.5193367	0.623714	0.376286	0.8487917
30900	-3982.11	-4242.495	260.3852	2.297122	0.5557995	0.785895	0.214105	0.7875429
30906	-3978.302	-4238.69	260.3876	2.343746	0.542266	0.609721	0.390279	0.7472024
30912	-3972.649	-4232.979	260.3297	2.343746	0.5672514	0.670363	0.329637	0.7756348
30918	-3986.168	-4246.545	260.3776	2.343746	0.5119069	0.717661	0.282339	0.827304
30924	-3982.335	-4242.642	260.3072	2.343746	0.5798707	0.743025	0.256975	0.7805934
30930	-3996.796	-4257.147	260.3509	2.255684	0.5502681	0.696896	0.303104	0.891896
30936	-3997.176	-4257.623	260.447	2.212009	0.5170378	0.740213	0.259787	0.891896
30942	-3998.051	-4258.643	260.592	2.212009	0.420354	0.663951	0.336049	0.9171146
30948	-3997.569	-4257.909	260.3403	2.212009	0.5710225	0.663951	0.336049	0.9171146
30954	-3986.999	-4247.575	260.5762	2.212317	0.4206027	0.643152	0.356848	0.933508
30960	-3976.296	-4236.803	260.5074	2.252767	0.4357906	0.643152	0.356848	0.9339009
30966	-3973.04	-4233.389	260.3494	2.252767	0.5744764	0.803873	0.196127	0.8539292
30972	-3989.414	-4249.655	260.2413	2.252767	0.6189962	0.619601	0.380399	0.9039118
30978	-3988.943	-4249.24	260.2968	2.252767	0.6189962	0.652108	0.347892	0.8387957
30984	-3993.712	-4254.162	260.4498	2.256952	0.4891773	0.735967	0.264033	0.8898328
30990	-3994.391	-4254.592	260.2007	1.976618	0.539594	0.711508	0.288492	1.305231
30996	-3976.261	-4236.505	260.2444	1.964579	0.5247598	0.644157	0.355843	1.298584
31002	-3979.735	-4239.862	260.1271	1.923188	0.5926492	0.668306	0.331694	1.342621
31008	-3979.732	-4239.643	259.9112	1.852122	0.5926492	0.668306	0.331694	1.561705
31014	-3961.366	-4221.373	260.0075	1.980228	0.5445508	0.597794	0.402206	1.448047
31020	-3953.944	-4214.041	260.0975	1.969757	0.6095918	0.720672	0.279328	1.30926
31026	-3975.835	-4235.831	259.9967	1.949972	0.6977711	0.720672	0.279328	1.30926
31032	-3972.548	-4232.912	260.3647	2.035604	0.4485982	0.695486	0.304514	1.246825
31038	-3990.49	-4250.951	260.4616	2.059892	0.4514828	0.57774	0.42226	1.137947
31044	-3974.924	-4235.285	260.3605	2.104461	0.4999405	0.671045	0.328955	1.114144
31050	-3984.171	-4244.291	260.1202	2.104461	0.6151759	0.754139	0.245861	1.17059
31056	-3973.253	-4233.454	260.2009	2.168721	0.5704216	0.640842	0.359158	1.099725
31062	-3970.633	-4230.918	260.2856	2.168721	0.5704216	0.645541	0.354459	1.019522
31068	-3978.507	-4238.717	260.2096	2.056237	0.6129099	0.742442	0.257558	1.137119
31074	-3972.978	-4233.143	260.1647	2.056237	0.6129099	0.670005	0.329995	1.176702
31080	-3963.864	-4223.991	260.127	2.093884	0.6129099	0.752758	0.247242	1.176702
31086	-3971.109	-4231.325	260.2167	2.109901	0.601099	0.721043	0.278957	1.097508
31092	-3984.783	-4244.963	260.1805	2.146113	0.601099	0.673876	0.326124	1.097508
31098	-3970.877	-4231.16	260.2826	2.111135	0.5850571	0.742471	0.257529	1.056852
31104	-3984.972	-4245.283	260.3108	2.111135	0.5746157	0.664704	0.335296	1.044744
31110	-4003.324	-4263.56	260.236	2.113447	0.5519984	0.725774	0.274226	1.143257
31116	-3994.178	-4254.295	260.1171	2.08563	0.5519984	0.725774	0.274226	1.268631
31122	-3981.86	-4241.921	260.0616	1.903779	0.5462368	0.627676	0.372324	1.463106
31128	-3984.344	-4244.402	260.0586	1.946409	0.5462368	0.619387	0.380613	1.432835
31134	-3988.234	-4248.393	260.159	1.971726	0.4952564	0.619387	0.380613	1.39898
31140	-3988.388	-4248.609	260.2217	1.983385	0.5105543	0.604272	0.395728	1.320239
31146	-3970.404	-4230.42	260.0163	2.099901	0.5399213	0.626357	0.373643	1.353751
31152	-3983.74	-4244.159	260.4194	2.132425	0.4277515	0.631839	0.368161	1.14908
31158	-3992.603	-4252.814	260.2109	2.148653	0.5412833	0.631839	0.368161	1.14908
31164	-3985.124	-4245.579	260.4549	2.022662	0.425754	0.616416	0.383584	1.216614
31170	-3982.288	-4242.601	260.3133	1.942352	0.4428621	0.645292	0.354708	1.372145
31176	-3996.112	-4256.335	260.2227	1.997894	0.4626619	0.645292	0.354708	1.372145
31182	-3995.769	-4255.968	260.1991	2.149715	0.5879507	0.67617	0.32383	1.094856
31188	-3989.644	-4249.892	260.2483	2.149715	0.559007	0.67617	0.32383	1.089516
31194	-3983.008	-4243.406	260.3982	2.121264	0.4710523	0.67617	0.32383	1.108948
31200	-3987.915	-4248.207	260.2918	2.121264	0.5012916	0.61876	0.38124	1.158537
31206	-3983.991	-4244.21	260.2182	2.050114	0.5845991	0.696902	0.303098	1.171283
31212	-3988.535	-4248.97	260.435	2.127621	0.5147249	0.67971	0.32029	0.9983548
31218	-3990.586	-4250.698	260.112	2.178515	0.6016973	0.661182	0.338818	1.129509
31224	-3982.835	-4242.913	260.0775	2.016013	0.6177942	0.641461	0.358539	1.278339
31230	-3986.068	-4246.428	260.3601	2.106091	0.5023428	0.659294	0.340706	1.109459
31236	-3991.153	-4251.267	260.1141	2.067636	0.6450439	0.738087	0.261913	1.171501
31242	-3997.709	-4258.01	260.301	2.027627	0.5051261	0.746795	0.253205	1.225818
31248	-4001.559	-4261.906	260.3468	2.076793	0.5224241	0.608155	0.391845	1.11846
31254	-3983.881	-4243.971	260.0897	2.11347	0.5920943	0.721687	0.278313	1.217855
31260	-3989.617	-4250.006	260.389	2.11347	0.541978	0.665431	0.334569	1.015101
31266	-3985.888	-4246.09	260.2021	2.07141	0.541978	0.687038	0.312962	1.22253
31272	-3981.829	-4241.995	260.1663	1.995391	0.514755	0.614272	0.385728	1.349454
31278	-3987.512	-4247.913	260.401	1.99098	0.4282225	0.782251	0.217749	1.284145
31284	-4001.674	-4261.68	260.0063	1.907941	0.4415811	0.782251	0.217749	1.630138
31290	-3981.592	-4241.479	259.8872	1.907941	0.5111927	0.686084	0.313916	1.630138
31296	-3979.232	-4239.284	260.0517	1.91317	0.505046	0.66813	0.33187	1.513033
31302	-3983.304	-4243.345	260.0407	1.883129	0.5304622	0.686494	0.313506	1.513033
31308	-3986.334	-4245.938	259.6047	1.763727	0.470437	0.73503	0.26497	1.973069
31314	-3984.726	-4244.278	259.5522	1.763727	0.5400769	0.62652	0.37348	1.93147
31320	-3994.295	-4253.8	259.5042	1.641345	0.454542	0.638645	0.361355	2.138677
31326	-3996.706	-4256.275	259.5696	1.712423	0.5805156	0.638645	0.361355	1.912686
31332	-3989.211	-4249.665	260.4537	2.150196	0.5692381	0.602203	0.397797	0.8612618
31338	-3986.901	-4247.265	260.3637	2.150196	0.5692381	0.704174	0.295826	0.9611207
31344	-3986.722	-4247.161	260.439	2.150196	0.5039382	0.672652	0.327348	0.9893331
31350	-3983.747	-4244.064	260.3165	2.150196	0.6028133	0.672652	0.327348	0.9585327
31356	-3982.95	-4243.33	260.3799	2.150196	0.5591051	0.672652	0.327348	0.9602208
31362	-3979.627	-4240.111	260.4835	2.188155	0.4849164	0.63365	0.36635	0.9365011
31368	-3967.118	-4227.52	260.4011	2.185063	0.5354523	0.63365	0.36635	0.9397786
31374	-3988.574	-4249.035	260.4612	2.197191	0.4340388	0.657198	0.342802	1.040392
31380	-3986.168	-4246.547	260.3793	2.192571	0.4905566	0.731253	0.268747	1.028528
31386	-3981.954	-4242.148	260.1945	2.190829	0.6089894	0.668535	0.331465	1.031438
31392	-3981.707	-4241.824	260.1169	2.190829	0.664678	0.702108	0.297892	1.031438
31398	-3986.117	-4246.668	260.5507	2.189508	0.4505463	0.702108	0.297892	0.9268371
31404	-3990.484	-4249.687	259.2033	1.660942	0.6699876	0.809934	0.190066	2.106664
31410	-3993.129	-4253.131	260.0016	1.748735	0.504016	0.654206	0.345794	1.670685
31416	-3993.958	-4253.959	260.0014	1.865949	0.504016	0.638608	0.361392	1.586213
31422	-3987.536	-4247.953	260.4172	2.17984	0.494707	0.738196	0.261804	0.9968198
31428	-3987.632	-4248.072	260.4403	2.222618	0.4439572	0.641548	0.358452	1.018537
31434	-3994.482	-4254.739	260.2569	2.222618	0.6200486	0.679774	0.320226	0.9184163
31440	-3980.49	-4240.891	260.4009	2.222618	0.5208575	0.683828	0.316172	0.9245554
31446	-3982.802	-4243.269	260.4674	2.164679	0.4417213	0.683571	0.316429	1.052275
31452	-3980.743	-4241.184	260.441	2.10862	0.4806408	0.665331	0.334669	1.065884
31458	-3976.984	-4237.419	260.4346	2.077312	0.453967	0.570817	0.429183	1.142603
31464	-3980.618	-4240.771	260.1526	2.040839	0.621445	0.589922	0.410078	1.189907
31470	-3971.42	-4231.882	260.4623	2.064337	0.4772029	0.68357	0.31643	1.092746
31476	-3980.531	-4240.874	260.3426	2.062422	0.494118	0.758176	0.241824	1.175945
31482	-3984.851	-4245.282	260.4309	2.00469	0.4595096	0.669368	0.330632	1.200671
31488	-3991.799	-4252.046	260.2469	1.93618	0.4808	0.799901	0.200099	1.377106
31494	-3991.002	-4250.848	259.8461	1.854751	0.4424888	0.736007	0.263993	1.780033
31500	-4014.869	-4275.252	260.3831	2.052027	0.5020137	0.752769	0.247231	1.137912
31506	-4013.902	-4274.176	260.2742	2.135	0.5541109	0.752769	0.247231	1.086098
31512	-3999.081	-4259.395	260.3137	2.16337	0.5368725	0.629832	0.370168	1.047476
31518	-3989.976	-4250.353	260.3765	2.098419	0.5453275	0.631565	0.368435	1.036804
31524	-3998.527	-4258.835	260.3077	2.215259	0.6123498	0.572969	0.427031	0.8818442
31530	-4001.816	-4262.221	260.4053	2.261244	0.5011739	0.77043	0.22957	0.9124941
31536	-3996.323	-4256.741	260.4179	2.200438	0.4955222	0.648759	0.351241	0.9738029
31542	-3989.99	-4250.315	260.3251	2.115376	0.5422814	0.69931	0.30069	1.074092
31548	-3997.269	-4257.507	260.2383	2.035359	0.5430687	0.69931	0.30069	1.220965
31554	-3985.061	-4245.338	260.2768	2.004645	0.5146493	0.69931	0.30069	1.252318
31560	-3988.253	-4248.604	260.3503	2.012306	0.4916096	0.610199	0.389801	1.215976
31566	-3987.381	-4247.679	260.2979	2.156803	0.535839	0.610199	0.389801	1.070205
31572	-3981.866	-4242.273	260.4067	2.165356	0.5060251	0.722655	0.277345	1.00315
31578	-3990.661	-4251.083	260.4217	2.069388	0.4904949	0.731949	0.268051	1.104731
31584	-3997.341	-4257.812	260.4706	2.118626	0.4358855	0.599549	0.400451	1.102045
31590	-3993.696	-4253.975	260.2795	2.195902	0.5535088	0.67775	0.32225	1.02407
31596	-4003.748	-4264.128	260.38	2.195902	0.5298106	0.722301	0.277699	0.9601077
31602	-3995.78	-4256.267	260.487	2.231062	0.4453946	0.692255	0.307745	0.9601077
31608	-4004.719	-4265.128	260.4094	2.273238	0.5286431	0.577999	0.422001	0.8420425
31614	-3978.839	-4239.215	260.3765	2.286381	0.5306026	0.778606	0.221394	0.8622129
31620	-3992.416	-4252.769	260.3524	2.314689	0.5306026	0.593915	0.406085	0.85717
31626	-3991.192	-4251.641	260.4489	2.243707	0.5262009	0.642818	0.357182	0.8345006
31632	-3991.849	-4252.189	260.34	2.211588	0.559333	0.717089	0.282911	0.9371848
31638	-3999.37	-4259.639	260.2695	2.124591	0.559333	0.615693	0.384307	1.092693
31644	-3986.986	-4247.475	260.4888	2.162722	0.4923492	0.688483	0.311517	0.9446669
31650	-3997.334	-4257.778	260.444	2.198403	0.4923492	0.703201	0.296799	0.9543647
31656	-3980.938	-4241.265	260.3271	2.31283	0.5494499	0.678334	0.321666	0.8542927
31662	-3980.627	-4240.931	260.3044	2.257365	0.6178055	0.721879	0.278121	0.8256345
31668	-3981.911	-4242.288	260.3769	2.33093	0.5375391	0.702643	0.297357	0.7914186
31674	-3980.524	-4240.959	260.4349	2.369129	0.4888377	0.632873	0.367127	0.7676294
31680	-3983.704	-4244.128	260.4248	2.355949	0.4679701	0.707577	0.292423	0.8451268
31686	-3989.718	-4250.022	260.304	2.221019	0.5552346	0.608855	0.391145	0.971655
31692	-3978.865	-4239.243	260.378	2.056677	0.5520714	0.69328	0.30672	1.065261
31698	-3983.516	-4243.945	260.4297	2.056677	0.5208986	0.711486	0.288514	1.062771
31704	-3978.984	-4239.323	260.3389	2.128326	0.5328848	0.654454	0.345546	1.062771
31710	-3986.247	-4246.596	260.349	2.128326	0.5207898	0.724716	0.275284	1.071455
31716	-3985.234	-4245.666	260.4321	2.078547	0.493416	0.580192	0.419808	1.082185
31722	-3987.014	-4247.41	260.3961	2.041825	0.5314775	0.661017	0.338983	1.092186
31728	-3987.418	-4247.924	260.5063	2.066506	0.4539849	0.661017	0.338983	1.08735
31734	-3987.837	-4248.187	260.3505	2.132207	0.5069548	0.532092	0.467908	1.08735
31740	-3976.667	-4237.06	260.3927	2.132207	0.5048897	0.589624	0.410376	1.050851
31746	-3976.196	-4236.375	260.1791	2.131624	0.611121	0.707756	0.292244	1.098872
31752	-3953.506	-4213.852	260.3461	2.104846	0.5195993	0.758036	0.241964	1.097704
31758	-3967.383	-4227.645	260.2617	2.017226	0.545965	0.680937	0.319063	1.21262
31764	-3987.456	-4247.808	260.3519	1.863903	0.4767485	0.684765	0.315235	1.356744
31770	-3986.529	-4246.707	260.1776	1.886086	0.4767485	0.697352	0.302648	1.474359
31776	-4001.371	-4261.535	260.1632	1.91251	0.5017805	0.559718	0.440282	1.433179
31782	-4020.699	-4280.601	259.9018	1.867227	0.5922963	0.684161	0.315839	1.557899
31788	-4001.847	-4261.991	260.1439	1.867227	0.5033385	0.660576	0.339424	1.480377
31794	-4007.802	-4268.118	260.3153	1.873175	0.4033456	0.616104	0.383896	1.480377
31800	-3990.473	-4250.567	260.0937	1.799157	0.5097682	0.777091	0.222909	1.560618
31806	-3997.559	-4257.33	259.7716	1.829513	0.6136437	0.557869	0.442131	1.657312
31812	-3986.83	-4246.74	259.9099	1.826666	0.5479058	0.705116	0.294884	1.630325
31818	-3986.494	-4246.693	260.1988	1.87195	0.4302845	0.705116	0.294884	1.530664
31824	-3990.321	-4250.631	260.3102	1.902976	0.5143446	0.736275	0.263725	1.308774
31830	-4007.442	-4267.491	260.0492	1.868462	0.5078913	0.733846	0.266154	1.544649
31836	-4001.521	-4261.621	260.1002	1.889635	0.4360307	0.757041	0.242959	1.582607
31842	-3990.029	-4250.058	260.0283	1.820913	0.5621372	0.74336	0.25664	1.53189
31848	-3991.154	-4250.881	259.7265	1.84533	0.5819217	0.753377	0.246623	1.711034
31854	-3991.895	-4252.419	260.5235	1.932774	0.3930305	0.700058	0.299942	1.286089
31860	-4002.148	-4261.792	259.6441	1.80587	0.5619639	0.686887	0.313113	1.817039
31866	-3991.559	-4251.107	259.5476	1.661703	0.5058814	0.614595	0.385405	2.039375
31872	-3998.965	-4258.542	259.577	1.691143	0.5263214	0.676676	0.323324	1.978219
31878	-3983.573	-4243.372	259.7994	1.730128	0.4696244	0.676676	0.323324	1.865133
31884	-3972.87	-4232.816	259.9466	1.822202	0.4863042	0.664614	0.335386	1.678536
31890	-3985.629	-4245.798	260.1687	1.775851	0.4391823	0.664614	0.335386	1.611397
31896	-3977.303	-4237.222	259.9188	1.775851	0.5080851	0.670225	0.329775	1.705515
31902	-3978.132	-4238.094	259.9622	1.775851	0.5080851	0.707223	0.292777	1.674654
31908	-3983.381	-4243.279	259.8981	1.839042	0.5130281	0.707223	0.292777	1.669603
31914	-3976.21	-4236.193	259.9836	1.810686	0.4786794	0.713592	0.286408	1.669603
31920	-3987.801	-4247.807	260.0054	1.810686	0.4611512	0.775543	0.224457	1.675591
31926	-4000.382	-4260.351	259.9694	1.801361	0.4491603	0.775543	0.224457	1.722697
31932	-3999.452	-4259.32	259.8673	1.770084	0.5378681	0.707971	0.292029	1.712237
31938	-3993.054	-4252.983	259.93	1.757814	0.5845364	0.655548	0.344452	1.625461
31944	-4005.895	-4266.094	260.1996	1.96092	0.573207	0.618469	0.381531	1.276833
31950	-3987.504	-4247.839	260.3351	1.998416	0.4544615	0.698688	0.301312	1.293258
31956	-3993.663	-4253.734	260.0709	1.933887	0.5963043	0.694724	0.305276	1.37443
31962	-3993.564	-4253.831	260.2674	1.985062	0.5181297	0.666449	0.333551	1.271686
31968	-3989.375	-4249.848	260.4736	1.985062	0.3768776	0.594633	0.405367	1.310103
31974	-3986.044	-4246.281	260.2376	2.0034	0.5624508	0.748271	0.251729	1.223299
31980	-3983.77	-4243.852	260.0816	2.0034	0.4846711	0.748271	0.251729	1.447907
31986	-3972.787	-4232.988	260.2016	2.005158	0.5242008	0.724155	0.275845	1.301097
31992	-3980.64	-4240.92	260.2803	1.98301	0.5242951	0.700191	0.299809	1.254497
31998	-4005.748	-4266.226	260.4778	1.910604	0.4381929	0.674154	0.325846	1.272119
32004	-3996.572	-4256.824	260.2521	2.015885	0.5972101	0.674154	0.325846	1.155348
32010	-4006.354	-4266.586	260.2327	2.005578	0.5334918	0.674154	0.325846	1.263111
32016	-4001.876	-4262.264	260.3889	1.990346	0.5334918	0.659909	0.340091	1.142472
32022	-4002.595	-4262.648	260.0527	1.930153	0.5579679	0.705544	0.294456	1.43595
32028	-3986.671	-4246.774	260.1028	1.973214	0.5141348	0.727142	0.272858	1.417333
32034	-3981.069	-4241.278	260.2087	1.939674	0.5236729	0.723911	0.276089	1.348642
32040	-3980.801	-4240.897	260.0961	1.941055	0.5554792	0.708138	0.291862	1.396882
32046	-3975.463	-4235.728	260.2649	1.870944	0.477981	0.708138	0.291862	1.417628
32052	-3991.35	-4251.53	260.18	1.86923	0.4704425	0.645476	0.354524	1.49345
32058	-3979.663	-4239.777	260.1143	1.817272	0.5226624	0.571003	0.428997	1.516514
32064	-3992.221	-4252.442	260.2211	1.894545	0.5182034	0.709497	0.290503	1.381388
32070	-3996.351	-4256.361	260.0101	1.938596	0.6720402	0.722522	0.277478	1.334952
32076	-3993.51	-4253.56	260.0501	1.986274	0.6219834	0.651488	0.348512	1.319949
32082	-4001.002	-4261.406	260.4037	1.986274	0.4153466	0.632968	0.367032	1.30534
32088	-3994.833	-4254.813	259.9808	1.976844	0.5838771	0.632968	0.367032	1.425335
32094	-3991.897	-4252.246	260.3486	2.167446	0.5743974	0.7375	0.2625	0.9507009
32100	-3993.688	-4253.947	260.2593	2.20784	0.6176305	0.633943	0.366057	0.9355498
32106	-3990.602	-4250.77	260.1683	2.227251	0.6176305	0.682399	0.317601	1.009207
32112	-3994.428	-4254.682	260.2543	1.91836	0.5194374	0.685626	0.314374	1.334721
32118	-4002.904	-4263.197	260.2935	1.940057	0.4729408	0.762495	0.237505	1.347842
32124	-3996.106	-4256.341	260.2352	1.937625	0.5074123	0.762495	0.237505	1.35016
32130	-3992.647	-4252.667	260.02	1.933189	0.6299751	0.689263	0.310737	1.377069
32136	-3981.388	-4241.732	260.3432	1.960102	0.482686	0.664633	0.335367	1.278097
32142	-3984.129	-4244.595	260.466	2.125557	0.4744997	0.663157	0.336843	1.035876
32148	-3984.134	-4244.605	260.4713	2.176508	0.4526977	0.674253	0.325747	1.018064
32154	-3981.689	-4241.969	260.2799	2.121859	0.4736867	0.666703	0.333297	1.208538
32160	-3977.664	-4238.15	260.486	2.071331	0.45533	0.661824	0.338176	1.099357
32166	-3995.673	-4256.111	260.4377	2.09979	0.4538024	0.661824	0.338176	1.119953
32172	-3979.977	-4240.287	260.31	2.045983	0.5364985	0.601662	0.398338	1.158828
32178	-4002.667	-4262.857	260.19	1.970761	0.5397472	0.678325	0.321675	1.318403
32184	-3992.502	-4252.735	260.2326	2.187009	0.5489035	0.630394	0.369606	1.083938
32190	-3982.618	-4243.007	260.389	2.137355	0.4829578	0.685476	0.314524	1.083938
32196	-3986.676	-4247.032	260.3564	2.137355	0.5109032	0.685476	0.314524	1.071076
32202	-3978.721	-4239.293	260.5714	2.137355	0.4434135	0.685476	0.314524	0.9734586
32208	-3979.481	-4239.759	260.2781	2.244744	0.5667832	0.547729	0.452271	0.955619
32214	-3979.706	-4240.008	260.3014	2.23257	0.5930721	0.686811	0.313189	0.9010741
32220	-3962.543	-4222.813	260.2695	2.179083	0.5802677	0.706094	0.293906	1.010606
32226	-3968.705	-4229.15	260.4447	2.167815	0.4565586	0.763305	0.236695	1.045697
32232	-3974.42	-4234.825	260.4059	2.167815	0.5112839	0.68213	0.31787	0.9928358
32238	-3983.172	-4243.511	260.3385	2.176792	0.5648887	0.689638	0.310362	0.9664522
32244	-3975.366	-4235.651	260.2847	2.176792	0.5269803	0.738223	0.261777	1.077029
32250	-3990.607	-4250.828	260.2204	1.918914	0.4522348	0.67109	0.32891	1.449297
32256	-4000.691	-4260.98	260.2887	2.000757	0.4384123	0.67109	0.32891	1.351773
32262	-3985.521	-4245.731	260.2105	2.021414	0.5505565	0.748042	0.251958	1.246251
32268	-3992.306	-4252.726	260.4198	2.019395	0.4065807	0.677347	0.322653	1.278651
32274	-3983.583	-4243.965	260.3822	2.224793	0.5293354	0.693006	0.306994	0.9278182
32280	-3990.456	-4250.925	260.4683	2.258436	0.4663076	0.591255	0.408745	0.9111835
32286	-3975.067	-4235.494	260.427	2.258436	0.5154122	0.688352	0.311648	0.8643221
32292	-3986.603	-4246.916	260.313	2.207571	0.5615731	0.731513	0.268487	0.9662302
32298	-3978.06	-4238.453	260.3934	2.291161	0.4927862	0.673997	0.326003	0.9080643
32304	-3969.561	-4229.873	260.3116	2.324955	0.565651	0.742921	0.257079	0.8279248
32310	-3969.575	-4229.85	260.2755	2.324955	0.6066805	0.786029	0.213971	0.795945
32316	-3966.579	-4226.819	260.2397	2.324955	0.6066805	0.656103	0.343897	0.8419246
32322	-3979.704	-4239.935	260.231	2.327497	0.5925542	0.648605	0.351395	0.8739009
32328	-3976.09	-4236.415	260.3257	2.402894	0.5453389	0.659585	0.340415	0.7440956
32334	-3974.641	-4234.918	260.2771	2.389933	0.5526254	0.736536	0.263464	0.8144224
32340	-3987.586	-4248.124	260.5381	2.331891	0.4382603	0.689724	0.310276	0.7983844
32346	-3992.871	-4253.426	260.5549	2.286105	0.4382603	0.664966	0.335034	0.8357279
32352	-3997.691	-4258.328	260.6365	2.286105	0.3978962	0.663876	0.336124	0.8280695
32358	-3979.894	-4240.487	260.5926	2.332613	0.3965333	0.632714	0.367286	0.8280695
32364	-3982.437	-4242.77	260.3323	2.286663	0.5608585	0.732831	0.267169	0.8584583
32370	-3975.254	-4235.642	260.3883	2.286663	0.5531636	0.732831	0.267169	0.8028377
32376	-3976.483	-4236.798	260.3153	2.286663	0.5866384	0.638915	0.361085	0.8319298
32382	-3978.703	-4239.027	260.3231	2.331237	0.542701	0.692397	0.307603	0.849626
32388	-3984.677	-4244.981	260.3043	2.387013	0.5659727	0.637274	0.362726	0.7526435
32394	-3978.869	-4239.153	260.2838	2.387013	0.5795613	0.698762	0.301238	0.7526435
32400	-3983.622	-4244.023	260.4001	2.423907	0.4967969	0.71136	0.28864	0.7164816
32406	-3978.349	-4238.795	260.4464	2.453219	0.463731	0.671291	0.328709	0.6825483
32412	-3982.407	-4242.683	260.2762	2.478688	0.5736259	0.671291	0.328709	0.6100153
32418	-3995.187	-4255.363	260.1758	2.478688	0.6468771	0.60953	0.39047	0.5957793
32424	-3994.147	-4254.33	260.1829	2.475336	0.6083033	0.597664	0.402336	0.7057381
32430	-3997.286	-4257.553	260.267	2.50229	0.5477446	0.737017	0.262983	0.6678718
32436	-4002.832	-4263.061	260.2292	2.470347	0.5818526	0.590497	0.409503	0.7011208
32442	-4000.843	-4261.171	260.3279	2.547979	0.4955701	0.627796	0.372204	0.616038
32448	-4004.575	-4264.845	260.2697	2.574346	0.5149813	0.678496	0.321504	0.616038
32454	-3994.553	-4254.819	260.2654	2.574346	0.5149813	0.630274	0.369726	0.6271158
32460	-3995.225	-4255.411	260.1858	2.568781	0.57649	0.630274	0.369726	0.5983098
32466	-3975.39	-4235.492	260.102	2.569337	0.6275857	0.576541	0.423459	0.6234296
32472	-3979.779	-4239.954	260.1746	2.559724	0.5978239	0.599565	0.400435	0.5564462
32478	-3977.738	-4237.941	260.2035	2.617154	0.5383104	0.709551	0.290449	0.5724446
32484	-3983.274	-4243.563	260.2887	2.466304	0.581276	0.709551	0.290449	0.5724446
32490	-3979.64	-4239.949	260.3092	2.488709	0.5311423	0.66542	0.33458	0.662656
32496	-3984.728	-4244.983	260.2553	2.560833	0.5365709	0.688593	0.311407	0.5973916
32502	-3988.694	-4248.986	260.2924	2.560833	0.517587	0.667849	0.332151	0.5740128
32508	-3985.846	-4246.129	260.2827	2.515906	0.5532573	0.650282	0.349718	0.5675764
32514	-3988.436	-4248.772	260.3363	2.531739	0.511223	0.671109	0.328891	0.5542034
32520	-3980.572	-4240.976	260.4031	2.416319	0.5152671	0.711279	0.288721	0.6703874
32526	-3988.953	-4249.38	260.4271	2.424734	0.4782029	0.69981	0.30019	0.7222663
32532	-3988.039	-4248.442	260.4032	2.424734	0.4897755	0.646003	0.353997	0.729245
32538	-3982.555	-4242.937	260.3816	2.424734	0.5214408	0.748413	0.251587	0.6765796
32544	-3984.579	-4244.816	260.2372	2.428605	0.5898995	0.677987	0.322013	0.7370403
32550	-3994.36	-4254.813	260.4529	2.527714	0.4345648	0.684148	0.315852	0.6198607
32556	-3992.904	-4253.356	260.4525	2.527714	0.4345648	0.680116	0.319884	0.6208406
32562	-4003.717	-4264.142	260.4254	2.554866	0.4414256	0.56287	0.43713	0.5842699
32568	-3996.17	-4256.701	260.5312	2.471916	0.4120156	0.615411	0.384589	0.6636351
32574	-3992.258	-4252.661	260.4029	2.471916	0.4833286	0.756192	0.243808	0.6653496
32580	-3996.863	-4257.239	260.3763	2.471916	0.4833286	0.677302	0.322698	0.7138546
32586	-3975.406	-4235.666	260.2595	2.460588	0.5714692	0.610508	0.389492	0.6923402
32592	-3980.432	-4240.723	260.2919	2.39101	0.5961895	0.660184	0.339816	0.6932876
32598	-3984.086	-4244.268	260.182	2.39101	0.6685201	0.78265	0.21735	0.70813
32604	-3987.286	-4247.718	260.4321	2.342372	0.5168113	0.765183	0.234817	0.7431863
32610	-3996.615	-4257.173	260.5575	2.342372	0.4420173	0.70999	0.29001	0.7462589
32616	-3992.095	-4252.402	260.3077	2.342372	0.5525151	0.799147	0.200853	0.8360789
32622	-3971.035	-4231.528	260.4939	2.342372	0.4976193	0.727877	0.272123	0.6930209
32628	-3982.726	-4242.913	260.1872	2.405099	0.622169	0.684692	0.315308	0.776764
32634	-3980.429	-4240.909	260.48	2.345243	0.4816929	0.645636	0.354364	0.7541605
32640	-3974.416	-4234.771	260.3558	2.384684	0.554954	0.724904	0.275096	0.700566
32646	-3984.349	-4244.554	260.2046	2.383897	0.660293	0.749167	0.250833	0.700566
32652	-3980.744	-4241.068	260.3246	2.368379	0.5744125	0.65278	0.34722	0.7305342
32658	-3978.765	-4239.054	260.288	2.23007	0.6188983	0.737004	0.262996	0.8766308
32664	-3973.884	-4234.158	260.2745	2.18845	0.5499217	0.780184	0.219816	1.041495
32670	-3978.414	-4238.697	260.2824	2.171848	0.5288708	0.607697	0.392303	1.080959
32676	-3975.305	-4235.54	260.2349	2.171848	0.5288708	0.734762	0.265238	1.124375
32682	-3969.444	-4229.814	260.3697	2.171848	0.5258488	0.553616	0.446384	1.001597
32688	-3975.745	-4236.21	260.4651	2.220532	0.4877654	0.725836	0.274164	0.9161681
32694	-3982.557	-4242.866	260.309	2.220532	0.6165646	0.62361	0.37639	0.8671268
32700	-3981.338	-4241.798	260.4603	2.140095	0.4765877	0.563485	0.436515	1.02381
32706	-3974.861	-4235.201	260.3403	2.140095	0.5443124	0.638952	0.361048	1.033085
32712	-3972.089	-4232.426	260.3361	2.140095	0.512512	0.78781	0.21219	1.084951
32718	-3975.712	-4236.146	260.4342	2.056606	0.512512	0.66411	0.33589	1.071385
32724	-3972.758	-4232.767	260.0088	2.056606	0.5711091	0.678764	0.321236	1.356068
32730	-3984.744	-4245.078	260.3332	2.012481	0.5102603	0.772839	0.227161	1.204171
32736	-3976.863	-4237.204	260.3416	1.976406	0.527468	0.708234	0.291766	1.204171
32742	-3971.301	-4231.64	260.339	2.077626	0.5453996	0.668335	0.331665	1.091697
32748	-3980.051	-4240.488	260.4372	2.123557	0.4761068	0.777963	0.222037	1.062673
32754	-3984.864	-4245.099	260.2352	2.156466	0.5803883	0.745967	0.254033	1.065366
32760	-3980.841	-4241.258	260.4171	2.136974	0.4837784	0.686001	0.313999	1.056624
32766	-3979.8	-4240.17	260.3699	2.132035	0.497272	0.652714	0.347286	1.084289
32772	-3983.561	-4244.003	260.4416	2.062152	0.4173456	0.684855	0.315145	1.207689
32778	-3977.109	-4237.481	260.3721	1.990121	0.4823205	0.684855	0.315145	1.229593
32784	-3971.063	-4231.483	260.4194	2.099684	0.5484847	0.640132	0.359868	0.988367
32790	-3973.47	-4233.778	260.3078	2.099684	0.5135781	0.569224	0.430776	1.145648
32796	-3966.347	-4226.52	260.1734	1.996774	0.547714	0.743717	0.256283	1.300694
32802	-3976.121	-4236.343	260.2214	1.996774	0.4801192	0.649544	0.350456	1.350325
32808	-3978.155	-4238.398	260.2437	1.889303	0.5292134	0.669645	0.330355	1.353827
32814	-3976.981	-4237.217	260.2363	1.89843	0.5292134	0.630032	0.369968	1.352507
32820	-3983.982	-4244.351	260.3688	1.946999	0.4241704	0.631711	0.368289	1.351597
32826	-3987.587	-4247.626	260.0381	1.875891	0.5432216	0.626052	0.373948	1.505376
32832	-3977.091	-4237.27	260.1789	1.910916	0.4693551	0.771866	0.228134	1.464152
32838	-3994.735	-4255.099	260.3632	1.993283	0.4837749	0.665077	0.334923	1.232353
32844	-3986.244	-4246.46	260.2163	2.058041	0.4583135	0.665077	0.334923	1.335542
32850	-3979.069	-4239.092	260.0227	2.160783	0.6079366	0.737136	0.262864	1.215013
32856	-3991.897	-4252.1	260.2036	2.160783	0.5929697	0.793782	0.206218	1.073507
32862	-3986.534	-4246.737	260.203	2.053821	0.5929697	0.623944	0.376056	1.170576
32868	-3987.474	-4247.669	260.195	2.064987	0.5373494	0.623944	0.376056	1.239988
32874	-3982.885	-4243.094	260.2091	2.064987	0.5373494	0.542766	0.457234	1.228138
32880	-3988.288	-4248.538	260.2498	1.984323	0.5373494	0.634153	0.365847	1.261578
32886	-3983.013	-4243.17	260.1563	1.984323	0.5065134	0.645286	0.354714	1.376768
32892	-3984.776	-4245.115	260.3391	1.934357	0.4653615	0.685143	0.314857	1.326426
32898	-3988.933	-4248.859	259.926	1.902148	0.4556663	0.685143	0.314857	1.673864
32904	-3983.574	-4243.642	260.0686	1.902148	0.5611589	0.626474	0.373526	1.441471
32910	-3991.665	-4252.037	260.3727	1.967462	0.4203024	0.613123	0.386877	1.337885
32916	-3981.626	-4241.816	260.19	1.967462	0.5658912	0.761532	0.238468	1.288353
32922	-3982.153	-4242.185	260.0315	1.936633	0.5927925	0.761532	0.238468	1.407047
32928	-3982.72	-4242.796	260.0759	1.863812	0.4491494	0.695864	0.304136	1.601908
32934	-3970.885	-4231.02	260.1352	1.879923	0.4720892	0.583509	0.416491	1.516852
32940	-3973.714	-4233.904	260.19	1.939382	0.502815	0.686531	0.313469	1.390302
32946	-3982.524	-4242.696	260.1716	1.929982	0.5249933	0.686531	0.313469	1.383879
32952	-3981.177	-4241.31	260.1331	1.977271	0.5257038	0.686531	0.313469	1.376095
32958	-3982.705	-4242.681	259.976	1.899978	0.5693321	0.760203	0.239797	1.503827
32964	-3984.759	-4244.538	259.7792	1.862799	0.5681498	0.730791	0.269209	1.675902
32970	-4007.046	-4265.495	258.4494	1.60194	0.5829671	0.647903	0.352097	2.698248
32976	-4011.17	-4269.403	258.2335	1.477352	0.686613	0.699861	0.300139	2.817695
32982	-3981.609	-4242.122	260.5132	2.045724	0.3663708	0.69738	0.30262	1.245216
32988	-3972.858	-4232.996	260.1383	1.920785	0.5374691	0.69738	0.30262	1.401626
32994	-3969.589	-4229.934	260.3448	1.897783	0.4548712	0.713163	0.286837	1.365558
33000	-3984.514	-4244.679	260.1647	1.974597	0.4548712	0.772658	0.227342	1.445777
33006	-3979.842	-4239.908	260.0663	1.912607	0.5674073	0.633657	0.366343	1.427938
33012	-3976.311	-4236.605	260.2949	1.970703	0.5245672	0.631704	0.368296	1.252256
33018	-3977.374	-4237.506	260.1322	2.002759	0.6108387	0.631704	0.368296	1.252256
33024	-3993.32	-4253.361	260.0411	1.993496	0.6685272	0.626867	0.373133	1.269029
33030	-3988.121	-4248.261	260.1404	2.007213	0.6078331	0.642418	0.357582	1.245356
33036	-3987.84	-4248.033	260.1928	2.045009	0.6095392	0.680321	0.319679	1.166159
33042	-3986.752	-4246.933	260.1808	1.997528	0.5659494	0.560639	0.439361	1.271191
33048	-3982.233	-4242.436	260.2029	1.962157	0.5747669	0.784303	0.215697	1.271191
33054	-3992.222	-4252.736	260.5136	2.144649	0.4256671	0.773889	0.226111	1.055202
33060	-3989.286	-4249.784	260.4986	2.144649	0.4555258	0.731312	0.268688	1.017598
33066	-3985.85	-4246.324	260.4739	2.014435	0.450382	0.581134	0.418866	1.168976
33072	-3988.946	-4249.325	260.3788	2.204083	0.5426801	0.673457	0.326543	0.9311574
33078	-3990.798	-4251.012	260.2143	2.226456	0.6392573	0.673457	0.326543	0.9311574
33084	-4003.769	-4263.884	260.1146	2.11441	0.6091333	0.648217	0.351783	1.174341
33090	-3988.084	-4248.336	260.2526	2.06208	0.5516547	0.563938	0.436062	1.174341
33096	-3989.538	-4249.677	260.1393	2.107021	0.5636377	0.653524	0.346476	1.217291
33102	-4000.962	-4261.118	260.1553	1.966977	0.58233	0.651389	0.348611	1.296941
33108	-4002.125	-4262.322	260.1969	2.011942	0.58233	0.693711	0.306289	1.225225
33114	-3994.902	-4255.035	260.1331	1.803651	0.5623326	0.721509	0.278491	1.46605
33120	-4015.066	-4275.203	260.1376	1.9134	0.4500045	0.796106	0.203894	1.518913
33126	-3999.956	-4259.896	259.9407	1.863395	0.5632442	0.752418	0.247582	1.563982
33132	-3998.36	-4258.353	259.9927	1.789909	0.5198443	0.583782	0.416218	1.629075
33138	-4009.135	-4268.822	259.6868	1.766086	0.6250433	0.754362	0.245638	1.750724
33144	-4008.256	-4268.383	260.1264	1.801964	0.5296441	0.652642	0.347358	1.510579
33150	-3988.514	-4248.634	260.1204	1.921208	0.4739395	0.71423	0.28577	1.494633
33156	-3983.38	-4243.504	260.1234	1.921208	0.4872424	0.692755	0.307245	1.475331
33162	-3972.986	-4233.063	260.0772	1.96998	0.4533786	0.602575	0.397425	1.517259
33168	-3966.768	-4226.715	259.9479	1.928416	0.5578392	0.639894	0.360106	1.516607
33174	-3983.755	-4243.633	259.8778	1.909094	0.5578392	0.805141	0.194859	1.582642
33180	-3993.763	-4253.887	260.124	1.891153	0.5180021	0.705734	0.294266	1.459232
33186	-3996.558	-4256.589	260.0307	2.006068	0.5047017	0.611035	0.388965	1.459232
33192	-3986.943	-4247.337	260.3934	2.006068	0.3932027	0.717216	0.282784	1.331817
33198	-3984.042	-4244.212	260.1694	1.997486	0.5612397	0.672894	0.327106	1.286469
33204	-3990.188	-4250.481	260.2933	1.997486	0.4868775	0.739407	0.260593	1.282535
33210	-3984.521	-4244.971	260.4495	1.932477	0.4932023	0.610274	0.389726	1.197206
33216	-4004.453	-4264.819	260.3659	1.987922	0.4309685	0.58599	0.41401	1.311086
33222	-4001.452	-4261.899	260.4475	2.107613	0.4396241	0.508663	0.491337	1.126878
33228	-3985.131	-4245.622	260.4913	2.096507	0.4481637	0.765969	0.234031	1.083051
33234	-3984.821	-4245.034	260.2129	1.958489	0.4957964	0.661089	0.338911	1.366428
33240	-3998.982	-4259.142	260.1607	1.927632	0.5364616	0.746284	0.253716	1.380061
33246	-4007.342	-4267.538	260.1967	1.972119	0.5059214	0.650418	0.349582	1.355237
33252	-4004.741	-4264.539	259.7978	1.872596	0.5446581	0.584573	0.415427	1.681322
33258	-3979.49	-4239.512	260.0218	1.909573	0.4894407	0.672331	0.327669	1.557043
33264	-3986.321	-4246.324	260.0027	1.862468	0.5924529	0.740699	0.259301	1.486089
33270	-3977.783	-4237.673	259.8898	1.931249	0.6630761	0.681826	0.318174	1.444113
33276	-3981.65	-4242.085	260.435	2.019032	0.4459564	0.737802	0.262198	1.205393
33282	-3986.982	-4247.294	260.3121	1.999192	0.4927651	0.695423	0.304577	1.257462
33288	-3970.905	-4231.073	260.1685	1.913133	0.5438578	0.638591	0.361409	1.376208
33294	-3974.394	-4234.673	260.2791	1.957178	0.5458147	0.727601	0.272399	1.248776
33300	-3981.879	-4242.054	260.1744	2.104264	0.6022773	0.712199	0.287801	1.139384
33306	-3990.228	-4250.452	260.2236	2.200576	0.6195274	0.763798	0.236202	0.9777427
33312	-3990.303	-4250.47	260.1673	2.137365	0.6195274	0.655469	0.344531	1.093384
33318	-3995.788	-4256.248	260.4595	2.115238	0.4487992	0.732886	0.267114	1.094068
33324	-4011.807	-4271.787	259.9798	2.038548	0.7063857	0.648722	0.351278	1.241022
33330	-3987.825	-4248.001	260.1763	2.071062	0.5946998	0.722727	0.277273	1.176566
33336	-3983.492	-4243.645	260.1536	2.086419	0.5444357	0.678278	0.321722	1.247457
33342	-3985.919	-4246.33	260.4115	2.131944	0.4514795	0.747715	0.252285	1.118271
33348	-3988.896	-4249.428	260.5325	2.137669	0.3984394	0.68089	0.31911	1.092229
33354	-3997.3	-4257.698	260.3977	2.12645	0.5365813	0.578895	0.421105	1.001952
33360	-3983.441	-4243.847	260.4061	2.264682	0.474554	0.664632	0.335368	0.9561156
33366	-3985.606	-4245.899	260.293	2.257031	0.5594517	0.681319	0.318681	0.9386169
33372	-3999.526	-4259.755	260.2288	1.877	0.476533	0.70022	0.29978	1.442602
33378	-3984.352	-4244.555	260.2037	1.933424	0.5468658	0.70022	0.29978	1.32843
33384	-3981.645	-4241.797	260.1528	1.933424	0.5468658	0.76126	0.23874	1.368894
33390	-3989.735	-4249.828	260.0924	1.945731	0.5468658	0.720996	0.279004	1.406482
33396	-3991.492	-4251.737	260.2447	1.910852	0.4897344	0.678755	0.321245	1.386865
33402	-3975.828	-4236.071	260.243	1.988652	0.5182442	0.638692	0.361308	1.288571
33408	-3983.776	-4243.902	260.126	1.924138	0.5478625	0.738235	0.261765	1.395966
33414	-3984.18	-4244.189	260.0095	1.924138	0.6137908	0.738754	0.261246	1.410245
33420	-3990.76	-4251.058	260.2975	1.88323	0.4205444	0.755109	0.244891	1.461627
33426	-3995.842	-4255.964	260.122	1.883236	0.4039395	0.787876	0.212124	1.614917
33432	-3980.784	-4240.944	260.1601	1.977238	0.5848411	0.654811	0.345189	1.281638
33438	-3981.728	-4241.794	260.0666	2.072414	0.6019821	0.67351	0.32649	1.259503
33444	-4002.311	-4262.91	260.5994	2.021796	0.4071893	0.675889	0.324111	1.121562
33450	-3991.876	-4252.167	260.2914	2.021796	0.5632407	0.68005	0.31995	1.160045
33456	-3989.532	-4249.865	260.3323	2.068107	0.5170428	0.675145	0.324855	1.146965
33462	-3997.875	-4258.139	260.2645	1.941538	0.5170428	0.621683	0.378317	1.311035
33468	-3992.848	-4252.906	260.0574	2.052964	0.6060989	0.768707	0.231293	1.278232
33474	-3984.127	-4244.498	260.3703	2.038925	0.5023791	0.718593	0.281407	1.160339
33480	-3993.563	-4253.826	260.2633	2.024062	0.4520684	0.663476	0.336524	1.33394
33486	-3985.754	-4245.933	260.1793	1.981548	0.5125767	0.655295	0.344705	1.352992
33492	-3972.121	-4232.366	260.2454	1.899909	0.4964515	0.716155	0.283845	1.386092
33498	-3996.257	-4256.481	260.2242	1.841155	0.546197	0.786982	0.213018	1.386092
33504	-3994.183	-4254.233	260.05	1.705215	0.4585018	0.766783	0.233217	1.722067
33510	-3998.264	-4258.524	260.2599	1.789896	0.4655658	0.683901	0.316099	1.499337
33516	-4003.348	-4262.992	259.6442	1.834953	0.5767249	0.664341	0.335659	1.781351
33522	-3993.951	-4253.524	259.573	1.691961	0.437864	0.640005	0.359995	2.080006
33528	-3998.9	-4258.058	259.1577	1.60015	0.4735546	0.640005	0.359995	2.366632
33534	-4002.812	-4262.208	259.3959	1.658662	0.4651015	0.596046	0.403954	2.185876
33540	-4004.813	-4264.149	259.3352	1.658662	0.5009333	0.583678	0.416322	2.185876
33546	-4010.214	-4269.784	259.5694	1.644188	0.5425093	0.622068	0.377932	1.997562
33552	-4008.952	-4269.145	260.1928	1.84853	0.4407061	0.770924	0.229076	1.538447
33558	-4005.013	-4264.908	259.8951	1.808064	0.5590941	0.694653	0.305347	1.641929
33564	-4010.13	-4269.852	259.7219	1.795622	0.5379616	0.734518	0.265482	1.795956
33570	-4015.923	-4275.321	259.3977	1.730778	0.5379616	0.675583	0.324417	2.058803
33576	-3994.62	-4253.772	259.1517	1.717705	0.7271162	0.73046	0.26954	2.054228
33582	-3990.466	-4249.743	259.2775	1.752636	0.6079655	0.617237	0.382763	2.054228
33588	-3995.268	-4254.625	259.3577	1.751571	0.6833188	0.748474	0.251526	1.932002
33594	-3991.015	-4250.985	259.9693	1.884282	0.4356952	0.673995	0.326005	1.681216
33600	-4003.637	-4263.746	260.1088	1.833445	0.4978163	0.778435	0.221565	1.53871
33606	-3997.071	-4256.792	259.7205	1.736621	0.4685546	0.707196	0.292804	1.915562
33612	-3996.768	-4256.675	259.9072	1.695955	0.3666622	0.686234	0.313766	1.946056
33618	-4000.03	-4259.59	259.5606	1.619075	0.6168401	0.760003	0.239997	1.946056
33624	-4004.767	-4264.795	260.0277	1.698319	0.4812734	0.574382	0.425618	1.714887
33630	-3994.7	-4254.307	259.6067	1.668879	0.5458371	0.718676	0.281324	1.952614
33636	-3999.184	-4258.658	259.4735	1.688888	0.5867676	0.770345	0.229655	1.986871
33642	-4002.266	-4261.833	259.5675	1.736224	0.5197139	0.735901	0.264099	1.961437
33648	-3995.066	-4254.796	259.7309	1.745793	0.4970214	0.668701	0.331299	1.869533
33654	-3994.834	-4254.493	259.6594	1.759431	0.5327024	0.679869	0.320131	1.869533
33660	-3990.489	-4250.259	259.7703	1.759431	0.5390637	0.719891	0.280109	1.786334
33666	-3982.84	-4242.531	259.6912	1.722621	0.5954341	0.706977	0.293023	1.807509
33672	-3988.75	-4248.628	259.8785	1.835567	0.7052703	0.650843	0.349157	1.482988
33678	-3996.471	-4256.012	259.5411	1.782038	0.619561	0.816657	0.183343	1.846002
33684	-3987.602	-4247.615	260.0128	1.733231	0.3759477	0.63405	0.36595	1.836186
33690	-4007.173	-4266.75	259.5765	1.655295	0.4624784	0.715629	0.284371	2.072997
33696	-4004.964	-4264.551	259.5867	1.712126	0.4624784	0.715629	0.284371	2.028667
33702	-3991.507	-4250.814	259.3064	1.576421	0.4425537	0.662029	0.337971	2.321863
33708	-3995.544	-4254.645	259.101	1.490078	0.4802484	0.626109	0.373891	2.464602
33714	-3989.991	-4248.63	258.6381	1.503126	0.5304883	0.626109	0.373891	2.692481
33720	-3991.261	-4249.985	258.7241	1.486909	0.4694738	0.65157	0.34843	2.711621
33726	-3985.588	-4244.815	259.2264	1.569449	0.5798393	0.694505	0.305495	2.233878
33732	-3976.883	-4236.08	259.1962	1.56321	0.4960612	0.658326	0.341674	2.341476
33738	-3980.584	-4239.816	259.2322	1.56321	0.4482847	0.639428	0.360572	2.370871
33744	-3986.141	-4245.698	259.5563	1.622273	0.4589718	0.639428	0.360572	2.112029
33750	-3987.759	-4247.173	259.4142	1.661796	0.5429739	0.599074	0.400926	2.088177
33756	-3985.438	-4244.745	259.3071	1.633414	0.5249457	0.694876	0.305124	2.195153
33762	-4003.799	-4263.359	259.5598	1.708971	0.5148223	0.610419	0.389581	1.990115
33768	-3997.659	-4257.155	259.4956	1.729409	0.4924406	0.612963	0.387037	2.0437
33774	-3999.463	-4259.019	259.5562	1.692	0.4448846	0.694386	0.305614	2.082699
33780	-3993.72	-4253.432	259.7125	1.727256	0.4976719	0.699057	0.300943	1.893907
33786	-3998.434	-4258.146	259.7125	1.727256	0.4976719	0.699057	0.300943	1.893907
33792	-4002.393	-4260.957	258.564	1.584601	0.6351297	0.752488	0.247512	2.591973
33798	-3995.203	-4254.224	259.0212	1.535979	0.467773	0.666182	0.333818	2.499221
33804	-3991.897	-4251.139	259.2419	1.562866	0.4601899	0.726782	0.273218	2.351585
33810	-3984.772	-4243.191	258.4194	1.607825	0.6660882	0.726782	0.273218	2.640787
33816	-3991.316	-4250.839	259.5231	1.688396	0.4061633	0.6942	0.3058	2.153598
33822	-4002.91	-4262.463	259.553	1.83476	0.523945	0.766901	0.233099	1.900156
33828	-4005.277	-4264.701	259.4238	1.905793	0.7105677	0.701356	0.298644	1.756357
33834	-3992.452	-4252.238	259.7855	1.905793	0.7046073	0.701356	0.298644	1.500739
33840	-3997.196	-4257.1	259.904	1.900598	0.5774734	0.615668	0.384332	1.54782
33846	-3996.771	-4256.768	259.9969	1.74541	0.390288	0.740325	0.259675	1.819155
33852	-3997.713	-4256.544	258.8315	1.612982	0.5685026	0.724733	0.275267	2.467877
33858	-3992.342	-4251.164	258.8225	1.574244	0.4712261	0.649173	0.350827	2.595294
33864	-3979.523	-4238.658	259.1346	1.600274	0.4826417	0.649173	0.350827	2.371385
33870	-3990.286	-4249.226	258.9401	1.554199	0.5980428	0.69004	0.30996	2.408976
33876	-3991.164	-4250.646	259.4824	1.638647	0.5219593	0.689665	0.310335	2.080462
33882	-4002.926	-4262.531	259.6047	1.626901	0.3980917	0.772262	0.227738	2.150575
33888	-3991.555	-4251.903	260.3483	1.696099	0.3808164	0.689644	0.310356	1.619251
33894	-3990.48	-4250.25	259.7707	1.710444	0.5549643	0.728114	0.271886	1.80288
33900	-3999.665	-4258.991	259.3265	1.75487	0.8612601	0.698207	0.301793	1.803471
33906	-3993.699	-4253.417	259.7183	1.674414	0.5508527	0.671034	0.328966	1.867983
33912	-3992.882	-4252.89	260.0087	1.816296	0.587571	0.746371	0.253629	1.521603
33918	-3982.291	-4242.616	260.325	1.80797	0.4443887	0.673864	0.326136	1.464757
33924	-3986.598	-4246.475	259.877	1.845795	0.6308703	0.673864	0.326136	1.551162
33930	-3987.95	-4247.782	259.8323	1.832235	0.5753264	0.719148	0.280852	1.65204
33936	-3986.218	-4246.197	259.9784	1.858958	0.5650722	0.615965	0.384035	1.537435
33942	-3990.901	-4251.11	260.2086	1.96394	0.496371	0.677167	0.322833	1.364764
33948	-3980.353	-4240.673	260.32	2.050527	0.4675801	0.679962	0.320038	1.243833
33954	-3981.544	-4242.002	260.458	2.050527	0.4615984	0.696113	0.303887	1.133602
33960	-3967.581	-4227.776	260.1947	2.050527	0.5676739	0.696113	0.303887	1.212969
33966	-3975.187	-4235.376	260.1891	2.085358	0.6222921	0.639485	0.360515	1.11738
33972	-3988.728	-4248.999	260.2709	2.17991	0.5047839	0.611858	0.388142	1.119737
33978	-3980.56	-4240.794	260.2336	2.064136	0.5747416	0.633093	0.366907	1.15836
33984	-4003.499	-4263.954	260.455	1.916737	0.3710636	0.665764	0.334236	1.388516
33990	-3994.627	-4254.946	260.319	1.88783	0.4472619	0.725998	0.274002	1.404136
33996	-3993.717	-4253.758	260.0404	1.88783	0.4876928	0.725998	0.274002	1.561517
34002	-4002.665	-4262.7	260.0347	1.847104	0.5612644	0.725998	0.274002	1.508645
34008	-3998.459	-4258.217	259.7584	1.833937	0.5612644	0.668675	0.331325	1.718478
34014	-3996.828	-4256.823	259.9948	1.822468	0.5657657	0.740661	0.259339	1.551481
34020	-3986.974	-4247.159	260.1848	1.978169	0.6163275	0.709054	0.290946	1.222174
34026	-3980.28	-4240.674	260.3936	2.07456	0.5389025	0.649535	0.350465	1.052963
34032	-3982.906	-4243.187	260.2801	2.098305	0.5389025	0.666313	0.333687	1.135601
34038	-3982.202	-4242.579	260.3764	2.034666	0.4734639	0.688841	0.311159	1.200877
34044	-3981.583	-4241.795	260.2111	2.044861	0.4525215	0.572881	0.427119	1.358283
34050	-3987.052	-4247.385	260.3336	2.132646	0.4786482	0.624926	0.375074	1.145077
34056	-3994.356	-4254.492	260.1363	1.995703	0.5344789	0.746621	0.253379	1.347999
34062	-3997.623	-4257.812	260.1889	2.023508	0.4766246	0.649871	0.350129	1.359602
34068	-3993.244	-4253.612	260.3674	2.023508	0.5368801	0.742446	0.257554	1.127271
34074	-3997.55	-4257.752	260.2017	2.135679	0.6267935	0.671514	0.328486	1.053077
34080	-3998.904	-4259.301	260.3966	2.151867	0.4851059	0.712527	0.287473	1.059815
34086	-4002.17	-4262.65	260.4798	2.151867	0.5106632	0.612157	0.387843	0.9336331
34092	-3996.191	-4256.553	260.3623	1.917764	0.4954428	0.656596	0.343404	1.279573
34098	-3992.785	-4252.702	259.9175	1.914151	0.5713522	0.729413	0.270587	1.534571
34104	-3997.249	-4257.448	260.1998	2.067591	0.5659799	0.75003	0.24997	1.196225
34110	-3988.101	-4248.344	260.2431	2.135965	0.5460948	0.733826	0.266174	1.124903
34116	-3987.923	-4248.47	260.5468	2.102655	0.4397033	0.641941	0.358059	1.039096
34122	-3997.634	-4257.962	260.3272	2.084889	0.5648309	0.626408	0.373592	1.06818
34128	-3999.059	-4259.487	260.4281	2.084889	0.5288675	0.724142	0.275858	1.024991
34134	-4003.628	-4263.628	260.0004	1.914184	0.5655339	0.70725	0.29275	1.47912
34140	-4004.015	-4264.242	260.227	2.051004	0.5184522	0.716076	0.283924	1.250128
34146	-4003.247	-4263.681	260.4341	2.051004	0.4797906	0.638079	0.361921	1.12647
34152	-4007.322	-4267.861	260.539	2.054115	0.4671139	0.646295	0.353705	1.046596
34158	-4000.465	-4260.678	260.2122	1.841881	0.5488862	0.715625	0.284375	1.391621
34164	-3988.935	-4249.402	260.4667	2.096881	0.4506101	0.80366	0.19634	1.101315
34170	-3983.177	-4243.489	260.3125	2.159765	0.5084128	0.771087	0.228913	1.094779
34176	-3999.374	-4259.654	260.2798	2.089309	0.5783423	0.771087	0.228913	1.089237
34182	-3989.55	-4249.835	260.2857	2.103687	0.5783423	0.672728	0.327272	1.070386
34188	-3983.348	-4243.631	260.2832	2.125718	0.5398142	0.75033	0.24967	1.106798
34194	-3984.144	-4244.386	260.2414	2.125718	0.5399599	0.545567	0.454433	1.144156
34200	-3996.546	-4256.707	260.1608	2.125718	0.5876056	0.749917	0.250083	1.151384
34206	-3991.845	-4252.164	260.3186	2.125718	0.520651	0.684412	0.315588	1.10218
34212	-3978.946	-4239.283	260.3366	2.082103	0.4856416	0.728164	0.271836	1.176389
34218	-3976.353	-4236.829	260.4765	2.078667	0.444055	0.745653	0.254347	1.119593
34224	-3976.89	-4237.025	260.1348	2.056814	0.573224	0.597098	0.402902	1.251103
34230	-3985.56	-4245.593	260.0334	1.9826	0.508066	0.612217	0.387783	1.470823
34236	-3990.801	-4251.112	260.3106	2.047649	0.4928511	0.7052	0.2948	1.217904
34242	-3977.794	-4238.095	260.301	1.979951	0.4800535	0.577696	0.422304	1.299985
34248	-3981.751	-4242.014	260.263	1.989116	0.5136199	0.584423	0.415577	1.277966
34254	-3993.729	-4253.914	260.1849	2.009566	0.5133608	0.688483	0.311517	1.325156
34260	-3990.574	-4250.691	260.1171	2.049795	0.5227872	0.781382	0.218618	1.335024
34266	-3982.195	-4242.39	260.195	2.049795	0.522776	0.781382	0.218618	1.271871
34272	-3984.545	-4244.772	260.2266	2.030409	0.4629397	0.66103	0.33897	1.342919
34278	-3981.198	-4241.057	259.86	1.857877	0.5595139	0.665773	0.334227	1.63092
34284	-3985.078	-4245.157	260.0786	1.857877	0.4992061	0.813182	0.186818	1.541294
34290	-3987.565	-4247.764	260.1981	1.89658	0.4983676	0.701422	0.298578	1.422887
34296	-3991.244	-4251.543	260.2989	1.918106	0.4650907	0.67892	0.32108	1.371619
34302	-3981.656	-4241.851	260.1945	1.940934	0.5297454	0.690293	0.309707	1.351267
34308	-3991.433	-4251.769	260.3362	2.009272	0.4631	0.7184	0.2816	1.271038
34314	-3995.6	-4255.695	260.0951	1.895184	0.4999715	0.609338	0.390662	1.500237
34320	-3992.346	-4252.381	260.0349	1.877344	0.5200495	0.695806	0.304194	1.534012
34326	-3985.186	-4245.282	260.0956	1.984585	0.4747875	0.6549	0.3451	1.464424
34332	-3985.286	-4245.455	260.1683	1.913532	0.5181757	0.638723	0.361277	1.407784
34338	-3995.968	-4256.189	260.221	1.931366	0.4757074	0.686947	0.313053	1.407784
34344	-4019.408	-4279.246	259.8383	1.986595	0.7418688	0.678392	0.321608	1.36164
34350	-4005.766	-4265.994	260.2277	1.986595	0.533831	0.758015	0.241985	1.282428
34356	-4007.091	-4267.092	260.001	1.986595	0.6428242	0.624361	0.375639	1.335645
34362	-3998.391	-4258.244	259.8529	1.795552	0.4992905	0.568824	0.431176	1.748191
34368	-3988.819	-4248.509	259.6905	1.795552	0.5804836	0.568824	0.431176	1.772649
34374	-3977.385	-4236.923	259.5388	1.73538	0.6032849	0.767563	0.232437	1.895304
34380	-3972.893	-4232.143	259.2495	1.73538	0.6408255	0.692172	0.307828	2.053413
34386	-3992.762	-4252.307	259.5444	1.73538	0.5985655	0.636112	0.363888	1.896157
34392	-4006.228	-4266.143	259.9155	1.747169	0.426179	0.639854	0.360146	1.826982
34398	-3994.713	-4254.306	259.5927	1.796423	0.5929939	0.687758	0.312242	1.826982
34404	-3987.9	-4248.27	260.3706	1.865378	0.4232133	0.606107	0.393893	1.415474
34410	-3978.484	-4238.473	259.9896	1.865378	0.5893884	0.610657	0.389343	1.497175
34416	-3985.702	-4245.673	259.9712	1.876596	0.5942797	0.62655	0.37345	1.497175
34422	-3985.689	-4246.012	260.3235	1.999219	0.4302408	0.68341	0.31659	1.337134
34428	-3991.265	-4251.704	260.4389	2.093278	0.4820411	0.751813	0.248187	1.079928
34434	-3987.314	-4247.548	260.2349	2.093278	0.6053311	0.764678	0.235322	1.090485
34440	-3990.711	-4251.161	260.4496	2.093278	0.4867758	0.654545	0.345455	1.062423
34446	-4005.534	-4265.915	260.3804	2.093278	0.5307355	0.741317	0.258683	1.059906
34452	-3995.143	-4255.666	260.5232	2.085921	0.4718202	0.741317	0.258683	1.0232
34458	-3983.609	-4244.032	260.4229	2.085921	0.4885759	0.655998	0.344002	1.091359
34464	-3990.866	-4251.257	260.3911	2.139038	0.4553837	0.669302	0.330698	1.124035
34470	-3978.999	-4239.582	260.5827	2.003265	0.4059581	0.669302	0.330698	1.155046
34476	-3994.056	-4254.523	260.4664	2.022489	0.4496609	0.748161	0.251839	1.169575
34482	-3980.62	-4241.132	260.5119	2.098825	0.4190662	0.661108	0.338892	1.110741
34488	-3985.116	-4245.411	260.2944	2.099082	0.5304493	0.7301	0.2699	1.134092
34494	-3989.219	-4249.504	260.2857	2.071218	0.5421486	0.660247	0.339753	1.150197
34500	-3986.329	-4246.862	260.5334	2.11055	0.4612901	0.630398	0.369602	1.006911
34506	-3990.073	-4250.524	260.4509	2.11055	0.4612901	0.767519	0.232481	1.085997
34512	-3987.657	-4248.177	260.5199	2.11055	0.4593258	0.659071	0.340929	1.023629
34518	-3973.808	-4234.181	260.3729	2.063794	0.5106968	0.618205	0.381795	1.123764
34524	-3974.682	-4234.989	260.3066	1.986038	0.5106968	0.709125	0.290875	1.248377
34530	-3977.084	-4237.246	260.1616	1.965482	0.572083	0.735853	0.264147	1.305505
34536	-3975.476	-4235.71	260.2344	2.007222	0.5479691	0.684136	0.315864	1.241532
34542	-3980.868	-4241.31	260.4423	2.046798	0.4758753	0.684136	0.315864	1.128888
34548	-3967.793	-4228.093	260.3002	1.979019	0.509493	0.724424	0.275576	1.261192
34554	-3968.909	-4228.717	259.8082	1.965982	0.6952269	0.750923	0.249077	1.447238
34560	-3974.87	-4234.82	259.9503	1.917906	0.57676	0.694638	0.305362	1.501294
34566	-3980.903	-4241.172	260.2692	1.945295	0.4615154	0.605418	0.394582	1.378528
34572	-3983.746	-4243.843	260.0979	1.898338	0.5985687	0.680539	0.319461	1.378528
34578	-3980.695	-4240.907	260.2117	1.921074	0.5084115	0.667147	0.332853	1.380481
34584	-3980.079	-4239.973	259.8941	1.904666	0.6273499	0.697384	0.302616	1.498319
34590	-3973.776	-4233.96	260.1838	1.869138	0.4645438	0.688635	0.311365	1.498319
34596	-3978.893	-4239.019	260.1264	1.853909	0.5076051	0.664331	0.335669	1.498319
34602	-3978.109	-4238.185	260.0758	1.923776	0.5937596	0.664331	0.335669	1.381397
34608	-3968.112	-4228.325	260.2129	1.978382	0.5572814	0.664331	0.335669	1.271408
34614	-3975.243	-4235.53	260.2871	1.975079	0.5411397	0.664331	0.335669	1.233185
34620	-3974.301	-4234.482	260.1816	1.957171	0.5240018	0.606844	0.393156	1.355887
34626	-3969.668	-4229.944	260.2761	1.972361	0.4860226	0.636381	0.363619	1.318092
34632	-3977.324	-4237.666	260.3417	1.972361	0.4860226	0.765047	0.234953	1.26457
34638	-3971.776	-4231.923	260.1465	1.924916	0.5723168	0.789871	0.210129	1.349861
34644	-3983.951	-4244.076	260.1254	1.939593	0.6016301	0.666744	0.333256	1.320382
34650	-3986.327	-4246.354	260.0271	1.873876	0.5484792	0.673216	0.326784	1.508959
34656	-3983.962	-4244.046	260.0837	1.84187	0.4740767	0.673216	0.326784	1.58045
34662	-3996.835	-4256.991	260.1557	1.95566	0.493672	0.66111	0.33889	1.416052
34668	-3991.129	-4251.305	260.1759	1.96538	0.5173634	0.733723	0.266277	1.362314
34674	-3993.12	-4253.464	260.3438	2.002278	0.4156761	0.75801	0.24199	1.340103
34680	-3978.251	-4238.442	260.1908	2.073548	0.5182521	0.734653	0.265347	1.261719
34686	-3971.473	-4231.799	260.3259	2.073548	0.5414957	0.666175	0.333825	1.11302
34692	-3970.097	-4230.392	260.2951	2.273366	0.5572411	0.637016	0.362984	0.922377
34698	-3977.584	-4237.989	260.4048	2.218596	0.5221725	0.624985	0.375015	0.922377
34704	-3987.31	-4247.668	260.3578	2.207559	0.5221725	0.638816	0.361184	0.983497
34710	-3978.233	-4238.63	260.397	2.145047	0.5221725	0.726607	0.273393	1.006938
34716	-3979.124	-4239.366	260.2418	2.195315	0.5905374	0.712567	0.287433	1.006938
34722	-3975.534	-4235.954	260.4195	2.232839	0.5077101	0.712567	0.287433	0.9163178
34728	-3969.027	-4229.385	260.3581	2.240058	0.5365454	0.712567	0.287433	0.9250742
34734	-3980.08	-4240.423	260.343	2.207097	0.5573519	0.683421	0.316579	0.9419498
34740	-3967.134	-4227.54	260.4063	2.231765	0.5106585	0.731171	0.268829	0.9266787
34746	-3959.377	-4219.831	260.4546	2.125191	0.5469268	0.672932	0.327068	0.9273188
34752	-3967.26	-4227.715	260.455	2.209327	0.5121478	0.672932	0.327068	0.8949253
34758	-3975.668	-4236.055	260.3869	2.176099	0.5121478	0.711816	0.288184	1.00222
34764	-3980.221	-4240.743	260.5218	2.106023	0.4573051	0.716492	0.283508	1.029616
34770	-3973.634	-4234.152	260.5173	2.085256	0.471854	0.647201	0.352799	1.029616
34776	-3974.976	-4235.423	260.4475	2.146505	0.471854	0.660243	0.339757	1.037912
34782	-3996.934	-4256.977	260.0429	2.146505	0.6460838	0.761808	0.238192	1.163516
34788	-3978.455	-4238.592	260.1375	2.098159	0.6330557	0.662178	0.337822	1.138619
34794	-3980.92	-4241.488	260.5682	2.117899	0.4482438	0.745122	0.254878	0.9877526
34800	-3981.32	-4241.765	260.4445	2.208684	0.5125768	0.677386	0.322614	0.9066059
34806	-3990.092	-4250.632	260.5402	2.215647	0.4548981	0.620289	0.379711	0.9010171
34812	-3976.406	-4236.68	260.2738	2.10135	0.6072142	0.691456	0.308544	1.043725
34818	-3989.31	-4249.699	260.3884	2.110121	0.5368199	0.706059	0.293941	1.026882
34824	-4012.85	-4273.256	260.4064	2.088396	0.5391386	0.786411	0.213589	1.026882
34830	-3992.345	-4252.778	260.4326	2.075871	0.4986799	0.786411	0.213589	1.076063
34836	-3983.261	-4243.43	260.1685	1.997193	0.4986799	0.700967	0.299033	1.367136
34842	-3983.913	-4244.246	260.3326	2.018984	0.5326409	0.700967	0.299033	1.168013
34848	-4003.761	-4263.851	260.0895	2.018984	0.6447838	0.767257	0.232743	1.234503
34854	-3989.46	-4249.864	260.4046	2.080745	0.5352215	0.725325	0.274675	1.042027
34860	-3990.624	-4251.017	260.3935	2.135154	0.4880535	0.62306	0.37694	1.073739
34866	-4007.514	-4267.79	260.276	2.061394	0.6114281	0.754505	0.245495	1.073739
34872	-3999.751	-4260.198	260.4469	2.108738	0.4784359	0.621385	0.378615	1.063752
34878	-3998.075	-4258.372	260.2967	2.08665	0.5353373	0.628767	0.371233	1.136226
34884	-3983.33	-4243.703	260.3735	2.08665	0.5208247	0.645402	0.354598	1.087428
34890	-3982.056	-4242.35	260.2939	2.050275	0.5208247	0.645402	0.354598	1.190771
34896	-3997.541	-4257.736	260.1949	2.072649	0.579524	0.645402	0.354598	1.17852
34902	-3994.549	-4254.45	259.9011	1.850529	0.5195834	0.695165	0.304835	1.651672
34908	-4007.171	-4267.235	260.0637	1.871173	0.5244295	0.751737	0.248263	1.511929
34914	-3984.615	-4244.957	260.342	1.859413	0.4547358	0.558752	0.441248	1.39805
34920	-3992.87	-4253.344	260.4736	1.939057	0.4647815	0.724625	0.275375	1.212382
34926	-4004.517	-4264.711	260.1935	1.966027	0.5115646	0.678102	0.321898	1.355319
34932	-3995.377	-4255.312	259.9352	1.911462	0.5940631	0.752857	0.247143	1.498263
34938	-3997.198	-4256.987	259.7894	1.754572	0.5025261	0.649881	0.350119	1.817094
34944	-3986.591	-4246.153	259.5624	1.754572	0.5066389	0.739592	0.260408	1.966826
34950	-3992.145	-4251.859	259.7142	1.742779	0.5472386	0.739592	0.260408	1.827818
34956	-3980.032	-4239.47	259.4378	1.617885	0.5472386	0.721337	0.278663	2.097188
34962	-3973.606	-4232.683	259.0763	1.566802	0.5101675	0.677233	0.322767	2.400514
34968	-3982.801	-4241.89	259.0885	1.573359	0.498728	0.677233	0.322767	2.400514
34974	-3991.026	-4249.661	258.6355	1.600308	0.7247942	0.718177	0.281823	2.463309
34980	-3984.471	-4244.124	259.6535	1.600924	0.5469303	0.756242	0.243758	1.965677
34986	-3978.402	-4237.752	259.3503	1.606473	0.5469303	0.801035	0.198965	2.162138
34992	-3984.52	-4244.258	259.7379	1.734876	0.611586	0.738476	0.261524	1.750228
34998	-3991.286	-4251.149	259.8623	1.788358	0.5693571	0.758236	0.241764	1.668384
35004	-3987.828	-4247.797	259.9693	1.894689	0.5779883	0.668057	0.331943	1.503095
35010	-3987.148	-4247.023	259.8751	1.912225	0.7104452	0.630207	0.369793	1.421961
35016	-3981.029	-4241.294	260.2646	1.999861	0.5764802	0.722407	0.277593	1.185163
35022	-3992.601	-4252.692	260.0917	2.045509	0.5437743	0.722407	0.277593	1.332216
35028	-3981.065	-4241.347	260.2824	1.978305	0.5042805	0.764939	0.235061	1.283472
35034	-3998.669	-4258.722	260.0533	1.878294	0.4862092	0.677052	0.322948	1.560875
35040	-4000.405	-4260.578	260.1727	1.980177	0.3667071	0.688089	0.311911	1.560875
35046	-3997.573	-4257.899	260.3258	1.912308	0.45575	0.598839	0.401161	1.367877
35052	-3984.709	-4244.764	260.0549	1.884781	0.45575	0.579536	0.420464	1.593398
35058	-3990.606	-4250.185	259.5791	1.884657	0.6070426	0.671917	0.328083	1.761081
35064	-3987.208	-4247.265	260.0569	1.887398	0.4847715	0.806806	0.193194	1.553335
35070	-3987.369	-4247.514	260.145	1.926451	0.4381115	0.673604	0.326396	1.519567
35076	-4000.67	-4261.037	260.3665	1.871305	0.3428018	0.673604	0.326396	1.535071
35082	-4000.076	-4260.334	260.2578	1.843942	0.4104727	0.715712	0.284288	1.535071
35088	-3999.32	-4259.5	260.1793	1.8512	0.4885728	0.7619	0.2381	1.484275
35094	-3988.765	-4248.67	259.9049	1.815872	0.5338796	0.657128	0.342872	1.657424
35100	-3988.466	-4248.26	259.7944	1.819184	0.6218599	0.657128	0.342872	1.639991
35106	-3995.679	-4255.415	259.7359	1.785441	0.6218599	0.657128	0.342872	1.705783
35112	-3995.9	-4256.164	260.2644	1.851751	0.4708424	0.659635	0.340365	1.442142
35118	-4000.045	-4260.184	260.1392	1.979988	0.4690868	0.659635	0.340365	1.442142
35124	-3999.782	-4259.993	260.2111	2.039982	0.463091	0.52851	0.47149	1.347453
35130	-3996.915	-4257.103	260.1884	1.969815	0.4757941	0.711656	0.288344	1.403149
35136	-4006.203	-4266.58	260.3768	1.896223	0.4119178	0.712231	0.287769	1.403149
35142	-3991.329	-4251.322	259.993	1.983357	0.5721952	0.712231	0.287769	1.424371
35148	-3994.601	-4254.949	260.3484	1.929674	0.4691089	0.742271	0.257729	1.317468
35154	-4011.148	-4271.303	260.1549	1.844855	0.4913063	0.744162	0.255838	1.503971
35160	-4006.904	-4267.166	260.2618	1.803983	0.4144044	0.752034	0.247966	1.556161
35166	-3995.505	-4255.489	259.9836	1.881927	0.4221005	0.690634	0.309366	1.6905
35172	-3991.85	-4252.301	260.4513	1.909689	0.3906206	0.676338	0.323662	1.366398
35178	-3999.38	-4259.964	260.5842	1.909689	0.3906206	0.608144	0.391856	1.258965
35184	-3995.863	-4256.051	260.1881	2.087625	0.5646388	0.746033	0.253967	1.190832
35190	-3999.604	-4259.843	260.239	2.140772	0.610699	0.791655	0.208345	1.034447
35196	-3993.859	-4254.244	260.3844	2.242346	0.5066933	0.754613	0.245387	0.9458127
35202	-3988.929	-4249.351	260.4212	2.239754	0.4899161	0.780183	0.219817	0.9389966
35208	-3978.776	-4239.164	260.388	2.20165	0.5312138	0.669266	0.330734	0.9432313
35214	-3970.759	-4231.268	260.5087	2.20165	0.4210145	0.724015	0.275985	1.013158
35220	-3976.306	-4236.72	260.4132	2.137829	0.4795543	0.737193	0.262807	1.066222
35226	-3977.459	-4237.903	260.4434	2.1627	0.4472463	0.737193	0.262807	1.067429
35232	-3978.109	-4238.372	260.2639	2.205372	0.5063971	0.609881	0.390119	1.100531
35238	-3990.823	-4251.204	260.3804	2.138086	0.4790387	0.670865	0.329135	1.097301
35244	-3992.217	-4252.518	260.3017	2.140796	0.5087593	0.670865	0.329135	1.121413
35250	-3986.183	-4246.354	260.1711	2.197032	0.6150656	0.733095	0.266905	1.039617
35256	-3989.307	-4249.385	260.0779	2.197032	0.6150656	0.677724	0.322276	1.126208
35262	-3984.489	-4244.619	260.1299	2.162044	0.6032311	0.666193	0.333807	1.126208
35268	-3984.835	-4245.238	260.403	2.101625	0.4741905	0.705713	0.294287	1.117525
35274	-3992.493	-4252.789	260.2955	2.05132	0.6008987	0.592426	0.407574	1.079103
35280	-4006.429	-4266.627	260.1974	2.056174	0.5491021	0.600198	0.399802	1.230014
35286	-4002.798	-4263.366	260.5686	2.036853	0.440517	0.709374	0.290626	1.079382
35292	-4008.443	-4268.971	260.5281	2.152314	0.4498705	0.705757	0.294243	0.9905781
35298	-4000.128	-4260.658	260.5298	2.259776	0.3750049	0.626439	0.373561	1.022712
35304	-3987.668	-4247.785	260.1166	1.928994	0.5992074	0.669746	0.330254	1.338756
35310	-4001.33	-4261.411	260.081	1.8822	0.5218107	0.67124	0.32876	1.493866
35316	-3988.749	-4248.848	260.0983	1.8822	0.5116264	0.668113	0.331887	1.493234
35322	-3999.491	-4259.666	260.1746	1.952672	0.4198691	0.775489	0.224511	1.50292
35328	-3989.994	-4250.237	260.2435	1.952672	0.4836674	0.601952	0.398048	1.362907
35334	-3970.377	-4230.695	260.3181	1.940155	0.4540262	0.610176	0.389824	1.354359
35340	-3993.862	-4254.144	260.2815	1.940155	0.4816269	0.610176	0.389824	1.345472
35346	-3986.463	-4246.745	260.2824	1.964625	0.5039385	0.610176	0.389824	1.29504
35352	-3987.18	-4247.613	260.4327	1.918312	0.4434398	0.610176	0.389824	1.29504
35358	-3985.241	-4245.648	260.4067	1.968755	0.5019788	0.761731	0.238269	1.190271
35364	-3977.534	-4237.836	260.3016	1.961408	0.5184137	0.767754	0.232246	1.262637
35370	-3979.318	-4239.611	260.293	1.961408	0.4654271	0.573247	0.426753	1.341543
35376	-3984.591	-4245.006	260.4151	2.038481	0.4051709	0.677766	0.322234	1.269087
35382	-3985.366	-4245.508	260.1425	2.012172	0.5212091	0.66132	0.33868	1.346791
35388	-3993.188	-4253.345	260.1565	1.933043	0.5491518	0.653852	0.346148	1.363493
35394	-3978.785	-4239.091	260.3053	2.112805	0.4658914	0.774042	0.225958	1.206109
35400	-3979.963	-4240.258	260.2948	2.112805	0.5409611	0.746066	0.253934	1.10636
35406	-3998.986	-4259.195	260.2085	2.141204	0.6177742	0.714575	0.285425	1.053588
35412	-3991.978	-4252.077	260.099	2.124378	0.6241878	0.670269	0.329731	1.160524
35418	-3997.214	-4257.242	260.0277	2.077868	0.5733163	0.634759	0.365241	1.32135
35424	-3986.292	-4246.292	259.9999	1.90917	0.5523001	0.717725	0.282275	1.498472
35430	-3990.613	-4250.848	260.2354	1.90917	0.4793446	0.785494	0.214506	1.40905
35436	-3983.83	-4244.015	260.1848	1.886129	0.4833954	0.683374	0.316626	1.460319
35442	-4008.13	-4268.293	260.1628	1.999238	0.5649036	0.689306	0.310694	1.285834
35448	-4013.067	-4273.277	260.2101	2.059079	0.5434626	0.584875	0.415125	1.224214
35454	-4013.184	-4273.046	259.8623	1.880325	0.61597	0.596156	0.403844	1.552079
35460	-4017.161	-4277.14	259.9791	1.889029	0.5509022	0.712582	0.287418	1.530663
35466	-4005.413	-4265.385	259.9724	1.879112	0.4845532	0.581556	0.418444	1.62129
35472	-4004.277	-4264.396	260.1189	1.879112	0.4845532	0.680188	0.319812	1.513732
35478	-3993.832	-4253.516	259.6834	1.853689	0.5493302	0.698635	0.301365	1.770043
35484	-3997.272	-4256.977	259.7051	1.673984	0.5791024	0.61493	0.38507	1.847988
35490	-3991.226	-4251.357	260.1313	1.673984	0.4169603	0.735695	0.264305	1.739811
35496	-4002.454	-4262.219	259.765	1.767244	0.6489625	0.663276	0.336724	1.671145
35502	-4005.735	-4266.235	260.4999	2.085018	0.5196793	0.708461	0.291539	0.9675288
35508	-3993.832	-4254.156	260.3241	2.083387	0.5286216	0.650063	0.349937	1.124055
35514	-3997.908	-4258.263	260.3547	2.083387	0.5643293	0.676147	0.323853	1.044129
35520	-3999.586	-4259.858	260.2715	2.029039	0.5506584	0.669779	0.330221	1.187921
35526	-3997.628	-4258.022	260.3943	2.01597	0.4952254	0.694481	0.305519	1.1698
35532	-3998.153	-4258.319	260.1662	2.206082	0.5954463	0.694481	0.305519	1.062722
35538	-3992.859	-4253.122	260.263	2.202927	0.539836	0.684931	0.315069	1.053703
35544	-4001.974	-4262.006	260.0321	1.867207	0.5060227	0.693401	0.306599	1.560439
35550	-4002.424	-4262.712	260.2884	2.115627	0.4484472	0.685916	0.314084	1.243896
35556	-3990.374	-4250.69	260.3165	2.046534	0.4803417	0.685916	0.314084	1.231688
35562	-3985.594	-4245.969	260.3755	1.967685	0.4567155	0.685916	0.314084	1.2821
35568	-4010.474	-4270.617	260.143	2.024264	0.6397089	0.731519	0.268481	1.190383
35574	-3992.804	-4253.053	260.2493	2.185936	0.5934283	0.736303	0.263697	1.00453
35580	-3989.422	-4249.829	260.4069	2.034489	0.5483002	0.695035	0.304965	1.064388
35586	-3989.895	-4250.267	260.3721	2.034489	0.5149909	0.687733	0.312267	1.14444
35592	-3991.213	-4251.443	260.2301	2.034489	0.5149909	0.762309	0.237691	1.265904
35598	-3984.309	-4244.714	260.405	1.955961	0.5149909	0.762309	0.237691	1.184415
35604	-3988.581	-4248.935	260.3542	1.955961	0.4631937	0.692785	0.307215	1.299855
35610	-3993.51	-4253.748	260.2382	1.978902	0.501166	0.682909	0.317091	1.322941
35616	-3984.114	-4244.395	260.2807	1.98316	0.5144884	0.665259	0.334741	1.267111
35622	-3978.385	-4238.4	260.0144	2.044977	0.6145625	0.665259	0.334741	1.309899
35628	-3982.419	-4242.625	260.2052	2.061281	0.5845839	0.720676	0.279324	1.172912
35634	-3983.441	-4243.682	260.241	2.072099	0.5463621	0.711625	0.288375	1.182811
35640	-3995.074	-4254.949	259.8758	1.954586	0.7223761	0.76359	0.23641	1.376601
35646	-3995.598	-4255.899	260.3005	2.036586	0.5167591	0.720082	0.279918	1.202507
35652	-3990.014	-4250.298	260.2841	2.056162	0.5667181	0.640215	0.359785	1.131365
35658	-3995.764	-4255.932	260.1675	2.096581	0.5741161	0.744185	0.255815	1.1885
35664	-4011.708	-4271.887	260.1791	2.06776	0.5826226	0.595868	0.404132	1.192451
35670	-3999.191	-4259.424	260.2329	2.06776	0.5551141	0.616079	0.383921	1.181888
35676	-3988.771	-4249.048	260.2762	1.975843	0.5551141	0.650648	0.349352	1.223487
35682	-3999.715	-4259.722	260.0067	2.034339	0.5468976	0.733494	0.266506	1.404238
35688	-3996.079	-4256.172	260.0931	1.964915	0.5144014	0.733494	0.266506	1.430937
35694	-4009.931	-4269.89	259.9588	2.017517	0.5144014	0.563084	0.436916	1.492975
35700	-3996.895	-4257.008	260.1127	2.024397	0.6270926	0.561792	0.438208	1.231138
35706	-3990.075	-4250.26	260.1855	2.142584	0.5917496	0.561792	0.438208	1.10869
35712	-3996.715	-4256.911	260.1961	2.039074	0.5917496	0.76414	0.23586	1.190927
35718	-3990.179	-4250.336	260.1574	1.990726	0.5871268	0.665999	0.334001	1.269975
35724	-4004.39	-4264.378	259.9883	1.862708	0.608602	0.68486	0.31514	1.479064
35730	-3990.131	-4250.059	259.928	1.987882	0.5907632	0.707685	0.292315	1.449515
35736	-4002.432	-4262.727	260.2947	2.091753	0.5296171	0.704169	0.295831	1.141491
35742	-3993.312	-4253.563	260.2512	2.119744	0.5296171	0.707538	0.292462	1.155262
35748	-3994.172	-4254.437	260.2643	2.038655	0.5141479	0.727855	0.272145	1.235053
35754	-3991.408	-4251.36	259.9524	2.057271	0.7199402	0.702613	0.297387	1.233694
35760	-4004.301	-4264.543	260.2421	1.993171	0.5469929	0.749668	0.250332	1.248055
35766	-3989.222	-4249.674	260.4521	2.068907	0.4644279	0.78715	0.21285	1.117954
35772	-3989.657	-4249.886	260.2294	2.032372	0.5763167	0.698756	0.301244	1.187668
35778	-3990.849	-4251.169	260.3197	2.037369	0.4930306	0.698756	0.301244	1.218661
35784	-3995.819	-4256.138	260.3186	2.042536	0.4930306	0.705935	0.294065	1.215223
35790	-3992.38	-4252.609	260.2291	2.06378	0.5495559	0.750365	0.249635	1.196001
35796	-3991.053	-4251.363	260.3102	2.112093	0.5486437	0.732881	0.267119	1.081791
35802	-3996.068	-4256.591	260.5234	2.055026	0.439832	0.732881	0.267119	1.10544
35808	-3985.196	-4245.41	260.2142	2.055445	0.6085292	0.70218	0.29782	1.139319
35814	-3996.793	-4256.959	260.1653	1.988834	0.6226741	0.755741	0.244259	1.222039
35820	-3989.273	-4249.429	260.156	2.028085	0.6017517	0.770068	0.229932	1.222039
35826	-3984.308	-4244.652	260.3439	2.034998	0.53752	0.740128	0.259872	1.137145
35832	-3993.791	-4254.217	260.4262	2.033526	0.4877579	0.614988	0.385012	1.137145
35838	-3989.811	-4250.221	260.4098	2.033526	0.4629097	0.72962	0.27038	1.188876
35844	-3995.576	-4256.037	260.4603	2.037851	0.4763154	0.630799	0.369201	1.120067
35850	-3989.445	-4249.877	260.4318	2.043446	0.4653141	0.647885	0.352115	1.157382
35856	-3979.917	-4240.119	260.2021	2.061844	0.6124472	0.565557	0.434443	1.139391
35862	-3993.638	-4253.987	260.3486	2.065282	0.5052829	0.765855	0.234145	1.151977
35868	-3990.997	-4251.307	260.3104	2.065282	0.5541973	0.765855	0.234145	1.116677
35874	-3997.91	-4258.118	260.208	1.959346	0.4979167	0.733633	0.266367	1.366878
35880	-3980.006	-4240.197	260.1913	1.962328	0.4785247	0.682475	0.317525	1.403132
35886	-3985.229	-4245.404	260.1746	2.043086	0.5580938	0.7176	0.2824	1.248436
35892	-3990.61	-4251.129	260.5183	2.046226	0.5103182	0.650944	0.349056	1.003622
35898	-3979.662	-4239.991	260.3282	2.134369	0.5118162	0.712392	0.287608	1.098571
35904	-3979.796	-4240.124	260.3282	2.134369	0.5118162	0.627535	0.372465	1.098571
35910	-3979.502	-4239.92	260.4181	2.08654	0.477523	0.659605	0.340395	1.112377
35916	-3984.312	-4244.513	260.201	2.075091	0.6250014	0.693468	0.306532	1.112377
35922	-3986.959	-4247.473	260.5147	2.034199	0.4344035	0.693468	0.306532	1.140907
35928	-4003.319	-4263.576	260.2574	2.051489	0.5960646	0.623761	0.376239	1.120347
35934	-4003.328	-4263.756	260.4281	2.051489	0.4870624	0.592099	0.407901	1.120347
35940	-3979.002	-4239.328	260.3259	2.004445	0.489461	0.679721	0.320279	1.246208
35946	-3987.244	-4247.293	260.049	1.961953	0.6650341	0.726612	0.273388	1.292294
35952	-4005.797	-4265.913	260.1156	1.936244	0.5352349	0.719641	0.280359	1.409985
35958	-3995.753	-4255.822	260.0694	1.949996	0.5352349	0.692993	0.307007	1.434982
35964	-3985.518	-4245.473	259.9551	1.87679	0.5979251	0.665601	0.334399	1.505117
35970	-3980.83	-4240.867	260.037	1.859042	0.5550481	0.682935	0.317065	1.505117
35976	-3985.709	-4245.781	260.0722	1.826215	0.5550481	0.745504	0.254496	1.503349
35982	-3990.26	-4250.34	260.0803	1.875882	0.5030551	0.745504	0.254496	1.521889
35988	-3975.078	-4235.079	260.0007	1.859798	0.547988	0.733527	0.266473	1.539671
35994	-3974.303	-4234.356	260.0525	1.796754	0.547988	0.627148	0.372852	1.54798
36000	-3975.939	-4235.877	259.9377	1.861644	0.464525	0.627148	0.372852	1.683369
36006	-3976.108	-4236.216	260.1083	1.861644	0.580774	0.718674	0.281326	1.419355
36012	-3976.205	-4236.089	259.8833	1.821939	0.6295196	0.651776	0.348224	1.565482
36018	-3988.431	-4248.271	259.8404	1.909662	0.5981995	0.651776	0.348224	1.565482
36024	-3971.205	-4231.25	260.0443	1.878486	0.4877608	0.734113	0.265887	1.565482
36030	-3985.781	-4245.91	260.1291	1.809846	0.4786237	0.631917	0.368083	1.564955
36036	-3980.002	-4239.981	259.9793	1.808695	0.4786237	0.631917	0.368083	1.674154
36042	-3996.036	-4256.063	260.0268	1.849136	0.5564385	0.607392	0.392608	1.518551
36048	-3990.348	-4250.245	259.8974	1.918773	0.4833762	0.751914	0.248086	1.648185
36054	-3981.13	-4241.303	260.1736	1.882763	0.4744046	0.639467	0.360533	1.482892
36060	-3986.312	-4246.648	260.3361	1.970852	0.4746563	0.718049	0.281951	1.28625
36066	-3978.2	-4238.5	260.3003	1.9555	0.4578039	0.610957	0.389043	1.35108
36072	-3974.863	-4234.923	260.0598	2.042755	0.5658558	0.662411	0.337589	1.332809
36078	-3984.618	-4245.061	260.4431	2.042755	0.4602861	0.620256	0.379744	1.155757
36084	-3973.594	-4233.982	260.388	2.025319	0.5126453	0.745174	0.254826	1.141869
36090	-3974.888	-4235.206	260.3174	2.011703	0.4605457	0.674431	0.325569	1.288124
36096	-3987.246	-4247.495	260.2493	1.961228	0.4911711	0.674431	0.325569	1.341533
36102	-3992.123	-4252.59	260.4671	1.961228	0.4857572	0.739744	0.260256	1.167838
36108	-3985.023	-4244.981	259.958	1.947141	0.6141592	0.586363	0.413637	1.431806
36114	-3991.526	-4251.555	260.0285	1.898775	0.5495675	0.718637	0.281363	1.488002
36120	-3988.152	-4248.21	260.0578	1.924905	0.5403182	0.686933	0.313067	1.456914
36126	-3999.405	-4259.417	260.0127	1.901552	0.5403182	0.673797	0.326203	1.508568
36132	-3976.043	-4235.998	259.9554	1.901552	0.5428124	0.689413	0.310587	1.548262
36138	-3985.494	-4245.584	260.0904	1.901552	0.4610471	0.672934	0.327066	1.548262
36144	-3992.265	-4252.404	260.1389	1.901552	0.5149464	0.668696	0.331304	1.443724
36150	-3994.119	-4254.018	259.8989	1.877007	0.6435841	0.668696	0.331304	1.498524
36156	-4008.158	-4268.074	259.9164	1.945787	0.6220159	0.626919	0.373081	1.45606
36162	-3997.865	-4257.72	259.855	1.948867	0.6827247	0.739062	0.260938	1.437088
36168	-3996.008	-4256.23	260.2226	1.912243	0.4768583	0.756997	0.243003	1.419822
36174	-4001.189	-4261.225	260.0357	2.00516	0.6561932	0.697504	0.302496	1.277622
36180	-3998.194	-4258.226	260.0323	2.00516	0.6158723	0.69223	0.30777	1.326038
36186	-4011.191	-4271.146	259.9548	1.989618	0.5879373	0.716101	0.283899	1.430878
36192	-4011.691	-4271.818	260.1271	1.989618	0.4728233	0.657964	0.342036	1.439082
36198	-4004.766	-4264.859	260.0927	1.978917	0.4921649	0.654266	0.345734	1.448502
36204	-3995.294	-4255.496	260.2022	2.107846	0.5606815	0.739494	0.260506	1.166272
36210	-3989.565	-4249.951	260.386	2.127131	0.4822207	0.60344	0.39656	1.097331
36216	-3997.903	-4258.216	260.3135	1.939662	0.4741415	0.722399	0.277601	1.330534
36222	-4005.639	-4265.857	260.2183	2.047305	0.5509062	0.699336	0.300664	1.217504
36228	-4009.545	-4269.738	260.1928	2.130446	0.646601	0.589882	0.410118	1.040222
36234	-4014.509	-4274.846	260.3371	1.951438	0.462767	0.597724	0.402276	1.317885
36240	-4002.662	-4262.814	260.1524	1.947778	0.5162452	0.609739	0.390261	1.395991
36246	-3997.184	-4257.177	259.9927	1.915913	0.5563253	0.6065	0.3935	1.494205
36252	-3994.775	-4254.768	259.9926	1.915913	0.5563253	0.651365	0.348635	1.494252
36258	-3985.313	-4245.438	260.1243	1.956483	0.5563253	0.711524	0.288476	1.361672
36264	-3985.34	-4245.521	260.1809	1.962365	0.5147507	0.642313	0.357687	1.364074
36270	-3992.109	-4252.252	260.1439	1.962365	0.5347424	0.631893	0.368107	1.368026
36276	-3996.346	-4256.59	260.2444	1.946763	0.4818075	0.631893	0.368107	1.369385
36282	-3997.747	-4257.945	260.1975	1.88827	0.4917103	0.78232	0.21768	1.43827
36288	-4006.932	-4267.196	260.2635	1.88827	0.4533398	0.703243	0.296757	1.43827
36294	-3981.126	-4241.298	260.1715	1.868632	0.4630118	0.680447	0.319553	1.509874
36300	-4000.591	-4260.656	260.0648	1.902281	0.4630118	0.726835	0.273165	1.564076
36306	-3985.015	-4244.973	259.9572	1.818957	0.5359408	0.729482	0.270518	1.615207
36312	-3991.516	-4251.769	260.253	1.856406	0.4894822	0.653318	0.346682	1.42296
36318	-3993.069	-4252.995	259.9259	1.764196	0.4814741	0.672296	0.327704	1.739943
36324	-3985.673	-4245.512	259.8381	1.776181	0.4810933	0.701463	0.298537	1.793244
36330	-3979.777	-4239.823	260.0459	1.776181	0.4440656	0.640776	0.359224	1.692884
36336	-3977.904	-4237.815	259.9109	1.788179	0.5163117	0.792027	0.207973	1.692884
36342	-3984.045	-4243.992	259.9473	1.788179	0.5059289	0.716243	0.283757	1.679037
36348	-3988.364	-4248.088	259.7244	1.832676	0.5097074	0.716243	0.283757	1.799893
36354	-4005.535	-4265.429	259.8933	1.95438	0.6309898	0.688229	0.311771	1.457521
36360	-3989.623	-4249.976	260.3527	2.226743	0.5262147	0.69635	0.30365	0.9623369
36366	-3991.808	-4252.313	260.5043	2.226743	0.4494775	0.711295	0.288705	0.9387484
36372	-3985.017	-4245.171	260.1538	1.884465	0.5897589	0.632475	0.367525	1.355607
36378	-4000.733	-4260.577	259.8444	1.9421	0.7107044	0.630409	0.369591	1.422414
36384	-3990.82	-4251.098	260.2775	2.138986	0.5326041	0.734235	0.265765	1.110245
36390	-3997.433	-4257.769	260.3354	2.011741	0.5534581	0.771921	0.228079	1.143292
36396	-3996.803	-4257.132	260.3286	2.303527	0.540875	0.692464	0.307536	0.8792896
36402	-3995.347	-4255.806	260.4589	2.254466	0.4836141	0.692464	0.307536	0.8930096
36408	-3994.913	-4255.436	260.5233	2.182733	0.4369991	0.705446	0.294554	0.9880127
36414	-3988.935	-4249.222	260.2874	2.088252	0.5670566	0.657093	0.342907	1.098794
36420	-3994.184	-4254.66	260.4752	2.126344	0.3956763	0.617938	0.382062	1.158758
36426	-4002.599	-4262.986	260.387	1.993299	0.3700704	0.708918	0.291082	1.383426
36432	-3992.77	-4253.119	260.3486	1.993299	0.4975654	0.599953	0.400047	1.225167
36438	-3995.686	-4255.769	260.0839	1.942214	0.5398576	0.656151	0.343849	1.42422
36444	-3992.289	-4252.663	260.3742	1.975219	0.5271195	0.6697	0.3303	1.177582
36450	-3995.198	-4255.59	260.3917	2.091208	0.4478477	0.716147	0.283853	1.177582
36456	-4001.141	-4261.62	260.4796	2.091694	0.4385374	0.780895	0.219105	1.114052
36462	-3986.811	-4247.205	260.394	2.131774	0.5176488	0.765407	0.234593	1.030015
36468	-3986.872	-4247.312	260.4393	2.078611	0.5143581	0.782852	0.217148	1.04278
36474	-3977.881	-4238.298	260.4173	2.178796	0.5143581	0.670723	0.329277	0.9648713
36480	-3980.405	-4240.781	260.3753	2.275882	0.5369986	0.632442	0.367558	0.8640823
36486	-3980.033	-4240.465	260.4314	2.275882	0.4601059	0.676022	0.323978	0.9440802
36492	-3981.787	-4242.219	260.4323	2.254852	0.5041227	0.642256	0.357744	0.8837887
36498	-3979.521	-4239.881	260.3606	2.222319	0.517296	0.621255	0.378745	0.9735274
36504	-3982.782	-4243.256	260.474	2.222319	0.4858937	0.702422	0.297578	0.9078416
36510	-3998.191	-4258.618	260.4268	2.165698	0.5135643	0.655185	0.344815	0.96993
36516	-3993.402	-4253.699	260.2972	2.165698	0.5539022	0.73424	0.26576	1.03561
36522	-3982.596	-4242.927	260.3308	2.165698	0.5324107	0.799808	0.200192	1.03561
36528	-3978.19	-4238.52	260.3306	2.261932	0.5309558	0.764842	0.235158	0.9406451
36534	-3993.888	-4254.223	260.3346	2.288619	0.5073748	0.740628	0.259372	0.9483669
36540	-3995.514	-4255.911	260.3973	2.334684	0.5209601	0.740628	0.259372	0.7944238
36546	-3987.457	-4247.842	260.3857	2.394907	0.491274	0.675921	0.324079	0.7944238
36552	-3989.1	-4249.601	260.5001	2.352019	0.4694932	0.709883	0.290117	0.745254
36558	-3993.968	-4254.341	260.3724	2.352019	0.5423508	0.641874	0.358126	0.7573149
36564	-3984.259	-4244.738	260.4787	2.352019	0.4729785	0.625513	0.374487	0.7679168
36570	-3982.896	-4243.199	260.3031	2.361047	0.577058	0.744835	0.255165	0.7679168
36576	-3991.041	-4251.395	260.3539	2.198963	0.5863355	0.697116	0.302884	0.8909515
36582	-3997.072	-4257.403	260.3312	2.204629	0.5863355	0.689039	0.310961	0.9101055
36588	-3992.016	-4252.289	260.2735	2.262315	0.5863355	0.711672	0.288328	0.9101055
36594	-3990.987	-4251.307	260.3201	2.113861	0.5638684	0.731157	0.268843	1.048786
36600	-3996.856	-4257.23	260.3738	2.080473	0.5638684	0.793144	0.206856	1.029262
36606	-3991.92	-4252.263	260.3436	2.056375	0.5638684	0.696725	0.303275	1.080838
36612	-4000.005	-4260.382	260.3771	2.129165	0.5820185	0.673641	0.326359	0.9489866
36618	-3995.67	-4255.998	260.3275	2.226091	0.5820185	0.704803	0.295197	0.8974078
36624	-4008.808	-4269.385	260.5767	2.180753	0.4205734	0.712707	0.287293	0.9662951
36630	-3996.156	-4256.514	260.3584	2.180753	0.5492354	0.750438	0.249562	0.9666055
36636	-3986.762	-4247.136	260.3738	2.234818	0.5393861	0.657219	0.342781	0.9086543
36642	-3992.971	-4253.482	260.5113	2.249143	0.4315861	0.638785	0.361215	0.9417827
36648	-3988.186	-4248.674	260.4881	2.189069	0.5002591	0.677553	0.322447	0.9023886
36654	-3990.11	-4250.451	260.3415	2.189069	0.47289	0.693683	0.306317	1.095913
36660	-3988.064	-4248.417	260.3534	2.117233	0.550821	0.596354	0.403646	1.032726
36666	-3988.561	-4249.039	260.4772	2.204812	0.4395237	0.596354	0.403646	1.007602
36672	-3988.298	-4248.863	260.5648	2.17976	0.4600531	0.652159	0.347841	0.9035706
36678	-3999.086	-4259.361	260.2751	2.076448	0.6028821	0.652159	0.347841	1.072035
36684	-3987.885	-4248.53	260.6452	2.128883	0.4249944	0.735974	0.264026	0.9402539
36690	-3988.269	-4248.573	260.3036	1.961197	0.4629241	0.686442	0.313558	1.336725
36696	-4000.293	-4260.24	259.9471	1.878056	0.5358349	0.650498	0.349502	1.579631
36702	-3998	-4258.39	260.3895	2.142106	0.5143814	0.680114	0.319886	1.029541
36708	-3984.081	-4244.419	260.3374	2.148406	0.5317793	0.669594	0.330406	1.046783
36714	-3986.726	-4247.083	260.357	2.153946	0.5160982	0.640599	0.359401	1.046783
36720	-4005.779	-4266.164	260.3853	2.050477	0.5481194	0.697967	0.302033	1.069942
36726	-4002.495	-4262.819	260.3237	2.050477	0.5315566	0.663662	0.336338	1.149702
36732	-4003.27	-4263.359	260.0891	2.050477	0.632817	0.66313	0.33687	1.222308
36738	-4010.779	-4271.116	260.3367	1.97507	0.5574192	0.597707	0.402293	1.169074
36744	-4014.978	-4274.693	259.7145	1.771102	0.5535774	0.623065	0.376935	1.801264
36750	-4000.099	-4260.293	260.1938	1.992698	0.5703665	0.62453	0.37547	1.25889
36756	-3986.096	-4246.628	260.5316	2.098393	0.4212842	0.762752	0.237248	1.089321
36762	-3985.14	-4245.751	260.6108	2.134317	0.4057589	0.633909	0.366091	1.007198
36768	-3985.923	-4246.506	260.5831	2.196541	0.4191979	0.633909	0.366091	0.945814
36774	-3997.528	-4257.867	260.3385	2.196541	0.5786207	0.630345	0.369655	0.9235879
36780	-3986.511	-4246.973	260.4617	2.196541	0.4484647	0.682478	0.317522	1.015157
36786	-3984.581	-4245.028	260.4472	2.27125	0.501128	0.702977	0.297023	0.8526956
36792	-3988.708	-4248.952	260.2438	2.020555	0.5856744	0.705242	0.294758	1.173414
36798	-3994.784	-4255.184	260.4002	2.020555	0.5133014	0.579542	0.420458	1.134301
36804	-4003.818	-4264.271	260.4529	2.108276	0.4751433	0.518875	0.481125	1.06376
36810	-3986.44	-4246.741	260.3015	2.172067	0.5282727	0.716977	0.283023	1.06376
36816	-3980.183	-4240.748	260.5655	2.172067	0.4379997	0.716977	0.283023	0.9537168
36822	-3987.151	-4247.58	260.429	2.198813	0.5077688	0.681009	0.318991	0.9427908
36828	-3990.341	-4250.796	260.4546	2.107859	0.4947221	0.681009	0.318991	1.030964
36834	-3991.802	-4252.281	260.4791	2.059031	0.4376376	0.723226	0.276774	1.145264
36840	-3992.037	-4252.401	260.3634	2.065154	0.4958028	0.656984	0.343016	1.15285
36846	-3981.692	-4241.944	260.2513	2.13157	0.515102	0.730199	0.269801	1.165209
36852	-3988.032	-4248.372	260.3397	2.081103	0.4218373	0.724284	0.275716	1.270158
36858	-3985.728	-4246.043	260.3155	1.964361	0.405293	0.784719	0.215281	1.407636
36864	-3995.772	-4255.962	260.1907	2.022185	0.4798074	0.708244	0.291756	1.354885
36870	-3994.408	-4254.567	260.159	1.997443	0.5005422	0.708218	0.291782	1.372028
36876	-3993.459	-4253.941	260.4825	2.063458	0.3988887	0.726823	0.273177	1.201578
36882	-3985.628	-4245.82	260.1928	1.936388	0.5002528	0.690756	0.309244	1.393726
36888	-3995.889	-4255.396	259.507	1.790639	0.5361619	0.566884	0.433116	1.947966
36894	-4002.837	-4262.94	260.1033	2.014535	0.5032734	0.576174	0.423826	1.398713
36900	-4003.921	-4263.529	259.6081	1.715507	0.4522019	0.613201	0.386799	2.024248
36906	-3993.237	-4252.671	259.4343	1.664745	0.4522019	0.686753	0.313247	2.171658
36912	-3993.865	-4253.594	259.7289	1.856223	0.5418529	0.686753	0.313247	1.74462
36918	-3990.162	-4250.178	260.0167	1.838151	0.5067657	0.676603	0.323397	1.592059
36924	-4002.161	-4261.76	259.5985	1.804698	0.5711809	0.703748	0.296252	1.839565
36930	-3985.371	-4244.776	259.4054	1.668825	0.5168418	0.748625	0.251375	2.116599
36936	-4002.494	-4261.818	259.3239	1.710392	0.541971	0.670518	0.329482	2.116599
36942	-4009.154	-4268.584	259.431	1.70266	0.5432566	0.676102	0.323898	2.049898
36948	-4008.78	-4268.027	259.2471	1.747747	0.5380445	0.684064	0.315936	2.146389
36954	-3988.732	-4248.499	259.767	1.753236	0.5380445	0.754396	0.245604	1.794022
36960	-3982.054	-4241.8	259.7455	1.711541	0.5793704	0.668995	0.331005	1.794022
36966	-3970.251	-4230.421	260.1709	1.882124	0.4515227	0.77033	0.22967	1.51537
36972	-3977.727	-4237.771	260.0441	1.862827	0.5324472	0.646033	0.353967	1.523279
36978	-3996.897	-4257.037	260.1391	1.876123	0.4670258	0.716605	0.283395	1.523279
36984	-3990.494	-4250.783	260.2888	1.9792	0.5287015	0.687383	0.312617	1.244744
36990	-3989.71	-4249.887	260.177	1.9792	0.516867	0.687383	0.312617	1.351131
36996	-3987.88	-4247.978	260.0982	1.947862	0.5142605	0.648671	0.351329	1.440233
37002	-3990.237	-4250.505	260.2678	1.853318	0.4687147	0.830531	0.169469	1.441188
37008	-3975.827	-4235.95	260.1228	1.933783	0.4154999	0.605413	0.394587	1.561427
37014	-3979.225	-4239.45	260.2255	1.961403	0.4612287	0.640485	0.359515	1.400446
37020	-3983.389	-4243.61	260.2215	1.956911	0.4660869	0.725428	0.274572	1.400446
37026	-3975.706	-4235.859	260.1531	2.003611	0.5733256	0.596479	0.403521	1.279832
37032	-3968.539	-4228.777	260.2378	2.047917	0.5534867	0.699317	0.300683	1.196867
37038	-3983.26	-4243.406	260.1455	2.174176	0.5956723	0.743525	0.256475	1.111134
37044	-3985.679	-4246.039	260.3595	2.127503	0.5274134	0.742787	0.257213	1.052265
37050	-3997.318	-4257.688	260.3698	2.208892	0.5186863	0.763746	0.236254	0.9755628
37056	-4007.463	-4267.862	260.3989	2.247262	0.4092249	0.754312	0.245688	1.095318
37062	-3990.196	-4250.635	260.439	2.165013	0.5313091	0.754312	0.245688	0.9276488
37068	-3990.106	-4250.473	260.3671	2.158395	0.4926687	0.679442	0.320558	1.069445
37074	-3990.323	-4250.611	260.2879	2.114529	0.5433905	0.758636	0.241364	1.107555
37080	-3990.979	-4251.427	260.4475	2.042471	0.4892694	0.771607	0.228393	1.107555
37086	-3985.935	-4246.362	260.4269	2.117103	0.4892694	0.72536	0.27464	1.057398
37092	-4009.355	-4269.7	260.3448	2.308464	0.5476727	0.739377	0.260623	0.8414275
37098	-3991.138	-4251.502	260.3636	2.335058	0.534178	0.718886	0.281114	0.8106058
37104	-3996.078	-4256.48	260.4018	2.335058	0.5472889	0.68081	0.31919	0.7264717
37110	-3999.642	-4260.143	260.501	2.382759	0.4439809	0.685768	0.314232	0.7648721
37116	-3998.514	-4258.95	260.4357	2.382759	0.4439809	0.601175	0.398825	0.8506531
37122	-4010.839	-4271.184	260.3449	2.382759	0.5049358	0.797007	0.202993	0.8337517
37128	-4003.573	-4264.089	260.5169	2.387986	0.4678855	0.75175	0.24825	0.6579514
37134	-4001.456	-4261.707	260.251	2.297015	0.587133	0.627571	0.372429	0.8951845
37140	-4004.5	-4264.641	260.1411	2.243414	0.6821452	0.627571	0.372429	0.9290612
37146	-3994.651	-4254.975	260.3242	2.191424	0.585494	0.647992	0.352008	0.9335272
37152	-3994.067	-4254.304	260.2371	2.245832	0.585494	0.647992	0.352008	0.9680717
37158	-3988.577	-4249.084	260.507	2.211837	0.4547253	0.664569	0.335431	0.9418815
37164	-3994.831	-4255.215	260.3844	2.223585	0.5246774	0.664569	0.335431	0.9347401
37170	-3994.433	-4254.864	260.4305	2.17944	0.5246774	0.683809	0.316191	0.9326663
37176	-4007.628	-4267.948	260.3198	2.151876	0.6025581	0.611391	0.388609	0.9537595
37182	-3988.322	-4248.632	260.3105	2.408886	0.5429366	0.670655	0.329345	0.7633603
37188	-3997.296	-4257.659	260.3629	2.322028	0.5429366	0.722535	0.277465	0.8106679
37194	-3998.564	-4258.978	260.4136	2.33943	0.5169146	0.7367	0.2633	0.7743931
37200	-3995.937	-4256.384	260.4471	2.331467	0.5145582	0.678878	0.321122	0.7425158
37206	-3991.597	-4251.814	260.2173	2.368476	0.6007003	0.724675	0.275325	0.8263279
37212	-3986.292	-4246.733	260.4411	2.320552	0.4897938	0.752308	0.247692	0.8224998
37218	-4009.104	-4269.624	260.5202	2.279556	0.4792788	0.627954	0.372046	0.7959358
37224	-4013.13	-4272.96	259.8291	1.607417	0.3811372	0.635106	0.364894	2.037799
37230	-4005.438	-4265.134	259.6967	1.686199	0.4212534	0.626605	0.373395	2.022186
37236	-4000.47	-4260.119	259.6489	1.775935	0.5396419	0.691952	0.308048	1.857958
37242	-3993.183	-4253.048	259.8654	1.829672	0.5304953	0.675654	0.324346	1.679614
37248	-4007.28	-4267.227	259.9473	1.754537	0.5606687	0.767536	0.232464	1.641187
37254	-3984.737	-4244.578	259.8404	1.754537	0.4443906	0.739995	0.260005	1.850726
37260	-3986.517	-4246.345	259.8279	1.747398	0.3795572	0.694795	0.305205	1.947295
37266	-3989.527	-4248.704	259.177	1.7854	0.6108039	0.694795	0.305205	2.096122
37272	-3978.171	-4237.285	259.1143	1.691881	0.4843441	0.711594	0.288406	2.324237
37278	-4000.091	-4259.294	259.2027	1.603519	0.4843441	0.603025	0.396975	2.324237
37284	-4008.162	-4267.926	259.7649	1.640397	0.409364	0.610744	0.389256	2.02217
37290	-4003.24	-4262.226	258.9864	1.721015	0.4852378	0.608746	0.391254	2.385983
37296	-3999.585	-4258.473	258.8882	1.642804	0.5978426	0.608746	0.391254	2.385983
37302	-3988.989	-4248.266	259.2769	1.675023	0.4687297	0.704296	0.295704	2.248066
37308	-3981.541	-4240.39	258.849	1.675023	0.5192021	0.659352	0.340648	2.466235
37314	-4001.764	-4261.875	260.1102	2.061476	0.5337286	0.700218	0.299782	1.317259
37320	-4001.402	-4260.075	258.6728	1.701807	0.6349843	0.637391	0.362609	2.451139
37326	-4004.44	-4263.291	258.8511	1.701807	0.516214	0.704002	0.295998	2.451139
37332	-4003.817	-4264.046	260.229	2.069268	0.4975709	0.797911	0.202089	1.26166
37338	-3992.931	-4253.279	260.3481	2.069268	0.4975709	0.663966	0.336034	1.160118
37344	-3997.248	-4257.503	260.2551	2.095416	0.4975709	0.678542	0.321458	1.217841
37350	-3999.448	-4259.913	260.4654	2.095416	0.4975709	0.714825	0.285175	1.027956
37356	-3990.821	-4251.186	260.365	2.088247	0.4985934	0.612811	0.387189	1.126763
37362	-4011.234	-4271.765	260.5304	2.046628	0.4198422	0.750103	0.249897	1.13978
37368	-3998.977	-4259.298	260.3213	2.039049	0.5261256	0.638506	0.361494	1.169411
37374	-3994.007	-4254.297	260.2897	2.008125	0.5194451	0.675963	0.324037	1.232192
37380	-3994.032	-4254.318	260.2857	2.008125	0.4895395	0.675963	0.324037	1.276345
37386	-3987.186	-4247.472	260.2857	2.008125	0.4895395	0.749364	0.250636	1.276345
37392	-3986.024	-4246.546	260.5221	2.008125	0.4212035	0.714686	0.285314	1.178722
37398	-3991.733	-4252.398	260.665	2.063284	0.4254444	0.715223	0.284777	0.9869582
37404	-3989.43	-4249.835	260.4049	2.094911	0.5619188	0.709787	0.290213	0.9869582
37410	-3986.646	-4247.094	260.448	2.117839	0.481701	0.714158	0.285842	1.048798
37416	-3987.012	-4247.294	260.282	1.946652	0.4695888	0.629481	0.370519	1.356294
37422	-3995.247	-4255.491	260.2446	1.946652	0.4916175	0.63975	0.36025	1.356294
37428	-3990.872	-4251.364	260.4919	1.973915	0.4754178	0.634236	0.365764	1.150368
37434	-3977.687	-4238.125	260.438	2.01152	0.4594964	0.699143	0.300857	1.188688
37440	-3990.783	-4251.102	260.3195	1.875606	0.4596532	0.678559	0.321441	1.396229
37446	-4009.751	-4270.057	260.3057	1.879337	0.5251769	0.675904	0.324096	1.317395
37452	-4014.35	-4274.724	260.3742	1.879337	0.5119004	0.734964	0.265036	1.279096
37458	-4007.512	-4267.711	260.1983	2.026252	0.5436052	0.734964	0.265036	1.2614
37464	-4012.904	-4273	260.0953	1.867899	0.540044	0.651394	0.348606	1.47209
37470	-4011.664	-4271.49	259.8259	1.906568	0.6121974	0.692303	0.307697	1.563569
37476	-4006.74	-4266.596	259.8556	1.793448	0.6121974	0.718034	0.281966	1.624315
37482	-4026.393	-4286.133	259.7394	1.786521	0.6113106	0.733706	0.266294	1.71311
37488	-4024.851	-4284.808	259.9565	1.868368	0.4790314	0.746225	0.253775	1.647242
37494	-4012.567	-4272.611	260.0439	1.933274	0.4601923	0.795168	0.204832	1.560236
37500	-4001.452	-4261.436	259.9839	2.039926	0.6065671	0.669956	0.330044	1.347602
37506	-4006.315	-4266.13	259.8148	1.92691	0.6319639	0.583303	0.416697	1.536048
37512	-4007.785	-4267.975	260.1896	2.011077	0.4315693	0.583303	0.416697	1.430812
37518	-4003.507	-4263.658	260.1515	1.98309	0.5605964	0.743186	0.256814	1.313531
37524	-4000.715	-4260.865	260.1504	2.068639	0.5978123	0.627423	0.372577	1.197167
37530	-4015.464	-4275.875	260.4105	2.015089	0.4233542	0.590422	0.409578	1.263937
37536	-3987.772	-4248.119	260.347	2.015089	0.4233542	0.709865	0.290135	1.315771
37542	-3985.15	-4245.45	260.3008	1.987234	0.4851181	0.702336	0.297664	1.287212
37548	-3991.302	-4251.608	260.3058	2.066225	0.4920715	0.716009	0.283991	1.207291
37554	-4002.258	-4262.414	260.1552	2.003924	0.5882836	0.654873	0.345127	1.25947
37560	-3997.125	-4257.566	260.4412	2.011277	0.44159	0.722438	0.277562	1.213432
37566	-3989.846	-4250.01	260.1643	2.064486	0.5804083	0.695841	0.304159	1.210704
37572	-3989.338	-4249.676	260.3383	2.218575	0.5325921	0.726894	0.273106	0.9751535
37578	-3990.817	-4251.224	260.4071	2.220545	0.5325921	0.727064	0.272936	0.8992542
37584	-3987.086	-4247.439	260.3532	2.127921	0.5262467	0.704826	0.295174	1.059632
37590	-3995.947	-4256.378	260.431	2.230944	0.453233	0.712772	0.287228	1.003079
37596	-3996.155	-4256.483	260.3283	2.227188	0.5570782	0.60205	0.39795	0.9366769
37602	-3988.911	-4249.329	260.4178	2.119973	0.5001679	0.634074	0.365926	1.04602
37608	-3996.677	-4257.031	260.3543	2.190305	0.4822138	0.6829	0.3171	1.068094
37614	-3988.582	-4248.988	260.4058	2.190305	0.4754821	0.6829	0.3171	1.0298
37620	-3990.382	-4250.727	260.3444	2.153151	0.5158894	0.743552	0.256448	1.059792
37626	-3992.25	-4252.649	260.3982	2.17703	0.4629602	0.692096	0.307904	1.070349
37632	-3983.279	-4243.673	260.3934	2.204158	0.5262564	0.703045	0.296955	0.9432248
37638	-3988.231	-4248.705	260.4736	2.137724	0.4853591	0.774117	0.225883	0.9981996
37644	-3982.373	-4242.78	260.4063	2.302004	0.4948595	0.677296	0.322704	0.8771236
37650	-3984.657	-4244.96	260.303	2.339924	0.5352078	0.667474	0.332526	0.8771236
37656	-4001.599	-4261.926	260.3272	2.312516	0.5352078	0.667474	0.332526	0.8808259
37662	-3997.956	-4258.398	260.4421	2.285283	0.4741551	0.631647	0.368353	0.8953374
37668	-3993.917	-4254.352	260.4345	2.321663	0.4747874	0.606541	0.393459	0.8606234
37674	-4002.125	-4262.467	260.3428	2.155644	0.4762086	0.673651	0.326349	1.119983
37680	-3987.408	-4247.87	260.4617	2.321663	0.4839482	0.729844	0.270156	0.8071926
37686	-3990.517	-4250.995	260.478	2.29425	0.5109919	0.679971	0.320029	0.7605239
37692	-3990.501	-4250.72	260.2195	2.29425	0.6401093	0.69181	0.30819	0.8463554
37698	-3993.867	-4254.254	260.3868	2.276848	0.5310494	0.68794	0.31206	0.8604784
37704	-3994.003	-4254.437	260.4347	2.276848	0.5237443	0.704661	0.295339	0.8154371
37710	-3987.918	-4248.36	260.4428	2.190967	0.5328208	0.64951	0.35049	0.8920139
37716	-3979.698	-4240.129	260.4308	2.167735	0.5262966	0.68901	0.31099	0.9420652
37722	-3978.273	-4238.677	260.4041	2.30141	0.4851612	0.685574	0.314426	0.8988887
37728	-3981.928	-4242.339	260.4108	2.224982	0.4851612	0.672974	0.327026	0.9737622
37734	-3986.48	-4246.855	260.3745	2.158503	0.4712071	0.68921	0.31079	1.096369
37740	-3994.947	-4255.025	260.0778	2.022132	0.6859354	0.693953	0.306047	1.19451
37746	-3989.576	-4250.113	260.5369	2.022132	0.4447897	0.67611	0.32389	1.114943
37752	-3972.397	-4232.806	260.4087	2.157139	0.4981237	0.670722	0.329278	1.02213
37758	-3986.511	-4246.867	260.356	2.183606	0.5362166	0.646084	0.353916	0.9869344
37764	-3983.528	-4243.885	260.3574	2.15369	0.4696579	0.629449	0.370551	1.118698
37770	-3972.458	-4232.894	260.4364	2.265799	0.5275775	0.804025	0.195975	0.8195615
37776	-3991.467	-4251.824	260.3567	2.265799	0.4996582	0.619739	0.380261	0.9624836
37782	-3982.05	-4242.349	260.2985	2.253878	0.5680009	0.710385	0.289615	0.9220455
37788	-3987.613	-4248.057	260.4442	2.222887	0.4956034	0.750127	0.249873	0.9220455
37794	-3997.792	-4258.206	260.4141	2.084447	0.4987743	0.661279	0.338721	1.085179
37800	-4000.418	-4260.693	260.2755	2.032898	0.5499439	0.692907	0.307093	1.182014
37806	-3985.191	-4245.384	260.1935	2.061649	0.5599568	0.694117	0.305883	1.214529
37812	-3980.238	-4240.668	260.43	2.077449	0.4111031	0.625222	0.374778	1.214529
37818	-3995.409	-4255.811	260.4023	2.077449	0.434572	0.705794	0.294206	1.200972
37824	-3979.73	-4240.236	260.5053	2.077449	0.4268957	0.787947	0.212053	1.122884
37830	-3974.812	-4235.137	260.3256	2.047297	0.4748519	0.715477	0.284523	1.231332
37836	-3985.42	-4245.859	260.4384	2.043727	0.4842024	0.567553	0.432447	1.122465
37842	-3991.062	-4251.418	260.3556	2.043727	0.5054384	0.631439	0.368561	1.164606
37848	-3990.154	-4250.571	260.4171	2.123761	0.5094546	0.726713	0.273287	1.028315
37854	-3998.883	-4259.255	260.3714	2.137644	0.5094546	0.645198	0.354802	1.058845
37860	-3986.962	-4247.118	260.156	2.103099	0.506366	0.645198	0.354802	1.281985
37866	-3998.729	-4259.167	260.4383	2.052177	0.4640297	0.693483	0.306517	1.14589
37872	-3996.6	-4256.947	260.3463	2.052177	0.5110125	0.74527	0.25473	1.157307
37878	-3984.75	-4244.88	260.1294	2.052177	0.56981	0.634635	0.365365	1.263667
37884	-3979.704	-4240.021	260.317	2.005669	0.4815296	0.634635	0.365365	1.263667
37890	-4004.256	-4264.476	260.2206	1.942598	0.4782277	0.632428	0.367572	1.396073
37896	-3993.159	-4253.566	260.4071	2.022752	0.4627459	0.675809	0.324191	1.200679
37902	-4000.523	-4260.658	260.1356	2.099029	0.5681415	0.67359	0.32641	1.221395
37908	-4001.328	-4261.651	260.3221	1.863811	0.4932007	0.773706	0.226294	1.358425
37914	-3993.242	-4253.259	260.0175	1.897056	0.648713	0.708161	0.291839	1.386966
37920	-3980.486	-4240.371	259.8849	1.959121	0.6496673	0.708161	0.291839	1.440522
37926	-3988.593	-4248.875	260.2814	2.01591	0.5310634	0.732999	0.267001	1.216935
37932	-3991.602	-4251.925	260.3223	2.09357	0.5310634	0.732999	0.267001	1.113044
37938	-3995.893	-4256.12	260.2275	2.100484	0.5885369	0.526088	0.473912	1.113044
37944	-3994.913	-4255.172	260.2596	2.13231	0.5538305	0.734618	0.265382	1.102417
37950	-3996.382	-4256.67	260.2875	2.1519	0.5753099	0.731983	0.268017	1.026926
37956	-3998.641	-4259.023	260.3819	2.236517	0.5011342	0.704272	0.295728	0.964142
37962	-3983.772	-4244.279	260.5071	2.284088	0.4571636	0.635331	0.364669	0.8553063
37968	-3990.064	-4250.627	260.5633	2.284088	0.4703382	0.631386	0.368614	0.7501835
37974	-3985.758	-4245.894	260.1361	2.589783	0.5861702	0.652286	0.347714	0.6361213
37980	-3986.019	-4246.391	260.3721	2.516472	0.4827315	0.55463	0.44537	0.6380386
37986	-4000.029	-4260.464	260.4355	2.432599	0.5000967	0.645745	0.354255	0.6169639
37992	-3980.696	-4240.955	260.2589	2.554207	0.5228336	0.737188	0.262812	0.6584753
37998	-3969.348	-4229.681	260.3332	2.455225	0.5279537	0.766243	0.233757	0.690562
38004	-3970.428	-4230.678	260.2501	2.545978	0.5279537	0.646943	0.353057	0.6762159
38010	-3966.958	-4227.078	260.1204	2.563485	0.6018405	0.646943	0.353057	0.6762159
38016	-3969.708	-4230.16	260.4515	2.414015	0.449658	0.646943	0.353057	0.7763921
38022	-3978.538	-4239.031	260.4938	2.433256	0.4159873	0.596565	0.403435	0.7763921
38028	-3985.123	-4245.517	260.394	2.433256	0.4159873	0.649604	0.350396	0.9003324
38034	-3984.957	-4245.17	260.2128	2.324896	0.5435731	0.633339	0.366661	0.9772034
38040	-4005.263	-4265.542	260.2785	2.410678	0.5658698	0.693443	0.306557	0.7559216
38046	-3994.042	-4254.433	260.3914	2.410678	0.5027584	0.600992	0.399008	0.7358867
38052	-3996.786	-4257.206	260.4201	2.346888	0.5362747	0.729877	0.270123	0.7050091
38058	-4005.787	-4266.109	260.3226	2.393623	0.5511204	0.648428	0.351572	0.7492626
38064	-3989.458	-4249.887	260.4286	2.393831	0.5047935	0.638995	0.361005	0.696608
38070	-3984.904	-4245.182	260.2774	2.440182	0.5491297	0.637611	0.362389	0.7519375
38076	-3985.187	-4245.618	260.4313	2.440182	0.46401	0.579229	0.420771	0.7299808
38082	-3978.445	-4238.771	260.3254	2.354049	0.5302153	0.670628	0.329372	0.8428525
38088	-3989.72	-4250.085	260.3659	2.354049	0.5363941	0.716386	0.283614	0.7771095
38094	-3984.589	-4244.915	260.326	2.301663	0.5469241	0.673327	0.326673	0.8734723
38100	-3981.27	-4241.875	260.6053	2.257979	0.399234	0.6703	0.3297	0.8957144
38106	-3982.791	-4243.295	260.5034	2.248765	0.4474149	0.720881	0.279119	0.919872
38112	-3987.333	-4247.85	260.5172	2.248765	0.417304	0.714605	0.285395	0.963844
38118	-3994.548	-4255.186	260.6385	2.175405	0.4114788	0.628601	0.371399	0.9245133
38124	-3996.021	-4256.508	260.4874	2.110034	0.4114788	0.701282	0.298718	1.135609
38130	-3974.687	-4235.276	260.5881	2.229466	0.4114788	0.740205	0.259795	0.9205493
38136	-3986.261	-4246.862	260.6017	2.326615	0.4083845	0.670765	0.329235	0.7944181
38142	-3992.868	-4253.154	260.2868	2.334647	0.5636895	0.725084	0.274916	0.8502243
38148	-3991.212	-4251.568	260.3559	2.142182	0.4953202	0.702161	0.297839	1.090895
38154	-3991.68	-4252.068	260.3872	2.20205	0.4953202	0.665999	0.334001	1.003557
38160	-3992.795	-4253.221	260.4257	2.20205	0.4953202	0.767354	0.232646	0.9644346
38166	-3985.948	-4246.253	260.3049	2.20205	0.5536546	0.654447	0.345553	0.9925713
38172	-3987.471	-4247.893	260.4226	2.20205	0.4776011	0.654447	0.345553	0.9981091
38178	-3985.279	-4245.497	260.2178	2.358138	0.5925378	0.690307	0.309693	0.8531563
38184	-3995.178	-4255.578	260.3998	2.063226	0.4655087	0.678264	0.321736	1.167858
38190	-4005.236	-4265.643	260.4075	2.038479	0.4753531	0.571885	0.428115	1.167858
38196	-4015.25	-4275.564	260.3144	1.981292	0.523918	0.704351	0.295649	1.227914
38202	-3994.657	-4255.068	260.4106	2.297336	0.4628771	0.730217	0.269783	0.9382149
38208	-3987.985	-4248.316	260.3315	2.210067	0.5352669	0.730217	0.269783	0.9864599
38214	-3992.371	-4252.846	260.4753	2.1179	0.4840192	0.695998	0.304002	1.018469
38220	-3982.047	-4242.3	260.2536	2.189201	0.5672522	0.610328	0.389672	1.035362
38226	-3973.447	-4233.939	260.4915	2.169378	0.4355115	0.643832	0.356168	1.035362
38232	-3994.576	-4255.063	260.4868	2.149387	0.4294398	0.663563	0.336437	1.069434
38238	-3991.621	-4252.053	260.4317	2.127835	0.4652829	0.734874	0.265126	1.081295
38244	-3979.604	-4240.037	260.433	2.084217	0.4196115	0.691144	0.308856	1.192495
38250	-3979.651	-4240.082	260.4312	2.084217	0.4196115	0.675269	0.324731	1.194032
38256	-3981.046	-4241.107	260.0609	2.046471	0.4932165	0.746882	0.253118	1.419721
38262	-3984.419	-4244.825	260.406	1.909408	0.3773297	0.720264	0.279736	1.422437
38268	-3972.628	-4232.734	260.1058	1.962552	0.5228488	0.717973	0.282027	1.412432
38274	-3974.486	-4234.626	260.1405	2.002129	0.5228488	0.713839	0.286161	1.354307
38280	-3976.636	-4237.134	260.4984	1.958308	0.3748804	0.705516	0.294484	1.314956
38286	-3985.884	-4246.014	260.1305	2.016691	0.5306531	0.697235	0.302765	1.340772
38292	-3988.387	-4248.71	260.3238	2.017942	0.4692759	0.702714	0.297286	1.265297
38298	-3993.487	-4253.767	260.2796	2.014847	0.4692759	0.697268	0.302732	1.30399
38304	-3981.805	-4242.202	260.3971	2.065286	0.4873508	0.710022	0.289978	1.135366
38310	-3987.88	-4247.985	260.1058	2.038681	0.579985	0.710022	0.289978	1.28171
38316	-3976.506	-4236.688	260.1822	2.029754	0.5417847	0.644091	0.355909	1.274108
38322	-3985.659	-4246.022	260.3631	2.05075	0.4344334	0.644091	0.355909	1.256719
38328	-3980.264	-4240.655	260.3905	2.119794	0.4665465	0.62245	0.37755	1.124268
38334	-3982.685	-4243.022	260.3368	2.046509	0.4320762	0.663582	0.336418	1.285453
38340	-3978.941	-4239.125	260.1842	2.111086	0.5653315	0.630892	0.369108	1.172944
38346	-3984.929	-4245.126	260.1969	2.071292	0.5561047	0.647883	0.352117	1.208416
38352	-3982.456	-4242.624	260.1679	2.044635	0.5900993	0.647883	0.352117	1.212343
38358	-3990.582	-4250.99	260.4083	2.072792	0.4475537	0.724933	0.275067	1.179637
38364	-3989.746	-4249.913	260.1672	1.982597	0.5216672	0.735238	0.264762	1.350063
38370	-3998.677	-4258.87	260.1924	1.896734	0.548065	0.723088	0.276912	1.365153
38376	-3989.783	-4250.051	260.2681	1.927003	0.5024772	0.710962	0.289038	1.338897
38382	-3985.214	-4245.088	259.8736	1.842008	0.6051701	0.696685	0.303315	1.583302
38388	-3995.655	-4255.675	260.0209	1.839729	0.5380131	0.696685	0.303315	1.55112
38394	-3990.186	-4250.056	259.8695	1.903524	0.5380131	0.690603	0.309397	1.615092
38400	-3988.406	-4248.201	259.7946	1.898099	0.5810576	0.779422	0.220578	1.625617
38406	-3985.509	-4245.533	260.0237	1.938257	0.521884	0.753539	0.246461	1.494715
38412	-3987.59	-4247.938	260.3482	1.905572	0.4671353	0.627309	0.372691	1.339686
38418	-3992.134	-4252.477	260.3426	2.00141	0.4276218	0.537551	0.462449	1.323957
38424	-3991.506	-4251.222	259.7162	1.750931	0.4126928	0.633198	0.366802	1.9767
38430	-3986.097	-4245.695	259.5982	1.69265	0.5594046	0.633198	0.366802	1.928216
38436	-3986.94	-4246.866	259.9259	1.757797	0.3953945	0.640187	0.359813	1.85254
38442	-4006.998	-4266.83	259.8321	1.757909	0.5135173	0.666164	0.333836	1.772702
38448	-4000.051	-4259.667	259.6156	1.736734	0.5788939	0.717071	0.282929	1.866491
38454	-3995.306	-4255.362	260.0564	1.967886	0.4628264	0.701647	0.298353	1.522003
38460	-3988.327	-4248.367	260.0397	1.903495	0.5109088	0.749007	0.250993	1.522003
38466	-3995.741	-4255.995	260.2541	1.955165	0.5160028	0.633106	0.366894	1.309723
38472	-3992.422	-4252.596	260.1736	1.983716	0.5457448	0.754164	0.245836	1.313576
38478	-3974.573	-4234.585	260.0124	1.966023	0.5186545	0.681577	0.318423	1.48623
38484	-3976.145	-4236.426	260.2813	1.966023	0.5234867	0.631851	0.368149	1.268858
38490	-3977.015	-4237.154	260.1392	1.988225	0.5148693	0.635907	0.364093	1.376441
38496	-3977.009	-4237.175	260.1654	2.112841	0.5946678	0.633344	0.366656	1.149602
38502	-3985.688	-4246.064	260.3762	2.019085	0.453634	0.685315	0.314685	1.243541
38508	-3994	-4254.449	260.4482	2.023417	0.4302367	0.540726	0.459274	1.214646
38514	-3991.956	-4252.316	260.3608	2.023417	0.4420054	0.689713	0.310287	1.269961
38520	-3999.472	-4259.575	260.103	1.915349	0.5200059	0.689713	0.310287	1.454352
38526	-4005.855	-4266.179	260.3242	1.961793	0.4622224	0.658728	0.341272	1.320729
38532	-3997.245	-4257.527	260.2822	1.994054	0.5337906	0.658728	0.341272	1.231078
38538	-4000.766	-4260.803	260.0371	2.050936	0.646573	0.660207	0.339793	1.24949
38544	-3986.431	-4246.598	260.1675	1.911137	0.5440016	0.736652	0.263348	1.378368
38550	-3989.984	-4250.188	260.2041	1.954597	0.5862629	0.618045	0.381955	1.262299
38556	-3986.86	-4247.042	260.1819	1.879696	0.557005	0.618045	0.381955	1.375996
38562	-3985.269	-4245.242	259.9731	1.889077	0.6231498	0.635181	0.364819	1.454851
38568	-3979.655	-4239.576	259.9208	1.923542	0.6190157	0.635181	0.364819	1.472866
38574	-3980.681	-4240.962	260.281	1.923542	0.5575561	0.635181	0.364819	1.260115
38580	-3985.514	-4245.895	260.3808	1.902049	0.5080147	0.635181	0.364819	1.260115
38586	-3972.419	-4232.584	260.1647	1.931579	0.4879367	0.710234	0.289766	1.435049
38592	-3978.97	-4239.098	260.1284	1.933439	0.5087503	0.745903	0.254097	1.435049
38598	-3983.129	-4243.289	260.1596	1.892735	0.5942409	0.73032	0.26968	1.339167
38604	-3988.514	-4248.721	260.2068	1.874821	0.4894172	0.714492	0.285508	1.444411
38610	-3979.693	-4240.004	260.31	1.900835	0.4945375	0.648721	0.351279	1.33678
38616	-3985.917	-4245.916	259.999	1.964047	0.600795	0.648721	0.351279	1.401902
38622	-3986.383	-4246.44	260.0568	1.964047	0.5070244	0.639478	0.360522	1.468442
38628	-3991.532	-4251.637	260.1052	1.939432	0.5133574	0.690185	0.309815	1.442454
38634	-3985.233	-4245.293	260.0606	1.953357	0.5762838	0.653255	0.346745	1.390441
38640	-3987.463	-4247.767	260.3048	1.93868	0.4507522	0.636677	0.363323	1.370654
38646	-3986.646	-4247.013	260.367	1.988964	0.4827842	0.688629	0.311371	1.234163
38652	-3996.571	-4256.917	260.3462	1.958495	0.4036734	0.68031	0.31969	1.390709
38658	-3991.406	-4251.692	260.286	1.985853	0.4386316	0.680243	0.319757	1.365364
38664	-3994.025	-4254.48	260.4556	2.016051	0.4386316	0.71543	0.28457	1.201566
38670	-3988.065	-4248.385	260.3206	2.034406	0.5101071	0.770635	0.229365	1.196371
38676	-3975.355	-4235.492	260.1373	2.018065	0.5160391	0.726927	0.273073	1.352868
38682	-3990.464	-4250.468	260.0034	1.982762	0.628324	0.735189	0.264811	1.352868
38688	-3987.178	-4247.144	259.9658	1.944448	0.6634127	0.735189	0.264811	1.374619
38694	-3990.233	-4250.225	259.9921	1.943177	0.6634127	0.693979	0.306021	1.354886
38700	-3989.228	-4249.164	259.936	1.99996	0.6540354	0.661592	0.338408	1.364451
38706	-3996.327	-4256.476	260.1488	1.963429	0.4237025	0.705865	0.294135	1.508816
38712	-3977.726	-4237.756	260.0296	1.891924	0.4874178	0.651152	0.348848	1.566775
38718	-3981.603	-4241.838	260.2346	1.961744	0.4874178	0.607348	0.392652	1.357834
38724	-3980.605	-4240.781	260.1761	1.956936	0.3963714	0.607348	0.392652	1.531942
38730	-3985.883	-4245.997	260.1133	1.8841	0.3076424	0.650707	0.349293	1.763487
38736	-3977.407	-4237.605	260.1984	1.954782	0.4533067	0.725707	0.274293	1.437267
38742	-3994.433	-4254.633	260.1999	1.94903	0.4767702	0.740559	0.259441	1.409042
38748	-3989.113	-4249.291	260.1779	1.989254	0.4783497	0.695045	0.304955	1.392835
38754	-3987.004	-4247.227	260.2225	1.981735	0.4220444	0.686049	0.313951	1.441557
38760	-4004.59	-4264.929	260.3393	2.260666	0.5192376	0.677967	0.322033	0.9525975
38766	-3999.372	-4259.726	260.3543	2.260609	0.5192376	0.677967	0.322033	0.9367538
38772	-3994.92	-4255.339	260.4193	2.115241	0.5482303	0.760817	0.239183	0.973001
38778	-4001.629	-4262.065	260.4366	2.061329	0.4601768	0.691906	0.308094	1.145292
38784	-3995.737	-4255.99	260.2524	2.1385	0.6150977	0.691906	0.308094	1.017377
38790	-4007.081	-4267.464	260.383	1.97018	0.5109448	0.601577	0.398423	1.19679
38796	-3991.233	-4251.368	260.1347	1.952175	0.4777156	0.69156	0.30844	1.455494
38802	-3996.544	-4256.042	259.4981	1.723045	0.4507098	0.678274	0.321726	2.09365
38808	-3996.962	-4256.681	259.7191	1.723045	0.4365384	0.667152	0.332848	1.963909
38814	-3996.173	-4256.272	260.0989	1.888829	0.4555734	0.633076	0.366924	1.558425
38820	-4000.723	-4261.051	260.3282	2.063914	0.4963102	0.658681	0.341319	1.184007
38826	-3997.609	-4257.919	260.3101	2.076364	0.4368814	0.786033	0.213967	1.275716
38832	-4002.454	-4262.925	260.4711	2.110991	0.4064984	0.786033	0.213967	1.157544
38838	-3997.192	-4257.572	260.3806	2.100697	0.4743049	0.752686	0.247314	1.13827
38844	-4002.936	-4263.271	260.3351	2.100697	0.5013494	0.620466	0.379534	1.13827
38850	-3990.219	-4250.565	260.3458	2.057571	0.4679583	0.634918	0.365082	1.215602
38856	-4010.07	-4270.463	260.3931	2.057571	0.4411858	0.74872	0.25128	1.215602
38862	-3982.902	-4243.172	260.2699	1.970268	0.482894	0.708023	0.291977	1.32895
38868	-3978.991	-4239.239	260.2485	1.935467	0.4420958	0.724538	0.275462	1.429
38874	-3998.869	-4259.17	260.3015	1.890699	0.4375253	0.677641	0.322359	1.429
38880	-3991.07	-4251.28	260.2102	1.959008	0.5311581	0.731269	0.268731	1.322515
38886	-3990.489	-4250.658	260.169	1.941351	0.5082331	0.643344	0.356656	1.398221
38892	-4004.905	-4264.941	260.0357	1.997861	0.5567489	0.643344	0.356656	1.398221
38898	-3996.575	-4256.721	260.1455	1.98105	0.498385	0.667933	0.332067	1.398221
38904	-4005.934	-4266.414	260.4802	2.230878	0.4751006	0.660148	0.339852	0.9118321
38910	-4002.889	-4263.323	260.434	2.225604	0.5057976	0.755787	0.244213	0.9118321
38916	-3999.233	-4259.757	260.5244	2.170593	0.460777	0.751951	0.248049	0.9557827
38922	-3998.483	-4258.522	260.0388	1.959377	0.555495	0.626875	0.373125	1.427097
38928	-3988.645	-4248.956	260.3112	1.959377	0.5066995	0.773625	0.226375	1.272088
38934	-3989.637	-4249.542	259.9041	1.912442	0.5708324	0.617821	0.382179	1.546342
38940	-4006.186	-4266.156	259.9694	1.940601	0.6790318	0.717983	0.282017	1.35833
38946	-3990.091	-4249.987	259.8961	1.855193	0.5719369	0.717983	0.282017	1.593013
38952	-3996.69	-4256.629	259.9382	1.850999	0.5508581	0.70319	0.29681	1.588804
38958	-4001.108	-4261.085	259.9775	1.842147	0.5210818	0.690939	0.309061	1.600812
38964	-3995.181	-4255.249	260.0677	1.828137	0.4784068	0.824078	0.175922	1.596766
38970	-3986.235	-4246.067	259.8322	1.762362	0.537675	0.720874	0.279126	1.742586
38976	-3994.48	-4254.428	259.9481	1.751588	0.4662399	0.722012	0.277988	1.75156
38982	-3999.91	-4259.36	259.4501	1.711638	0.5553152	0.617864	0.382136	2.018864
38988	-3992.789	-4252.491	259.7027	1.828633	0.5553152	0.740092	0.259908	1.767619
38994	-3996.475	-4256.139	259.6647	1.814494	0.5841596	0.692695	0.307305	1.773659
39000	-3996.897	-4256.421	259.5238	1.809864	0.641925	0.636721	0.363279	1.817138
39006	-3999.118	-4258.245	259.1269	1.748977	0.641925	0.718135	0.281865	2.124095
39012	-4003.949	-4263.014	259.065	1.636667	0.5094537	0.710519	0.289481	2.364161
39018	-3982.885	-4241.893	259.0085	1.67891	0.6561332	0.631701	0.368299	2.233699
39024	-3984.918	-4245.005	260.0868	1.926917	0.589355	0.6269	0.3731	1.375384
39030	-3983.378	-4243.539	260.1613	1.907249	0.5529839	0.71614	0.28386	1.375384
39036	-3981.919	-4242.041	260.1219	1.938863	0.5529839	0.63098	0.36902	1.381497
39042	-3979.725	-4239.662	259.937	1.83384	0.5413368	0.63098	0.36902	1.612927
39048	-3999.63	-4259.771	260.1403	1.850462	0.5272011	0.63098	0.36902	1.466568
39054	-3970.53	-4230.563	260.0325	1.83462	0.4068069	0.652688	0.347312	1.709743
39060	-3983.103	-4243.111	260.0078	1.851403	0.509206	0.664611	0.335389	1.585994
39066	-3979.434	-4239.494	260.0598	1.851403	0.5292264	0.593445	0.406555	1.523905
39072	-3985.922	-4246.274	260.3521	1.922968	0.4680167	0.676575	0.323425	1.321391
39078	-3989.148	-4249.46	260.3122	1.940381	0.5215026	0.625408	0.374592	1.267113
39084	-3992.468	-4252.479	260.0108	2.000841	0.6909408	0.697674	0.302326	1.263392
39090	-4001.423	-4261.201	259.7782	1.954321	0.7356044	0.711759	0.288241	1.439549
39096	-3996.727	-4256.762	260.0357	1.954321	0.4718991	0.708541	0.291459	1.535749
39102	-3992.984	-4253.058	260.0735	1.914805	0.5589492	0.752634	0.247366	1.430594
39108	-3987.523	-4247.804	260.2814	1.987325	0.4769402	0.754816	0.245184	1.314173
39114	-3991.219	-4251.48	260.2607	1.91399	0.5079921	0.628949	0.371051	1.347902
39120	-3983.749	-4243.898	260.1491	1.998385	0.5388171	0.635789	0.364211	1.330248
39126	-3985.446	-4245.802	260.356	2.078488	0.5127447	0.726797	0.273203	1.122732
39132	-3987.737	-4248.153	260.4163	2.137217	0.4699398	0.726797	0.273203	1.07935
39138	-3991.034	-4251.288	260.2536	2.124438	0.5591033	0.598267	0.401733	1.107674
39144	-3991.076	-4251.252	260.1765	2.045951	0.5767291	0.743616	0.256384	1.220786
39150	-3994.529	-4254.739	260.2095	2.044091	0.5561724	0.780353	0.219647	1.220786
39156	-3993.261	-4253.186	259.9246	2.056612	0.7080525	0.725967	0.274033	1.270103
39162	-3989.999	-4250.166	260.1676	2.000227	0.5177257	0.592749	0.407251	1.340797
39168	-4002.395	-4262.429	260.034	2.021965	0.5886061	0.592749	0.407251	1.342861
39174	-3990.341	-4250.576	260.2355	2.021965	0.5581409	0.770021	0.229979	1.214958
39180	-3991.085	-4251.274	260.1895	2.045007	0.5617838	0.628635	0.371365	1.229673
39186	-3989.298	-4249.605	260.3064	2.045007	0.5118522	0.693153	0.306847	1.197098
39192	-3991.375	-4251.637	260.2613	2.050505	0.5275375	0.645498	0.354502	1.209362
39198	-3981.896	-4242.054	260.1577	2.020456	0.6168458	0.658315	0.341685	1.208699
39204	-3983.685	-4244.012	260.3268	2.202588	0.5753653	0.675436	0.324564	0.9349349
39210	-3990.328	-4250.415	260.0865	1.992518	0.5389056	0.68274	0.31726	1.384288
39216	-3985.562	-4245.919	260.3569	2.007152	0.4424658	0.740662	0.259338	1.285841
39222	-3976.577	-4236.816	260.239	2.027247	0.5359754	0.720374	0.279626	1.236541
39228	-3978.235	-4238.452	260.2175	2.027247	0.5768914	0.720374	0.279626	1.201622
39234	-3979.568	-4239.799	260.2309	2.083002	0.5596848	0.705188	0.294812	1.164203
39240	-3976.157	-4236.449	260.2922	2.074486	0.5596848	0.705188	0.294812	1.1172
39246	-3977.733	-4238.023	260.2899	2.138811	0.5966291	0.705188	0.294812	1.006428
39252	-3977.521	-4237.935	260.4142	2.138811	0.4562512	0.687601	0.312399	1.101913
39258	-3990.022	-4250.329	260.3075	2.125494	0.5279538	0.810307	0.189693	1.101913
39264	-3989.304	-4249.894	260.5897	2.248188	0.4081152	0.625403	0.374597	0.9051261
39270	-3978.093	-4238.473	260.3801	2.24715	0.5420159	0.707058	0.292942	0.8828579
39276	-3979.099	-4239.422	260.3236	2.203477	0.5901378	0.738528	0.261472	0.9136232
39282	-3990.444	-4250.942	260.4976	2.203477	0.4800047	0.661328	0.338672	0.9136232
39288	-4002.513	-4262.888	260.3746	2.128407	0.5614596	0.635432	0.364568	0.9844544
39294	-4003.605	-4263.934	260.3297	2.109254	0.525232	0.670659	0.329341	1.100383
39300	-4029.489	-4289.667	260.178	1.961602	0.4558447	0.659482	0.340518	1.444218
39306	-4004.987	-4265.174	260.1867	2.079166	0.5093442	0.62849	0.37151	1.272414
39312	-4002.396	-4262.704	260.3081	2.082073	0.5798859	0.712178	0.287822	1.067486
39318	-4004.595	-4264.836	260.2409	2.075513	0.5379941	0.655233	0.344767	1.19122
39324	-3991.462	-4251.376	259.9143	2.075513	0.7587551	0.596464	0.403536	1.209464
39330	-4000.437	-4260.659	260.2218	1.912941	0.4414726	0.688009	0.311991	1.467407
39336	-3995.262	-4255.486	260.2243	1.912941	0.4878156	0.619555	0.380445	1.403584
39342	-3978.665	-4238.983	260.3181	1.949702	0.482618	0.619555	0.380445	1.307121
39348	-3986.492	-4246.785	260.2928	1.962988	0.482618	0.636257	0.363743	1.316791
39354	-3990.397	-4250.609	260.2126	1.963417	0.5374097	0.677089	0.322911	1.309029
39360	-3995.256	-4255.364	260.1077	1.963417	0.5374097	0.677089	0.322911	1.392334
39366	-3994.264	-4254.523	260.2589	1.956888	0.5374097	0.690823	0.309177	1.276572
39372	-4000.778	-4260.964	260.186	1.959952	0.5466738	0.573516	0.426484	1.321573
39378	-3987.537	-4247.852	260.315	1.959952	0.4679579	0.751248	0.248752	1.321573
39384	-3988.203	-4248.521	260.318	1.941288	0.451497	0.703684	0.296316	1.357071
39390	-3993.365	-4253.582	260.2168	1.917017	0.556039	0.703684	0.296316	1.319719
39396	-3980.79	-4240.989	260.1987	1.94466	0.4962624	0.748091	0.251909	1.38787
39402	-3974.509	-4234.621	260.112	1.970445	0.5563441	0.711947	0.288053	1.360343
39408	-3967.031	-4227.269	260.2386	1.878606	0.4780468	0.631232	0.368768	1.431865
39414	-3972.963	-4233.297	260.3339	1.999783	0.4780468	0.630861	0.369139	1.259514
39420	-3996.343	-4256.526	260.1823	2.026072	0.5654299	0.633641	0.366359	1.246908
39426	-3975.945	-4236.156	260.2106	2.045505	0.5320957	0.700754	0.299246	1.250172
39432	-3981.46	-4241.624	260.1635	2.025476	0.5468411	0.670919	0.329081	1.28649
39438	-3991.601	-4251.938	260.3365	2.040104	0.4948274	0.578611	0.421389	1.199511
39444	-3990.947	-4251.259	260.3129	1.980808	0.5080712	0.719826	0.280174	1.251058
39450	-3984.238	-4244.388	260.1502	1.98707	0.5694055	0.719826	0.280174	1.300468
39456	-3993.782	-4253.763	259.9803	1.977188	0.5694055	0.699456	0.300544	1.442027
39462	-3983.065	-4243.021	259.9562	1.981866	0.5824015	0.771014	0.228986	1.442027
39468	-3988.872	-4248.849	259.9763	1.896169	0.6227605	0.727958	0.272042	1.447411
39474	-3988.271	-4248.089	259.8181	1.926176	0.6505844	0.773565	0.226435	1.51493
39480	-3989.332	-4249.536	260.2039	1.924282	0.5047653	0.629842	0.370158	1.388749
39486	-3984.247	-4244.547	260.2997	1.924282	0.5047653	0.600751	0.399249	1.312666
39492	-3983.225	-4243.326	260.1008	1.956872	0.5047653	0.702809	0.297191	1.443204
39498	-3989.018	-4248.983	259.9648	1.85025	0.4896051	0.702809	0.297191	1.641444
39504	-3999.075	-4258.972	259.897	1.761139	0.4920888	0.627909	0.372091	1.749791
39510	-3989.168	-4248.887	259.7198	1.769564	0.5632627	0.709097	0.290903	1.788388
39516	-4005.505	-4265.2	259.695	1.823903	0.517053	0.690161	0.309839	1.818008
39522	-3992.672	-4252.597	259.9255	1.826923	0.5303423	0.690161	0.309839	1.638726
39528	-3982.748	-4242.462	259.7136	1.740795	0.5438932	0.719573	0.280427	1.833162
39534	-3988.578	-4248.317	259.7388	1.785524	0.515432	0.691731	0.308269	1.816142
39540	-3980.339	-4239.97	259.6313	1.682285	0.565736	0.718777	0.281223	1.906337
39546	-3990.595	-4250.184	259.5886	1.678482	0.5407045	0.8059	0.1941	1.963667
39552	-3975.071	-4234.763	259.6925	1.689421	0.5407045	0.763915	0.236085	1.886079
39558	-3985.394	-4245.446	260.0523	1.718751	0.4503764	0.666424	0.333576	1.720966
39564	-3980.953	-4240.367	259.4137	1.743352	0.6088445	0.794389	0.205611	1.968948
39570	-3977.605	-4237.484	259.8791	1.745543	0.4983403	0.588419	0.411581	1.765908
39576	-3983.214	-4243.105	259.891	1.745543	0.4912125	0.588419	0.411581	1.765908
39582	-3974.693	-4234.452	259.7592	1.803638	0.5002452	0.670343	0.329657	1.806689
39588	-3963.906	-4223.428	259.5215	1.610125	0.506115	0.779601	0.220399	2.09037
39594	-3973.86	-4233.222	259.3614	1.554974	0.4734294	0.720163	0.279837	2.265694
39600	-3984.867	-4244.014	259.1474	1.554974	0.4189095	0.718582	0.281418	2.463276
39606	-3986.769	-4245.654	258.8852	1.554974	0.559759	0.718582	0.281418	2.478933
39612	-3985.456	-4244.491	259.0351	1.572172	0.6061082	0.650016	0.349984	2.32998
39618	-3986.724	-4245.685	258.9615	1.599867	0.5447727	0.719408	0.280592	2.417257
39624	-3990.918	-4250.192	259.2735	1.685849	0.5918325	0.747772	0.252228	2.116191
39630	-3983.044	-4242.369	259.3252	1.685849	0.5573493	0.747772	0.252228	2.116191
39636	-3988.787	-4248.747	259.9609	1.761103	0.5573493	0.673415	0.326585	1.630317
39642	-3982.187	-4242.114	259.9271	1.832321	0.5653421	0.64005	0.35995	1.594378
39648	-3994.707	-4254.864	260.1571	1.919006	0.4995477	0.650615	0.349385	1.435702
39654	-3987.402	-4247.498	260.0963	1.918536	0.5715837	0.649284	0.350716	1.395233
39660	-3986.114	-4246.033	259.9183	2.017287	0.5715837	0.786096	0.213904	1.456265
39666	-3978.255	-4238.295	260.0401	2.009833	0.6108474	0.752181	0.247819	1.321804
39672	-3968.105	-4227.978	259.8731	1.956422	0.6076409	0.699379	0.300621	1.49632
39678	-3987.077	-4247.349	260.2722	2.015178	0.5524919	0.705083	0.294917	1.196755
39684	-3992.983	-4253.188	260.2046	1.990131	0.5133116	0.691961	0.308039	1.324999
39690	-3995.102	-4255.482	260.3808	2.149694	0.5040036	0.67433	0.32567	1.046939
39696	-3974.188	-4234.698	260.5091	2.098683	0.4584992	0.654171	0.345829	1.046939
39702	-3959.644	-4220.198	260.5541	2.065675	0.4584992	0.654171	0.345829	1.035361
39708	-3974.362	-4234.752	260.3905	2.123005	0.4934009	0.543106	0.456894	1.079566
39714	-3971.4	-4231.879	260.4792	2.057685	0.4891908	0.555718	0.444282	1.064194
39720	-3983.247	-4242.809	259.5618	1.688627	0.4797761	0.58698	0.41302	2.041022
39726	-3996.916	-4256.423	259.5077	1.688627	0.5386778	0.669521	0.330479	2.013053
39732	-3993.708	-4254.156	260.4474	2.02565	0.4328605	0.653406	0.346594	1.209374
39738	-3983.559	-4243.824	260.265	2.02565	0.5681236	0.560135	0.439865	1.173302
39744	-3985.052	-4245.362	260.3109	2.016828	0.4827752	0.642139	0.357861	1.257782
39750	-3982.54	-4242.921	260.3808	1.990195	0.4858664	0.642139	0.357861	1.217089
39756	-3978.887	-4239.068	260.181	2.021743	0.5748684	0.633325	0.366675	1.239711
39762	-3971.762	-4232.051	260.2885	2.011349	0.5126588	0.662554	0.337446	1.239711
39768	-3962.386	-4222.674	260.2877	2.010585	0.5243864	0.722296	0.277704	1.225124
39774	-3980.368	-4240.66	260.2924	2.010585	0.5136434	0.755261	0.244739	1.235723
39780	-3977.623	-4237.928	260.305	2.068397	0.5106933	0.68842	0.31158	1.179699
39786	-3973.014	-4233.239	260.2251	2.112102	0.615455	0.563255	0.436745	1.068476
39792	-3984.618	-4244.813	260.1945	2.112102	0.6205079	0.59216	0.40784	1.090267
39798	-3985.328	-4245.603	260.2749	2.144496	0.5446137	0.647861	0.352139	1.090267
39804	-3967.047	-4227.342	260.2945	2.060513	0.4541644	0.703773	0.296227	1.276115
39810	-3990.322	-4250.62	260.2979	1.82063	0.4541644	0.703773	0.296227	1.462508
39816	-3976.615	-4236.769	260.1548	1.795358	0.4977826	0.730149	0.269851	1.532865
39822	-3982.11	-4241.719	259.6084	1.819933	0.5474907	0.730149	0.269851	1.847207
39828	-3985.336	-4245.485	260.1497	1.895285	0.4828727	0.735803	0.264197	1.480601
39834	-4001.807	-4261.921	260.1146	1.916674	0.4910513	0.735803	0.264197	1.480601
39840	-3993.253	-4253.44	260.1863	1.872541	0.4198677	0.650157	0.349843	1.553785
39846	-3994.848	-4255.1	260.252	2.032396	0.5479295	0.650157	0.349843	1.205396
39852	-3982.02	-4242.32	260.2994	2.032396	0.5095587	0.791103	0.208897	1.216969
39858	-3976.542	-4236.8	260.2581	2.019322	0.5095587	0.731035	0.268965	1.262561
39864	-3996.815	-4257.124	260.309	1.905654	0.4777119	0.505786	0.494214	1.3563
39870	-3965.082	-4225.166	260.0848	1.905654	0.521823	0.645164	0.354836	1.473294
39876	-3970.847	-4230.982	260.1346	1.898068	0.4959641	0.599627	0.400373	1.473294
39882	-3972.711	-4232.936	260.2251	2.063127	0.6006859	0.655133	0.344867	1.132857
39888	-3989.805	-4250.245	260.4398	2.085902	0.452311	0.656122	0.343878	1.132857
39894	-3979.352	-4239.504	260.152	2.036179	0.5903762	0.6035	0.3965	1.232588
39900	-3973.02	-4233.34	260.3199	2.001843	0.5044301	0.713251	0.286749	1.232588
39906	-3974.495	-4234.815	260.3201	2.122761	0.5044301	0.598371	0.401629	1.127461
39912	-3994.487	-4254.503	260.0164	1.917214	0.6399861	0.685719	0.314281	1.3815
39918	-4000.739	-4260.936	260.1969	1.917214	0.4422524	0.708079	0.291921	1.481976
39924	-4009.657	-4269.815	260.1589	1.937491	0.6171914	0.694286	0.305714	1.276679
39930	-3991.059	-4251.511	260.452	2.012423	0.3947548	0.740393	0.259607	1.276679
39936	-4005.401	-4265.802	260.4016	1.977274	0.4417295	0.689206	0.310794	1.274772
39942	-3987.215	-4247.273	260.0576	1.912165	0.5904328	0.737826	0.262174	1.408499
39948	-4000.157	-4260.209	260.0524	1.933826	0.577179	0.687104	0.312896	1.410938
39954	-3991.791	-4251.842	260.0517	2.001071	0.5804681	0.776722	0.223278	1.355016
39960	-3993.296	-4253.368	260.0716	2.001071	0.6791627	0.561149	0.438851	1.225411
39966	-3998.566	-4258.754	260.1883	2.065489	0.5369207	0.561149	0.438851	1.245765
39972	-3979.015	-4239.342	260.3273	2.223055	0.5693116	0.701963	0.298037	0.9221257
39978	-3998.073	-4258.271	260.1986	2.171759	0.6755455	0.645908	0.354092	0.9535277
39984	-3984.598	-4244.953	260.3555	2.19351	0.5312653	0.582477	0.417523	0.9854088
39990	-3979.549	-4240.085	260.5355	2.21076	0.434205	0.658117	0.341883	0.9517912
39996	-3970.837	-4231.122	260.2851	2.311936	0.5796552	0.617195	0.382805	0.8507195
40002	-3996.149	-4256.56	260.4109	2.37408	0.5225144	0.649583	0.350417	0.7115584
40008	-3997.74	-4258.177	260.4371	2.382461	0.5041085	0.649583	0.350417	0.7036439
40014	-3989.56	-4250.079	260.5186	2.325915	0.454598	0.597533	0.402467	0.793279
40020	-3992.981	-4253.239	260.2575	2.269544	0.6024003	0.696204	0.303796	0.8936392
40026	-3997.972	-4258.318	260.3455	2.253983	0.5794603	0.7302	0.2698	0.8481015
40032	-3989.27	-4249.581	260.3114	2.254972	0.5794603	0.7302	0.2698	0.8871768
40038	-3984.215	-4244.491	260.2752	2.386021	0.5409596	0.760847	0.239153	0.8444395
40044	-3992.416	-4252.593	260.1767	2.486934	0.576888	0.810983	0.189017	0.7689771
40050	-3999.389	-4259.83	260.4407	2.327756	0.514463	0.651876	0.348124	0.7578654
40056	-3996.227	-4256.449	260.2228	2.311088	0.6186535	0.668262	0.331738	0.8584301
40062	-3993.348	-4253.571	260.2228	2.290238	0.6334658	0.613154	0.386846	0.8584301
40068	-3975.348	-4235.774	260.4251	2.234682	0.511868	0.755848	0.244152	0.9005741
40074	-3991.81	-4252.335	260.5257	2.234682	0.4531489	0.71463	0.28537	0.8994008
40080	-4002.22	-4262.648	260.4278	2.232	0.4766317	0.791932	0.208068	0.9638618
40086	-4001.178	-4261.507	260.3285	2.095708	0.5492437	0.687339	0.312661	1.079172
40092	-4013.601	-4273.907	260.306	2.334156	0.5649473	0.740959	0.259041	0.8247059
40098	-3993.275	-4253.552	260.2764	2.211572	0.5940191	0.717523	0.282477	0.94962
40104	-4002.596	-4262.574	259.9777	1.944819	0.5630234	0.716453	0.283547	1.475981
40110	-3998.716	-4258.639	259.9233	1.963357	0.571666	0.645811	0.354189	1.493218
40116	-3997.715	-4257.846	260.1313	1.963044	0.5739149	0.742485	0.257515	1.329691
40122	-3994.921	-4254.801	259.8805	1.96609	0.6299764	0.693051	0.306949	1.459442
40128	-4000.6	-4261.082	260.4821	1.929194	0.3934299	0.719492	0.280508	1.321909
40134	-3980.548	-4240.649	260.1006	1.929194	0.5471361	0.68465	0.31535	1.412613
40140	-3992.981	-4252.62	259.6388	1.783125	0.587208	0.690015	0.309985	1.810275
40146	-3991.318	-4250.769	259.4502	1.75072	0.587208	0.6876	0.3124	1.960657
40152	-3980.512	-4240.143	259.6317	1.769088	0.4595125	0.762836	0.237164	1.96413
40158	-3981.517	-4241.144	259.6267	1.790311	0.5576924	0.615171	0.384829	1.844205
40164	-3983.361	-4243.072	259.7114	1.815421	0.5480004	0.59198	0.40802	1.778656
40170	-3991.11	-4250.768	259.6584	1.74744	0.6300324	0.710193	0.289807	1.778656
40176	-3992.224	-4252.213	259.989	1.831038	0.5810135	0.70601	0.29399	1.532506
40182	-3997.055	-4257.233	260.1774	1.887246	0.4495392	0.722694	0.277306	1.50931
40188	-3989.666	-4249.675	260.0086	1.887246	0.4908695	0.626417	0.373583	1.581355
40194	-3987.025	-4247.244	260.2192	1.887246	0.4649656	0.684498	0.315502	1.457344
40200	-3999.876	-4259.903	260.0268	1.844838	0.4977071	0.684498	0.315502	1.590724
40206	-3985.4	-4245.43	260.0302	1.800442	0.5228808	0.596768	0.403232	1.590724
40212	-3992.001	-4252.033	260.0323	1.832037	0.5546316	0.707298	0.292702	1.529188
40218	-3990.395	-4250.348	259.9535	1.827107	0.5628431	0.733425	0.266575	1.581692
40224	-3997.385	-4257.363	259.9777	1.827107	0.5828359	0.732624	0.267376	1.541789
40230	-3985.746	-4245.688	259.9417	1.869542	0.5808741	0.704325	0.295675	1.539136
40236	-3984.936	-4244.948	260.0123	1.848924	0.4756743	0.659176	0.340824	1.625214
40242	-3994.961	-4254.762	259.8013	1.876128	0.63498	0.713149	0.286851	1.580275
40248	-3989.161	-4249.143	259.9823	1.876128	0.4982629	0.67778	0.32222	1.599688
40254	-3981.391	-4241.421	260.0298	2.032675	0.5328246	0.676259	0.323741	1.40464
40260	-3986.212	-4246.57	260.3578	2.005701	0.4933922	0.614448	0.385552	1.212695
40266	-3987.461	-4247.56	260.0998	2.017385	0.6572163	0.595019	0.404981	1.212695
40272	-3986.528	-4246.853	260.3249	2.017266	0.5329637	0.631109	0.368891	1.175821
40278	-3979.994	-4240.063	260.0694	2.090899	0.5938803	0.723171	0.276829	1.251677
40284	-3984.436	-4244.885	260.4495	2.090483	0.5259448	0.655734	0.344266	1.003004
40290	-3995.526	-4255.912	260.3859	2.196167	0.5531897	0.578898	0.421102	0.9142739
40296	-4000.124	-4260.588	260.4636	2.196167	0.5043564	0.663427	0.336573	0.9142739
40302	-3989.683	-4250.037	260.3542	2.406699	0.4875499	0.711442	0.288558	0.8282193
40308	-3981.432	-4241.759	260.3271	2.375919	0.518282	0.644982	0.355018	0.837375
40314	-3992.174	-4252.502	260.3278	2.264068	0.5311061	0.776666	0.223334	0.9410641
40320	-3984.16	-4244.654	260.4935	2.279546	0.4465852	0.700152	0.299848	0.8982589
40326	-3986.93	-4247.316	260.3858	2.248257	0.5411288	0.700152	0.299848	0.8766469
40332	-3995.573	-4255.978	260.4056	2.235499	0.5138434	0.664017	0.335983	0.9177089
40338	-3983.623	-4244.01	260.3868	2.218741	0.5348006	0.762168	0.237832	0.9199936
40344	-3993.616	-4253.953	260.3379	2.181535	0.5848275	0.63263	0.36737	0.9305155
40350	-3991.934	-4252.42	260.4858	2.192558	0.4842536	0.63263	0.36737	0.9305155
40356	-3999.659	-4260.207	260.5481	2.195885	0.4330276	0.711774	0.288226	0.9564051
40362	-3984.066	-4244.354	260.2879	2.145383	0.5733095	0.644351	0.355649	1.03573
40368	-3991.338	-4251.672	260.3338	2.124507	0.5522218	0.732825	0.267175	1.042573
40374	-3980.713	-4241.028	260.3153	2.058082	0.5496379	0.624886	0.375114	1.125078
40380	-3992.724	-4253.06	260.3358	2.0994	0.5184237	0.764474	0.235526	1.113809
40386	-3991.425	-4251.671	260.2457	2.0994	0.5700297	0.657489	0.342511	1.122534
40392	-3983.115	-4243.394	260.2794	2.032952	0.519997	0.703739	0.296261	1.219173
40398	-3997.824	-4257.923	260.0991	1.993171	0.5773343	0.729787	0.270213	1.327234
40404	-3980.846	-4240.992	260.1466	1.957263	0.4664238	0.758618	0.241382	1.457327
40410	-3982.017	-4242.158	260.1409	1.926442	0.4878075	0.763817	0.236183	1.457327
40416	-3984.115	-4244.299	260.1836	1.926442	0.4714887	0.632824	0.367176	1.445964
40422	-3992.044	-4252.218	260.1744	1.935652	0.4714887	0.644081	0.355919	1.445964
40428	-3987.33	-4247.668	260.3386	1.931215	0.4938172	0.644081	0.355919	1.29019
40434	-3990.003	-4250.108	260.1048	2.019121	0.6045398	0.679851	0.320149	1.268949
40440	-3999.443	-4259.583	260.1398	1.877322	0.596295	0.675837	0.324163	1.364724
40446	-4001.552	-4261.64	260.0884	1.877322	0.4885863	0.682975	0.317025	1.5327
40452	-3990.79	-4250.865	260.0751	1.874027	0.5248202	0.682975	0.317025	1.500837
40458	-3991.273	-4251.165	259.8927	1.876246	0.4772027	0.699597	0.300403	1.68939
40464	-3998.111	-4258.319	260.2073	1.901946	0.4444503	0.69001	0.30999	1.482621
40470	-3988.84	-4248.831	259.9906	1.901946	0.5995842	0.7489	0.2511	1.457487
40476	-3988.125	-4248.161	260.0364	1.914718	0.5602718	0.7489	0.2511	1.457487
40482	-4015.911	-4276.073	260.162	1.852971	0.5389216	0.685803	0.314197	1.433948
40488	-3994.099	-4254.414	260.3147	1.883552	0.399541	0.745365	0.254635	1.478515
40494	-4004.307	-4264.25	259.9434	1.861714	0.6114006	0.612784	0.387216	1.510522
40500	-4002.653	-4263.063	260.4103	2.064184	0.4056567	0.756734	0.243266	1.251003
40506	-3982.551	-4242.818	260.2674	2.064736	0.4625713	0.707661	0.292339	1.282793
40512	-3985.288	-4245.524	260.2357	2.088508	0.5453231	0.738847	0.261153	1.174519
40518	-3992.095	-4252.342	260.2471	2.04702	0.5649032	0.691205	0.308795	1.174519
40524	-3991.437	-4251.905	260.4672	1.998688	0.5094437	0.740467	0.259533	1.099129
40530	-3977.302	-4237.767	260.4644	2.074499	0.4498897	0.768155	0.231845	1.124919
40536	-3975.399	-4235.824	260.4244	2.064662	0.476164	0.717046	0.282954	1.128466
40542	-3988.876	-4249.354	260.4777	2.064662	0.476164	0.748146	0.251854	1.079829
40548	-3980.121	-4240.504	260.3833	2.095559	0.5087755	0.633292	0.366708	1.088104
40554	-3990.982	-4251.145	260.1632	2.13954	0.6413944	0.599652	0.400348	1.066554
40560	-3975.317	-4235.468	260.151	2.167435	0.6340934	0.754854	0.245146	1.061421
40566	-3984.703	-4245.187	260.4838	2.167435	0.48762	0.691209	0.308791	0.9533738
40572	-3972.082	-4232.309	260.2275	2.167435	0.6087522	0.724338	0.275662	1.022366
40578	-3975.331	-4235.618	260.2866	2.111763	0.5522451	0.738078	0.261922	1.098736
40584	-3970.147	-4230.584	260.4373	2.140644	0.4441582	0.689538	0.310462	1.098736
40590	-3975.018	-4235.418	260.4002	2.140644	0.4506301	0.616949	0.383051	1.121981
40596	-3975.427	-4235.707	260.2797	2.185515	0.5473765	0.707196	0.292804	1.043154
40602	-3983.063	-4243.304	260.241	2.185515	0.5677854	0.718889	0.281111	1.050242
40608	-3978.43	-4238.833	260.4031	2.142931	0.478518	0.718889	0.281111	1.072593
40614	-3992.254	-4252.717	260.4634	2.142931	0.4440335	0.677762	0.322238	1.072593
40620	-3995.307	-4255.615	260.3076	2.028523	0.4959983	0.695337	0.304663	1.232239
40626	-3996.458	-4256.89	260.4316	2.028523	0.4096443	0.664452	0.335548	1.256569
40632	-3996.884	-4257.214	260.3295	1.897566	0.4638139	0.690499	0.309501	1.365497
40638	-3983.85	-4243.893	260.0431	1.90687	0.4856623	0.581934	0.418066	1.548061
40644	-3997.719	-4257.848	260.1294	1.791754	0.5028931	0.626849	0.373151	1.548061
40650	-3991.031	-4251.237	260.2062	1.952127	0.4423832	0.711437	0.288563	1.448218
40656	-3992.643	-4252.761	260.1183	1.867734	0.5455257	0.723224	0.276776	1.448218
40662	-3990.17	-4250.259	260.0884	1.892799	0.5025225	0.723224	0.276776	1.503901
40668	-3987.081	-4247.069	259.9883	1.897676	0.5496644	0.651419	0.348581	1.518794
40674	-4030.462	-4290.51	260.0479	2.039506	0.6183818	0.753238	0.246762	1.282686
40680	-3998.859	-4258.855	259.9959	1.770704	0.4223295	0.678461	0.321539	1.759842
40686	-3997.456	-4257.355	259.8996	1.833775	0.5437385	0.754249	0.245751	1.637284
40692	-3987.809	-4248.056	260.2471	1.95791	0.4110618	0.773228	0.226772	1.456725
40698	-4001.35	-4261.435	260.0848	1.91619	0.5164218	0.717436	0.282564	1.471881
40704	-4012.244	-4272.512	260.2683	2.017237	0.5225176	0.668874	0.331126	1.238317
40710	-4013.37	-4273.568	260.1979	2.015815	0.5191754	0.639968	0.360032	1.302008
40716	-3992.298	-4252.629	260.331	1.976208	0.463364	0.645326	0.354674	1.302008
40722	-3998.187	-4258.425	260.2378	2.094102	0.5446347	0.645326	0.354674	1.16878
40728	-3994.782	-4254.922	260.1405	2.055296	0.6295228	0.628793	0.371207	1.178065
40734	-3993.284	-4253.579	260.2948	2.141184	0.5525678	0.764944	0.235056	1.063275
40740	-3996.094	-4256.281	260.1875	2.152746	0.5635774	0.675623	0.324377	1.135653
40746	-3976.169	-4236.585	260.4159	2.152746	0.5229727	0.75709	0.24291	0.9788493
40752	-3981.224	-4241.761	260.537	2.152746	0.4301659	0.73226	0.26774	1.016728
40758	-3981.075	-4241.341	260.2656	2.152746	0.5609785	0.717368	0.282632	1.067764
40764	-3984.965	-4245.334	260.3688	2.192345	0.5174304	0.709494	0.290506	0.9954931
40770	-3988.974	-4249.313	260.3391	2.083071	0.4494643	0.709494	0.290506	1.227161
40776	-3994.48	-4254.805	260.3251	2.073715	0.516385	0.61733	0.38267	1.149309
40782	-3987.876	-4248.148	260.2722	1.946538	0.516385	0.631867	0.368133	1.30155
40788	-3985.6	-4245.995	260.3949	2.064936	0.4649142	0.700186	0.299814	1.171524
40794	-3981.902	-4242.146	260.2442	2.053418	0.5648717	0.627214	0.372786	1.171524
40800	-3992.251	-4252.457	260.206	2.053418	0.5289749	0.627097	0.372903	1.251525
40806	-3976.343	-4236.64	260.2968	2.117241	0.4492744	0.678588	0.321412	1.234249
40812	-3968.959	-4229.342	260.3834	2.117241	0.4712233	0.71415	0.28585	1.125697
40818	-3971.349	-4231.731	260.3818	2.171631	0.4238711	0.671802	0.328198	1.154008
40824	-3990.043	-4250.362	260.3195	2.080417	0.5165018	0.614903	0.385097	1.14822
40830	-3979.88	-4240.065	260.1845	2.079593	0.5193646	0.731708	0.268292	1.260395
40836	-3986.893	-4247.239	260.3452	2.045612	0.4282814	0.624426	0.375574	1.285076
40842	-3992.927	-4253.047	260.1206	1.955211	0.5016266	0.624426	0.375574	1.43327
40848	-4001.863	-4262.055	260.1919	1.914195	0.4668849	0.624426	0.375574	1.455049
40854	-4021.404	-4281.484	260.08	1.971903	0.576966	0.651894	0.348106	1.359785
40860	-4002.64	-4263.052	260.4122	2.104523	0.4620569	0.743021	0.256979	1.125598
40866	-3999.826	-4260.202	260.3755	2.14808	0.4620569	0.697492	0.302508	1.1194
40872	-4001.53	-4262.201	260.6716	2.14808	0.4300386	0.727881	0.272119	0.8792351
40878	-4000.237	-4260.705	260.4683	2.206409	0.4701257	0.71677	0.28323	0.9600227
40884	-3993.343	-4253.976	260.6336	2.047352	0.4332337	0.691807	0.308193	1.019866
40890	-3992.774	-4253.224	260.45	2.047352	0.4833236	0.68703	0.31297	1.110027
40896	-4011.911	-4272.137	260.2256	2.046796	0.5371997	0.631908	0.368092	1.229789
40902	-3990.024	-4250.331	260.3069	1.916246	0.4690999	0.718849	0.281151	1.361338
40908	-3980.98	-4240.991	260.0115	1.866804	0.4978889	0.572228	0.427772	1.58562
40914	-3972.536	-4232.591	260.0557	1.862053	0.4484786	0.623893	0.376107	1.618666
40920	-3983.515	-4243.525	260.0099	1.862053	0.4744093	0.622739	0.377261	1.619022
40926	-3993.329	-4253.364	260.0347	1.829306	0.479072	0.750554	0.249446	1.619022
40932	-3994.9	-4254.842	259.9423	1.819593	0.5093599	0.642995	0.357005	1.656154
40938	-4003.428	-4263.306	259.8781	1.801607	0.4263119	0.67891	0.32109	1.8151
40944	-3986.253	-4245.781	259.5279	1.589294	0.4968397	0.648659	0.351341	2.109867
40950	-4002.058	-4261.195	259.137	1.589294	0.4830498	0.675362	0.324638	2.376363
40956	-4013.474	-4273.076	259.6016	1.665523	0.4390139	0.675362	0.324638	2.077188
40962	-4000.194	-4259.845	259.6511	1.700946	0.4940682	0.744024	0.255976	1.957218
40968	-3994.977	-4254.622	259.6446	1.736346	0.5500529	0.596112	0.403888	1.876873
40974	-3990.585	-4250.043	259.4572	1.568835	0.4521424	0.691781	0.308219	2.219006
40980	-3987.008	-4246.144	259.1365	1.539751	0.4415841	0.631367	0.368633	2.45361
40986	-3984.043	-4243.124	259.0811	1.535703	0.4666561	0.650997	0.349003	2.463087
40992	-3988.896	-4248.017	259.1208	1.658402	0.5905964	0.706869	0.293131	2.23436
40998	-3999.514	-4259.104	259.5897	1.663473	0.54873	0.706869	0.293131	1.964635
41004	-3999.633	-4258.899	259.2663	1.663473	0.4686428	0.614616	0.385384	2.262351
41010	-4008.272	-4267.773	259.5004	1.599843	0.5142859	0.629768	0.370232	2.102203
41016	-4012.761	-4272.395	259.6342	1.712563	0.5391439	0.637128	0.362872	1.911622
41022	-4005.967	-4265.885	259.9171	1.856157	0.5292271	0.637128	0.362872	1.625001
41028	-3993.799	-4253.704	259.905	1.769114	0.4424427	0.560463	0.439537	1.798631
41034	-3994.565	-4254.229	259.664	1.714062	0.5233164	0.549734	0.450266	1.907428
41040	-4005.585	-4265.377	259.7922	1.720124	0.4499252	0.555515	0.444485	1.900325
41046	-3991.309	-4251.041	259.7329	1.750744	0.4499252	0.770969	0.229031	1.919723
41052	-3992.01	-4251.715	259.7053	1.796729	0.3970513	0.679323	0.320677	1.973382
41058	-4004.706	-4264.584	259.8787	1.837893	0.4906648	0.679323	0.320677	1.710358
41064	-4002.761	-4262.655	259.8942	1.899464	0.4732049	0.708414	0.291586	1.676745
41070	-3994.348	-4254.34	259.9924	1.85749	0.4411978	0.765808	0.234192	1.676745
41076	-3985.802	-4245.755	259.9531	1.814013	0.4120149	0.724269	0.275731	1.773001
41082	-3988.69	-4248.653	259.963	1.814013	0.4224233	0.702947	0.297053	1.752463
41088	-3986.084	-4246.074	259.9899	1.823687	0.4259812	0.628559	0.371441	1.722141
41094	-3994.45	-4254.383	259.9324	1.799321	0.4890521	0.792911	0.207089	1.701615
41100	-3994.564	-4254.279	259.7155	1.799321	0.4066356	0.66981	0.33019	1.952429
41106	-3975.679	-4235.568	259.8889	1.799321	0.4066356	0.823639	0.176361	1.834657
41112	-3980.314	-4239.36	259.0452	1.702703	0.5749637	0.707184	0.292816	2.269413
41118	-3991.698	-4250.973	259.2745	1.622579	0.3447124	0.722135	0.277865	2.433799
41124	-3985.322	-4244.764	259.4416	1.590102	0.447293	0.609794	0.390206	2.220907
41130	-3976.322	-4235.389	259.067	1.663455	0.5362146	0.713948	0.286052	2.318598
41136	-3986.668	-4245.851	259.1833	1.718567	0.4348273	0.646913	0.353087	2.318598
41142	-3981.815	-4241.342	259.5267	1.740573	0.4585067	0.733451	0.266549	2.054169
41148	-3993.609	-4252.85	259.2411	1.777359	0.6055554	0.667474	0.332526	2.064222
41154	-3984.559	-4244.301	259.7424	1.770551	0.4580868	0.659601	0.340399	1.890085
41160	-3988.954	-4248.705	259.7502	1.858552	0.4702256	0.659601	0.340399	1.809961
41166	-3972.82	-4232.578	259.7579	1.850456	0.4725388	0.715083	0.284917	1.807459
41172	-3981.874	-4241.805	259.9315	1.701236	0.458523	0.723787	0.276213	1.807459
41178	-3982.265	-4241.94	259.6748	1.747281	0.4745453	0.762953	0.237047	1.932256
41184	-3990.808	-4251.283	260.4753	2.0836	0.4931153	0.720341	0.279659	1.037014
41190	-3982.093	-4242.356	260.2631	2.190958	0.6022276	0.721908	0.278092	0.9725323
41196	-3980.008	-4240.225	260.2171	2.187328	0.6074432	0.70085	0.29915	1.014929
41202	-3989.129	-4249.523	260.3936	2.157226	0.5203852	0.650453	0.349547	1.001
41208	-3996.525	-4256.95	260.4258	2.125101	0.5203852	0.658573	0.341427	1.001
41214	-3987.952	-4248.219	260.267	2.046494	0.5523319	0.637938	0.362062	1.17442
41220	-3989.098	-4249.413	260.3154	2.092248	0.4935841	0.616117	0.383883	1.17442
41226	-3993.643	-4253.984	260.3408	2.066917	0.4935841	0.727063	0.272937	1.17442
41232	-3985.932	-4246.249	260.3175	2.066917	0.5444274	0.690966	0.309034	1.122469
41238	-3979.2	-4239.564	260.364	2.027121	0.5232811	0.642309	0.357691	1.146301
41244	-3984.043	-4244.484	260.4409	2.056896	0.4949571	0.821642	0.178358	1.091695
41250	-3977.98	-4238.487	260.5077	2.082904	0.4620986	0.719044	0.280956	1.057323
41256	-3980.287	-4240.76	260.4733	2.09429	0.4843353	0.719044	0.280956	1.042849
41262	-3978.637	-4238.998	260.3606	2.028208	0.5303166	0.683374	0.316626	1.138446
41268	-3988.677	-4248.897	260.2205	2.074482	0.5642091	0.641036	0.358964	1.174681
41274	-4001.735	-4262.272	260.5369	2.208428	0.4176941	0.664787	0.335213	0.9843391
41280	-3999.276	-4259.569	260.2924	1.88934	0.4624095	0.664227	0.335773	1.402882
41286	-3994.079	-4254.323	260.2442	1.937511	0.4624095	0.715438	0.284562	1.402882
41292	-3985.308	-4245.571	260.2631	1.938128	0.4508844	0.763552	0.236448	1.403495
41298	-3990.587	-4250.512	259.9256	1.916128	0.6280466	0.788961	0.211039	1.465187
41304	-3980.031	-4240.248	260.2172	1.914937	0.4764036	0.68667	0.31333	1.422548
41310	-3984.797	-4244.84	260.0427	1.914937	0.6013051	0.706679	0.293321	1.405571
41316	-3984.69	-4244.738	260.0484	1.884044	0.5091251	0.668741	0.331259	1.532154
41322	-3992.662	-4252.592	259.9298	1.886311	0.5264145	0.666189	0.333811	1.59713
41328	-3982.248	-4242.311	260.0629	1.905362	0.4868006	0.751019	0.248981	1.533045
41334	-3997.524	-4257.35	259.8259	1.874567	0.5901392	0.661958	0.338042	1.610324
41340	-4001.355	-4261.624	260.2693	1.84414	0.4276333	0.633419	0.366581	1.502468
41346	-3986.567	-4246.759	260.1913	1.861405	0.449332	0.698728	0.301272	1.518543
41352	-3980.005	-4240.099	260.0932	1.903881	0.5127581	0.648624	0.351376	1.479318
41358	-3987.187	-4247.292	260.1049	1.921103	0.5060863	0.648624	0.351376	1.465712
41364	-3988.366	-4248.473	260.1072	1.918743	0.5060863	0.678667	0.321333	1.465712
41370	-3974.684	-4234.887	260.2036	2.02126	0.5258902	0.666081	0.333919	1.284097
41376	-3979.152	-4239.589	260.437	1.988506	0.4274126	0.714274	0.285726	1.257785
41382	-3992.164	-4252.124	259.959	1.883473	0.4548721	0.64038	0.35962	1.664628
41388	-3998.398	-4258.125	259.7273	1.897763	0.5900825	0.662393	0.337607	1.664628
41394	-3994.849	-4255.143	260.2942	2.211003	0.5897244	0.741609	0.258391	0.9380566
41400	-4003.881	-4264.03	260.1493	2.267403	0.6637304	0.645409	0.354591	0.9209213
41406	-4006.288	-4266.216	259.9282	2.327703	0.7511416	0.688809	0.311191	0.9716592
41412	-3991.499	-4251.793	260.2939	2.259782	0.5743677	0.688809	0.311191	0.9100285
41418	-4000.116	-4260.543	260.4273	2.259782	0.5097625	0.668582	0.331418	0.873202
41424	-4003.555	-4263.773	260.2184	2.28202	0.5983782	0.634534	0.365466	0.9295459
41430	-4010.058	-4270.229	260.1714	1.868085	0.4645002	0.613482	0.386518	1.508462
41436	-3993.887	-4253.877	259.9907	1.93977	0.5338309	0.637545	0.362455	1.504068
41442	-3989.1	-4249.361	260.2606	2.052904	0.5042426	0.79682	0.20318	1.239747
41448	-3990.86	-4251.076	260.2162	2.035506	0.5348178	0.621998	0.378002	1.250246
41454	-3989.92	-4249.954	260.0346	2.035506	0.5377163	0.691127	0.308873	1.392701
41460	-4001.21	-4261.4	260.19	2.060065	0.5377163	0.584374	0.415626	1.247815
41466	-4001.327	-4261.517	260.19	2.060065	0.5377163	0.693467	0.306533	1.247815
41472	-3987.858	-4248.067	260.2088	2.067615	0.5473389	0.757776	0.242224	1.213003
41478	-3982.807	-4243.16	260.3534	2.035086	0.5096222	0.599119	0.400881	1.168118
41484	-3986.196	-4246.449	260.2526	2.021955	0.5203896	0.739139	0.260861	1.250326
41490	-3999.754	-4260	260.2463	2.235092	0.6042202	0.713404	0.286596	0.9408607
41496	-4001.868	-4262.229	260.3609	2.290279	0.5745191	0.653683	0.346317	0.7912198
41502	-3999.934	-4260.2	260.2657	2.084502	0.5474433	0.723526	0.276474	1.148818
41508	-3995.877	-4256.198	260.3214	2.142055	0.5086845	0.671094	0.328906	1.102406
41514	-3985.048	-4245.21	260.162	2.142055	0.580358	0.651794	0.348206	1.145382
41520	-3997.063	-4257.377	260.3142	2.249022	0.5552349	0.691791	0.308209	0.9313955
41526	-3995.935	-4256.251	260.3159	2.261769	0.5902012	0.691791	0.308209	0.8552433
41532	-3991.389	-4251.874	260.4844	2.127394	0.478793	0.763769	0.236231	1.00883
41538	-3985.39	-4245.42	260.0301	2.160706	0.6755002	0.641934	0.358066	1.12685
41544	-3993.858	-4254.079	260.2214	2.0828	0.6265034	0.683395	0.316605	1.084651
41550	-4017.449	-4277.541	260.0927	1.929194	0.6106025	0.687407	0.312593	1.344546
41556	-3988.436	-4248.524	260.0882	1.868676	0.4461343	0.682689	0.317311	1.593362
41562	-3988.917	-4248.859	259.9423	1.868676	0.5110044	0.701582	0.298418	1.618917
41568	-3987.014	-4247.098	260.0844	1.886501	0.4499067	0.759261	0.240739	1.578149
41574	-3983.469	-4243.376	259.9071	1.850497	0.5548136	0.641019	0.358981	1.60738
41580	-3973.659	-4233.671	260.012	1.91119	0.4572034	0.682957	0.317043	1.603526
41586	-3980.235	-4240.45	260.2141	1.98843	0.4572034	0.601999	0.398001	1.393794
41592	-3993.479	-4253.895	260.4154	1.965374	0.4993637	0.631598	0.368402	1.18943
41598	-3980.732	-4240.744	260.0123	1.89848	0.4958336	0.631598	0.368402	1.564354
41604	-4002.129	-4261.748	259.6189	1.810866	0.5396265	0.631598	0.368402	1.854613
41610	-3989.491	-4249.565	260.0745	1.811793	0.5241528	0.752217	0.247783	1.548342
41616	-4001.73	-4261.915	260.1856	1.883141	0.4745139	0.763015	0.236985	1.473457
41622	-3990.909	-4251.066	260.1572	1.971854	0.440218	0.668441	0.331559	1.473457
41628	-3985.859	-4246.422	260.5628	2.079039	0.3578722	0.721629	0.278371	1.189769
41634	-3993.432	-4253.443	260.0119	2.169803	0.6658812	0.74161	0.25839	1.146512
41640	-3989.076	-4249.227	260.1514	2.175216	0.638936	0.754301	0.245699	1.047212
41646	-3986.238	-4246.524	260.2864	2.093397	0.5734749	0.588153	0.411847	1.086127
41652	-4008.321	-4268.693	260.3723	2.242581	0.5070904	0.785103	0.214897	0.9575778
41658	-4000.212	-4260.573	260.3612	2.319746	0.5139773	0.73841	0.26159	0.8722928
41664	-3991.72	-4252.064	260.3439	2.299433	0.5139773	0.723062	0.276938	0.9150045
41670	-3982.747	-4242.942	260.1945	2.159298	0.5812927	0.687883	0.312117	1.099279
41676	-3998.331	-4258.71	260.3789	2.159298	0.5690547	0.732579	0.267421	0.9356881
41682	-3972.868	-4233.393	260.5248	2.206805	0.4276895	0.659671	0.340329	0.9794061
41688	-3973.521	-4233.906	260.3849	2.323085	0.5000365	0.628546	0.371454	0.8673596
41694	-3988.885	-4249.315	260.4296	2.241798	0.4945292	0.660451	0.339549	0.9192874
41700	-3994.858	-4255.251	260.3937	2.206102	0.4843788	0.69804	0.30196	1.0113
41706	-3979.049	-4239.333	260.2844	2.206102	0.5315154	0.673128	0.326872	1.04268
41712	-3974.826	-4235.122	260.2961	2.193689	0.5505178	0.704193	0.295807	1.014439
41718	-3985.048	-4245.135	260.0869	2.097953	0.625286	0.658451	0.341549	1.192693
41724	-3980.445	-4240.827	260.381	2.052856	0.4646477	0.671145	0.328855	1.194394
41730	-3976.48	-4236.605	260.1257	2.052856	0.6462387	0.681034	0.318966	1.172799
41736	-3981.563	-4241.802	260.2384	2.133495	0.6303365	0.645526	0.354474	1.014841
41742	-3989.696	-4249.98	260.2838	2.060998	0.5367455	0.645526	0.354474	1.168257
41748	-3987.004	-4247.216	260.2121	2.079903	0.6127929	0.685707	0.314293	1.113701
41754	-3987.446	-4247.877	260.4309	2.09219	0.4839708	0.688712	0.311288	1.085405
41760	-3989.213	-4249.559	260.3462	2.093156	0.5352069	0.608552	0.391448	1.085405
41766	-3984.74	-4244.951	260.2108	2.093156	0.5801102	0.578033	0.421967	1.145846
41772	-3980.338	-4240.664	260.3251	2.082114	0.5136395	0.622473	0.377527	1.145846
41778	-3988.837	-4249.264	260.4268	2.090397	0.4524558	0.708779	0.291221	1.140229
41784	-3984.237	-4244.276	260.0398	2.061777	0.5830642	0.766613	0.233387	1.312836
41790	-3988.696	-4249.079	260.3832	2.028381	0.516307	0.623005	0.376995	1.138111
41796	-3996.515	-4256.78	260.265	2.114935	0.5880098	0.801691	0.198309	1.065748
41802	-3995.113	-4254.912	259.7991	1.76439	0.5683343	0.646585	0.353415	1.731228
41808	-4005.82	-4265.747	259.9272	1.810228	0.5161413	0.687683	0.312317	1.66575
41814	-3997.281	-4257.062	259.7807	1.934386	0.7455042	0.737439	0.262561	1.443445
41820	-3990.295	-4250.266	259.9718	1.895131	0.6392146	0.773416	0.226584	1.433998
41826	-3996.263	-4256.317	260.054	1.804356	0.5699249	0.709117	0.290883	1.516357
41832	-3992.211	-4252.068	259.8568	1.749121	0.4220273	0.681061	0.318939	1.871159
41838	-4000.673	-4260.487	259.8141	1.769766	0.4340228	0.721693	0.278307	1.871159
41844	-4012.682	-4272.407	259.7242	1.75503	0.4940174	0.671074	0.328926	1.871159
41850	-3996.409	-4256.059	259.6504	1.75503	0.4940174	0.73342	0.26658	1.921304
41856	-3999.485	-4259.128	259.6435	1.722277	0.51537	0.607285	0.392715	1.924368
41862	-4012.595	-4271.796	259.2002	1.62484	0.4737299	0.625684	0.374316	2.323739
41868	-3999.834	-4258.882	259.0474	1.611548	0.5642183	0.751727	0.248273	2.336573
41874	-4004.714	-4264.974	260.2597	1.961233	0.4355983	0.733573	0.266427	1.4095
41880	-4001.078	-4260.534	259.4551	1.634205	0.5071689	0.619389	0.380611	2.117016
41886	-3995.77	-4255.355	259.5854	1.634205	0.5217012	0.641776	0.358224	2.015493
41892	-3999.158	-4258.363	259.2048	1.599251	0.5289939	0.641776	0.358224	2.278881
41898	-3993.231	-4252.572	259.3406	1.629206	0.5289939	0.798704	0.201296	2.171934
41904	-3998.688	-4258.062	259.3738	1.607155	0.567764	0.768047	0.231953	2.125519
41910	-4009.821	-4267.474	257.6529	1.435921	0.5437503	0.727423	0.272577	3.311746
41916	-3990.988	-4249.547	258.5582	1.508958	0.4956186	0.674127	0.325873	2.772496
41922	-4000.256	-4260.59	260.3342	2.040961	0.5306629	0.697336	0.302664	1.150065
41928	-3984.514	-4244.848	260.3342	2.040961	0.5306629	0.643297	0.356703	1.150065
41934	-3979.615	-4239.968	260.3525	2.009664	0.4849759	0.685978	0.314022	1.225855
41940	-3977.217	-4237.421	260.2044	2.020733	0.519854	0.702359	0.297641	1.291816
41946	-3993.131	-4253.679	260.5485	2.18394	0.4048861	0.797866	0.202134	1.021295
41952	-3982.001	-4242.276	260.2752	2.186837	0.5455403	0.660083	0.339917	1.048874
41958	-3994.441	-4254.78	260.3393	2.12022	0.4910534	0.594201	0.405799	1.132376
41964	-3993.593	-4253.707	260.1137	2.067305	0.6163974	0.722032	0.277968	1.206751
41970	-3985.342	-4245.49	260.1475	2.058644	0.5173998	0.66908	0.33092	1.310444
41976	-3980.611	-4240.779	260.1677	1.931632	0.4972716	0.651776	0.348224	1.420735
41982	-4001.687	-4262.099	260.4119	1.931632	0.4523339	0.71829	0.28171	1.288174
41988	-4002.45	-4262.708	260.2572	1.860796	0.4924574	0.697252	0.302748	1.412506
41994	-4001.981	-4261.989	260.0083	1.793195	0.5333712	0.646582	0.353418	1.599794
42000	-4015.145	-4275.234	260.0884	1.938485	0.538385	0.70035	0.29965	1.425386
42006	-4011.402	-4271.741	260.3393	1.951845	0.4811821	0.70035	0.29965	1.290091
42012	-4015.126	-4275.07	259.9442	1.962627	0.580741	0.656099	0.343901	1.467723
42018	-3995.505	-4255.577	260.0718	1.942056	0.4883158	0.745926	0.254074	1.497142
42024	-3997.047	-4257.21	260.1633	1.9587	0.5013077	0.702699	0.297301	1.397984
42030	-3999.734	-4259.861	260.1272	1.903796	0.5599805	0.671351	0.328649	1.396381
42036	-3996.192	-4256.169	259.977	1.888051	0.5769969	0.73218	0.26782	1.503386
42042	-3985.752	-4245.729	259.9774	1.930651	0.6412404	0.731892	0.268108	1.400072
42048	-3996.683	-4256.891	260.208	1.895751	0.5354132	0.696046	0.303954	1.36918
42054	-3984.807	-4244.973	260.1656	1.956977	0.5685652	0.795407	0.204593	1.313416
42060	-3981.616	-4241.96	260.3444	1.990867	0.5045542	0.569355	0.430645	1.221014
42066	-3988.412	-4248.619	260.207	2.158121	0.5631545	0.776702	0.223298	1.113887
42072	-3999.281	-4259.693	260.4123	2.158121	0.5114156	0.692488	0.307512	0.9959418
42078	-4001.476	-4261.77	260.2937	2.110837	0.4749385	0.619186	0.380814	1.204345
42084	-3992.443	-4252.764	260.3207	2.23454	0.546207	0.658101	0.341899	0.9547801
42090	-4008.782	-4268.883	260.1008	2.23454	0.609498	0.658101	0.341899	1.078201
42096	-3984.79	-4245.137	260.3465	2.227363	0.458625	0.658101	0.341899	1.078755
42102	-3987.735	-4248.071	260.336	2.155052	0.6079156	0.699857	0.300143	0.9247112
42108	-3999.983	-4260.434	260.4507	2.162273	0.5273981	0.699857	0.300143	0.9247112
42114	-4008.772	-4269.182	260.4104	1.941291	0.3000696	0.747101	0.252899	1.521222
42120	-4009.99	-4269.962	259.9717	1.918408	0.5459256	0.656416	0.343584	1.520098
42126	-4013.637	-4273.987	260.3505	1.887058	0.4737116	0.735442	0.264558	1.343543
42132	-4001.887	-4261.93	260.0432	1.828212	0.4737363	0.690407	0.309593	1.620269
42138	-4003.834	-4263.569	259.7353	1.849882	0.6988485	0.667245	0.332755	1.584742
42144	-3998.053	-4258.086	260.0331	1.885075	0.4525717	0.689984	0.310016	1.6131
42150	-3982.673	-4242.741	260.068	1.86396	0.3555806	0.712185	0.287815	1.735961
42156	-3985.102	-4245.208	260.1061	1.92278	0.4628783	0.70841	0.29159	1.518502
42162	-3997.757	-4257.869	260.1119	1.922775	0.469752	0.70841	0.29159	1.505252
42168	-3988.177	-4248.347	260.1697	1.860818	0.476666	0.674633	0.325367	1.499465
42174	-4008.891	-4269.214	260.3224	1.936126	0.4579068	0.674633	0.325367	1.348773
42180	-4016.212	-4275.965	259.7532	1.891613	0.663605	0.683507	0.316493	1.575396
42186	-3999.383	-4259.476	260.0933	1.891613	0.4937902	0.666517	0.333483	1.511928
42192	-3994.404	-4254.675	260.2712	1.866759	0.3951025	0.648424	0.351576	1.53012
42198	-4006.456	-4266.271	259.8146	1.856928	0.5349884	0.651269	0.348731	1.691258
42204	-4007.839	-4267.868	260.0286	1.894334	0.47867	0.615045	0.384955	1.576615
42210	-3998.711	-4258.809	260.0974	1.939555	0.4898759	0.620542	0.379458	1.477781
42216	-3998.263	-4258.269	260.0054	1.920702	0.5536491	0.756583	0.243417	1.4841
42222	-4006.896	-4266.518	259.623	1.698196	0.5401075	0.653993	0.346007	1.927911
42228	-4004.169	-4264.077	259.9084	1.772029	0.4842777	0.653993	0.346007	1.743394
42234	-4003.014	-4262.648	259.634	1.772029	0.4294991	0.764133	0.235867	1.996636
42240	-3991.075	-4250.56	259.4851	1.73642	0.6212347	0.691145	0.308855	1.913562
42246	-3994.709	-4254.149	259.4407	1.713884	0.6212347	0.677239	0.322761	1.95871
42252	-3981.727	-4241.282	259.5547	1.654843	0.4835073	0.62999	0.37001	2.063887
42258	-3997.68	-4257.026	259.3456	1.730605	0.5392405	0.62999	0.37001	2.091909
42264	-4008.249	-4267.666	259.4167	1.790837	0.5311237	0.666888	0.333112	2.013528
42270	-4009.806	-4269.158	259.3521	1.761619	0.5926774	0.666179	0.333821	2.013528
42276	-4016.381	-4275.942	259.5613	1.695035	0.5445544	0.731773	0.268227	1.966841
42282	-4022.388	-4282.206	259.8173	1.7258	0.4974567	0.716163	0.283837	1.823494
42288	-4023.241	-4282.397	259.1553	1.53953	0.4122362	0.665045	0.334955	2.475908
42294	-4008.656	-4268.763	260.1069	1.871902	0.5164098	0.672377	0.327623	1.488647
42300	-4005.865	-4265.985	260.1192	1.9433	0.5174914	0.564534	0.435466	1.423622
42306	-3996.26	-4256.755	260.495	2.019326	0.4676504	0.572168	0.427832	1.118922
42312	-3989.265	-4249.733	260.4687	2.061623	0.4676504	0.618132	0.381868	1.104438
42318	-3988.334	-4248.551	260.2177	2.061623	0.6234102	0.659282	0.340718	1.111492
42324	-3988.322	-4248.444	260.1214	2.050276	0.6492993	0.697042	0.302958	1.175084
42330	-3973.983	-4234.046	260.0634	2.132515	0.6514037	0.67808	0.32192	1.151325
42336	-3984.915	-4245.093	260.1781	2.158406	0.6471396	0.67808	0.32192	1.026626
42342	-3990.642	-4251.014	260.3726	2.158406	0.5210571	0.678804	0.321196	1.019606
42348	-3979.224	-4239.79	260.5657	2.158406	0.4196955	0.707322	0.292678	1.001874
42354	-3988.59	-4248.98	260.3897	2.197978	0.4426737	0.775172	0.224828	1.092246
42360	-3999.477	-4259.742	260.2645	2.197293	0.4889185	0.647992	0.352008	1.133604
42366	-4001.636	-4261.956	260.3203	2.125646	0.5474063	0.763714	0.236286	1.061456
42372	-4012.446	-4272.754	260.3085	2.232027	0.5330072	0.669344	0.330656	0.9911969
42378	-3993.916	-4254.082	260.1661	2.232027	0.5687814	0.611814	0.388186	1.075633
42384	-4020.455	-4280.588	260.1329	1.868216	0.4827976	0.696469	0.303531	1.513658
42390	-4017.515	-4277.826	260.311	1.84239	0.4371547	0.706806	0.293194	1.459221
42396	-4004.116	-4264.414	260.2983	2.015519	0.4786762	0.683476	0.316524	1.275042
42402	-3999.786	-4259.759	259.9728	1.938578	0.5094496	0.73275	0.26725	1.547398
42408	-4003.56	-4263.732	260.172	1.940402	0.3787822	0.711778	0.288222	1.572657
42414	-4010.769	-4270.799	260.0294	1.939814	0.6372191	0.711778	0.288222	1.35645
42420	-4005.853	-4265.322	259.4689	1.7756	0.5692844	0.752779	0.247221	1.94937
42426	-3992.151	-4252.133	259.9823	1.868924	0.5692844	0.692334	0.307666	1.522398
42432	-3992.944	-4253.18	260.2357	2.212681	0.5953419	0.62972	0.37028	0.9885516
42438	-4002.183	-4262.804	260.6213	2.155958	0.435977	0.558444	0.441556	0.9149216
42444	-3996.045	-4256.066	260.021	1.937088	0.5108496	0.753758	0.246242	1.511002
42450	-3999.646	-4259.606	259.9603	1.919997	0.5108496	0.693162	0.306838	1.568575
42456	-4009.184	-4269.319	260.1347	1.911675	0.3853961	0.691333	0.308667	1.611227
42462	-4004.335	-4264.682	260.3477	2.174363	0.5391679	0.684201	0.315799	0.9999827
42468	-4006.037	-4266.562	260.525	2.132455	0.4872905	0.625656	0.374344	0.9473685
42474	-3999.545	-4259.948	260.4029	2.151217	0.5613563	0.758866	0.241134	0.931162
42480	-3991.324	-4251.646	260.322	2.19864	0.5339777	0.64588	0.35412	1.009558
42486	-3980.795	-4241.302	260.5062	2.19864	0.4652855	0.665834	0.334166	0.9369763
42492	-3994.624	-4254.956	260.3325	2.072785	0.4653831	0.66749	0.33251	1.217709
42498	-3991.293	-4251.635	260.3421	2.08514	0.511433	0.634741	0.365259	1.131157
42504	-3996.922	-4257.343	260.4201	2.146189	0.4429184	0.658701	0.341299	1.111418
42510	-4004.244	-4264.619	260.375	2.098587	0.4429184	0.679133	0.320867	1.193347
42516	-3996.776	-4257.075	260.2991	2.142586	0.4683642	0.680528	0.319472	1.182127
42522	-3992.353	-4252.796	260.4431	2.251486	0.5133641	0.756312	0.243688	0.8573348
42528	-3985.44	-4245.933	260.4929	2.295625	0.4634694	0.73777	0.26223	0.845136
42534	-3988.939	-4249.243	260.3038	2.304158	0.5323086	0.721625	0.278375	0.9216862
42540	-3985.334	-4245.71	260.3761	2.283657	0.5379736	0.644251	0.355749	0.8519309
42546	-4000.969	-4261.364	260.3951	2.203468	0.5205822	0.618816	0.381184	0.9517621
42552	-3997.54	-4257.909	260.3688	2.2252	0.5490984	0.620623	0.379377	0.9080526
42558	-3993.481	-4254.101	260.6201	2.2252	0.3744446	0.68802	0.31198	0.9678784
42564	-3997.973	-4258.359	260.3862	2.13458	0.4853457	0.68802	0.31198	1.085388
42570	-4004.518	-4264.937	260.4187	2.086635	0.4661762	0.672115	0.327885	1.129349
42576	-4008.432	-4268.679	260.2465	2.019068	0.5593432	0.713899	0.286101	1.206496
42582	-4008.466	-4269.013	260.5473	2.205271	0.472386	0.776349	0.223651	0.869845
42588	-3982.643	-4243.062	260.4192	2.231756	0.5208625	0.682162	0.317838	0.8940576
42594	-4001.009	-4261.58	260.5704	2.245562	0.4130575	0.675608	0.324392	0.918992
42600	-3995.151	-4255.558	260.4075	2.223377	0.5070731	0.766809	0.233191	0.9407915
42606	-3993.301	-4253.747	260.4455	2.277957	0.4870694	0.700401	0.299599	0.8745725
42612	-4002.508	-4262.925	260.4177	2.234759	0.534161	0.628902	0.371098	0.8678943
42618	-3995.188	-4255.777	260.5887	2.234759	0.4332684	0.716886	0.283114	0.8678943
42624	-3972.12	-4232.516	260.3961	2.007801	0.4707751	0.706498	0.293502	1.210957
42630	-3980.067	-4240.446	260.3789	2.007801	0.5384321	0.742166	0.257834	1.128794
42636	-3989.894	-4250.056	260.1622	1.994119	0.5730013	0.710704	0.289296	1.280503
42642	-3989.857	-4250.184	260.3265	1.898684	0.454435	0.710704	0.289296	1.379893
42648	-3997.006	-4257.156	260.1501	1.896221	0.4556943	0.710704	0.289296	1.514892
42654	-3975.747	-4235.933	260.1862	1.909984	0.5170476	0.689688	0.310312	1.398103
42660	-3974.675	-4234.592	259.916	1.864203	0.476511	0.740173	0.259827	1.682244
42666	-3976.048	-4236.097	260.0494	1.884306	0.3924265	0.715334	0.284666	1.682244
42672	-3983.299	-4243.587	260.2879	1.923565	0.4596332	0.715442	0.284558	1.383453
42678	-3970.665	-4230.82	260.1552	1.931081	0.4304061	0.715442	0.284558	1.518961
42684	-3980.736	-4240.661	259.9243	1.931089	0.6377526	0.713501	0.286499	1.444455
42690	-3984.234	-4244.105	259.8706	1.931089	0.6377526	0.660858	0.339142	1.485155
42696	-3976.885	-4236.842	259.9573	1.845378	0.5069048	0.686696	0.313304	1.629707
42702	-3981.01	-4241.086	260.0764	1.82498	0.4571703	0.596775	0.403225	1.61938
42708	-3982.206	-4241.838	259.6317	1.871193	0.5385336	0.596775	0.403225	1.805461
42714	-4000.489	-4260.735	260.2467	2.215765	0.505791	0.664236	0.335764	1.107647
42720	-3996.112	-4256.12	260.0072	1.872671	0.572073	0.669764	0.330236	1.497848
42726	-3997.669	-4257.868	260.1987	1.926655	0.4799475	0.659573	0.340427	1.423084
42732	-3985.952	-4246.032	260.0806	1.919113	0.5578738	0.681477	0.318523	1.423084
42738	-3996.805	-4256.967	260.1617	2.005846	0.4556135	0.729315	0.270685	1.423084
42744	-3988.099	-4248.281	260.182	1.868909	0.4349589	0.671059	0.328941	1.539105
42750	-3989.261	-4249.104	259.8435	1.868909	0.5897772	0.670039	0.329961	1.602033
42756	-3974.097	-4233.998	259.9008	1.903926	0.536655	0.693957	0.306043	1.593649
42762	-3965.596	-4225.639	260.0433	1.862252	0.4883979	0.605205	0.394795	1.57733
42768	-3963.131	-4223.188	260.0566	1.862252	0.3677917	0.662798	0.337202	1.727505
42774	-3982.55	-4242.636	260.0863	1.880261	0.512256	0.742393	0.257607	1.502937
42780	-3994.223	-4253.631	259.4082	1.615612	0.4206274	0.67206	0.32794	2.257324
42786	-3991.244	-4250.319	259.0748	1.615612	0.5559879	0.542072	0.457928	2.324511
42792	-3987.925	-4247.115	259.1896	1.654839	0.5718242	0.708059	0.291941	2.210288
42798	-3999.09	-4258.194	259.1042	1.706012	0.5949136	0.755254	0.244746	2.210288
42804	-4005.341	-4265.571	260.2299	1.950433	0.4952872	0.698008	0.301992	1.360013
42810	-4007.459	-4267.699	260.24	2.033696	0.471887	0.676332	0.323668	1.317166
42816	-3997.526	-4257.906	260.3801	2.016474	0.471887	0.742918	0.257082	1.215559
42822	-4009.226	-4268.58	259.3543	1.583803	0.5016373	0.6661	0.3339	2.221137
42828	-3999.737	-4259.187	259.45	1.661896	0.477937	0.816418	0.183582	2.13416
42834	-3997.864	-4257.57	259.7058	1.647823	0.477937	0.713623	0.286377	1.97441
42840	-4001.74	-4261.789	260.0488	1.694835	0.4677882	0.713623	0.286377	1.718794
42846	-3998.54	-4258.594	260.0536	1.771892	0.510117	0.621075	0.378925	1.609417
42852	-3981.67	-4242.116	260.4457	2.299792	0.5227359	0.717678	0.282322	0.7716992
42858	-3985.396	-4245.923	260.5268	2.284166	0.4372254	0.752054	0.247946	0.8740944
42864	-3981.21	-4241.752	260.542	2.244064	0.4420818	0.657869	0.342131	0.8927062
42870	-3988.725	-4249.193	260.4674	2.26064	0.5004433	0.693756	0.306244	0.8424743
42876	-3997.914	-4258.319	260.4046	2.324469	0.5007625	0.681044	0.318956	0.8404484
42882	-3984.054	-4244.589	260.5348	2.280429	0.4408235	0.681044	0.318956	0.8614747
42888	-3982.657	-4243.11	260.4528	2.185446	0.5463875	0.68712	0.31288	0.8620076
42894	-3997.167	-4257.564	260.3976	2.234254	0.5190978	0.736862	0.263138	0.9185822
42900	-3988.276	-4248.651	260.375	2.158601	0.4940599	0.736862	0.263138	1.059634
42906	-4003.148	-4263.637	260.4891	2.097703	0.4887557	0.56044	0.43956	1.016849
42912	-3987.989	-4248.463	260.4736	2.064891	0.4261296	0.656409	0.343591	1.163492
42918	-3988.737	-4249.17	260.4334	1.992542	0.3838828	0.656409	0.343591	1.325213
42924	-3995.592	-4256.1	260.5079	2.055328	0.4111747	0.678568	0.321432	1.166318
42930	-3991.096	-4251.375	260.2797	2.227703	0.4890843	0.687162	0.312838	1.091865
42936	-3983.93	-4244.212	260.2818	2.130466	0.5486408	0.693932	0.306068	1.091094
42942	-3999.254	-4259.766	260.5122	2.032141	0.4452286	0.628868	0.371132	1.127481
42948	-3992.966	-4253.139	260.1734	2.160601	0.6234412	0.650429	0.349571	1.060802
42954	-3990.252	-4250.38	260.1282	2.143726	0.6451094	0.650429	0.349571	1.090523
42960	-3983.801	-4244.181	260.38	1.998542	0.4343451	0.746635	0.253365	1.285978
42966	-3986.169	-4246.325	260.1561	1.998542	0.5216818	0.659111	0.340889	1.346176
42972	-3983.582	-4243.877	260.2951	1.937196	0.4653372	0.659111	0.340889	1.359228
42978	-3986.192	-4246.318	260.1263	2.066179	0.5547228	0.808726	0.191274	1.27368
42984	-3984.813	-4245.034	260.2215	2.105328	0.5211069	0.727474	0.272526	1.20527
42990	-3997.354	-4257.792	260.4377	2.064298	0.4511684	0.700623	0.299377	1.155736
42996	-3979.72	-4239.961	260.2409	2.046703	0.4929385	0.618237	0.381763	1.276751
43002	-3999.987	-4260.312	260.3252	2.025352	0.447785	0.597818	0.402182	1.289047
43008	-4011.042	-4271.392	260.35	1.935255	0.4232778	0.766095	0.233905	1.376991
43014	-4013.572	-4273.298	259.7263	1.914783	0.7187779	0.71782	0.28218	1.524633
43020	-4003.781	-4263.992	260.2107	1.941008	0.4314914	0.684295	0.315705	1.468297
43026	-4002.402	-4262.549	260.147	1.941008	0.4732696	0.69323	0.30677	1.460428
43032	-3993.925	-4254.425	260.4997	2.14207	0.4240348	0.741432	0.258568	1.073549
43038	-3979.417	-4239.55	260.1334	2.119411	0.6735167	0.702267	0.297733	1.07245
43044	-3983.979	-4244.25	260.2703	2.148438	0.5891148	0.702267	0.297733	1.027013
43050	-3993.157	-4253.461	260.3035	2.085292	0.5522116	0.675524	0.324476	1.107519
43056	-3986.411	-4246.714	260.3029	2.153549	0.5522116	0.614371	0.385629	1.044362
43062	-3979.114	-4239.521	260.4076	2.103276	0.5038861	0.755231	0.244769	1.065737
43068	-3983.878	-4244.308	260.4293	2.103276	0.4888635	0.739266	0.260734	1.068797
43074	-3997.553	-4258.071	260.5176	2.198066	0.4862638	0.701413	0.298587	0.8851675
43080	-3998.697	-4259.111	260.4144	2.096671	0.5468175	0.612013	0.387987	0.9990665
43086	-4009.3	-4269.737	260.4364	2.099903	0.4897393	0.688931	0.311069	1.063921
43092	-4004.262	-4264.469	260.2063	2.11497	0.5921906	0.671514	0.328486	1.114288
43098	-4010.234	-4270.635	260.4014	2.044199	0.5136764	0.689086	0.310914	1.111333
43104	-3987.46	-4247.758	260.2971	2.094627	0.5174414	0.635822	0.364178	1.154108
43110	-3995.083	-4255.383	260.3001	2.092435	0.5496696	0.654332	0.345668	1.107742
43116	-4009.424	-4269.846	260.4218	2.130866	0.5496696	0.752872	0.247128	0.9518606
43122	-3994.536	-4254.913	260.3765	2.176096	0.5496696	0.711118	0.288882	0.9518606
43128	-3996.425	-4257.07	260.6449	2.067964	0.3905683	0.675919	0.324081	1.066718
43134	-4002.472	-4262.653	260.1808	2.033602	0.6387828	0.626865	0.373135	1.150393
43140	-3999.922	-4260.457	260.5352	2.064055	0.4323218	0.616053	0.383947	1.098854
43146	-3996.898	-4257.389	260.4906	2.089167	0.4503975	0.723854	0.276146	1.086739
43152	-3987.07	-4247.434	260.3641	2.041647	0.4628852	0.710457	0.289543	1.221022
43158	-3998.763	-4258.932	260.1687	1.905352	0.524736	0.630974	0.369026	1.405652
43164	-4002.691	-4262.958	260.2674	1.965824	0.458404	0.618016	0.381984	1.368078
43170	-3994.909	-4255.26	260.3505	1.926942	0.4968033	0.698956	0.301044	1.279859
43176	-4012.86	-4273.146	260.2857	1.947218	0.4416528	0.601136	0.398864	1.391676
43182	-4001.635	-4262.064	260.429	2.160602	0.4597776	0.600142	0.399858	1.062059
43188	-3989.901	-4250.115	260.2139	2.160602	0.5700647	0.700677	0.299323	1.095686
43194	-3980.667	-4240.963	260.2954	2.12391	0.6341563	0.700677	0.299323	0.9614435
43200	-3982.454	-4242.991	260.5369	2.211994	0.4262363	0.700677	0.299323	0.964267
43206	-3977.159	-4237.621	260.4618	2.382008	0.4512702	0.772435	0.227565	0.8021484
43212	-3971.483	-4231.808	260.3248	2.225899	0.5411651	0.689117	0.310883	0.9676877
43218	-3972.069	-4232.281	260.2113	2.116914	0.584801	0.702394	0.297606	1.117818
43224	-3976.24	-4236.517	260.2777	2.088181	0.5172453	0.733826	0.266174	1.177018
43230	-3996.017	-4256.035	260.0188	1.875564	0.4542855	0.730343	0.269657	1.62818
43236	-3987.762	-4248.039	260.2773	1.954764	0.4771305	0.730343	0.269657	1.343273
43242	-3999.178	-4259.407	260.2283	1.958122	0.4706168	0.679009	0.320991	1.388088
43248	-3991.822	-4252.079	260.2577	2.010985	0.4384565	0.829163	0.170837	1.36813
43254	-3997.884	-4257.995	260.1105	2.017045	0.5213011	0.565342	0.434658	1.36813
43260	-3990.747	-4250.881	260.1339	1.991526	0.4391545	0.694231	0.305769	1.477623
43266	-3989.541	-4249.892	260.3509	1.991526	0.4849333	0.8081	0.1919	1.242463
43272	-3987.955	-4248.27	260.316	1.969372	0.4337296	0.674246	0.325754	1.361797
43278	-3973.906	-4234.016	260.1103	1.95198	0.5426856	0.635152	0.364848	1.392787
43284	-3985.634	-4245.83	260.1953	1.984601	0.4346398	0.665461	0.334539	1.442438
43290	-3988.713	-4249.033	260.3203	2.037602	0.4336662	0.705505	0.294495	1.303771
43296	-3984.856	-4245.138	260.282	1.988889	0.5350123	0.65201	0.34799	1.233964
43302	-3998.714	-4259.042	260.3277	1.927631	0.3929868	0.641434	0.358566	1.444753
43308	-3991.419	-4251.716	260.2972	1.907227	0.4235677	0.760042	0.239958	1.439258
43314	-3999.067	-4259.105	260.0382	2.011996	0.4537505	0.610919	0.389081	1.514562
43320	-3995.12	-4255.283	260.1627	1.887608	0.4151626	0.684616	0.315384	1.566512
43326	-3981.67	-4241.802	260.1323	1.956401	0.424082	0.684616	0.315384	1.525856
43332	-3984.292	-4244.535	260.2426	1.906103	0.4082374	0.64622	0.35378	1.503231
43338	-3986.996	-4247.156	260.1603	2.038233	0.5616242	0.663633	0.336367	1.259942
43344	-3988.375	-4248.744	260.3687	2.003918	0.4650065	0.698218	0.301782	1.245748
43350	-4001.743	-4261.835	260.0919	1.99795	0.4336571	0.698218	0.301782	1.511852
43356	-4002.024	-4261.89	259.8664	1.8999	0.5310409	0.690853	0.309147	1.627956
43362	-3976.972	-4236.999	260.0274	1.974119	0.4817733	0.702098	0.297902	1.514677
43368	-3979.789	-4239.94	260.151	1.955417	0.4773851	0.661832	0.338168	1.441009
43374	-3981.006	-4241.263	260.2574	2.004087	0.4928484	0.763781	0.236219	1.298228
43380	-3975.665	-4236.057	260.392	2.016267	0.4523752	0.729577	0.270423	1.234475
43386	-3975.237	-4235.462	260.2256	2.007534	0.445905	0.737819	0.262181	1.385549
43392	-3976.412	-4236.763	260.3509	2.007534	0.4661619	0.788836	0.211164	1.25594
43398	-3979.062	-4239.304	260.2425	2.033713	0.5173697	0.682264	0.317736	1.253019
43404	-3980.705	-4241.107	260.4018	2.006703	0.4295981	0.748655	0.251345	1.268537
43410	-3982.467	-4242.661	260.1938	2.060086	0.5633561	0.716981	0.283019	1.211224
43416	-3981.795	-4242.134	260.339	2.121571	0.4385124	0.689053	0.310947	1.211224
43422	-3984.728	-4244.963	260.2353	2.028465	0.4982372	0.709496	0.290504	1.289119
43428	-3987.225	-4247.448	260.2229	2.028465	0.5032071	0.755869	0.244131	1.292482
43434	-3982.702	-4242.856	260.1541	2.029487	0.5356644	0.717019	0.282981	1.305112
43440	-3983.245	-4243.604	260.3593	1.94051	0.4329795	0.717019	0.282981	1.35138
43446	-3979.25	-4239.285	260.0343	1.925695	0.5162237	0.730341	0.269659	1.503011
43452	-3980.038	-4240.407	260.3683	1.959208	0.3934878	0.730341	0.269659	1.388262
43458	-3980.136	-4240.217	260.0802	1.824643	0.5087434	0.604679	0.395321	1.553087
43464	-3992.171	-4252.1	259.9292	1.824643	0.4369498	0.715801	0.284199	1.749996
43470	-3985.827	-4245.756	259.9285	1.863117	0.5000157	0.65201	0.34799	1.645832
43476	-3986.116	-4246.259	260.143	1.801202	0.3744265	0.687567	0.312433	1.700146
43482	-3986.866	-4246.898	260.0313	1.838831	0.3763109	0.687567	0.312433	1.749619
43488	-3975.743	-4235.545	259.8015	1.776495	0.4237421	0.692087	0.307913	1.88801
43494	-3983.151	-4242.824	259.6724	1.678544	0.4495997	0.677676	0.322324	2.009118
43500	-3995.513	-4255.316	259.8039	1.728474	0.4504981	0.741741	0.258259	1.886004
43506	-3995.49	-4255.301	259.8107	1.877881	0.4371988	0.657	0.343	1.795154
43512	-3988.678	-4248.31	259.6321	1.806575	0.5419121	0.657	0.343	1.846057
43518	-3996.125	-4256.014	259.8889	1.741904	0.4131465	0.572957	0.427043	1.86551
43524	-3996.294	-4256.767	260.4727	2.010646	0.3624173	0.681468	0.318532	1.313968
43530	-3988.707	-4248.84	260.1333	1.970357	0.5692773	0.612261	0.387739	1.327814
43536	-3993.699	-4254.203	260.5036	2.018356	0.4405859	0.685907	0.314093	1.154874
43542	-3978.155	-4238.364	260.2091	1.984419	0.437282	0.67202	0.32798	1.4283
43548	-3990.252	-4250.389	260.1364	1.984419	0.4538277	0.67202	0.32798	1.46127
43554	-4009.51	-4269.847	260.3365	1.948902	0.4144815	0.698669	0.301331	1.389723
43560	-4000.736	-4260.604	259.8678	1.777567	0.52002	0.679861	0.320139	1.726601
43566	-3999.635	-4259.505	259.8706	1.718486	0.4072092	0.681351	0.318649	1.901595
43572	-4016.679	-4277.068	260.3889	2.191701	0.4897814	0.685231	0.314769	1.021241
43578	-3991.336	-4251.939	260.6033	2.118059	0.4098372	0.708428	0.291572	1.022962
43584	-3983.676	-4244.206	260.5301	2.011266	0.4708561	0.782515	0.217485	1.089209
43590	-3997.71	-4258.09	260.3799	2.011266	0.4413656	0.729775	0.270225	1.265131
43596	-3997.881	-4258.111	260.23	2.034026	0.5166756	0.556324	0.443676	1.264049
43602	-3994.796	-4254.403	259.6065	1.688917	0.4576392	0.748059	0.251941	2.036567
43608	-3996.451	-4256.313	259.8619	1.714284	0.4219228	0.748059	0.251941	1.891548
43614	-3982.175	-4242.239	260.0643	1.766435	0.4689314	0.707555	0.292445	1.655476
43620	-3995.744	-4255.771	260.0263	1.769851	0.4689314	0.710837	0.289163	1.680158
43626	-3982.189	-4242.018	259.8288	1.736323	0.5058585	0.719392	0.280608	1.798707
43632	-3983.66	-4243.458	259.7983	1.749237	0.4925383	0.6491	0.3509	1.82607
43638	-3998.049	-4257.846	259.7962	1.749237	0.4950499	0.638086	0.361914	1.824652
43644	-3978.36	-4238.295	259.9355	1.749237	0.4754182	0.641438	0.358562	1.750922
43650	-3975.212	-4235.248	260.0367	1.765335	0.4145011	0.614005	0.385995	1.745306
43656	-3975.288	-4235.271	259.9827	1.746999	0.4542056	0.669475	0.330525	1.745306
43662	-3978.21	-4237.984	259.7743	1.76326	0.5440828	0.653996	0.346004	1.775384
43668	-3972.122	-4232.119	259.9973	1.83141	0.5440828	0.618685	0.381315	1.567617
43674	-4004.316	-4264.272	259.9557	1.790817	0.4539353	0.662192	0.337808	1.7338
43680	-4008.369	-4268.377	260.008	1.805399	0.4663688	0.711746	0.288254	1.671047
43686	-3993.176	-4253.64	260.4643	1.91988	0.3751776	0.71929	0.28071	1.37227
43692	-4001.335	-4261.385	260.0494	1.939605	0.5002965	0.630203	0.369797	1.500778
43698	-3993.397	-4253.435	260.0383	1.939605	0.5587789	0.577137	0.422863	1.438792
43704	-3993.367	-4252.984	259.6162	1.706051	0.514541	0.631577	0.368423	1.954632
43710	-3989.991	-4249.592	259.6005	1.762335	0.5071049	0.742956	0.257044	1.935436
43716	-3981.75	-4241.295	259.5444	1.73755	0.5071049	0.751054	0.248946	1.989728
43722	-3979.968	-4239.566	259.5971	1.648449	0.4945293	0.72122	0.27878	2.027759
43728	-3996.678	-4256.268	259.5896	1.674162	0.4478017	0.756285	0.243715	2.069036
43734	-4014.181	-4273.404	259.2225	1.575743	0.4749127	0.699679	0.300321	2.339535
43740	-4017.562	-4277.176	259.6144	1.765971	0.626639	0.751234	0.248766	1.799651
43746	-4008.121	-4268.11	259.9893	1.844556	0.4616151	0.720319	0.279681	1.662386
43752	-3991.151	-4250.996	259.8451	1.847116	0.5315134	0.757363	0.242637	1.680461
43758	-3991.236	-4251.339	260.103	1.949422	0.4731024	0.665232	0.334768	1.487604
43764	-3991.03	-4250.812	259.7821	1.852724	0.5455795	0.67724	0.32276	1.70553
43770	-3990.173	-4249.898	259.7246	1.878119	0.5664877	0.779745	0.220255	1.70553
43776	-4004.081	-4263.761	259.68	1.878119	0.6075874	0.66314	0.33686	1.694154
43782	-3988.431	-4248.318	259.8873	1.878898	0.5491029	0.699205	0.300795	1.60749
43788	-3993.765	-4253.839	260.0742	1.836612	0.5189911	0.595873	0.404127	1.536382
43794	-3983.392	-4243.444	260.0515	1.876302	0.4700828	0.656337	0.343663	1.583824
43800	-3977.322	-4237.271	259.9497	1.876302	0.4885885	0.585571	0.414429	1.634789
43806	-3986.638	-4246.712	260.0737	1.890921	0.4649232	0.554982	0.445018	1.563388
43812	-3982.403	-4242.567	260.1644	1.837525	0.4438474	0.659582	0.340418	1.563388
43818	-3980.89	-4240.741	259.8506	1.784054	0.4797437	0.660676	0.339324	1.780705
43824	-3989.591	-4249.645	260.0542	1.881994	0.511828	0.660676	0.339324	1.526086
43830	-3993.076	-4253.171	260.0942	1.881994	0.4889448	0.660676	0.339324	1.52449
43836	-3986.708	-4246.908	260.1999	1.924645	0.5373286	0.660676	0.339324	1.350352
43842	-3995.495	-4255.511	260.0156	1.909763	0.555603	0.660676	0.339324	1.482432
43848	-3981.214	-4241.431	260.217	1.909763	0.527708	0.643294	0.356706	1.360656
43854	-3969.611	-4229.706	260.0952	1.845138	0.5687035	0.704067	0.295933	1.455939
43860	-3978.939	-4239.122	260.1833	1.910292	0.5051518	0.704067	0.295933	1.41513
43866	-3982.453	-4242.641	260.1882	1.921085	0.5500718	0.669657	0.330343	1.346697
43872	-3987.63	-4247.954	260.3247	1.926853	0.5500718	0.650851	0.349149	1.230465
43878	-3993.743	-4254.079	260.3356	1.945238	0.4916853	0.650851	0.349149	1.284032
43884	-3988.311	-4248.69	260.3786	2.039456	0.4916853	0.585876	0.414124	1.168178
43890	-3985.407	-4245.488	260.0809	1.974652	0.5877438	0.625345	0.374655	1.344219
43896	-3984.842	-4245.183	260.3412	1.974652	0.5060395	0.625345	0.374655	1.235278
43902	-3981.344	-4241.497	260.1535	1.961998	0.511671	0.686412	0.313588	1.389815
43908	-3994.198	-4254.505	260.3061	1.931899	0.511671	0.528441	0.471559	1.292113
43914	-3987.633	-4247.908	260.275	1.931899	0.4691613	0.689339	0.310661	1.374045
43920	-3985.641	-4245.902	260.2605	1.921273	0.4638754	0.707599	0.292401	1.40084
43926	-3987.734	-4247.677	259.9434	1.923443	0.5312052	0.634022	0.365978	1.554444
43932	-3980.857	-4241.057	260.2003	1.931497	0.4477136	0.724715	0.275285	1.461129
43938	-3984.831	-4245.199	260.3688	1.972804	0.4180998	0.724715	0.275285	1.340057
43944	-3983.198	-4243.408	260.21	2.115099	0.510307	0.724715	0.275285	1.22166
43950	-3992.645	-4253.009	260.3641	2.108585	0.4981712	0.70985	0.29015	1.109852
43956	-3987.925	-4248.336	260.4116	2.296267	0.4828903	0.70985	0.29015	0.9005415
43962	-3993.64	-4253.971	260.3314	2.276219	0.5667904	0.674879	0.325121	0.8612262
43968	-3990.055	-4250.61	260.5545	2.276219	0.446879	0.707812	0.292188	0.8291988
43974	-4012.803	-4272.905	260.1021	2.059895	0.6423014	0.688233	0.311767	1.191897
43980	-4018.31	-4278.347	260.0373	1.855429	0.5570656	0.679413	0.320587	1.505271
43986	-3997.499	-4257.662	260.1638	1.95943	0.4614091	0.697953	0.302047	1.449293
43992	-3987.861	-4247.839	259.978	1.887944	0.5424127	0.719211	0.280789	1.542078
43998	-3982.049	-4242.216	260.1671	1.886124	0.4527547	0.74594	0.25406	1.513605
44004	-3986.806	-4246.907	260.1005	1.844083	0.47795	0.71619	0.28381	1.561665
44010	-3983.788	-4243.879	260.0905	1.875551	0.4654513	0.71619	0.28381	1.561665
44016	-3998.278	-4258.225	259.9462	1.867452	0.4944945	0.825049	0.174951	1.636627
44022	-3998.31	-4258.246	259.9361	1.922443	0.456761	0.735673	0.264327	1.650771
44028	-4004.876	-4265.016	260.14	1.922443	0.5049184	0.792959	0.207041	1.439377
44034	-3996.093	-4256.349	260.255	2.078755	0.5966057	0.659498	0.340502	1.096949
44040	-3994.532	-4254.979	260.4474	2.023626	0.5077519	0.659498	0.340502	1.096949
44046	-3990.22	-4250.706	260.4867	2.115987	0.4187434	0.67299	0.32701	1.118542
44052	-3987.763	-4247.822	260.0594	2.168741	0.6546896	0.762921	0.237079	1.118542
44058	-3982.426	-4242.637	260.2107	2.041518	0.487821	0.789564	0.210436	1.312607
44064	-3991.124	-4251.556	260.4326	2.041518	0.4589185	0.614832	0.385168	1.168241
44070	-3989.653	-4250.008	260.3544	2.120369	0.5464447	0.650362	0.349638	1.035284
44076	-3972.076	-4232.327	260.2502	2.193146	0.5761894	0.85708	0.14292	1.021742
44082	-3983.435	-4243.647	260.2127	2.167654	0.5670526	0.617095	0.382905	1.094518
44088	-3983.559	-4243.883	260.3235	2.167654	0.5188518	0.707228	0.292772	1.061407
44094	-3980.511	-4240.903	260.3925	2.146453	0.5160049	0.714956	0.285044	1.019736
44100	-3983.135	-4243.451	260.3162	2.148913	0.6146509	0.722983	0.277017	0.9422026
44106	-3987.192	-4247.55	260.3582	2.219653	0.5268722	0.644904	0.355096	0.9629508
44112	-3994.533	-4254.999	260.4662	2.328299	0.457478	0.660383	0.339617	0.8506476
44118	-3984.816	-4245.329	260.5131	2.328299	0.4433396	0.766486	0.233514	0.8236381
44124	-4000.227	-4260.781	260.5539	2.362052	0.4335966	0.733356	0.266644	0.7450042
44130	-4002.9	-4263.384	260.4841	2.362052	0.4953241	0.711813	0.288187	0.6820201
44136	-3991.13	-4251.526	260.3961	2.394754	0.5317529	0.762786	0.237214	0.6747012
44142	-3999.075	-4259.517	260.4414	2.305331	0.5223331	0.774243	0.225757	0.7708384
44148	-3989.009	-4249.405	260.3964	2.305331	0.5223331	0.777876	0.222124	0.8308126
44154	-3989.196	-4249.465	260.2692	2.399135	0.5930435	0.767203	0.232797	0.725713
44160	-3980.103	-4240.621	260.5182	2.340673	0.4827935	0.697174	0.302826	0.697171
44166	-3988.93	-4249.315	260.3845	2.266429	0.5884677	0.675734	0.324266	0.7624744
44172	-3986.459	-4246.912	260.4534	2.234321	0.4896624	0.54872	0.45128	0.9103127
44178	-3992.15	-4252.662	260.512	2.181275	0.4896624	0.651968	0.348032	0.9040871
44184	-3987.739	-4248.15	260.4103	2.256614	0.4896624	0.651968	0.348032	0.9330769
44190	-3983.363	-4243.635	260.2714	2.256614	0.5795914	0.667788	0.332212	0.9296358
44196	-3984.24	-4244.87	260.6309	2.185662	0.407591	0.722364	0.277636	0.9296358
44202	-3983.796	-4244.37	260.5746	2.145461	0.407591	0.722364	0.277636	1.028357
44208	-3987.146	-4247.429	260.2829	2.200252	0.5456779	0.717197	0.282803	1.028357
44214	-3980.026	-4240.29	260.2646	2.228982	0.5970555	0.626651	0.373349	0.9389882
44220	-3984.622	-4245.075	260.4524	2.228982	0.4854783	0.778146	0.221854	0.925003
44226	-3982.549	-4243.054	260.5054	2.207487	0.459115	0.692797	0.307203	0.9399851
44232	-3999.492	-4259.772	260.2799	2.220678	0.5813954	0.720476	0.279524	0.9560154
44238	-3980.882	-4241.38	260.4978	2.163775	0.5004813	0.602417	0.397583	0.9192638
44244	-3986.761	-4247.117	260.3555	2.189257	0.5596911	0.654425	0.345575	0.9438729
44250	-3980.534	-4240.914	260.3801	2.038724	0.4916725	0.726476	0.273524	1.167464
44256	-3977.983	-4238.473	260.4903	2.269849	0.4483822	0.638405	0.361595	0.9091147
44262	-3980.363	-4240.637	260.2742	2.276316	0.5770444	0.673642	0.326358	0.9091147
44268	-3996.193	-4256.614	260.421	2.297924	0.4758571	0.632546	0.367454	0.9016397
44274	-3992.777	-4253.044	260.2675	2.2106	0.5345664	0.700159	0.299841	1.049951
44280	-3990.97	-4251.389	260.4186	2.19423	0.5093411	0.644937	0.355063	0.955954
44286	-3985.503	-4245.892	260.389	2.19423	0.4734444	0.712916	0.287084	1.045575
44292	-3981.542	-4241.853	260.3115	2.141364	0.5537075	0.787682	0.212318	1.045575
44298	-3992.104	-4252.366	260.2627	2.110134	0.5555592	0.701009	0.298991	1.117403
44304	-3987.095	-4247.356	260.2604	2.110134	0.5555592	0.644234	0.355766	1.119441
44310	-3991.121	-4251.525	260.4037	2.151158	0.5523421	0.599357	0.400643	0.9451702
44316	-3980.926	-4241.235	260.3098	2.151158	0.5523421	0.587963	0.412037	1.039825
44322	-3978.412	-4238.854	260.4422	2.141177	0.484423	0.633227	0.366773	1.027385
44328	-3988.834	-4249.103	260.2692	2.227967	0.5536525	0.633227	0.366773	1.002367
44334	-3983.813	-4244.145	260.3319	2.142116	0.5536525	0.755406	0.244594	1.025165
44340	-3981.915	-4242.154	260.2386	2.118761	0.5536525	0.714483	0.285517	1.133888
44346	-3998.286	-4258.744	260.458	2.118761	0.5013896	0.737952	0.262048	1.006003
44352	-3986.394	-4246.812	260.4175	2.198426	0.5314922	0.748696	0.251304	0.9142736
44358	-3964.405	-4224.802	260.3975	2.198426	0.5392623	0.689716	0.310284	0.9227692
44364	-3965.759	-4226.173	260.4138	2.178499	0.5416369	0.711159	0.288841	0.9227692
44370	-3974.242	-4234.663	260.4211	2.263325	0.480299	0.711159	0.288841	0.9312056
44376	-3992.269	-4252.546	260.2768	2.223358	0.6005605	0.711159	0.288841	0.9263375
44382	-3988.402	-4248.867	260.4652	2.136436	0.5365142	0.61491	0.38509	0.9212972
44388	-3982.89	-4243.369	260.4785	2.341764	0.4250389	0.629824	0.370176	0.8891931
44394	-3972.622	-4232.838	260.2164	2.178055	0.5804755	0.764286	0.235714	1.062592
44400	-3974.341	-4234.519	260.1776	2.064028	0.5804755	0.625906	0.374094	1.199718
44406	-3985.816	-4246.128	260.3123	2.075633	0.4486148	0.625906	0.374094	1.257096
44412	-4003.254	-4263.53	260.2756	2.008778	0.509317	0.62499	0.37501	1.257096
44418	-3995.513	-4255.743	260.23	1.975201	0.5123375	0.753786	0.246214	1.317835
44424	-3992.611	-4252.927	260.3155	2.021872	0.5123375	0.692912	0.307088	1.208389
44430	-4001.94	-4262.245	260.3043	1.976947	0.5542552	0.669785	0.330215	1.199724
44436	-4003.154	-4263.144	259.99	1.967172	0.6545753	0.679772	0.320228	1.347037
44442	-3987.259	-4247.305	260.0461	2.071753	0.658914	0.597963	0.402037	1.210171
44448	-3988.248	-4248.332	260.0831	2.071753	0.6320815	0.692706	0.307294	1.210171
44454	-3997.658	-4258.033	260.3756	2.053555	0.4859216	0.674834	0.325166	1.166908
44460	-3991.253	-4251.729	260.4759	2.076038	0.4495317	0.758715	0.241285	1.113719
44466	-3990.8	-4250.876	260.0759	2.13776	0.6693093	0.712932	0.287068	1.113719
44472	-3990.518	-4250.901	260.3828	2.19536	0.5099165	0.712932	0.287068	0.9905996
44478	-3985.164	-4245.597	260.433	2.155582	0.5208234	0.658749	0.341251	0.9618719
44484	-3993.047	-4253.454	260.4074	2.009848	0.4814887	0.658749	0.341251	1.183798
44490	-3996.209	-4256.527	260.3176	2.027914	0.5818764	0.533361	0.466639	1.106055
44496	-3996.948	-4257.153	260.2051	2.003573	0.5692278	0.727321	0.272679	1.241877
44502	-3996.485	-4256.69	260.2057	2.042072	0.5777505	0.679332	0.320668	1.197919
44508	-3989.581	-4249.851	260.2707	2.017405	0.5551824	0.723209	0.276791	1.192645
44514	-3992.745	-4252.862	260.1176	2.123579	0.6445664	0.759626	0.240374	1.119305
44520	-3999.425	-4259.665	260.2398	2.123579	0.5278256	0.661339	0.338661	1.164365
44526	-3998.897	-4259.068	260.1718	2.038587	0.6123896	0.661339	0.338661	1.186451
44532	-4015.308	-4275.143	259.8352	1.911081	0.5958528	0.60861	0.39139	1.570771
44538	-3999.336	-4259.552	260.216	1.960318	0.4594015	0.713445	0.286555	1.411135
44544	-3981.363	-4241.683	260.32	2.027015	0.4489575	0.720503	0.279497	1.290222
44550	-3985.924	-4245.962	260.0384	2.027787	0.6268275	0.769594	0.230406	1.290222
44556	-3996.883	-4256.984	260.1012	1.850148	0.49436	0.66104	0.33896	1.536214
44562	-3986.496	-4246.478	259.9822	1.921947	0.6089878	0.694884	0.305116	1.438212
44568	-3991.528	-4251.619	260.0911	1.921947	0.5365984	0.730036	0.269964	1.438212
44574	-3982.321	-4242.377	260.0562	1.934642	0.5365984	0.640162	0.359838	1.455179
44580	-3987.784	-4247.864	260.0795	1.908502	0.5291235	0.696941	0.303059	1.466313
44586	-4001.792	-4261.932	260.1398	1.927455	0.3809557	0.713596	0.286404	1.602479
44592	-4002.547	-4262.675	260.1278	2.01866	0.6020542	0.699107	0.300893	1.253271
44598	-3991.642	-4251.61	259.9681	1.991865	0.6129736	0.697476	0.302524	1.390645
44604	-3997.194	-4257.336	260.1412	1.990238	0.4936723	0.714995	0.285005	1.400487
44610	-3992.202	-4252.552	260.3498	1.990238	0.4947297	0.717774	0.282226	1.230668
44616	-3986.568	-4246.758	260.1899	2.006639	0.5179807	0.759781	0.240219	1.317474
44622	-3987.176	-4247.448	260.2719	2.006639	0.547106	0.638695	0.361305	1.211461
44628	-3977.584	-4237.657	260.0734	1.874334	0.531791	0.754506	0.245494	1.493526
44634	-3992.485	-4252.376	259.8905	1.888084	0.6477706	0.714004	0.285996	1.492109
44640	-3984.022	-4244.246	260.2244	1.888084	0.4208739	0.630247	0.369753	1.512562
44646	-3980.434	-4240.721	260.2871	1.954695	0.5485612	0.747376	0.252624	1.240564
44652	-3987.52	-4247.601	260.0805	1.911612	0.5800202	0.746344	0.253656	1.403057
44658	-3980.917	-4241.163	260.2465	2.03509	0.508319	0.699018	0.300982	1.260799
44664	-3985.942	-4246.106	260.1642	2.067047	0.5093248	0.755097	0.244903	1.300729
44670	-3988.523	-4248.757	260.2339	2.045686	0.578439	0.727111	0.272889	1.169462
44676	-3975.293	-4235.478	260.1844	1.901013	0.586443	0.77292	0.22708	1.321829
44682	-3986.77	-4247.085	260.3154	1.986277	0.4821598	0.595554	0.404446	1.280097
44688	-3974.073	-4234.44	260.3669	2.114092	0.4716057	0.688567	0.311433	1.142707
44694	-3976.698	-4237.215	260.5166	2.099225	0.4097324	0.689677	0.310323	1.12201
44700	-3989.669	-4249.813	260.1441	2.099225	0.5718432	0.675413	0.324587	1.209308
44706	-4000.013	-4260.319	260.3058	2.122769	0.5164049	0.68888	0.31112	1.122699
44712	-3987.946	-4248.299	260.3525	1.929202	0.5206713	0.670598	0.329402	1.244017
44718	-3977.637	-4237.88	260.2432	1.98883	0.5354288	0.768731	0.231269	1.265798
44724	-3977.026	-4237.495	260.469	1.957287	0.404048	0.747508	0.252492	1.293184
44730	-3991.777	-4252.115	260.3381	2.191449	0.5173536	0.745818	0.254182	1.026796
44736	-3983.454	-4243.889	260.435	2.148849	0.4782903	0.637052	0.362948	1.037023
44742	-3981.826	-4242.196	260.3696	2.03414	0.4630473	0.716839	0.283161	1.222525
44748	-3979.789	-4240.165	260.3757	2.072469	0.5439753	0.733526	0.266474	1.064354
44754	-3976.838	-4237.198	260.36	2.208053	0.5631286	0.749046	0.250954	0.9129877
44760	-3974.608	-4235.055	260.4479	2.208053	0.5316782	0.802533	0.197467	0.8683431
44766	-3983.475	-4243.898	260.423	2.244203	0.5316782	0.744274	0.255726	0.8549855
44772	-3991.216	-4251.589	260.3724	2.244203	0.5316782	0.661942	0.338058	0.913232
44778	-3982.638	-4242.931	260.2923	2.248037	0.6028718	0.641665	0.358335	0.8774954
44784	-3982.119	-4242.322	260.2034	2.272112	0.6349802	0.734196	0.265804	0.8994348
44790	-3991.757	-4252.054	260.2972	2.443319	0.5572562	0.729243	0.270757	0.6943907
44796	-3992.762	-4253.059	260.2972	2.443319	0.5572562	0.735155	0.264845	0.6943907
44802	-4021.785	-4282.296	260.5106	2.443319	0.4385626	0.597746	0.402254	0.6639508
44808	-4012.023	-4272.302	260.2795	2.388003	0.582485	0.750153	0.249847	0.7511489
44814	-4021.808	-4282.12	260.312	2.255285	0.5489697	0.738237	0.261763	0.937461
44820	-4004.056	-4264.284	260.2281	2.329192	0.5554444	0.675341	0.324659	0.937461
44826	-3993.998	-4254.33	260.3321	2.292136	0.5130057	0.668915	0.331085	0.937461
44832	-3979.017	-4239.454	260.4378	2.158859	0.4457006	0.521127	0.478873	1.078861
44838	-3972.612	-4232.88	260.2676	2.158859	0.5386666	0.66654	0.33346	1.092344
44844	-3986.301	-4246.634	260.3326	2.162481	0.529987	0.758858	0.241142	1.040643
44850	-3985.004	-4245.2	260.1966	2.195676	0.5853779	0.771629	0.228371	1.057748
44856	-3989.453	-4249.957	260.5038	2.186995	0.4751933	0.577817	0.422183	0.9337742
44862	-3985.706	-4246.146	260.4405	2.236879	0.4830547	0.732721	0.267279	0.9337742
44868	-3984.782	-4245.158	260.3754	2.168997	0.4830547	0.647626	0.352374	1.066867
44874	-3987.234	-4247.612	260.3778	2.206279	0.498708	0.655832	0.344168	1.003175
44880	-3995.701	-4256.079	260.378	2.160479	0.5267762	0.698014	0.301986	1.003175
44886	-3987.922	-4248.238	260.3158	2.160479	0.5267762	0.698014	0.301986	1.063375
44892	-3984.193	-4244.574	260.3805	2.170596	0.475379	0.699462	0.300538	1.07285
44898	-3995.454	-4255.736	260.2816	2.09325	0.4911489	0.741576	0.258424	1.206236
44904	-3988.757	-4249.126	260.3694	2.157661	0.4838104	0.708165	0.291835	1.081915
44910	-3994.86	-4255.217	260.3571	2.08542	0.4679106	0.805265	0.194735	1.182063
44916	-3983.695	-4243.896	260.2011	2.037233	0.4907026	0.743848	0.256152	1.31988
44922	-3987.166	-4247.573	260.4069	2.037233	0.4430714	0.666711	0.333289	1.218192
44928	-3992.373	-4252.279	259.9059	1.930578	0.5809489	0.687957	0.312043	1.520344
44934	-3988.953	-4249.035	260.082	1.930578	0.5809489	0.687957	0.312043	1.38607
44940	-3987.899	-4248.163	260.264	1.972095	0.4945418	0.687957	0.312043	1.316565
44946	-3996.344	-4256.205	259.8609	1.92525	0.6011633	0.604196	0.395804	1.535691
44952	-3979.847	-4239.827	259.9795	1.950861	0.523214	0.604196	0.395804	1.516758
44958	-3988.988	-4248.94	259.9513	1.950861	0.538139	0.759221	0.240779	1.520172
44964	-4000.104	-4260.186	260.0819	1.950861	0.4794758	0.62894	0.37106	1.494168
44970	-4001.193	-4261.48	260.2862	1.924095	0.4659601	0.728963	0.271037	1.375688
44976	-3992.894	-4252.9	260.0065	1.845127	0.5439291	0.665048	0.334952	1.550881
44982	-3984.681	-4244.536	259.8551	1.874978	0.5439291	0.701333	0.298667	1.639418
44988	-3982.845	-4242.836	259.9909	1.856099	0.4724712	0.701333	0.298667	1.639418
44994	-3978.902	-4238.918	260.0151	1.931285	0.4724712	0.72757	0.27243	1.567239
45000	-3987.799	-4248.005	260.2062	1.931285	0.5116822	0.726517	0.273483	1.372551
45006	-3991.291	-4251.544	260.2527	2.01857	0.4611636	0.743189	0.256811	1.33403
45012	-4004.111	-4264.094	259.9824	1.910058	0.5258554	0.6301	0.3699	1.541798
45018	-3987.108	-4247.005	259.8973	1.837617	0.5037186	0.767606	0.232394	1.682034
45024	-3990.561	-4250.312	259.7517	1.949427	0.7027718	0.767606	0.232394	1.495129
45030	-3991.097	-4251.167	260.0692	1.885382	0.4641501	0.68625	0.31375	1.571741
45036	-3992.166	-4252.056	259.8902	1.865719	0.4503861	0.771094	0.228906	1.731669
45042	-3980.384	-4240.345	259.9609	1.96107	0.4946896	0.703616	0.296384	1.557546
45048	-3975.39	-4235.623	260.2327	2.022245	0.542595	0.735138	0.264862	1.23735
45054	-3992.79	-4253.08	260.2898	2.086471	0.5424177	0.756424	0.243576	1.132616
45060	-3982.801	-4242.87	260.0692	2.093897	0.5701106	0.631003	0.368997	1.278507
45066	-3988.061	-4248.304	260.2434	2.10823	0.5436118	0.684399	0.315601	1.152848
45072	-3996.861	-4257.101	260.2403	2.136384	0.5863135	0.684399	0.315601	1.071156
45078	-4010.796	-4271.042	260.2465	2.176923	0.5552764	0.708262	0.291738	1.071156
45084	-3994.871	-4255.249	260.3773	2.189168	0.5417467	0.680486	0.319514	0.9502262
45090	-3991.091	-4251.573	260.4824	2.168583	0.4820316	0.717625	0.282375	0.9635441
45096	-3988.452	-4248.941	260.489	2.161153	0.489843	0.7227	0.2773	0.9505844
45102	-3993.235	-4253.612	260.3764	2.208505	0.489843	0.739443	0.260557	1.016916
45108	-3998.2	-4258.591	260.3908	2.191063	0.5222972	0.686022	0.313978	0.9662959
45114	-3993.351	-4253.594	260.2427	2.098884	0.6350283	0.592153	0.407847	1.038033
45120	-3996.378	-4256.655	260.2767	2.039509	0.5524154	0.55899	0.44101	1.171905
45126	-3998.728	-4258.932	260.2038	2.09948	0.6171814	0.585208	0.414792	1.097764
45132	-3990.882	-4251.478	260.5964	2.205466	0.4336638	0.594684	0.405316	0.8920453
45138	-3981.685	-4242.091	260.4061	2.240182	0.5415654	0.78276	0.21724	0.8614224
45144	-3983.642	-4244.316	260.6733	2.274352	0.3899043	0.612863	0.387137	0.8159291
45150	-3994.63	-4255.201	260.5709	2.211503	0.44504	0.711406	0.288594	0.8908416
45156	-3992.917	-4253.324	260.4066	2.350896	0.5216021	0.567437	0.432563	0.7570342
45162	-4003.502	-4263.736	260.2344	2.01604	0.5295361	0.759817	0.240183	1.258288
45168	-4003.698	-4263.919	260.2214	2.040179	0.5549256	0.708514	0.291486	1.215643
45174	-3982.612	-4243.084	260.4722	2.425192	0.4695297	0.706727	0.293273	0.6674281
45180	-3991.181	-4251.659	260.4786	2.390504	0.4556707	0.802133	0.197867	0.7559638
45186	-3974.421	-4234.831	260.4095	2.402003	0.5096925	0.665986	0.334014	0.7017415
45192	-3973.864	-4234.308	260.444	2.456845	0.4674625	0.670253	0.329747	0.6677883
45198	-3978.631	-4239.233	260.6015	2.365858	0.3796326	0.736234	0.263766	0.8167494
45204	-3977.346	-4237.798	260.4515	2.256759	0.5074565	0.736234	0.263766	0.8525448
45210	-3974.906	-4235.231	260.3251	2.298874	0.5228596	0.786405	0.213595	0.9205955
45216	-3963.869	-4224.285	260.4157	2.318214	0.4890079	0.681616	0.318384	0.8584509
45222	-3967.276	-4227.592	260.3159	2.318214	0.5537706	0.69846	0.30154	0.8533385
45228	-3978.125	-4238.435	260.3102	2.318214	0.5574554	0.752007	0.247993	0.8533385
45234	-3978.972	-4239.268	260.2958	2.318214	0.5574554	0.735293	0.264707	0.8705262
45240	-3998.631	-4259.003	260.3724	2.318214	0.5076205	0.674083	0.325917	0.8731865
45246	-3984.051	-4244.349	260.2986	2.351627	0.5592638	0.592014	0.407986	0.8228388
45252	-3976.486	-4236.954	260.4681	2.281358	0.4802969	0.687728	0.312272	0.8574741
45258	-3960.437	-4220.959	260.5219	2.256342	0.4461322	0.687728	0.312272	0.8933954
45264	-3976.876	-4237.257	260.3805	2.271253	0.5290549	0.765443	0.234557	0.8781318
45270	-3981.387	-4241.881	260.4931	2.2397	0.443006	0.765443	0.234557	0.9491955
45276	-3991.409	-4251.757	260.3482	2.2397	0.5653713	0.622846	0.377154	0.8867777
45282	-3973.001	-4233.53	260.529	2.196537	0.4622246	0.678681	0.321319	0.9203574
45288	-3973.88	-4234.131	260.2517	2.250319	0.6030592	0.745728	0.254272	0.9203574
45294	-3971.054	-4231.384	260.33	2.232814	0.5836256	0.696919	0.303081	0.8842
45300	-3981.813	-4242.186	260.3729	2.22199	0.5622744	0.696919	0.303081	0.8842
45306	-3974.736	-4235.088	260.3519	2.25186	0.5371744	0.696919	0.303081	0.9178569
45312	-3972.893	-4233.293	260.4005	2.205929	0.5109779	0.689722	0.310278	0.9598644
45318	-3979.433	-4239.864	260.4308	2.205929	0.4393779	0.64111	0.35889	1.051803
45324	-3980.539	-4240.853	260.3138	2.205929	0.5859086	0.571441	0.428559	0.9284464
45330	-3978.346	-4238.78	260.4345	2.22891	0.4943354	0.638308	0.361692	0.9284464
45336	-3972.823	-4233.394	260.5714	2.278786	0.4056749	0.669514	0.330486	0.8965689
45342	-3982.771	-4243.171	260.3999	2.278786	0.5357147	0.782943	0.217057	0.8330491
45348	-3977.193	-4237.756	260.5631	2.278786	0.4441988	0.678679	0.321321	0.8211075
45354	-3964.023	-4224.412	260.3889	2.296915	0.5239638	0.635501	0.364499	0.847306
45360	-3963.296	-4223.858	260.5623	2.296915	0.4027436	0.676476	0.323524	0.8926766
45366	-3982.028	-4242.278	260.2503	2.140074	0.5928111	0.639461	0.360539	1.049185
45372	-3975.477	-4235.94	260.4632	2.157012	0.4501382	0.631845	0.368155	1.049185
45378	-3980.83	-4241.348	260.5182	2.115815	0.4053137	0.759857	0.240143	1.113197
45384	-3970.922	-4231.438	260.5162	2.068448	0.4376769	0.714604	0.285396	1.103327
45390	-3975.159	-4235.513	260.354	2.05131	0.4755926	0.714604	0.285396	1.2027
45396	-3980.901	-4241.392	260.4914	2.01479	0.4003911	0.666256	0.333744	1.232847
45402	-3975.861	-4236.286	260.425	2.07089	0.5095332	0.666256	0.333744	1.071119
45408	-3983.638	-4244.005	260.3669	2.053767	0.4782982	0.724998	0.275002	1.185495
45414	-3982.289	-4242.659	260.3703	2.050412	0.4782982	0.671819	0.328181	1.185495
45420	-3988.279	-4248.481	260.2028	2.045395	0.6120012	0.717623	0.282377	1.153972
45426	-3978.941	-4239.136	260.195	2.045395	0.5792371	0.837485	0.162515	1.202358
45432	-3972.148	-4232.553	260.4048	2.065362	0.4541863	0.736939	0.263061	1.178933
45438	-3969.891	-4230.204	260.3124	2.149328	0.4760621	0.639391	0.360609	1.152991
45444	-3990.221	-4250.524	260.3029	2.137836	0.5496056	0.619309	0.380691	1.063151
45450	-3982.055	-4242.534	260.4796	1.960848	0.4534876	0.719482	0.280518	1.205519
45456	-3983.506	-4243.849	260.3436	2.027984	0.4935836	0.578314	0.421686	1.205519
45462	-3991.271	-4251.537	260.2662	1.946735	0.5097581	0.641961	0.358039	1.314958
45468	-3994.214	-4254.623	260.409	1.959742	0.5032831	0.743573	0.256427	1.194227
45474	-3978.896	-4239.136	260.2398	2.07722	0.5296718	0.744374	0.255626	1.201957
45480	-3991.889	-4252.29	260.4014	2.214376	0.4687741	0.767313	0.232687	1.021871
45486	-3987.085	-4247.412	260.3269	2.214376	0.5291273	0.644247	0.355753	0.996621
45492	-3999.337	-4259.614	260.2776	2.204515	0.6230462	0.679512	0.320488	0.9108612
45498	-3985.206	-4245.64	260.4333	2.213315	0.505501	0.623772	0.376228	0.9265598
45504	-3981.048	-4241.389	260.3404	2.232309	0.505501	0.738351	0.261649	1.003323
45510	-3987.959	-4248.247	260.2878	2.232309	0.526428	0.768302	0.231698	1.02179
45516	-3980.317	-4240.63	260.3133	2.207194	0.526428	0.764677	0.235323	1.021427
45522	-3973.017	-4233.147	260.1307	2.192559	0.615001	0.620579	0.379421	1.082094
45528	-3975.114	-4235.286	260.1726	2.064799	0.5589301	0.697161	0.302839	1.230868
45534	-3998.404	-4258.621	260.2164	2.064799	0.5467506	0.672884	0.327116	1.209653
45540	-3990.975	-4251.309	260.3346	2.101896	0.5467506	0.758227	0.241773	1.071297
45546	-3984.716	-4244.943	260.2271	2.101896	0.569814	0.758227	0.241773	1.137276
45552	-3977.009	-4237.278	260.2686	2.129278	0.5253941	0.813619	0.186381	1.137276
45558	-3988.27	-4248.246	259.9766	2.036038	0.6400769	0.563189	0.436811	1.318603
45564	-3983.509	-4243.846	260.3365	2.267998	0.5839248	0.576343	0.423657	0.8337936
45570	-3976.551	-4236.96	260.4097	2.223403	0.5233319	0.679417	0.320583	0.9097154
45576	-3987.546	-4247.766	260.2203	2.223403	0.602926	0.571355	0.428645	0.9820886
45582	-3983.536	-4243.917	260.3802	2.242923	0.5256014	0.705671	0.294329	0.9166697
45588	-3989.043	-4249.494	260.4509	2.272416	0.5256014	0.699681	0.300319	0.7959756
45594	-3986.962	-4247.3	260.3388	2.118907	0.5256014	0.646553	0.353447	1.082521
45600	-3985.578	-4245.515	259.9377	2.132414	0.70433	0.589915	0.410085	1.199481
45606	-3981.648	-4241.941	260.2925	2.043362	0.5197338	0.595279	0.404721	1.199481
45612	-3978.209	-4238.682	260.4728	2.058741	0.4225943	0.595279	0.404721	1.175304
45618	-3977.452	-4237.672	260.2194	2.12693	0.6082781	0.696161	0.303839	1.069596
45624	-3971.938	-4232.145	260.2076	2.192472	0.5717579	0.616061	0.383939	1.069596
45630	-3972.394	-4232.653	260.2588	2.170418	0.5717579	0.624608	0.375392	1.041903
45636	-3966.017	-4226.312	260.2951	2.170418	0.5717579	0.749711	0.250289	1.00639
45642	-3962.988	-4223.372	260.3846	2.170418	0.493657	0.650828	0.349172	1.03987
45648	-3978.362	-4238.615	260.2527	2.120859	0.6122651	0.687182	0.312818	1.038202
45654	-3981.865	-4242.148	260.2839	2.102843	0.558419	0.687182	0.312818	1.100761
45660	-3971.3	-4231.614	260.3147	2.112804	0.5479931	0.687182	0.312818	1.077921
45666	-3984.306	-4244.533	260.2271	2.032154	0.5479931	0.744014	0.255986	1.226616
45672	-3982.553	-4242.91	260.3569	2.032154	0.5479931	0.636737	0.363263	1.113219
45678	-3976.531	-4236.757	260.2259	2.091136	0.6336148	0.66122	0.33878	1.063313
45684	-3975.976	-4236.423	260.4476	2.101396	0.4826084	0.603907	0.396093	1.063313
45690	-3979.443	-4239.642	260.1985	2.061883	0.5590795	0.66122	0.33878	1.211261
45696	-3983.227	-4243.533	260.3053	2.188947	0.5054298	0.70765	0.29235	1.078932
45702	-3975.229	-4235.635	260.4057	1.965657	0.4795479	0.741467	0.258533	1.225799
45708	-3973.099	-4233.203	260.1036	2.089199	0.5927753	0.728396	0.271604	1.225799
45714	-3986.598	-4246.825	260.2271	2.089199	0.4660992	0.724393	0.275607	1.2907
45720	-3991.982	-4252.301	260.3191	2.096929	0.4554983	0.741188	0.258812	1.223298
45726	-3994.053	-4254.213	260.1599	2.120667	0.5550623	0.708641	0.291359	1.199268
45732	-3979.854	-4240.154	260.3	2.120667	0.5300252	0.708086	0.291914	1.110115
45738	-3989.035	-4249.382	260.3472	2.120667	0.5300831	0.677753	0.322247	1.066373
45744	-3981.225	-4241.661	260.4364	2.160947	0.4554307	0.778291	0.221709	1.061975
45750	-3994.187	-4254.618	260.4305	2.192914	0.4754482	0.80381	0.19619	1.002989
45756	-3981.228	-4241.488	260.2599	2.100412	0.5334714	0.760605	0.239395	1.15921
45762	-3979.812	-4240.043	260.231	2.078692	0.5402432	0.759341	0.240659	1.193971
45768	-3986.03	-4246.534	260.5038	2.058347	0.4382712	0.778224	0.221776	1.122736
45774	-4000.534	-4260.829	260.2955	2.056361	0.5704058	0.635126	0.364874	1.115924
45780	-3991.118	-4251.526	260.4085	2.185483	0.4941692	0.668033	0.331967	1.000833
45786	-3976.173	-4236.378	260.205	2.177634	0.5942552	0.734242	0.265758	1.054517
45792	-3982.493	-4242.7	260.207	2.178642	0.5869718	0.676358	0.323642	1.061818
45798	-3983.003	-4243.08	260.0767	1.965745	0.5893401	0.626345	0.373655	1.352763
45804	-3983.7	-4243.756	260.0568	1.955721	0.6103289	0.723081	0.276919	1.35231
45810	-3997.377	-4257.269	259.8916	1.85233	0.5669347	0.723591	0.276409	1.603852
45816	-4001.456	-4261.42	259.9634	1.816187	0.4875587	0.723591	0.276409	1.669359
45822	-3998.267	-4258.069	259.8022	1.863244	0.4875587	0.795816	0.204184	1.750043
45828	-3987.008	-4247.195	260.1866	1.788181	0.447406	0.618417	0.381583	1.578557
45834	-4001.45	-4261.557	260.1067	1.898064	0.4862977	0.638223	0.361777	1.506497
45840	-3992.736	-4252.933	260.1966	1.898064	0.4862977	0.655786	0.344214	1.43845
45846	-3991.664	-4251.803	260.1384	2.080079	0.5671509	0.762761	0.237239	1.236256
45852	-3972.712	-4233.078	260.3658	2.086013	0.4636437	0.719134	0.280866	1.180444
45858	-3985.701	-4246.115	260.4143	2.118872	0.4715499	0.679258	0.320742	1.095589
45864	-3968.396	-4228.745	260.3486	2.107182	0.5042617	0.729695	0.270305	1.116049
45870	-3977.555	-4237.857	260.3019	2.107182	0.5745383	0.661911	0.338089	1.057119
45876	-3978.186	-4238.562	260.3762	2.170027	0.5144801	0.660721	0.339279	1.015055
45882	-3988.781	-4249.124	260.3431	2.274249	0.5323718	0.662754	0.337246	0.9111553
45888	-3977.887	-4238.106	260.2189	2.235566	0.5826619	0.699491	0.300509	1.001218
45894	-3967.986	-4228.303	260.3169	2.166022	0.5292701	0.699491	0.300509	1.053343
45900	-3976.907	-4237.151	260.2441	2.223662	0.5397873	0.657198	0.342802	1.051958
45906	-3984.717	-4245.065	260.3473	2.246537	0.5425881	0.657198	0.342802	0.919417
45912	-3974.573	-4234.989	260.4162	2.115388	0.5425881	0.657198	0.342802	0.9850288
45918	-3995.382	-4255.675	260.2927	2.115388	0.5200477	0.630314	0.369686	1.135827
45924	-4015.07	-4275.343	260.2737	2.117999	0.5418003	0.750021	0.249979	1.119543
45930	-4022.8	-4283.181	260.3819	2.040035	0.5096509	0.699056	0.300944	1.138504
45936	-4022.091	-4282.552	260.4615	2.090538	0.5158979	0.6415	0.3585	1.007039
45942	-3995.387	-4255.769	260.3821	2.28954	0.5560885	0.668865	0.331135	0.8013053
45948	-4007.376	-4267.901	260.525	2.28954	0.4447599	0.6843	0.3157	0.8537181
45954	-4001.054	-4261.464	260.4095	2.28954	0.5063372	0.694505	0.305495	0.8657537
45960	-4021.881	-4282.093	260.2121	2.091509	0.4679207	0.679404	0.320596	1.29851
45966	-4008.277	-4268.733	260.4568	1.895164	0.4405616	0.723191	0.276809	1.29851
45972	-4000.898	-4261.08	260.1819	1.934116	0.5332128	0.611449	0.388551	1.362281
45978	-3988.998	-4249.208	260.2095	1.956384	0.4726612	0.719679	0.280321	1.401373
45984	-3990.906	-4250.996	260.09	1.915918	0.5555895	0.668063	0.331937	1.420996
45990	-3995.597	-4255.7	260.103	1.922653	0.4726362	0.714482	0.285518	1.508249
45996	-4006.622	-4266.755	260.1329	1.977634	0.4921807	0.792242	0.207758	1.418638
46002	-3997.183	-4257.264	260.0815	1.826637	0.5218685	0.79564	0.20436	1.534938
46008	-3993.123	-4253.239	260.1162	1.854854	0.5067006	0.676378	0.323622	1.506327
46014	-3991.071	-4251.112	260.0408	1.950643	0.4944101	0.69306	0.30694	1.506327
46020	-3993.84	-4254.118	260.2781	1.952427	0.45226	0.70603	0.29397	1.378714
46026	-3995.71	-4255.892	260.1819	1.90318	0.45615	0.68507	0.31493	1.485164
46032	-3986.397	-4246.5	260.1037	1.90572	0.513508	0.630094	0.369906	1.469067
46038	-3987.807	-4247.99	260.183	1.931589	0.5812381	0.630094	0.369906	1.304507
46044	-3983.769	-4243.783	260.014	2.03644	0.6255697	0.732024	0.267976	1.304507
46050	-3991.998	-4252.286	260.2878	2.016166	0.4634144	0.674555	0.325445	1.304507
46056	-3974.915	-4235.172	260.257	2.054674	0.6091159	0.674751	0.325249	1.100649
46062	-3983.164	-4243.546	260.3825	2.031108	0.5085237	0.679609	0.320391	1.147598
46068	-3986.556	-4246.849	260.2924	2.099909	0.5085237	0.658262	0.341738	1.166316
46074	-3975.249	-4235.538	260.289	2.207058	0.5392615	0.64701	0.35299	1.025486
46080	-3982.004	-4242.267	260.2625	2.208841	0.5982101	0.660372	0.339628	0.9606551
46086	-4000.044	-4260.455	260.4113	2.208841	0.4742973	0.660372	0.339628	1.008206
46092	-3990.964	-4251.526	260.563	2.228819	0.4321131	0.718334	0.281666	0.906598
46098	-3987.236	-4247.705	260.4682	2.228525	0.4574156	0.812857	0.187143	0.96012
46104	-3996.939	-4257.178	260.2394	2.257582	0.5316838	0.812857	0.187143	1.036219
46110	-3990.509	-4251.025	260.516	2.139889	0.4490572	0.667636	0.332364	1.01642
46116	-3977.676	-4238.115	260.4392	2.257802	0.4709769	0.588994	0.411006	0.9348717
46122	-3981.727	-4242.051	260.3244	2.270554	0.5249191	0.710459	0.289541	0.9482542
46128	-3980.348	-4240.826	260.4779	2.364595	0.4713997	0.601022	0.398978	0.7547298
46134	-3987.227	-4247.501	260.2739	2.364595	0.5780875	0.556936	0.443064	0.8011114
46140	-3991.387	-4251.774	260.3866	2.385062	0.4961959	0.556936	0.443064	0.7954157
46146	-3988.628	-4249.232	260.6041	2.302867	0.4335317	0.633311	0.366689	0.7586449
46152	-3997.355	-4257.793	260.4384	2.239044	0.5069937	0.700146	0.299854	0.8896047
46158	-3987.704	-4248.197	260.4929	2.1315	0.479247	0.700146	0.299854	0.9954737
46164	-4000.726	-4261.025	260.2987	2.097506	0.5184703	0.680924	0.319076	1.148705
46170	-3997.718	-4257.834	260.1159	2.110894	0.5651788	0.727188	0.272812	1.231774
46176	-3997.183	-4257.508	260.325	2.110894	0.5350721	0.695554	0.304446	1.088854
46182	-3997.089	-4257.271	260.1811	2.113328	0.607258	0.739743	0.260257	1.118711
46188	-3978.288	-4238.839	260.5518	2.094766	0.4188637	0.66316	0.33684	1.078075
46194	-3987.311	-4247.609	260.2977	2.121802	0.5447685	0.669262	0.330738	1.090006
46200	-3979.805	-4240.004	260.1989	2.092668	0.5573361	0.708652	0.291348	1.186746
46206	-3978.932	-4239.43	260.4981	2.092668	0.4099178	0.580463	0.419537	1.144121
46212	-3970.9	-4231.176	260.2761	2.12109	0.5369766	0.609368	0.390632	1.12149
46218	-3979.975	-4240.333	260.3582	2.116628	0.5672657	0.645221	0.354779	1.003968
46224	-3993.503	-4253.713	260.2098	2.215414	0.5806471	0.755191	0.244809	1.032925
46230	-3997.249	-4257.565	260.3158	2.232696	0.5509901	0.745579	0.254421	0.9540997
46236	-3994.405	-4254.774	260.3691	2.181023	0.5340374	0.579162	0.420838	0.9798083
46242	-3985.221	-4245.72	260.4997	2.220095	0.4521679	0.676715	0.323285	0.9455979
46248	-3976.903	-4237.335	260.4328	2.205072	0.496048	0.585913	0.414087	0.9525877
46254	-3978.875	-4239.28	260.4059	2.229823	0.496048	0.683313	0.316687	0.9549101
46260	-3984.143	-4244.251	260.1072	2.228656	0.6632717	0.668726	0.331274	1.005656
46266	-3984.437	-4244.792	260.3545	2.256683	0.5289961	0.657582	0.342418	0.9238648
46272	-3974.893	-4235.412	260.5192	2.235956	0.4437145	0.638547	0.361453	0.9238648
46278	-3970.359	-4230.869	260.5102	2.143591	0.4438721	0.624016	0.375984	1.027557
46284	-3985.897	-4246.334	260.4361	2.143591	0.4602475	0.71696	0.28304	1.070659
46290	-3987.107	-4247.509	260.4025	2.153018	0.4818951	0.703769	0.296231	1.058279
46296	-3980.385	-4240.862	260.477	2.223149	0.4818951	0.66017	0.33983	0.9110248
46302	-3976.708	-4237.069	260.3611	2.234212	0.568978	0.666522	0.333478	0.8718791
46308	-3983.746	-4244.078	260.3322	2.234212	0.546142	0.666522	0.333478	0.9430026
46314	-3994.082	-4254.473	260.3905	2.149531	0.4844778	0.661293	0.338707	1.068733
46320	-3995.909	-4256.315	260.4065	2.287466	0.4644067	0.639959	0.360041	0.9502289
46326	-3988.199	-4248.621	260.4224	2.287466	0.4868749	0.7351	0.2649	0.8907175
46332	-3985.462	-4245.672	260.2099	2.262974	0.6688306	0.692908	0.307092	0.8483489
46338	-3990.197	-4250.562	260.365	2.262974	0.5774797	0.787433	0.212567	0.8161513
46344	-4003.443	-4263.705	260.262	1.978925	0.533175	0.767322	0.232678	1.261363
46350	-3985.958	-4246.158	260.2	2.0214	0.5314098	0.786322	0.213678	1.279789
46356	-3982.229	-4242.338	260.109	2.04374	0.5752548	0.705787	0.294213	1.280661
46362	-3977.274	-4237.503	260.2292	2.052644	0.5269915	0.619552	0.380448	1.235454
46368	-3985.54	-4245.985	260.4451	2.039097	0.4445562	0.666963	0.333037	1.181616
46374	-3975.862	-4236.293	260.4304	2.02905	0.4298626	0.682118	0.317882	1.225595
46380	-3982.689	-4242.992	260.3031	2.077741	0.4660971	0.688544	0.311456	1.237353
46386	-3987.396	-4247.801	260.4055	2.089819	0.490064	0.688544	0.311456	1.101499
46392	-3980.908	-4241.117	260.2089	2.084851	0.557825	0.696411	0.303589	1.184251
46398	-3984.249	-4244.484	260.2353	2.073876	0.557825	0.709177	0.290823	1.170866
46404	-3983.876	-4244.156	260.2796	2.073876	0.5293803	0.67153	0.32847	1.170866
46410	-3975.117	-4235.322	260.2048	2.198323	0.5946766	0.70396	0.29604	1.034267
46416	-3977.677	-4237.984	260.3069	2.187149	0.5874792	0.700544	0.299456	0.9533692
46422	-3988.949	-4249.17	260.2211	2.126703	0.6578039	0.73614	0.26386	1.001159
46428	-3981.584	-4242.001	260.417	2.126726	0.5247502	0.744691	0.255309	1.001159
46434	-3974.791	-4235.253	260.4622	2.126726	0.5076232	0.73193	0.26807	0.9835197
46440	-3974.017	-4234.436	260.4193	2.098554	0.51873	0.665147	0.334853	1.036011
46446	-3983.171	-4243.535	260.3636	2.098554	0.5203805	0.589091	0.410909	1.086176
46452	-3981.937	-4242.496	260.559	2.180051	0.4771488	0.658041	0.341959	0.8760478
46458	-3991.033	-4251.527	260.4935	2.184167	0.4455743	0.620042	0.379958	1.001079
46464	-3983.271	-4243.534	260.2627	2.192989	0.5946731	0.749044	0.250956	0.9820978
46470	-3972.488	-4232.834	260.3469	2.206869	0.5078908	0.636178	0.363822	1.018215
46476	-3980.86	-4241.136	260.2754	2.188272	0.5419663	0.673666	0.326334	1.05265
46482	-3983.628	-4244.064	260.436	2.090916	0.5320517	0.752506	0.247494	1.006359
46488	-3985.91	-4246.124	260.2144	2.090916	0.6301213	0.704042	0.295958	1.078914
46494	-3993.279	-4253.675	260.396	2.222952	0.5440676	0.716967	0.283033	0.8887258
46500	-3990.178	-4250.507	260.3283	2.133896	0.4724056	0.709409	0.290591	1.158064
46506	-3997.913	-4258.281	260.3681	2.133896	0.5059466	0.716355	0.283645	1.0709
46512	-3988.957	-4249.401	260.4447	2.098838	0.505295	0.780044	0.219956	1.032295
46518	-3980.827	-4241.142	260.315	2.102142	0.5093447	0.69011	0.30989	1.143249
46524	-3981.547	-4242.03	260.4833	2.066184	0.4331814	0.709402	0.290598	1.142374
46530	-3982.543	-4243.121	260.5774	2.05173	0.4331814	0.56808	0.43192	1.069687
46536	-3978.146	-4238.547	260.401	2.084479	0.4677109	0.723008	0.276992	1.144673
46542	-3994.291	-4254.852	260.5608	2.157669	0.4318687	0.726207	0.273793	0.9849611
46548	-3984.415	-4244.832	260.4173	1.972649	0.4535802	0.6475	0.3525	1.248063
46554	-3987.269	-4247.447	260.1777	1.972649	0.4519357	0.625149	0.374851	1.441298
46560	-4003.318	-4262.833	259.5146	1.835644	0.6751492	0.776201	0.223799	1.774381
46566	-4003.737	-4263.655	259.9182	1.835644	0.5624652	0.690851	0.309149	1.601584
46572	-4006.032	-4265.757	259.7249	1.827336	0.5624652	0.690851	0.309149	1.745362
46578	-3993.299	-4253.396	260.097	1.852914	0.5624652	0.714131	0.285869	1.455862
46584	-3995.674	-4255.454	259.7797	1.878426	0.631141	0.714131	0.285869	1.598302
46590	-4008.676	-4268.217	259.5413	1.771548	0.670269	0.560973	0.439027	1.80484
46596	-3981.615	-4241.397	259.7825	1.879966	0.6562958	0.750599	0.249401	1.569681
46602	-3995.913	-4255.822	259.9085	1.910581	0.6562958	0.63429	0.36571	1.452641
46608	-3974.99	-4235.13	260.1394	1.934715	0.4900471	0.7392	0.2608	1.44933
46614	-3986.058	-4245.716	259.6588	1.934715	0.7425512	0.675859	0.324141	1.537662
46620	-3990.415	-4250.613	260.1985	2.175027	0.6254646	0.675949	0.324051	1.020028
46626	-3984.735	-4245.147	260.4128	2.094854	0.5089081	0.627337	0.372663	1.061032
46632	-3980.484	-4240.862	260.3787	2.116877	0.4705285	0.71109	0.28891	1.131352
46638	-3975.656	-4235.927	260.2705	2.02374	0.5496893	0.674167	0.325833	1.19465
46644	-3982.929	-4243.406	260.477	2.091211	0.4640359	0.711173	0.288827	1.075215
46650	-3983.599	-4244.058	260.4596	2.064548	0.496262	0.677566	0.322434	1.065107
46656	-3988.877	-4249.316	260.4387	2.091127	0.4973857	0.677566	0.322434	1.058
46662	-3988.93	-4249.371	260.4414	2.048534	0.4880688	0.642777	0.357223	1.109427
46668	-3986.003	-4246.351	260.348	2.048534	0.5533712	0.611674	0.388326	1.098838
46674	-3978.098	-4238.359	260.261	1.992262	0.5546204	0.611674	0.388326	1.223078
46680	-3985.919	-4246.058	260.1392	2.030056	0.6097063	0.657199	0.342801	1.224887
46686	-3983.239	-4243.57	260.3306	1.98893	0.5066713	0.616139	0.383861	1.231311
46692	-3981.903	-4242.08	260.1765	2.049019	0.5572792	0.616139	0.383861	1.242981
46698	-3973.588	-4233.826	260.2384	2.054853	0.5572792	0.634818	0.365182	1.185425
46704	-3972.349	-4232.81	260.4604	2.098698	0.5002286	0.747452	0.252548	1.025329
46710	-3968.29	-4228.704	260.4145	1.980211	0.5274968	0.748209	0.251791	1.137165
46716	-3970.52	-4230.833	260.3139	1.911652	0.5256145	0.748209	0.251791	1.283955
46722	-3965.421	-4225.801	260.3794	1.96885	0.4870893	0.712929	0.287071	1.234573
46728	-3974.809	-4235.103	260.2934	1.996168	0.5617994	0.68426	0.31574	1.182596
46734	-3971.995	-4232.226	260.2306	2.021398	0.5617994	0.696872	0.303128	1.21479
46740	-3969.714	-4230.13	260.4161	2.131695	0.477471	0.723991	0.276009	1.072588
46746	-3974.155	-4234.376	260.2207	2.176193	0.6209504	0.731536	0.268464	1.00326
46752	-3976.235	-4236.589	260.3536	2.176193	0.5590191	0.652242	0.347758	0.9606955
46758	-3970.705	-4231.077	260.3725	2.141331	0.4856282	0.675983	0.324017	1.091347
46764	-3971.143	-4231.41	260.2673	2.128283	0.4907253	0.675983	0.324017	1.189055
46770	-3987.855	-4248.166	260.311	1.964895	0.4993735	0.597827	0.402173	1.277587
46776	-3983.165	-4243.444	260.2789	1.933894	0.4793292	0.587504	0.412496	1.355637
46782	-3979.322	-4239.67	260.3479	1.97151	0.4351442	0.638365	0.361635	1.332682
46788	-3984.065	-4244.431	260.3662	2.063333	0.457328	0.736471	0.263529	1.209094
46794	-3986.053	-4246.424	260.3712	2.027013	0.439982	0.761644	0.238356	1.26135
46800	-4001.718	-4262.043	260.3252	1.861328	0.5097951	0.684506	0.315494	1.336105
46806	-3996.825	-4257.133	260.3079	1.980137	0.5023406	0.775355	0.224645	1.263584
46812	-3990.989	-4251.243	260.2541	2.129257	0.5350367	0.62669	0.37331	1.136587
46818	-3979.775	-4240.167	260.3923	2.069871	0.5325371	0.735621	0.264379	1.068046
46824	-3976.61	-4236.826	260.2166	2.010398	0.5322881	0.707212	0.292788	1.27403
46830	-3978.9	-4239.143	260.243	1.993511	0.5557015	0.730564	0.269436	1.235813
46836	-3989.698	-4249.818	260.1197	1.933013	0.6276022	0.583876	0.416124	1.300327
46842	-3989.386	-4249.612	260.2252	1.994848	0.4717619	0.591477	0.408523	1.360161
46848	-3984.389	-4244.705	260.3166	2.021191	0.4931818	0.736669	0.263331	1.234723
46854	-3998.999	-4259.314	260.3152	2.048016	0.5531754	0.764675	0.235325	1.129378
46860	-3989.751	-4249.89	260.1387	2.008764	0.5424834	0.653922	0.346078	1.325634
46866	-3998.208	-4258.351	260.1426	1.952104	0.5578508	0.653922	0.346078	1.348788
46872	-3971.483	-4231.69	260.2071	1.907228	0.4884109	0.680959	0.319041	1.420597
46878	-3974.772	-4234.731	259.9593	1.95226	0.5465431	0.688794	0.311206	1.503294
46884	-3979.258	-4239.391	260.1323	1.95226	0.4970057	0.596926	0.403074	1.432456
46890	-3987.254	-4247.278	260.0233	1.911089	0.5358047	0.661633	0.338367	1.49881
46896	-3984.468	-4244.683	260.2149	1.917438	0.4577433	0.68726	0.31274	1.447234
46902	-3992.698	-4252.068	259.3706	1.976359	0.8283059	0.678514	0.321486	1.642614
46908	-3992.671	-4252.273	259.6013	1.789178	0.6679176	0.753058	0.246942	1.753058
46914	-3993.373	-4252.929	259.5559	1.758386	0.5460002	0.649173	0.350827	1.926341
46920	-3982.731	-4242.766	260.0347	1.839809	0.4811023	0.700177	0.299823	1.608923
46926	-3984.372	-4244.362	259.9898	1.839809	0.4811023	0.6596	0.3404	1.64134
46932	-3973.494	-4233.659	260.1649	1.946952	0.5077418	0.594582	0.405418	1.397636
46938	-3995.144	-4255.575	260.4313	1.954462	0.4469516	0.741443	0.258557	1.26129
46944	-3997.335	-4257.883	260.5473	1.904338	0.3930045	0.732598	0.267402	1.289906
46950	-3998.427	-4258.697	260.2704	1.94087	0.4845829	0.669229	0.330771	1.349756
46956	-3985.832	-4245.984	260.1523	1.92262	0.4679292	0.669024	0.330976	1.477325
46962	-3993.762	-4253.59	259.8277	1.856216	0.6180209	0.662384	0.337616	1.592963
46968	-3989.389	-4249.063	259.6744	1.916325	0.6220375	0.642482	0.357518	1.656211
46974	-3983.656	-4243.417	259.7609	1.912259	0.6605673	0.582285	0.417715	1.557569
46980	-3995.939	-4256.163	260.2244	2.009681	0.543048	0.848934	0.151066	1.254156
46986	-3993.219	-4253.571	260.3511	2.02089	0.4771128	0.768748	0.231252	1.228793
46992	-4008.387	-4268.464	260.0768	1.929623	0.4456688	0.742636	0.257364	1.557648
46998	-4007.185	-4266.849	259.6639	1.724744	0.634899	0.75161	0.24839	1.785847
47004	-3999.763	-4260.122	260.3593	2.007826	0.4867168	0.659532	0.340468	1.21913
47010	-3989.008	-4249.363	260.3554	2.007826	0.46265	0.658614	0.341386	1.257025
47016	-3987.019	-4247.16	260.1414	2.007826	0.5549361	0.61086	0.38914	1.308671
47022	-3985.009	-4245.309	260.3003	2.007826	0.4950429	0.61086	0.38914	1.25692
47028	-3990.179	-4250.407	260.2283	2.007826	0.5234246	0.734326	0.265674	1.278116
47034	-3984.801	-4245.047	260.2459	1.920477	0.5234246	0.71387	0.28613	1.334662
47040	-3996.185	-4256.189	260.004	1.920477	0.5756344	0.638109	0.361891	1.460095
47046	-3987.408	-4247.333	259.9246	1.922888	0.5756344	0.628477	0.371523	1.518036
47052	-3991.082	-4251.136	260.0542	1.96263	0.5598973	0.682517	0.317483	1.407454
47058	-3991.616	-4252.077	260.4608	2.022732	0.5067109	0.682517	0.317483	1.08691
47064	-3990.281	-4250.721	260.4406	2.100404	0.4978577	0.696908	0.303092	1.046616
47070	-4018.493	-4278.583	260.0902	2.107014	0.6693485	0.819839	0.180161	1.128516
47076	-4000.905	-4261.088	260.1833	2.134545	0.6127618	0.654365	0.345635	1.090087
47082	-3993.285	-4253.634	260.3486	2.170363	0.55273	0.594491	0.405509	0.9818042
47088	-4001.953	-4262.329	260.3761	2.176962	0.5291533	0.652434	0.347566	0.9846633
47094	-3984.979	-4245.306	260.327	2.102626	0.5790977	0.662194	0.337806	1.030896
47100	-3990.192	-4250.477	260.2847	2.195572	0.613316	0.639223	0.360777	0.9280332
47106	-3979.113	-4239.518	260.4052	2.258264	0.5606887	0.708541	0.291459	0.802836
47112	-3981.953	-4242.353	260.4004	2.150113	0.5606887	0.656161	0.343839	0.9360681
47118	-3983.209	-4243.62	260.4111	2.150113	0.5075193	0.732133	0.267867	1.011449
47124	-3990.526	-4250.938	260.4117	2.174768	0.5075193	0.581961	0.418039	0.9861586
47130	-4001.622	-4262.136	260.5142	2.021324	0.4612307	0.618249	0.381751	1.109852
47136	-3993.597	-4254.001	260.404	1.980894	0.491272	0.568926	0.431074	1.197462
47142	-3982.03	-4242.282	260.2519	1.941747	0.5101368	0.645584	0.354416	1.330002
47148	-3984.663	-4244.88	260.217	1.924097	0.5140092	0.626714	0.373286	1.366766
47154	-3989.992	-4250.279	260.2874	1.924097	0.5660235	0.7619	0.2381	1.243533
47160	-3982.909	-4243.082	260.1722	1.909882	0.5454414	0.756514	0.243486	1.373913
47166	-3994.552	-4254.747	260.195	1.902006	0.5359247	0.694441	0.305559	1.373913
47172	-3999.158	-4259.183	260.0246	1.94827	0.7248585	0.739635	0.260365	1.25921
47178	-3993.673	-4253.806	260.1335	1.87769	0.5210176	0.703524	0.296476	1.458516
47184	-3992.288	-4252.398	260.1103	1.784057	0.5210176	0.703524	0.296476	1.546134
47190	-4000.035	-4259.958	259.9234	1.741317	0.5072526	0.714426	0.285574	1.727597
47196	-3997.839	-4257.413	259.5734	1.65967	0.5501802	0.613394	0.386606	1.976568
47202	-3991.88	-4251.299	259.4192	1.65967	0.5132542	0.759577	0.240423	2.117306
47208	-4006.686	-4265.872	259.1865	1.619012	0.4806907	0.657238	0.342762	2.328599
47214	-3998.547	-4258.315	259.7686	1.80028	0.5037778	0.66175	0.33825	1.798468
47220	-4013.773	-4273.938	260.165	1.952619	0.5189813	0.668707	0.331293	1.378908
47226	-4008.471	-4268.519	260.0477	2.047337	0.5330958	0.709322	0.290678	1.378908
47232	-4007.9	-4268.004	260.1042	1.943623	0.5635905	0.795013	0.204987	1.378908
47238	-4015.805	-4275.75	259.9453	2.058051	0.7129452	0.597429	0.402571	1.246509
47244	-4003.119	-4262.385	259.2661	1.633637	0.58012	0.742171	0.257829	2.166397
47250	-4004.908	-4264.809	259.9002	1.830342	0.5409834	0.682427	0.317573	1.642375
47256	-4000.968	-4260.83	259.8618	1.823663	0.5263769	0.652501	0.347499	1.691066
47262	-3981.952	-4241.795	259.8424	1.76472	0.5049619	0.626592	0.373408	1.770523
47268	-3987.932	-4247.753	259.8208	1.757624	0.5049619	0.73426	0.26574	1.790465
47274	-3982.291	-4242.447	260.1562	1.946897	0.5261156	0.770382	0.229618	1.3813
47280	-3980.248	-4240.363	260.1149	1.872995	0.4486731	0.701897	0.298103	1.567344
47286	-3970.274	-4230.544	260.2697	1.935154	0.4274918	0.633813	0.366187	1.433339
47292	-3998.93	-4258.825	259.8946	1.993571	0.719756	0.741403	0.258597	1.33348
47298	-3986.577	-4246.613	260.0367	1.985812	0.4846959	0.660437	0.339563	1.495183
47304	-3987.605	-4247.705	260.0991	1.905126	0.4956145	0.62154	0.37846	1.495183
47310	-3985.052	-4244.972	259.9207	2.007245	0.6614349	0.623676	0.376324	1.362781
47316	-3999.869	-4260.274	260.4054	1.94787	0.4340374	0.673514	0.326486	1.307042
47322	-3978.663	-4238.88	260.2166	1.96048	0.4898508	0.717368	0.282632	1.36982
47328	-3976.288	-4236.539	260.2512	1.930832	0.5158546	0.699192	0.300808	1.331839
47334	-3982.648	-4242.883	260.2346	1.930832	0.5291468	0.644454	0.355546	1.328078
47340	-3975.234	-4234.95	259.7155	1.877667	0.646137	0.736675	0.263325	1.630242
47346	-3980.348	-4240.111	259.7627	1.821844	0.6051103	0.740303	0.259697	1.677905
47352	-3983.667	-4243.485	259.8184	1.801231	0.5459785	0.60983	0.39017	1.715858
47358	-3982.067	-4241.594	259.5263	1.799869	0.6628841	0.629221	0.370779	1.802529
47364	-3975.941	-4235.243	259.3024	1.808845	0.6461679	0.687989	0.312011	1.964405
47370	-3979.603	-4239.327	259.7239	1.796991	0.6440352	0.7261	0.2739	1.684047
47376	-3998.916	-4258.519	259.6035	1.855777	0.5980277	0.718567	0.281433	1.773312
47382	-3998.056	-4257.796	259.7401	1.764139	0.5980277	0.672123	0.327877	1.741947
47388	-3988.553	-4248.452	259.8993	1.767331	0.5087244	0.625577	0.374423	1.724527
47394	-4006.507	-4266.138	259.6308	1.799522	0.6689837	0.661916	0.338084	1.724061
47400	-3997.363	-4257.413	260.0503	1.835816	0.4704797	0.723044	0.276956	1.613655
47406	-4006.338	-4266.409	260.0702	1.776547	0.4605045	0.712334	0.287666	1.654542
47412	-3994.654	-4254.547	259.8931	1.776547	0.5248784	0.667699	0.332301	1.703981
47418	-3987.101	-4246.933	259.8316	1.734785	0.5625668	0.707781	0.292219	1.735323
47424	-3980.914	-4240.647	259.7327	1.734785	0.5433853	0.707781	0.292219	1.82469
47430	-3995.247	-4254.827	259.5798	1.657671	0.4846406	0.721425	0.278575	2.044137
47436	-3995.392	-4254.996	259.604	1.657671	0.5765465	0.67373	0.32627	1.93043
47442	-4000.994	-4260.245	259.2506	1.657671	0.4956499	0.631191	0.368809	2.24678
47448	-3992.304	-4251.602	259.2974	1.657671	0.4680585	0.631191	0.368809	2.24678
47454	-3991.826	-4250.974	259.1478	1.514863	0.4930658	0.761428	0.238572	2.405948
47460	-3995.95	-4255.143	259.1931	1.633391	0.4930658	0.773071	0.226929	2.301946
47466	-3993.549	-4252.484	258.9352	1.616835	0.6169719	0.708517	0.291483	2.355209
47472	-4000.656	-4259.724	259.0685	1.622533	0.5137608	0.671692	0.328308	2.366456
47478	-4002.035	-4260.475	258.4402	1.572744	0.6341193	0.671692	0.328308	2.676609
47484	-3980.253	-4239.54	259.2869	1.635466	0.4947182	0.671692	0.328308	2.238702
47490	-3980.038	-4239.162	259.1241	1.627123	0.558922	0.671692	0.328308	2.282815
47496	-3994.77	-4253.548	258.7779	1.525715	0.4551548	0.742439	0.257561	2.670059
47502	-3993.964	-4252.844	258.8798	1.51851	0.4551548	0.691894	0.308106	2.611697
47508	-3994.882	-4253.988	259.1057	1.628672	0.4904011	0.758805	0.241195	2.363396
47514	-3982.781	-4242.296	259.5147	1.628672	0.54043	0.644566	0.355434	2.046351
47520	-3980.96	-4240.538	259.5781	1.748605	0.6550975	0.793551	0.206449	1.809467
47526	-3998.25	-4257.754	259.5046	1.781979	0.6243149	0.768778	0.231222	1.86641
47532	-3983.331	-4242.965	259.6342	1.684742	0.4876681	0.759815	0.240185	1.986585
47538	-3976.379	-4236.385	260.0051	1.824858	0.446461	0.763025	0.236975	1.684265
47544	-3982.92	-4242.863	259.943	1.801016	0.4904413	0.706145	0.293855	1.691244
47550	-3983.811	-4243.931	260.1196	1.847095	0.5048162	0.659378	0.340622	1.5119
47556	-3986.264	-4246.307	260.0434	1.849336	0.4735007	0.680765	0.319235	1.605091
47562	-3983.859	-4243.442	259.5835	1.747004	0.6163625	0.680765	0.319235	1.844072
47568	-3998.108	-4257.804	259.6959	1.678679	0.4962068	0.669193	0.330807	1.939678
47574	-3980.489	-4240.025	259.536	1.80182	0.5204709	0.727294	0.272706	1.937682
47580	-3988.726	-4248.284	259.5577	1.772508	0.6713127	0.740936	0.259064	1.791863
47586	-3985.345	-4244.747	259.4017	1.772508	0.5302368	0.663673	0.336327	2.036565
47592	-3992.012	-4251.541	259.5291	1.886201	0.7044797	0.644582	0.355418	1.701606
47598	-3996.553	-4255.595	259.0419	1.834463	0.7044797	0.749209	0.250791	2.068781
47604	-3983.792	-4243.051	259.2596	1.782808	0.6312098	0.722796	0.277204	2.024237
47610	-3992.204	-4252.156	259.9522	1.844887	0.6053098	0.761121	0.238879	1.523104
47616	-3990.923	-4250.801	259.8772	1.794283	0.6053098	0.75847	0.24153	1.615242
47622	-3975.443	-4235.117	259.6746	1.767696	0.5260617	0.635993	0.364007	1.860717
47628	-3995.792	-4255.743	259.9502	1.777793	0.4774118	0.692807	0.307193	1.718158
47634	-3983.445	-4243.346	259.9011	1.82346	0.4167798	0.664006	0.335994	1.796317
47640	-3982.127	-4241.846	259.7191	1.82346	0.600282	0.708182	0.291818	1.712627
47646	-3983.63	-4243.147	259.517	1.722903	0.6434347	0.655472	0.344528	1.879976
47652	-3980.382	-4240.074	259.692	1.710613	0.5332596	0.727547	0.272453	1.879976
47658	-3979.501	-4239.061	259.5605	1.692315	0.5067154	0.727547	0.272453	2.009588
47664	-3987.294	-4247.118	259.8244	1.830411	0.4574852	0.67497	0.32503	1.793453
47670	-3984.059	-4243.985	259.926	1.819618	0.423713	0.661524	0.338476	1.772721
47676	-3979.497	-4239.144	259.6468	1.783013	0.5533341	0.750181	0.249819	1.839965
47682	-3976.67	-4236.419	259.749	1.77254	0.568901	0.739748	0.260252	1.760032
47688	-3990.028	-4249.851	259.8228	1.685171	0.4371052	0.754568	0.245432	1.918852
47694	-3990.018	-4249.483	259.4648	1.726596	0.5561713	0.629309	0.370691	1.998305
47700	-3990.935	-4250.46	259.525	1.726914	0.5306731	0.70978	0.29022	1.984431
47706	-3985.916	-4245.9	259.9841	1.795734	0.4322053	0.65818	0.34182	1.737893
47712	-3979.472	-4239.308	259.8357	1.761166	0.5376269	0.636523	0.363477	1.741008
47718	-3981.3	-4241.28	259.9793	1.776144	0.4473317	0.640583	0.359417	1.735783
47724	-3987.62	-4247.556	259.936	1.776144	0.4026185	0.714324	0.285676	1.823417
47730	-3982.637	-4242.564	259.9273	1.830854	0.4119163	0.739884	0.260116	1.779354
47736	-3998.825	-4258.887	260.0617	1.84453	0.3893637	0.685305	0.314695	1.705969
47742	-3980.167	-4240.264	260.097	1.874233	0.5533784	0.685305	0.314695	1.450177
47748	-3985.013	-4245.192	260.1791	1.905194	0.4833548	0.679184	0.320816	1.450177
47754	-3980.151	-4240.281	260.1299	1.759351	0.4526649	0.603289	0.396711	1.633877
47760	-3989.632	-4249.683	260.0514	1.817092	0.480819	0.629518	0.370482	1.613604
47766	-3982.309	-4242.301	259.9923	1.817092	0.4865743	0.718734	0.281266	1.649231
47772	-3998.213	-4258.378	260.1651	1.790335	0.3921215	0.785246	0.214754	1.66715
47778	-3989.094	-4249.066	259.9724	1.825875	0.5391666	0.682696	0.317304	1.595458
47784	-3994.706	-4254.633	259.9277	1.910421	0.6304411	0.67832	0.32168	1.465329
47790	-3990.369	-4250.611	260.2422	1.968798	0.5323169	0.70903	0.29097	1.287151
47796	-3979.243	-4239.251	260.0083	1.904776	0.4714868	0.680162	0.319838	1.592827
47802	-3991.971	-4251.641	259.6696	1.795466	0.5437964	0.680162	0.319838	1.825893
47808	-3982.192	-4242.015	259.8229	1.806092	0.5234902	0.680162	0.319838	1.734226
47814	-3976.282	-4236.069	259.7874	1.827338	0.5896797	0.597855	0.402145	1.672429
47820	-3981.906	-4241.909	260.0038	1.820243	0.4591497	0.628536	0.371464	1.672429
47826	-3985.354	-4245.301	259.9466	1.780793	0.5871367	0.628536	0.371464	1.593956
47832	-3984.346	-4244.47	260.1246	1.893324	0.4767641	0.684027	0.315973	1.508754
47838	-3997.973	-4258.012	260.039	1.825059	0.4767641	0.759691	0.240309	1.621812
47844	-3996.212	-4256.553	260.3405	1.826337	0.3953655	0.755578	0.244422	1.508196
47850	-3999.16	-4259.475	260.315	1.895497	0.4282868	0.725271	0.274729	1.42793
47856	-4000.369	-4260.524	260.1547	1.986093	0.6223465	0.632324	0.367676	1.233643
47862	-3991.831	-4252.403	260.5724	2.124361	0.4834179	0.745343	0.254657	0.9119749
47868	-3983.868	-4244.239	260.3709	2.194886	0.5651744	0.717827	0.282173	0.9119749
47874	-3977.77	-4238.051	260.281	2.175937	0.5949577	0.717827	0.282173	0.9804234
47880	-3988.295	-4248.875	260.5796	2.173313	0.4045231	0.634247	0.365753	1.001717
47886	-3983.086	-4243.646	260.56	2.132993	0.4501865	0.689847	0.310153	0.9772339
47892	-4004.397	-4264.896	260.4988	2.168528	0.4752333	0.657333	0.342667	0.9585713
47898	-4002.592	-4263.034	260.4412	2.14758	0.5451463	0.708656	0.291344	0.9205785
47904	-4006.988	-4267.628	260.6406	2.14758	0.4272076	0.776321	0.223679	0.9205785
47910	-3993.094	-4253.499	260.4049	2.107147	0.5571648	0.713386	0.286614	0.9818984
47916	-3988.159	-4248.388	260.2294	2.04234	0.6092111	0.713386	0.286614	1.136551
47922	-4003.179	-4263.435	260.2559	1.972509	0.5022116	0.734784	0.265216	1.312482
47928	-4006.302	-4266.429	260.1278	1.872274	0.5671984	0.785785	0.214215	1.411857
47934	-4006.799	-4266.853	260.0542	1.829493	0.5160064	0.600314	0.399686	1.559922
47940	-4000.063	-4260.1	260.0373	1.829493	0.5160064	0.65003	0.34997	1.572379
47946	-4005.94	-4265.436	259.496	1.833129	0.5625998	0.65003	0.34997	1.899008
47952	-4016.821	-4276.609	259.7879	1.808362	0.5625998	0.688283	0.311717	1.714303
47958	-4006.857	-4266.968	260.1114	1.822876	0.4955838	0.649082	0.350918	1.547366
47964	-4000.952	-4260.977	260.025	1.786466	0.4129991	0.708435	0.291565	1.740689
47970	-4004.543	-4264.46	259.9173	1.795818	0.5603049	0.641234	0.358766	1.633431
47976	-4009.46	-4269.683	260.2233	1.742903	0.4547535	0.720098	0.279902	1.575333
47982	-4001.935	-4262.153	260.2177	1.742903	0.4838837	0.755481	0.244519	1.542383
47988	-3999.905	-4259.639	259.734	1.742903	0.5591397	0.693377	0.306623	1.801404
47994	-4004.948	-4264.904	259.9561	1.698076	0.3655936	0.743296	0.256704	1.913086
48000	-3986.395	-4246.43	260.0348	1.811979	0.4541009	0.679447	0.320553	1.662586
48006	-3986.773	-4246.666	259.8934	1.796412	0.4524042	0.654482	0.345518	1.775388
48012	-3982.78	-4242.494	259.7147	1.730531	0.589	0.745738	0.254262	1.79229
48018	-3974.032	-4233.924	259.8923	1.807206	0.5655	0.757946	0.242054	1.637562
48024	-3971.978	-4231.671	259.6929	1.863808	0.5965439	0.681329	0.318671	1.706469
48030	-3984.476	-4244.198	259.7217	1.835008	0.5965439	0.757746	0.242254	1.706469
48036	-3992.279	-4252.18	259.901	1.804455	0.551122	0.632586	0.367414	1.649125
48042	-4000.576	-4260.441	259.8649	1.840554	0.551122	0.682572	0.317428	1.649125
48048	-3982.509	-4242.133	259.6244	1.772177	0.5303382	0.682572	0.317428	1.887227
48054	-3994.483	-4254.444	259.9602	1.833078	0.5303382	0.694953	0.305047	1.609237
48060	-3996.066	-4256.113	260.0469	1.869154	0.5695203	0.618574	0.381426	1.473485
48066	-3990.724	-4250.449	259.7253	1.718126	0.622729	0.699838	0.300162	1.759628
48072	-3985.881	-4245.666	259.7851	1.754984	0.5571116	0.749504	0.250496	1.759628
48078	-3992.245	-4251.737	259.4924	1.779932	0.5705793	0.775166	0.224834	1.929277
48084	-3995.204	-4255.453	260.2497	1.8738	0.4216231	0.786024	0.213976	1.503269
48090	-4002.594	-4262.226	259.6315	1.794582	0.5524705	0.616496	0.383504	1.843462
48096	-3996.099	-4256.129	260.0298	1.892511	0.4714561	0.687867	0.312133	1.5861
48102	-3998.552	-4258.648	260.0955	1.849686	0.4712817	0.730647	0.269353	1.569579
48108	-4001.733	-4261.55	259.8173	1.719361	0.574618	0.730647	0.269353	1.743439
48114	-4002.05	-4261.879	259.8281	1.781028	0.4982177	0.689454	0.310546	1.776878
48120	-3989.53	-4249.281	259.7513	1.77224	0.5517663	0.613112	0.386888	1.776878
48126	-3997.479	-4257.26	259.7808	1.864354	0.5408262	0.693511	0.306489	1.7035
48132	-4000.788	-4260.426	259.6384	1.93572	0.7143415	0.706005	0.293995	1.578216
48138	-3985.195	-4245.314	260.1193	1.930818	0.5133144	0.749751	0.250249	1.438298
48144	-3993.566	-4253.777	260.2115	1.913974	0.4802832	0.605773	0.394227	1.422601
48150	-3999.697	-4259.87	260.1729	1.945002	0.473927	0.692507	0.307493	1.436772
48156	-4000.273	-4260.199	259.9259	1.842526	0.4740212	0.809565	0.190435	1.693659
48162	-3991.003	-4251.14	260.1374	1.897892	0.4995597	0.748383	0.251617	1.466847
48168	-3994.04	-4254.503	260.4628	1.908836	0.3661937	0.754001	0.245999	1.396321
48174	-3990.19	-4250.465	260.2745	1.807022	0.5190147	0.807256	0.192744	1.407023
48180	-3992.892	-4253.219	260.3273	1.946779	0.4611182	0.664432	0.335568	1.331804
48186	-3990.185	-4250.308	260.1227	2.062474	0.6362347	0.717312	0.282688	1.17911
48192	-3995.308	-4255.649	260.3405	2.114457	0.5422101	0.714659	0.285341	1.060536
48198	-3986.932	-4247.285	260.3531	2.16967	0.538811	0.714659	0.285341	0.9998654
48204	-3986.392	-4246.863	260.4708	2.130549	0.4903347	0.628541	0.371459	0.9998654
48210	-3978.927	-4239.293	260.3663	2.168473	0.5477019	0.667988	0.332012	0.9735835
48216	-3981.086	-4241.325	260.2387	2.123002	0.5073103	0.690299	0.309701	1.194566
48222	-3984.308	-4244.764	260.4558	2.007634	0.4565705	0.605135	0.394865	1.181115
48228	-3984.486	-4244.719	260.2328	2.027437	0.5195099	0.779472	0.220528	1.263445
48234	-3976.028	-4236.097	260.0686	1.977532	0.6322479	0.675663	0.324337	1.300326
48240	-3988.239	-4248.837	260.5987	2.022661	0.4344671	0.675663	0.324337	1.074722
48246	-3980.13	-4240.155	260.025	2.112619	0.6334124	0.7704	0.2296	1.223236
48252	-3985.738	-4245.819	260.0811	1.985567	0.54361	0.682319	0.317681	1.38826
48258	-3975.676	-4236.005	260.3288	1.912507	0.4235927	0.711938	0.288062	1.410801
48264	-3986.407	-4246.504	260.0964	1.94647	0.6294807	0.711938	0.288062	1.306167
48270	-3992.269	-4252.632	260.363	2.153498	0.5074215	0.69443	0.30557	1.05498
48276	-3994.013	-4254.572	260.5597	2.072799	0.4398755	0.609534	0.390466	1.05498
48282	-4005.565	-4265.983	260.4178	2.072799	0.3807182	0.805116	0.194884	1.27786
48288	-3992.726	-4252.882	260.1561	2.043167	0.631326	0.732895	0.267105	1.172827
48294	-3998.673	-4259.084	260.4113	1.992535	0.4826755	0.757757	0.242243	1.193595
48300	-3983.439	-4243.685	260.2456	2.114661	0.5726193	0.644185	0.355815	1.105265
48306	-3989.128	-4249.45	260.3218	2.079895	0.5522243	0.660703	0.339297	1.095692
48312	-3991.547	-4251.911	260.3639	2.054752	0.5502356	0.656266	0.343734	1.082855
48318	-3986.751	-4247.078	260.3266	1.9725	0.5376365	0.618417	0.381583	1.206542
48324	-3999.577	-4259.898	260.3215	2.003188	0.4670723	0.620217	0.379783	1.282489
48330	-4000.642	-4260.66	260.0185	2.024175	0.643395	0.734536	0.265464	1.290565
48336	-3995.6	-4255.852	260.2515	2.042051	0.5175929	0.749757	0.250243	1.23823
48342	-3981.523	-4241.889	260.3665	1.995224	0.5175929	0.726686	0.273314	1.180108
48348	-3981.625	-4241.985	260.3594	2.12661	0.4781365	0.655995	0.344005	1.128231
48354	-3982.711	-4242.923	260.2125	2.06934	0.5742761	0.674231	0.325769	1.172915
48360	-3982.117	-4242.52	260.4036	2.158803	0.5103731	0.674231	0.325769	1.005671
48366	-3974.381	-4234.828	260.4469	2.063303	0.5108774	0.63764	0.36236	1.05552
48372	-3975.901	-4236.347	260.4464	2.047933	0.4714568	0.755464	0.244536	1.13103
48378	-3976.208	-4236.595	260.3874	2.090977	0.5342261	0.677749	0.322251	1.050257
48384	-3970.762	-4230.979	260.2175	2.028498	0.5870786	0.743933	0.256067	1.18746
48390	-3976.454	-4236.646	260.1928	2.050246	0.6222484	0.693007	0.306993	1.145548
48396	-3974.133	-4234.269	260.1353	2.050246	0.5571599	0.711853	0.288147	1.276231
48402	-3975.296	-4235.545	260.2496	2.050246	0.4717173	0.700381	0.299619	1.296239
48408	-3997.783	-4258.187	260.4037	2.0972	0.5243209	0.680026	0.319974	1.043696
48414	-3993.511	-4253.945	260.4331	2.021627	0.42248	0.665779	0.334221	1.240977
48420	-4000.012	-4260.115	260.1036	2.021627	0.5760752	0.616604	0.383396	1.302104
48426	-3995.897	-4256.163	260.2663	2.055324	0.5966255	0.774723	0.225277	1.108051
48432	-3994.325	-4254.591	260.2663	2.055324	0.5966255	0.5987	0.4013	1.108051
48438	-4009.167	-4269.491	260.3245	2.03438	0.5637578	0.667636	0.332364	1.118669
48444	-3986.8	-4246.753	259.9532	1.875918	0.5397244	0.689123	0.310877	1.57227
48450	-3989.763	-4249.901	260.1384	1.892513	0.5365059	0.6644	0.3356	1.424566
48456	-4002.529	-4262.557	260.0275	1.874558	0.5295048	0.705468	0.294532	1.530364
48462	-3990.636	-4250.598	259.9625	1.874558	0.6000711	0.693478	0.306522	1.498893
48468	-3978.847	-4239.007	260.16	1.918895	0.5438007	0.715272	0.284728	1.378454
48474	-3989.857	-4250.172	260.3149	1.965299	0.4537014	0.700931	0.299069	1.337416
48480	-4003.576	-4263.905	260.3292	1.965299	0.533182	0.650585	0.349415	1.216477
48486	-3994.498	-4254.649	260.1513	1.965299	0.5985385	0.771242	0.228758	1.282169
48492	-3985.061	-4245.224	260.163	1.956073	0.5968044	0.662879	0.337121	1.282169
48498	-3982.069	-4242.328	260.2594	1.996784	0.5411213	0.683122	0.316878	1.238212
48504	-3983.314	-4243.246	259.9317	1.961688	0.6339327	0.760057	0.239943	1.41928
48510	-3991.436	-4251.679	260.2425	1.909799	0.4811428	0.760057	0.239943	1.400703
48516	-3978.623	-4238.94	260.3176	1.909799	0.4570849	0.721733	0.278267	1.374506
48522	-3977.602	-4237.786	260.184	1.961608	0.5337523	0.765808	0.234192	1.33808
48528	-3985.018	-4244.992	259.9741	1.986987	0.6386612	0.775094	0.224906	1.361345
48534	-3988.751	-4248.971	260.2204	1.94154	0.5205472	0.764803	0.235197	1.341892
48540	-3987.257	-4247.554	260.2972	2.221257	0.6164465	0.722883	0.277117	0.8802294
48546	-3982.078	-4242.328	260.2503	2.232181	0.6164465	0.689452	0.310548	0.9206926
48552	-3986.487	-4246.853	260.3651	2.10819	0.5829676	0.655583	0.344417	0.9817393
48558	-3993.55	-4253.798	260.2481	2.158036	0.4941689	0.765274	0.234726	1.174933
48564	-3998.425	-4258.517	260.0919	1.997991	0.6479787	0.616758	0.383242	1.246365
48570	-3987.013	-4247.142	260.1289	1.953244	0.5087994	0.806779	0.193221	1.419311
48576	-3998.779	-4258.539	259.7602	1.898804	0.5564012	0.732334	0.267666	1.676486
48582	-3993.876	-4253.899	260.023	1.836321	0.5402937	0.659988	0.340012	1.549424
48588	-3988.367	-4248.517	260.1501	1.87119	0.4327226	0.648055	0.351945	1.563938
48594	-3986.95	-4247.226	260.2751	1.97396	0.4495166	0.73169	0.26831	1.368002
48600	-3992.134	-4252.238	260.1045	1.902617	0.5916031	0.755109	0.244891	1.377962
48606	-3988.776	-4249.2	260.4244	2.048523	0.4044419	0.755109	0.244891	1.254169
48612	-3979.926	-4240.428	260.5023	2.09688	0.4491527	0.629749	0.370251	1.070783
48618	-3984.782	-4245.16	260.3776	2.1432	0.5119382	0.669105	0.330895	1.043819
48624	-3989.461	-4249.742	260.2809	2.174441	0.5659164	0.738721	0.261279	1.025145
48630	-4008.674	-4269.099	260.4251	1.99241	0.4820171	0.75375	0.24625	1.182786
48636	-3986.477	-4246.788	260.3109	2.059062	0.4820171	0.652575	0.347425	1.223435
48642	-4004.278	-4264.589	260.3116	2.025226	0.461971	0.652575	0.347425	1.279752
48648	-3983.998	-4244.204	260.2063	2.046067	0.5398749	0.637888	0.362112	1.243114
48654	-3994.655	-4254.899	260.2448	2.038754	0.5398749	0.746428	0.253572	1.216807
48660	-3992.071	-4252.336	260.2648	2.002013	0.5417804	0.653076	0.346924	1.22842
48666	-4005.5	-4266.001	260.5007	2.021688	0.4519441	0.529188	0.470812	1.136418
48672	-3987.923	-4248.227	260.3039	2.024188	0.4519441	0.778144	0.221856	1.301349
48678	-3983.826	-4244.103	260.2777	1.940598	0.4812091	0.738109	0.261891	1.348732
48684	-3985.164	-4245.283	260.1186	1.951887	0.5500048	0.712686	0.287314	1.377459
48690	-3978.481	-4238.697	260.2161	1.869703	0.4910993	0.697445	0.302555	1.439036
48696	-3979.644	-4239.74	260.0957	1.853435	0.4910993	0.697445	0.302555	1.541896
48702	-3987.215	-4247.069	259.8541	1.702768	0.543043	0.659854	0.340146	1.763063
48708	-3984.325	-4244.202	259.8773	1.82005	0.4470072	0.708123	0.291877	1.776805
48714	-3980.943	-4241.075	260.1324	1.852602	0.4624536	0.708123	0.291877	1.551587
48720	-3987.963	-4247.535	259.5721	1.700618	0.4624536	0.778639	0.221361	2.046057
48726	-3983.462	-4243.201	259.7392	1.700618	0.4951463	0.61698	0.38302	1.89674
48732	-3988.628	-4247.802	259.1736	1.661773	0.5177483	0.696603	0.303397	2.27036
48738	-4003.962	-4264.026	260.0641	1.896899	0.4525388	0.712609	0.287391	1.582014
48744	-3985.653	-4245.892	260.2384	1.89499	0.4939562	0.724136	0.275864	1.398605
48750	-3995.875	-4256.082	260.2069	1.978073	0.5159039	0.774669	0.225331	1.32946
48756	-3985.273	-4245.56	260.2871	1.953293	0.4464857	0.758324	0.241676	1.378995
48762	-3991.966	-4252.292	260.3258	1.919289	0.4049355	0.684923	0.315077	1.43497
48768	-3998.126	-4258.143	260.017	1.919289	0.5489675	0.649527	0.350473	1.481883
48774	-3998.138	-4258.265	260.1268	1.905698	0.4849204	0.767927	0.232073	1.487413
48780	-3996.721	-4257.023	260.3016	2.000104	0.4555309	0.642262	0.357738	1.317517
48786	-3992.043	-4252.383	260.3406	2.010086	0.4605936	0.649813	0.350187	1.270375
48792	-3999.768	-4260.05	260.2826	2.085414	0.4756861	0.691689	0.308311	1.234218
48798	-3980.168	-4240.253	260.0852	1.985924	0.6221235	0.774537	0.225463	1.291656
48804	-3977.212	-4237.477	260.2652	1.985924	0.5051728	0.615917	0.384083	1.290098
48810	-3979.263	-4239.669	260.4055	2.04406	0.5051728	0.719473	0.280527	1.120285
48816	-3973.882	-4234.233	260.3509	2.093627	0.560218	0.667009	0.332991	1.043974
48822	-3983.176	-4243.517	260.3408	2.054345	0.560218	0.625098	0.374902	1.090417
48828	-3992.659	-4253.096	260.4362	2.054345	0.4884222	0.649595	0.350405	1.108362
48834	-3999.532	-4259.879	260.3472	1.954386	0.5172123	0.575044	0.424956	1.232005
48840	-3987.559	-4247.831	260.2717	1.954386	0.5331067	0.743276	0.256724	1.273692
48846	-3986.877	-4247.295	260.4175	1.904489	0.4798314	0.746779	0.253221	1.266616
48852	-3988.752	-4249.194	260.4419	1.963521	0.4198939	0.746779	0.253221	1.285808
48858	-3966.235	-4226.613	260.3782	1.990763	0.4397479	0.720327	0.279673	1.285808
48864	-3988.259	-4248.511	260.2522	2.135896	0.4979674	0.648922	0.351078	1.1851
48870	-3996.329	-4256.692	260.3636	2.122401	0.4847146	0.738361	0.261639	1.118206
48876	-3985.478	-4245.615	260.1366	2.033932	0.5514255	0.698413	0.301587	1.295786
48882	-3995.241	-4255.349	260.1083	2.033932	0.5997562	0.766693	0.233307	1.259549
48888	-3990.034	-4250.188	260.1545	2.039478	0.602458	0.766693	0.233307	1.212776
48894	-3985.346	-4245.42	260.0734	1.996727	0.6355195	0.762648	0.237352	1.277004
48900	-3998.649	-4258.369	259.7202	1.931176	0.7668241	0.762648	0.237352	1.471974
48906	-4002.653	-4262.579	259.9266	1.906106	0.6430368	0.641574	0.358426	1.456161
48912	-3982.85	-4243.154	260.3034	1.882027	0.4318215	0.702691	0.297309	1.442193
48918	-3992.922	-4253.127	260.2047	1.882027	0.4880912	0.764828	0.235172	1.442193
48924	-3978.559	-4238.716	260.1571	1.908888	0.5394335	0.664664	0.335336	1.393813
48930	-3979.571	-4239.518	259.9477	1.832994	0.5334888	0.638434	0.361566	1.614737
48936	-4005.383	-4265.407	260.0241	1.813003	0.4986283	0.755152	0.244848	1.614737
48942	-3996.904	-4256.667	259.7629	1.794005	0.4251799	0.647521	0.352479	1.900488
48948	-3988.413	-4248.404	259.9914	1.915827	0.4328758	0.645341	0.354659	1.646605
48954	-3997.739	-4257.602	259.8635	1.859029	0.5423737	0.645341	0.354659	1.646605
48960	-3997.658	-4257.691	260.0331	1.753358	0.4171444	0.674742	0.325258	1.752719
48966	-3999.462	-4259.352	259.8898	1.724967	0.5030896	0.626624	0.373376	1.767381
48972	-4002.324	-4262.161	259.8364	1.750325	0.4549129	0.627322	0.372678	1.843504
48978	-3999.572	-4259.367	259.7947	1.730324	0.4523177	0.755639	0.244361	1.888826
48984	-3996.308	-4255.782	259.4736	1.69476	0.5581546	0.737522	0.262478	2.011595
48990	-4000.97	-4260.644	259.6738	1.689381	0.5398269	0.758667	0.241333	1.899748
48996	-3994.915	-4254.852	259.9369	1.760157	0.4746937	0.713861	0.286139	1.743183
49002	-3982.73	-4242.589	259.859	1.810089	0.6174436	0.61401	0.38599	1.604391
49008	-3996.155	-4256.196	260.0414	1.794818	0.5078367	0.728553	0.271447	1.604391
49014	-4006.371	-4266.684	260.313	1.837307	0.3846735	0.728553	0.271447	1.53613
49020	-3988.845	-4248.878	260.033	1.858804	0.538329	0.724836	0.275164	1.527638
49026	-3986.761	-4246.726	259.9654	1.873423	0.5728011	0.651775	0.348225	1.527638
49032	-3999.038	-4259.209	260.1709	1.790771	0.4748854	0.790153	0.209847	1.552885
49038	-4014.365	-4274.477	260.1123	1.794972	0.4368408	0.712794	0.287206	1.641348
49044	-4012.862	-4272.669	259.8063	1.894024	0.6347878	0.589151	0.410849	1.56371
49050	-3980.377	-4239.997	259.6201	1.645931	0.4465215	0.582001	0.417999	2.06903
49056	-4006.731	-4266.171	259.4396	1.637158	0.4449164	0.682032	0.317968	2.19455
49062	-3990.037	-4249.377	259.3408	1.693958	0.5393817	0.772705	0.227295	2.118927
49068	-3993.707	-4253.604	259.8968	1.691498	0.4630048	0.654129	0.345871	1.832706
49074	-4007.006	-4266.93	259.9244	1.746412	0.4674619	0.743328	0.256672	1.770208
49080	-4012.574	-4272.554	259.9802	1.823341	0.4421658	0.757516	0.242484	1.708407
49086	-4001.498	-4261.6	260.1013	1.958548	0.5141017	0.790682	0.209318	1.429894
49092	-3989.62	-4249.82	260.1996	1.901331	0.5193647	0.738068	0.261932	1.391453
49098	-4002.335	-4262.5	260.165	1.91776	0.5605769	0.7489	0.2511	1.354942
49104	-3998.218	-4258.289	260.0702	1.950469	0.602348	0.655213	0.344787	1.354942
49110	-3997.35	-4257.632	260.2825	2.004317	0.4461097	0.700858	0.299142	1.342848
49116	-3992.543	-4252.817	260.274	2.088892	0.5080582	0.609164	0.390836	1.192493
49122	-3992.544	-4252.888	260.3437	2.035107	0.5417053	0.725905	0.274095	1.131362
49128	-3982.891	-4243.326	260.4349	2.065364	0.5007209	0.770735	0.229265	1.08059
49134	-3987.41	-4247.858	260.4478	2.145518	0.4705359	0.7405	0.2595	1.040763
49140	-3983.08	-4243.37	260.29	2.121177	0.5697138	0.693625	0.306375	1.062045
49146	-3981.99	-4242.244	260.2544	2.088883	0.5638924	0.738329	0.261671	1.132477
49152	-3987.505	-4247.656	260.1513	2.183819	0.5555226	0.625146	0.374854	1.151122
49158	-3976.56	-4236.952	260.3916	2.072794	0.4757366	0.692641	0.307359	1.151122
49164	-3984.908	-4245.137	260.2295	2.102743	0.4757366	0.737105	0.262895	1.263993
49170	-4009.063	-4269.155	260.0921	2.069107	0.7216585	0.68907	0.31093	1.099047
49176	-3993.251	-4253.479	260.2278	2.092481	0.5363633	0.739464	0.260536	1.190101
49182	-4003.371	-4263.513	260.1419	2.102413	0.6402788	0.757484	0.242516	1.121866
49188	-4000.8	-4261.053	260.2533	2.200262	0.5557893	0.688952	0.311048	1.041795
49194	-4000.85	-4261.332	260.4821	2.200262	0.4651731	0.732253	0.267747	0.9610278
49200	-3989.856	-4249.977	260.1209	2.198458	0.6247054	0.8011	0.1989	1.072956
49206	-4000.087	-4260.326	260.2384	2.184718	0.5626449	0.69188	0.30812	1.060839
49212	-4002.366	-4262.61	260.2438	2.15745	0.5771989	0.69188	0.30812	1.060839
49218	-3998.128	-4258.553	260.425	2.0981	0.4851762	0.627864	0.372136	1.083426
49224	-3996.83	-4257.189	260.3587	2.094748	0.4915136	0.689461	0.310539	1.137133
49230	-3988.287	-4248.665	260.3781	2.068604	0.5042275	0.659284	0.340716	1.12429
49236	-3990.564	-4250.701	260.137	2.013012	0.6350814	0.659284	0.340716	1.210759
49242	-3996.8	-4257.296	260.4961	1.955748	0.4776499	0.617322	0.382678	1.159266
49248	-4000.593	-4261.088	260.4953	1.983788	0.3767581	0.79338	0.20662	1.293786
49254	-3988.589	-4248.704	260.1145	1.983788	0.5583278	0.699722	0.300278	1.345399
49260	-4007.999	-4268.176	260.177	1.876487	0.5177268	0.706528	0.293472	1.430271
49266	-4007.777	-4267.939	260.1614	1.916408	0.4974662	0.74924	0.25076	1.437032
49272	-4010.954	-4271.446	260.4915	2.055367	0.4369951	0.661664	0.338336	1.138494
49278	-4012.207	-4272.573	260.366	2.20867	0.5287767	0.661664	0.338336	0.963103
49284	-4002.661	-4262.863	260.2016	1.902196	0.5237172	0.668673	0.331327	1.383734
49290	-3995.834	-4255.852	260.0182	1.912958	0.6112079	0.730057	0.269943	1.415003
49296	-3993.817	-4253.718	259.9018	1.839877	0.5409868	0.701729	0.298271	1.634388
49302	-3998.189	-4258.355	260.166	1.945562	0.4742524	0.692196	0.307804	1.441186
49308	-3996.191	-4256.486	260.2945	1.945562	0.5356854	0.617421	0.382579	1.258822
49314	-4002.45	-4262.752	260.3026	2.090344	0.5294796	0.665988	0.334012	1.135912
49320	-3992.857	-4252.913	260.0564	1.886423	0.5643457	0.749753	0.250247	1.459048
49326	-4007.931	-4267.809	259.8777	1.886423	0.5643457	0.696627	0.303373	1.592058
49332	-3986.165	-4246.116	259.9517	1.807451	0.5135753	0.621401	0.378599	1.653209
49338	-4004.88	-4265.147	260.2668	1.932457	0.5399573	0.653032	0.346968	1.286882
49344	-3994.085	-4254.22	260.1346	1.952105	0.4455905	0.638413	0.361587	1.498081
49350	-3992.735	-4252.856	260.121	1.965721	0.4455905	0.637053	0.362947	1.498081
49356	-3988.06	-4248.124	260.0635	1.879125	0.4839173	0.637053	0.362947	1.555622
49362	-3996.41	-4256.73	260.3198	1.973225	0.4409535	0.626516	0.373484	1.345266
49368	-3997.564	-4257.566	260.0016	1.956281	0.5266121	0.626516	0.373484	1.492077
49374	-4002.136	-4262.259	260.1229	1.966981	0.579321	0.757833	0.242167	1.326717
49380	-3986.531	-4246.805	260.2734	2.042969	0.4713722	0.776992	0.223008	1.283206
49386	-3982.564	-4242.879	260.3151	2.121279	0.4516834	0.73245	0.26755	1.21177
49392	-4007.913	-4268.441	260.5289	2.142909	0.3972414	0.794551	0.205449	1.092825
49398	-3990.943	-4251.261	260.3181	2.155949	0.5256914	0.715764	0.284236	1.067166
49404	-3991.713	-4252.176	260.463	2.082327	0.4635367	0.664621	0.335379	1.097166
49410	-3997.111	-4257.418	260.307	2.115608	0.5701952	0.722298	0.277702	1.05052
49416	-4002.153	-4262.517	260.3643	2.070426	0.4468935	0.724518	0.275482	1.22039
49422	-3992.004	-4252.32	260.3162	2.051615	0.5150691	0.758716	0.241284	1.178411
49428	-3996.577	-4256.938	260.3609	2.042103	0.5150691	0.681603	0.318397	1.147474
49434	-3992.13	-4252.455	260.3254	2.042103	0.5205792	0.69188	0.30812	1.170936
49440	-3991.672	-4251.936	260.2647	2.05817	0.5002461	0.686325	0.313675	1.237434
49446	-3995.048	-4255.424	260.3757	2.05817	0.5002461	0.686325	0.313675	1.141641
49452	-3994.736	-4254.935	260.1991	2.015697	0.5039106	0.545556	0.454444	1.321191
49458	-3986.543	-4246.845	260.3018	1.973544	0.4867973	0.629413	0.370587	1.295267
49464	-3978.877	-4239.006	260.1294	2.022702	0.5638586	0.717719	0.282281	1.295267
49470	-3989.518	-4249.726	260.2083	2.098594	0.5216249	0.693556	0.306444	1.221528
49476	-3982.083	-4242.35	260.2671	2.126047	0.5216249	0.695406	0.304594	1.146904
49482	-3980.946	-4241.183	260.2369	2.016358	0.5075992	0.67265	0.32735	1.285099
49488	-4000.758	-4260.664	259.9059	2.077654	0.7754629	0.669901	0.330099	1.197445
49494	-3996.616	-4256.892	260.2766	2.059644	0.520703	0.766723	0.233277	1.197794
49500	-3996.383	-4256.637	260.2539	2.059644	0.5600239	0.766723	0.233277	1.164092
49506	-3998.063	-4258.473	260.4096	2.129521	0.4909439	0.650712	0.349288	1.059374
49512	-4005.137	-4265.483	260.3466	2.131041	0.5275527	0.650712	0.349288	1.060995
49518	-3999.546	-4259.76	260.214	2.132624	0.60913	0.716175	0.283825	1.068146
49524	-4000.008	-4260.308	260.3006	2.097435	0.4711951	0.701336	0.298664	1.215355
49530	-3993.605	-4253.976	260.3717	2.124573	0.5284913	0.701336	0.298664	1.041766
49536	-3998.329	-4258.456	260.1276	2.07614	0.6300342	0.650993	0.349007	1.170492
49542	-3993.469	-4253.529	260.0601	2.07614	0.6129435	0.715519	0.284481	1.248719
49548	-3995.032	-4255.24	260.2076	2.039766	0.5194609	0.715519	0.284481	1.274091
49554	-4015.801	-4276.133	260.3327	2.070665	0.55034	0.701191	0.298809	1.096895
49560	-4005.478	-4265.604	260.1256	1.934776	0.4677222	0.620245	0.379755	1.488579
49566	-4000.592	-4260.508	259.9166	1.884183	0.5440298	0.620245	0.379755	1.588065
49572	-4005.367	-4265.543	260.1769	1.933084	0.4610575	0.75285	0.24715	1.459823
49578	-4002.036	-4262.172	260.1365	1.930268	0.5486825	0.642425	0.357575	1.381985
49584	-4013.953	-4274.302	260.3491	2.187144	0.5337958	0.639476	0.360524	0.9942341
49590	-4008.655	-4269.077	260.4213	2.154229	0.5092071	0.672774	0.327226	0.9944559
49596	-3999.558	-4260.025	260.4675	2.126952	0.4976834	0.644094	0.355906	0.9944559
49602	-3990.582	-4250.902	260.3197	2.270985	0.5255469	0.685653	0.314347	0.9516628
49608	-3995.045	-4255.229	260.184	2.299099	0.6174182	0.566927	0.433073	0.9185236
49614	-3997.954	-4258.156	260.202	2.200969	0.5987548	0.687017	0.312983	1.028604
49620	-4003.394	-4263.833	260.4386	2.11364	0.5089824	0.680658	0.319342	1.017898
49626	-4004.452	-4264.51	260.0573	2.018393	0.597958	0.751638	0.248362	1.316092
49632	-4006.862	-4267.109	260.2471	1.935646	0.5798828	0.731659	0.268341	1.250171
49638	-3998.638	-4258.906	260.268	1.935646	0.507353	0.67731	0.32269	1.32562
49644	-4001.022	-4261.169	260.1477	2.030571	0.523014	0.708685	0.291315	1.32562
49650	-4000.026	-4260.082	260.056	1.913983	0.5722015	0.772241	0.227759	1.429263
49656	-3990.264	-4250.477	260.2135	1.913983	0.4904103	0.656432	0.343568	1.407794
49662	-3995.17	-4255.347	260.1767	1.913983	0.512724	0.628867	0.371133	1.407794
49668	-3983.48	-4243.77	260.2897	1.913983	0.4836343	0.648998	0.351002	1.357078
49674	-3994.148	-4254.581	260.4327	1.934112	0.4403818	0.770209	0.229791	1.286638
49680	-3983.156	-4243.317	260.1609	1.921672	0.5234458	0.638832	0.361168	1.400626
49686	-3979.788	-4240.055	260.2668	1.921672	0.5274087	0.638832	0.361168	1.311773
49692	-3986.309	-4246.647	260.3378	1.935511	0.5423928	0.749255	0.250745	1.22217
49698	-3994.049	-4254.551	260.5022	1.983294	0.4433134	0.586415	0.413585	1.182384
49704	-4000.29	-4260.417	260.1274	1.964918	0.5571023	0.74701	0.25299	1.351593
49710	-3996.152	-4256.502	260.3499	1.974811	0.4257765	0.776576	0.223424	1.342108
49716	-3989.604	-4249.905	260.3007	1.979213	0.5466867	0.714312	0.285688	1.210874
49722	-3997.989	-4258.464	260.4748	1.923993	0.4959299	0.62993	0.37007	1.178718
49728	-3996.689	-4256.855	260.1655	1.919467	0.4798137	0.623328	0.376672	1.45421
49734	-3994.754	-4254.853	260.099	1.85601	0.5091007	0.657318	0.342682	1.515414
49740	-4003.265	-4262.867	259.6013	1.673536	0.504303	0.775852	0.224148	1.99752
49746	-3994.16	-4253.736	259.5757	1.718085	0.5126989	0.775053	0.224947	1.975698
49752	-3990.86	-4250.925	260.0656	1.779031	0.525377	0.629438	0.370562	1.577567
49758	-3988.467	-4248.183	259.7158	1.844474	0.5134816	0.680072	0.319928	1.793458
49764	-3986.199	-4245.89	259.691	1.785201	0.4701879	0.693732	0.306268	1.900772
49770	-3993.55	-4253.441	259.8908	1.785201	0.4967459	0.721929	0.278071	1.731842
49776	-3987.411	-4247.288	259.8776	1.780777	0.5074117	0.721929	0.278071	1.731842
49782	-3999.303	-4259.053	259.7496	1.786886	0.5074117	0.700993	0.299007	1.816747
49788	-3994.324	-4254.167	259.8432	1.823426	0.5036845	0.562048	0.437952	1.730333
49794	-3998.9	-4258.928	260.028	1.823426	0.5295102	0.544999	0.455001	1.567774
49800	-3995.873	-4255.783	259.9098	1.823705	0.502182	0.726335	0.273665	1.684842
49806	-3991.84	-4251.801	259.961	1.824726	0.4508395	0.648411	0.351589	1.710033
49812	-3990.315	-4250.492	260.1769	1.940666	0.4779401	0.615019	0.384981	1.43171
49818	-3983.163	-4243.242	260.0789	1.936251	0.5515751	0.702711	0.297289	1.418602
49824	-3992.253	-4252.329	260.0753	1.939912	0.5515751	0.683492	0.316508	1.418602
49830	-3996.298	-4256.745	260.4475	2.037764	0.3725458	0.705161	0.294839	1.295667
49836	-4000.195	-4260.76	260.5658	2.100215	0.3899585	0.585474	0.414526	1.111088
49842	-3990.43	-4250.927	260.4973	2.153448	0.4188435	0.718439	0.281561	1.07426
49848	-3978.725	-4239.048	260.3232	1.999123	0.4361485	0.686367	0.313633	1.328882
49854	-3995.088	-4255.474	260.3857	2.002903	0.4361485	0.581707	0.418293	1.275083
49860	-3991.478	-4251.919	260.4414	2.058145	0.3779042	0.718231	0.281769	1.275083
49866	-3984.342	-4244.545	260.2037	1.975722	0.4631559	0.718231	0.281769	1.403657
49872	-3994.847	-4255.094	260.2474	1.89831	0.5020456	0.587381	0.412619	1.378534
49878	-3993.206	-4253.518	260.3127	1.852145	0.5183917	0.590434	0.409566	1.342334
49884	-3994.379	-4254.804	260.4249	2.165746	0.5824911	0.640027	0.359973	0.8533064
49890	-4000.181	-4260.306	260.1247	2.006575	0.5151024	0.675906	0.324094	1.373109
49896	-3987.085	-4247.488	260.4031	2.094674	0.4431435	0.600071	0.399929	1.172017
49902	-3982.592	-4243.049	260.4567	2.060112	0.485831	0.587103	0.412897	1.08826
49908	-3975.993	-4236.421	260.4274	2.060112	0.4623894	0.694386	0.305614	1.15109
49914	-3982.117	-4242.569	260.4525	2.0677	0.4635229	0.582503	0.417497	1.120082
49920	-3979.988	-4240.396	260.4083	2.086706	0.4615997	0.746173	0.253827	1.145655
49926	-3990.576	-4250.926	260.3501	2.046679	0.5202452	0.746173	0.253827	1.145655
49932	-3988.6	-4248.801	260.2008	2.016585	0.5003686	0.746173	0.253827	1.32381
49938	-4002.508	-4262.721	260.2134	1.970639	0.4962882	0.732909	0.267091	1.355822
49944	-3998.203	-4258.296	260.0933	2.011392	0.5469087	0.766468	0.233532	1.354278
49950	-4002.357	-4262.603	260.2464	2.032535	0.4412574	0.781868	0.218132	1.356018
49956	-4004.109	-4264.48	260.3716	1.955109	0.4050375	0.775069	0.224931	1.371424
49962	-3991.744	-4252.155	260.4111	2.026601	0.5233279	0.747184	0.252816	1.104332
49968	-4006.077	-4266.391	260.3134	2.23945	0.513227	0.7477	0.2523	1.010565
49974	-3992.789	-4253.181	260.392	2.079734	0.4199583	0.749488	0.250512	1.230681
49980	-3991.737	-4252.04	260.3029	2.072746	0.5153283	0.692099	0.307901	1.171214
49986	-3984.064	-4244.162	260.0976	2.138849	0.5438436	0.753074	0.246926	1.251221
49992	-3986.114	-4246.436	260.3215	2.028413	0.4549655	0.682836	0.317164	1.279129
49998	-3999.244	-4259.592	260.3481	1.992417	0.4857278	0.694866	0.305134	1.242911
50004	-3988.104	-4248.534	260.4303	2.108101	0.4857278	0.478626	0.521374	1.068332
50010	-3991.97	-4252.534	260.5641	2.108101	0.4091986	0.709588	0.290412	1.071145
50016	-3987.047	-4247.395	260.3477	2.141987	0.5167543	0.711357	0.288643	1.065913
50022	-3987.092	-4247.547	260.4558	2.153488	0.515455	0.713882	0.286118	0.9492112
50028	-3996.652	-4257.112	260.4595	2.153488	0.4615383	0.663772	0.336228	1.036863
50034	-3992.568	-4253.021	260.4532	2.193041	0.4938069	0.670804	0.329196	0.9477502
50040	-4004.206	-4264.223	260.0166	1.980515	0.5068548	0.699588	0.300412	1.486616
50046	-4003.019	-4263.284	260.2656	1.977008	0.5772737	0.76238	0.23762	1.202917
50052	-3989.157	-4249.488	260.332	1.975021	0.4576605	0.675308	0.324692	1.310249
50058	-3989.47	-4249.715	260.2451	1.944303	0.5279711	0.709889	0.290111	1.310249
50064	-3990.715	-4251.175	260.46	1.95984	0.4316435	0.653471	0.346529	1.255976
50070	-3990.029	-4250.24	260.2104	1.95984	0.5247349	0.653471	0.346529	1.329834
50076	-3993.541	-4253.873	260.3319	1.972899	0.5088107	0.684866	0.315134	1.240806
50082	-4003.206	-4263.726	260.5201	2.042856	0.4067934	0.75697	0.24303	1.173829
50088	-3997.567	-4257.757	260.19	2.039269	0.5549494	0.75697	0.24303	1.242856
50094	-3990.007	-4250.273	260.2657	2.09829	0.5473677	0.691521	0.308479	1.136663
50100	-3976.147	-4236.629	260.4821	2.102887	0.4985301	0.631694	0.368306	1.002558
50106	-3977.365	-4237.461	260.096	1.931146	0.5451846	0.675516	0.324484	1.416992
50112	-3983.689	-4243.9	260.2113	1.947406	0.4651711	0.638043	0.361957	1.416992
50118	-3977.089	-4237.467	260.3785	2.00346	0.4860381	0.691478	0.308522	1.207466
50124	-3977.47	-4237.778	260.3075	2.053719	0.5077295	0.691478	0.308522	1.194369
50130	-3992.28	-4252.52	260.2393	1.96593	0.5672298	0.727693	0.272307	1.247286
50136	-3976.372	-4236.828	260.4564	2.032474	0.4701171	0.771454	0.228546	1.137967
50142	-3979.99	-4240.4	260.4105	2.077656	0.4856977	0.652096	0.347904	1.114691
50148	-3988.771	-4249.176	260.4049	2.077656	0.4533116	0.688524	0.311476	1.169428
50154	-3986.709	-4247.117	260.4079	2.215698	0.4654288	0.5899	0.4101	1.019892
50160	-3989.099	-4249.452	260.3535	2.215698	0.5216342	0.657675	0.342325	0.980463
50166	-3989.038	-4249.385	260.3472	2.243971	0.5216342	0.657675	0.342325	0.9578063
50172	-3985.72	-4246.102	260.3812	2.204086	0.5069916	0.657675	0.342325	0.9882689
50178	-3983.35	-4243.625	260.2744	2.238918	0.5950179	0.6934	0.3066	0.9208919
50184	-3972.546	-4232.903	260.3566	2.397834	0.5240724	0.652301	0.347699	0.7557158
50190	-3996.914	-4257.344	260.4299	2.397834	0.4829083	0.736792	0.263208	0.7474075
50196	-3994.274	-4254.704	260.4303	2.332728	0.4834537	0.758042	0.241958	0.8342721
50202	-3998.541	-4258.822	260.2808	2.35387	0.5877676	0.713319	0.286681	0.7869588
50208	-3982.835	-4243.317	260.4827	2.34134	0.4736103	0.713319	0.286681	0.7758259
50214	-3994.879	-4255.268	260.3889	2.34134	0.507005	0.713319	0.286681	0.8262502
50220	-3997.635	-4257.95	260.3149	2.34134	0.557974	0.713319	0.286681	0.817755
50226	-3990.184	-4250.416	260.2327	2.333775	0.6237223	0.694915	0.305085	0.808665
50232	-3980.207	-4240.551	260.3435	2.396876	0.5385592	0.750893	0.249107	0.7423786
50238	-3992.669	-4253.072	260.4031	2.358783	0.5088317	0.600519	0.399481	0.7802961
50244	-4006.159	-4266.196	260.0368	2.338175	0.7489845	0.65284	0.34716	0.8415496
50250	-4000.953	-4261.354	260.4017	2.219992	0.5642142	0.697291	0.302709	0.8489442
50256	-4001.781	-4262.042	260.2612	2.230965	0.5642142	0.697291	0.302709	0.9911387
50262	-4008.6	-4268.986	260.3856	2.262948	0.5642142	0.629141	0.370859	0.8153613
50268	-4008.383	-4268.799	260.4161	2.337887	0.5274826	0.72594	0.27406	0.7482153
50274	-4001.588	-4261.916	260.3276	2.318423	0.5698103	0.729004	0.270996	0.8076024
50280	-4001.501	-4261.926	260.4254	2.177234	0.488081	0.627464	0.372536	1.002304
50286	-3987.464	-4247.966	260.5024	2.311784	0.4269094	0.627464	0.372536	0.8921798
50292	-3987.35	-4247.65	260.3002	2.311784	0.6002387	0.727411	0.272589	0.7929471
50298	-3983.007	-4243.293	260.2859	2.35275	0.5847178	0.678775	0.321225	0.7875671
50304	-3977.246	-4237.608	260.362	2.35275	0.5559412	0.766048	0.233952	0.7402443
50310	-3974.087	-4234.492	260.4058	2.293387	0.5559412	0.726009	0.273991	0.7635012
50316	-3979.316	-4239.811	260.4955	2.311528	0.4975316	0.775607	0.224393	0.7416009
50322	-3998.705	-4259.027	260.3215	2.234383	0.5382861	0.593462	0.406538	0.9669552
50328	-4010.601	-4270.909	260.308	2.198264	0.5418818	0.620226	0.379774	1.01143
50334	-3989.431	-4249.584	260.1537	2.161414	0.6107781	0.699169	0.300831	1.095266
50340	-3991.402	-4251.79	260.3884	2.119838	0.4740518	0.554951	0.445049	1.114478
50346	-4012.606	-4272.731	260.1247	2.160801	0.671813	0.674019	0.325981	1.043554
50352	-3992.165	-4252.391	260.2264	2.145235	0.6011356	0.677333	0.322667	1.055438
50358	-3988.306	-4248.716	260.4098	2.145235	0.4766451	0.534486	0.465514	1.067129
50364	-3992.042	-4252.354	260.3115	2.145235	0.5572942	0.69143	0.30857	1.036558
50370	-3996.674	-4257.089	260.4145	2.087256	0.4522065	0.687609	0.312391	1.154304
50376	-3994.602	-4254.954	260.3521	2.156353	0.4466409	0.638083	0.361917	1.157197
50382	-3987.178	-4247.389	260.2111	2.134154	0.6456571	0.601686	0.398314	1.020085
50388	-3991.558	-4251.596	260.0387	2.107185	0.6232088	0.633577	0.366423	1.228369
50394	-4004.763	-4264.894	260.1314	2.272358	0.6495338	0.804023	0.195977	0.9554054
50400	-4005.155	-4265.613	260.4581	2.198662	0.539846	0.691083	0.308917	0.8520637
50406	-3993.58	-4253.841	260.2608	2.198662	0.6217947	0.806665	0.193335	0.9374291
50412	-3993.664	-4253.949	260.2848	2.198662	0.5801477	0.7514	0.2486	0.9756398
50418	-3987.606	-4247.915	260.3088	2.198662	0.564232	0.610442	0.389558	0.9756398
50424	-3993.794	-4254.125	260.3311	2.20737	0.5813259	0.709153	0.290847	0.9154125
50430	-3987.792	-4248.225	260.4336	2.184763	0.5293437	0.6127	0.3873	0.9154125
50436	-3983.332	-4243.74	260.4085	2.287912	0.5293437	0.672819	0.327181	0.8233638
50442	-3990.698	-4251.023	260.3254	2.291217	0.5813158	0.663886	0.336114	0.8233638
50448	-3976.632	-4237.023	260.3909	2.302206	0.5473373	0.615469	0.384531	0.7906507
50454	-3992.378	-4252.712	260.3341	2.273094	0.591799	0.68872	0.31128	0.8155226
50460	-3991.018	-4251.521	260.5026	2.261657	0.4468726	0.722601	0.277399	0.9075883
50466	-4009.845	-4270.401	260.556	2.278594	0.4404494	0.722601	0.277399	0.8387754
50472	-3996.008	-4256.611	260.6027	2.30619	0.4157678	0.767458	0.232542	0.801789
50478	-4009.626	-4269.944	260.3176	2.323646	0.5914508	0.72311	0.27689	0.7700883
50484	-4009.99	-4270.187	260.1973	2.311971	0.6674041	0.730649	0.269351	0.804647
50490	-4005.998	-4266.345	260.3472	2.365723	0.5207128	0.547868	0.452132	0.8199085
50496	-4001.869	-4262.144	260.2757	2.365723	0.5759604	0.547868	0.452132	0.8014796
50502	-4004.199	-4264.467	260.2677	2.401598	0.5759604	0.547868	0.452132	0.7627697
50508	-4006.866	-4267.082	260.2157	2.407533	0.6297816	0.640736	0.359264	0.7132262
50514	-3994.733	-4254.864	260.1319	2.394533	0.6666688	0.55926	0.44074	0.7827664
50520	-3974.604	-4234.998	260.3947	2.239449	0.5486015	0.528605	0.471395	0.8628508
50526	-3981.832	-4242.293	260.4615	2.188395	0.4928903	0.528682	0.471318	0.9455064
50532	-3983.692	-4243.932	260.2396	2.245357	0.5631253	0.632524	0.367476	1.000108
50538	-3994.105	-4254.444	260.3391	2.245357	0.5846641	0.612316	0.387684	0.8569389
50544	-3985.775	-4246.147	260.3713	2.258734	0.5544713	0.569658	0.430342	0.8569389
50550	-3995.547	-4255.819	260.2722	2.334697	0.564601	0.633368	0.366632	0.8660505
50556	-3984.449	-4244.71	260.2618	2.334697	0.6120314	0.615244	0.384756	0.790856
50562	-3989.49	-4249.656	260.1657	2.195557	0.6776782	0.678368	0.321632	0.960065
50568	-3990.828	-4251.128	260.2999	2.199285	0.5692642	0.634781	0.365219	0.9763101
50574	-3991.534	-4251.953	260.4193	2.234206	0.521703	0.59244	0.40756	0.8897012
50580	-3983.747	-4244.112	260.3649	2.190586	0.5574871	0.523488	0.476512	0.9360142
50586	-3990.045	-4250.418	260.3727	2.081155	0.5574871	0.523488	0.476512	1.039022
50592	-3999.286	-4259.663	260.3773	2.230729	0.5054825	0.55216	0.44784	0.9675353
50598	-3990.224	-4250.351	260.1263	2.306349	0.6637769	0.625785	0.374215	0.9031514
50604	-3986.932	-4247.253	260.3217	2.281387	0.5807264	0.624379	0.375621	0.8414095
50610	-4004.225	-4264.629	260.4045	2.110177	0.5594914	0.500107	0.499893	0.9755945
50616	-3987.959	-4248.219	260.2593	2.110177	0.5775084	0.624026	0.375974	1.090035
50622	-3984.646	-4244.937	260.2909	2.138491	0.5895834	0.673444	0.326556	1.015898
50628	-3992.902	-4253.442	260.5394	2.155266	0.4061204	0.608829	0.391171	1.055483
50634	-3994.958	-4255.143	260.185	1.963069	0.569544	0.79432	0.20568	1.291574
50640	-3975.648	-4235.892	260.2442	1.952299	0.5206924	0.626954	0.373046	1.313991
50646	-3975.357	-4235.397	260.04	2.084135	0.6107273	0.732214	0.267786	1.261377
50652	-3978.58	-4238.725	260.1455	2.006657	0.5260514	0.638608	0.361392	1.34261
50658	-3976.821	-4237.098	260.2763	1.973926	0.4209807	0.637998	0.362002	1.407648
50664	-3983.511	-4243.653	260.1421	1.790054	0.4333027	0.637998	0.362002	1.62805
50670	-3982.809	-4242.571	259.7622	1.775576	0.5590203	0.729138	0.270862	1.759162
50676	-3990.66	-4250.7	260.0405	1.723084	0.4681381	0.749619	0.250381	1.704291
50682	-3988.986	-4248.955	259.9687	1.89022	0.4597302	0.647306	0.352694	1.64675
50688	-3975.664	-4235.857	260.1924	1.912649	0.44774	0.705075	0.294925	1.481374
50694	-3986.795	-4246.772	259.9766	1.938663	0.5631188	0.705075	0.294925	1.481374
50700	-3989.608	-4249.986	260.3781	1.938663	0.4956313	0.705075	0.294925	1.248957
50706	-3987.177	-4247.215	260.0379	1.937851	0.6483234	0.716633	0.283367	1.339031
50712	-3981.948	-4242.21	260.2626	1.960681	0.5321898	0.716633	0.283367	1.277248
50718	-3980.023	-4240.324	260.3013	2.118932	0.4781958	0.718618	0.281382	1.186056
50724	-3966.036	-4226.563	260.527	2.040496	0.4486091	0.728213	0.271787	1.100994
50730	-3979.487	-4239.711	260.2236	2.0334	0.5105641	0.631325	0.368675	1.278016
50736	-3990.623	-4250.832	260.2089	2.04144	0.3958997	0.705633	0.294367	1.44429
50742	-3999.277	-4259.482	260.2052	2.303116	0.636564	0.70143	0.29857	0.8588035
50748	-3982.314	-4242.78	260.4661	2.249367	0.4979426	0.722184	0.277816	0.8626888
50754	-3980.207	-4240.673	260.4661	2.249367	0.4979426	0.545388	0.454612	0.8626888
50760	-3975.979	-4236.388	260.4097	2.411123	0.4938568	0.7032	0.2968	0.7295839
50766	-3981.57	-4241.982	260.4123	2.232236	0.51118	0.701855	0.298145	0.9187419
50772	-3996.51	-4256.764	260.2541	2.281827	0.6316267	0.67782	0.32218	0.8335225
50778	-3996.316	-4256.603	260.2867	2.248555	0.6090477	0.741548	0.258452	0.8730917
50784	-3989.019	-4249.249	260.2303	2.257638	0.6477141	0.625544	0.374456	0.8647053
50790	-3979.499	-4239.771	260.2723	2.113063	0.5540124	0.594849	0.405151	1.108164
50796	-3969.732	-4230.024	260.2917	2.093651	0.5540124	0.687688	0.312312	1.108164
50802	-3970.373	-4230.818	260.445	2.08921	0.4412867	0.548746	0.451254	1.142877
50808	-3959.847	-4220.089	260.2421	2.066173	0.5024467	0.601113	0.398887	1.24663
50814	-3967.576	-4227.887	260.3108	2.020345	0.5024467	0.712879	0.287121	1.227422
50820	-3967.606	-4227.973	260.3673	2.061079	0.4458138	0.661896	0.338104	1.227422
50826	-3967.632	-4228.042	260.4104	2.061079	0.4458138	0.661896	0.338104	1.190663
50832	-3977.699	-4237.923	260.2237	2.060109	0.5615096	0.661896	0.338104	1.187962
50838	-3994.076	-4254.209	260.133	2.060109	0.5615096	0.823407	0.176593	1.264557
50844	-3987.748	-4248.153	260.4053	2.102337	0.5352584	0.826768	0.173232	1.020358
50850	-3989.912	-4250.3	260.3877	2.100934	0.5473795	0.668749	0.331251	1.020358
50856	-3987.573	-4248.014	260.4408	2.181567	0.5089928	0.672402	0.327598	0.9464875
50862	-3986.042	-4246.232	260.1897	2.146039	0.6283169	0.672402	0.327598	1.052634
50868	-3978.281	-4238.526	260.2452	2.164946	0.567108	0.646501	0.353499	1.066704
50874	-3987.951	-4248.294	260.3423	2.076814	0.5621672	0.753119	0.246881	1.065371
50880	-3983.703	-4243.98	260.2765	2.020241	0.5665183	0.626594	0.373406	1.170099
50886	-3982.666	-4242.915	260.2497	1.99294	0.5747762	0.704372	0.295628	1.206126
50892	-4003.202	-4263.547	260.3445	2.070804	0.4940955	0.781958	0.218042	1.167024
50898	-3996.148	-4256.708	260.5597	2.097128	0.4754888	0.737755	0.262245	0.9690104
50904	-3997.416	-4257.861	260.4454	2.088875	0.3783322	0.637786	0.362214	1.245617
50910	-3987.365	-4247.745	260.3797	2.073922	0.4157915	0.746344	0.253656	1.252391
50916	-3978.121	-4238.21	260.0889	2.082346	0.6022302	0.732068	0.267932	1.232326
50922	-3981.332	-4241.532	260.2003	2.064426	0.5401814	0.739747	0.260253	1.232326
50928	-4002.611	-4262.805	260.1939	1.994075	0.590751	0.727187	0.272813	1.232326
50934	-3986.777	-4246.916	260.1391	1.994075	0.5548979	0.618697	0.381303	1.321629
50940	-3981	-4241.206	260.2054	2.076764	0.5068268	0.761212	0.238788	1.262308
50946	-3998.348	-4258.467	260.1192	2.03893	0.5866007	0.776497	0.223503	1.262308
50952	-3996.983	-4257.209	260.2263	2.030118	0.5334568	0.726997	0.273003	1.24811
50958	-3982.643	-4242.81	260.1671	2.055507	0.598027	0.663872	0.336128	1.193792
50964	-3993.209	-4253.41	260.2006	2.08132	0.6027291	0.615177	0.384823	1.135846
50970	-3988.637	-4248.919	260.2822	2.06056	0.5677182	0.615177	0.384823	1.127774
50976	-3999.714	-4259.793	260.0793	2.106783	0.6538532	0.615177	0.384823	1.157086
50982	-3992.069	-4252.499	260.4303	2.090472	0.4746098	0.651495	0.348505	1.102172
50988	-4000.275	-4260.253	259.9785	2.090472	0.7573439	0.650295	0.349705	1.142055
50994	-3991.97	-4252.174	260.2037	2.090472	0.5586588	0.700071	0.299929	1.182745
51000	-3988.829	-4249.298	260.4695	2.057871	0.4837967	0.733148	0.266852	1.081646
51006	-3992.246	-4252.469	260.223	2.057871	0.5603076	0.733148	0.266852	1.192042
51012	-3998.172	-4258.423	260.251	2.051469	0.5047275	0.724153	0.275847	1.248346
51018	-3995.844	-4256.11	260.2666	2.032246	0.5630774	0.786355	0.213645	1.172851
51024	-3991.528	-4251.908	260.3808	2.072314	0.5071783	0.63903	0.36097	1.114084
51030	-3992.981	-4253.232	260.2508	2.072816	0.5907166	0.673912	0.326088	1.114084
51036	-3993.458	-4253.881	260.4232	2.070961	0.4426801	0.669729	0.330271	1.175904
51042	-3995.108	-4255.412	260.3044	2.075078	0.5653487	0.774986	0.225014	1.097674
51048	-3998.973	-4259.504	260.5315	2.146429	0.4075039	0.711962	0.288038	1.068825
51054	-4005.185	-4265.47	260.2846	2.161201	0.5413678	0.687324	0.312676	1.070403
51060	-3998.63	-4258.774	260.1444	2.088213	0.5471605	0.581661	0.418339	1.250068
51066	-3997.704	-4257.893	260.189	2.066643	0.5324754	0.537893	0.462107	1.250068
51072	-3995.798	-4256.231	260.4329	1.933101	0.4737562	0.687884	0.312116	1.238646
51078	-4006.98	-4267.274	260.2943	2.012125	0.5093601	0.666126	0.333874	1.238646
51084	-3981.722	-4242.062	260.3401	2.159541	0.5574478	0.732088	0.267912	0.9940092
51090	-3984.656	-4245.094	260.4379	2.159541	0.4884619	0.747922	0.252078	1.006913
51096	-4003.17	-4263.143	259.973	2.108616	0.6294222	0.601986	0.398014	1.274613
51102	-3961.624	-4221.797	260.1735	2.010908	0.5458685	0.72287	0.27713	1.291478
51108	-3975.648	-4235.859	260.2115	1.980347	0.5458685	0.784204	0.215796	1.285369
51114	-3977.736	-4237.971	260.2347	2.038563	0.5458685	0.649584	0.350416	1.217621
51120	-3985.782	-4246.046	260.2644	2.022746	0.5128903	0.712291	0.287709	1.249982
51126	-3994.587	-4254.4	259.813	1.91887	0.6889621	0.712291	0.287709	1.485597
51132	-3994.475	-4254.084	259.6098	1.919652	0.7269614	0.725364	0.274636	1.599054
51138	-3999.738	-4259.498	259.7603	1.78388	0.5813193	0.685248	0.314752	1.731136
51144	-3984.162	-4244.107	259.9454	1.787174	0.5093915	0.685248	0.314752	1.677077
51150	-3987.307	-4247.425	260.1183	1.811202	0.4075686	0.720637	0.279363	1.664391
51156	-3981.393	-4241.131	259.7377	1.895237	0.5849614	0.705146	0.294854	1.664391
51162	-3990.451	-4250.524	260.0737	1.897948	0.5401917	0.74695	0.25305	1.465445
51168	-3991.256	-4251.444	260.1877	1.901354	0.4674218	0.675201	0.324799	1.467301
51174	-3993.546	-4253.582	260.0361	1.87512	0.5177817	0.766584	0.233416	1.5375
51180	-3983.55	-4243.578	260.0287	1.882541	0.5177817	0.625108	0.374892	1.5375
51186	-3989.423	-4249.732	260.3082	2.072097	0.5145831	0.647667	0.352333	1.168201
51192	-3986.917	-4247.17	260.2538	2.053305	0.5200165	0.738825	0.261175	1.223569
51198	-3981.375	-4241.673	260.2983	2.053654	0.496066	0.735095	0.264905	1.218704
51204	-3980.074	-4240.278	260.2037	2.044486	0.5769554	0.71409	0.28591	1.198528
51210	-3977.206	-4237.502	260.2962	2.090255	0.4895789	0.717014	0.282986	1.198528
51216	-3989.135	-4249.385	260.2503	2.013782	0.5335727	0.693907	0.306093	1.241527
51222	-3981.149	-4241.537	260.3879	2.088552	0.4128852	0.665785	0.334215	1.237836
51228	-3980.129	-4240.254	260.1251	2.034731	0.5529504	0.615139	0.384861	1.302515
51234	-3996.661	-4257.186	260.5251	1.996458	0.4461047	0.713124	0.286876	1.146459
51240	-3986.83	-4247.013	260.1827	1.955455	0.5301488	0.662597	0.337403	1.348578
51246	-3983.028	-4243.321	260.2921	1.972591	0.4228069	0.736054	0.263946	1.393734
51252	-3993.624	-4253.602	259.9775	1.96365	0.5996401	0.715055	0.284945	1.420161
51258	-3988.853	-4249.102	260.2493	2.018958	0.5463694	0.715055	0.284945	1.221208
51264	-3990.086	-4250.399	260.3129	2.054353	0.4843344	0.744517	0.255483	1.222438
51270	-3986.525	-4246.823	260.2975	2.029476	0.5096161	0.737934	0.262066	1.220978
51276	-3979.383	-4239.862	260.4785	2.005783	0.4255271	0.796336	0.203664	1.211279
51282	-3983.81	-4244.14	260.3303	1.918917	0.391136	0.695261	0.304739	1.452253
51288	-3979.131	-4239.538	260.4074	1.957712	0.4480454	0.613055	0.386945	1.276777
51294	-3999.323	-4259.432	260.1095	1.944878	0.507668	0.64035	0.35965	1.442142
51300	-4000.076	-4259.234	259.1582	1.672448	0.6231459	0.705517	0.294483	2.17073
51306	-3985.694	-4245.291	259.5969	1.695756	0.4568926	0.675965	0.324035	2.039304
51312	-3992.101	-4251.529	259.4277	1.718723	0.5452983	0.63243	0.36757	2.039304
51318	-4003.329	-4262.842	259.5133	1.725842	0.7051538	0.63243	0.36757	1.823974
51324	-3986.272	-4246.322	260.0501	1.909305	0.529945	0.710701	0.289299	1.486984
51330	-3969.893	-4230.114	260.2213	1.925687	0.4245735	0.699979	0.300021	1.481472
51336	-3979.088	-4239.411	260.3234	2.064162	0.4603937	0.699979	0.300021	1.24
51342	-3975.302	-4235.469	260.1664	1.995552	0.5484546	0.550707	0.449293	1.306426
51348	-3979.767	-4240.034	260.2673	2.039856	0.5311633	0.729404	0.270596	1.208362
51354	-3985.134	-4245.597	260.4626	2.039856	0.420706	0.802056	0.197944	1.203399
51360	-3994.543	-4254.872	260.329	2.119807	0.5191544	0.732213	0.267787	1.10028
51366	-3998.134	-4258.455	260.3211	2.155717	0.5019593	0.750762	0.249238	1.10028
51372	-3995.723	-4256.066	260.3432	2.188213	0.5431294	0.70915	0.29085	0.9842507
51378	-3975.71	-4235.947	260.2365	2.280534	0.5431294	0.752841	0.247159	0.9988292
51384	-3973.181	-4233.515	260.3341	2.283942	0.5284627	0.752841	0.247159	0.917305
51390	-3977.534	-4237.982	260.4482	2.185989	0.4673059	0.653429	0.346571	1.006261
51396	-3988.025	-4248.333	260.3075	2.093019	0.4461961	0.653429	0.346571	1.250159
51402	-3972.172	-4232.385	260.2134	2.093019	0.5587404	0.721925	0.278075	1.172013
51408	-3987.933	-4248.372	260.4389	2.093019	0.4785012	0.667088	0.332912	1.085785
51414	-3977.185	-4237.653	260.4687	2.185367	0.4500385	0.667088	0.332912	1.016552
51420	-3987.64	-4248.162	260.5219	2.191997	0.4441274	0.687281	0.312719	0.9668039
51426	-3996.767	-4257.038	260.2707	2.216705	0.539264	0.687281	0.312719	1.033881
51432	-3982.102	-4242.419	260.3163	2.200345	0.6071853	0.687281	0.312719	0.8975118
51438	-3993.961	-4254.571	260.6093	2.245977	0.4510562	0.707999	0.292001	0.7871368
51444	-3991.024	-4251.597	260.5724	2.245977	0.4449639	0.683919	0.316081	0.8486609
51450	-3986.692	-4247.133	260.4411	2.304635	0.4984319	0.683919	0.316081	0.8244384
51456	-3974.869	-4235.032	260.1631	2.324981	0.6384279	0.704557	0.295443	0.8795545
51462	-3989.04	-4249.552	260.5124	2.268927	0.436487	0.693594	0.306406	0.9094121
51468	-3996.204	-4256.673	260.4685	2.359138	0.4667958	0.672075	0.327925	0.7871385
51474	-4002.877	-4263.349	260.4722	2.52584	0.4207691	0.626313	0.373687	0.6393601
51480	-4007.209	-4267.621	260.4123	2.52584	0.4701151	0.640945	0.359055	0.5475808
51486	-4008.049	-4268.288	260.2384	2.54728	0.564169	0.736372	0.263628	0.5495007
51492	-3999.555	-4259.928	260.3732	2.56647	0.4612641	0.807406	0.192594	0.6014502
51498	-3997.401	-4257.524	260.1225	2.523591	0.6274349	0.627914	0.372086	0.6785035
51504	-3999.111	-4259.555	260.4437	2.493583	0.4609898	0.711819	0.288181	0.6095182
51510	-4014.604	-4274.976	260.3717	2.085949	0.5120197	0.735174	0.264826	1.102827
51516	-4006.46	-4266.882	260.4226	2.162184	0.4832349	0.707269	0.292731	1.028005
51522	-3998.409	-4258.651	260.2413	2.302388	0.667711	0.638178	0.361822	0.7562235
51528	-4001.96	-4262.376	260.4158	2.307025	0.5301055	0.638178	0.361822	0.7869939
51534	-3987.769	-4247.938	260.1695	2.099765	0.513128	0.630308	0.369692	1.264464
51540	-3978.401	-4238.768	260.3669	2.052739	0.4391429	0.745449	0.254551	1.244778
51546	-3989.105	-4249.499	260.3941	2.028121	0.4822748	0.731964	0.268036	1.178303
51552	-3986.137	-4246.586	260.4497	2.081326	0.5012482	0.731964	0.268036	1.050733
51558	-3987.702	-4248.068	260.3659	2.184677	0.5400296	0.725009	0.274991	0.9696613
51564	-3993.103	-4253.488	260.3848	2.143262	0.5481708	0.5964	0.4036	0.9796825
51570	-3981.359	-4241.821	260.462	2.143262	0.4622914	0.636468	0.363532	1.042969
51576	-3991.637	-4252.087	260.4507	2.106804	0.48343	0.613976	0.386024	1.053886
51582	-3992.571	-4252.986	260.415	2.106804	0.527589	0.705036	0.294964	1.018395
51588	-3989.127	-4249.682	260.5554	2.106804	0.4312859	0.692574	0.307426	1.041497
51594	-3976.485	-4237.053	260.5688	2.106804	0.3842958	0.692574	0.307426	1.112488
51600	-3990.194	-4250.596	260.4021	2.135774	0.502875	0.698546	0.301454	1.041605
51606	-3967.932	-4228.573	260.6412	2.192114	0.41498	0.773616	0.226384	0.8957209
51612	-3980.36	-4240.942	260.5819	2.265813	0.4390124	0.715269	0.284731	0.825547
51618	-3978.454	-4238.935	260.4812	2.245213	0.4390124	0.68158	0.31842	0.9634161
51624	-3978.255	-4238.613	260.3574	2.295904	0.5116922	0.747823	0.252177	0.9081488
51630	-3977.603	-4237.962	260.3587	2.26284	0.5314286	0.676294	0.323706	0.9081488
51636	-3993.948	-4254.215	260.2675	2.281707	0.5685667	0.769014	0.230986	0.9245992
51642	-3992.576	-4253.015	260.4392	2.221446	0.4984745	0.714294	0.285706	0.9239403
51648	-3987.894	-4248.454	260.5603	2.273251	0.4562046	0.686766	0.313234	0.8040928
51654	-3979.095	-4239.644	260.5489	2.233944	0.4622688	0.706229	0.293771	0.8545718
51660	-3979.837	-4240.227	260.3897	2.292036	0.5399057	0.683082	0.316918	0.8208421
51666	-3993.395	-4253.498	260.1035	2.292036	0.6477604	0.683082	0.316918	0.9665585
51672	-3983.236	-4243.76	260.5234	2.332941	0.3945057	0.588499	0.411501	0.9136494
51678	-3976.084	-4236.431	260.3478	2.31284	0.4859739	0.612497	0.387503	0.9463699
51684	-3964.739	-4225.003	260.264	2.246306	0.5925818	0.697266	0.302734	0.9280084
51690	-3984.643	-4245.064	260.4214	2.246306	0.479299	0.780495	0.219505	0.9508619
51696	-3986.257	-4246.568	260.3112	2.180113	0.6262323	0.784427	0.215573	0.8954469
51702	-3977.245	-4237.489	260.2439	2.207718	0.5794532	0.784427	0.215573	1.008838
51708	-3986.628	-4246.888	260.2606	2.206515	0.5489783	0.689812	0.310188	1.038849
51714	-3984.487	-4244.768	260.2809	2.25748	0.5900723	0.729924	0.270076	0.901102
51720	-3985.949	-4246.338	260.3894	2.25748	0.5352101	0.729924	0.270076	0.8724971
51726	-3990.732	-4251.068	260.3362	2.25516	0.5625993	0.668582	0.331418	0.8877007
51732	-3990.211	-4250.687	260.4759	2.25516	0.4759021	0.668582	0.331418	0.8877007
51738	-3998.408	-4258.883	260.4745	2.25516	0.5153119	0.761702	0.238298	0.8096215
51744	-3993.225	-4253.635	260.4106	2.25516	0.5153119	0.709924	0.290076	0.8874077
51750	-3988.4	-4248.512	260.1119	2.194488	0.6375938	0.677935	0.322065	1.06815
51756	-3976.737	-4237.059	260.3219	2.141201	0.5041768	0.677935	0.322065	1.109556
51762	-3986.66	-4247.056	260.3959	1.99536	0.5039009	0.679358	0.320642	1.173859
51768	-3988.468	-4248.895	260.4274	2.058387	0.5227583	0.722741	0.277259	1.060488
51774	-3976.543	-4236.99	260.4468	2.144184	0.4599408	0.705531	0.294469	1.060488
51780	-3990.026	-4250.164	260.1375	2.198648	0.6000355	0.673536	0.326464	1.090141
51786	-3974.655	-4234.919	260.264	2.155544	0.6000355	0.674577	0.325423	1.010585
51792	-3989.885	-4250.018	260.1323	2.156294	0.6746224	0.675657	0.324343	1.036952
51798	-3987.8	-4247.794	259.9938	2.185952	0.6746224	0.675657	0.324343	1.137777
51804	-3985.449	-4245.666	260.2172	2.071674	0.5583934	0.654151	0.345849	1.187742
51810	-3974.658	-4234.961	260.3027	2.071674	0.5159536	0.770127	0.229873	1.171448
51816	-3993.545	-4253.826	260.2808	2.080899	0.3980943	0.751136	0.248864	1.354327
51822	-3991.914	-4252.118	260.2038	2.00731	0.5703129	0.754082	0.245918	1.238473
51828	-3990.683	-4251.023	260.3401	2.006928	0.5109941	0.681191	0.318809	1.202004
51834	-3989.383	-4249.806	260.4231	2.185616	0.51333	0.65685	0.34315	0.9534225
51840	-3987.119	-4247.366	260.247	2.185616	0.6216111	0.65685	0.34315	0.9659727
51846	-3985.291	-4245.547	260.2567	2.112805	0.5768508	0.65685	0.34315	1.090927
51852	-3984.53	-4244.924	260.3947	1.949139	0.4708452	0.671314	0.328686	1.261344
51858	-3991.103	-4251.317	260.2139	1.949139	0.5840768	0.690158	0.309842	1.261344
51864	-3997.553	-4257.802	260.2488	1.949139	0.5608558	0.626963	0.373037	1.261344
51870	-3998.19	-4258.543	260.353	2.030842	0.4591785	0.665178	0.334822	1.244877
51876	-3973.536	-4233.727	260.1909	2.018966	0.5399584	0.699283	0.300717	1.278144
51882	-3983.09	-4243.408	260.3177	2.024002	0.4686869	0.681021	0.318979	1.266196
51888	-3980.011	-4240.403	260.3917	2.049915	0.4752438	0.695951	0.304049	1.171835
51894	-3990.693	-4250.66	259.967	2.049915	0.5585239	0.74559	0.25441	1.408988
51900	-3977.646	-4237.78	260.1336	1.967751	0.5012281	0.750731	0.249269	1.414086
51906	-3980.067	-4240.068	260.0016	1.921308	0.5350505	0.618623	0.381377	1.508309
51912	-3983.676	-4243.635	259.9587	1.964222	0.5350505	0.749406	0.250594	1.508309
51918	-3996.306	-4256.17	259.8641	1.964222	0.6723531	0.591052	0.408948	1.428954
51924	-3978.657	-4238.919	260.2621	2.094557	0.4365717	0.727823	0.272177	1.300492
51930	-3984.887	-4245.174	260.2872	2.094557	0.5007958	0.587436	0.412564	1.186541
51936	-3988.388	-4248.436	260.0484	2.10274	0.6471307	0.744255	0.255745	1.195456
51942	-3983.544	-4243.546	260.0019	2.067058	0.616901	0.696474	0.303526	1.299409
51948	-3986.759	-4246.876	260.1172	2.067058	0.5397291	0.718478	0.281522	1.299409
51954	-3981.398	-4241.693	260.2952	2.008688	0.4478484	0.637995	0.362005	1.326757
51960	-3985.14	-4245.395	260.2552	1.912005	0.4723546	0.731355	0.268645	1.400763
51966	-3986.066	-4246.134	260.068	1.912005	0.579693	0.777476	0.222524	1.412886
51972	-3990.965	-4251.069	260.1045	1.912005	0.460939	0.610486	0.389514	1.530225
51978	-3988.51	-4248.59	260.0797	1.912005	0.4898257	0.722381	0.277619	1.511805
51984	-3982.868	-4243.042	260.1743	1.912005	0.4803233	0.70281	0.29719	1.452539
51990	-3999.805	-4259.874	260.0691	1.970025	0.5620397	0.620484	0.379516	1.38757
51996	-3995.081	-4255.342	260.2611	1.948259	0.4392944	0.732561	0.267439	1.413308
52002	-3982.986	-4243.007	260.0212	1.948259	0.592512	0.723696	0.276304	1.40636
52008	-3973.471	-4233.66	260.1891	1.973273	0.5154036	0.739451	0.260549	1.348117
52014	-3978.379	-4238.566	260.1877	1.973273	0.4928725	0.7225	0.2775	1.378502
52020	-3982.904	-4243.115	260.2106	2.020832	0.5421147	0.708354	0.291646	1.257622
52026	-3998.716	-4259.124	260.4082	2.073874	0.5023033	0.680239	0.319761	1.094958
52032	-4002.173	-4262.51	260.3367	2.222629	0.5882178	0.653254	0.346746	0.8803771
52038	-3992.338	-4252.625	260.2871	2.222629	0.5863942	0.653254	0.346746	0.9384666
52044	-3982.177	-4242.156	259.9789	2.222629	0.7157931	0.697681	0.302319	1.06859
52050	-3993.516	-4253.814	260.2985	2.222629	0.4958439	0.650622	0.349378	1.06859
52056	-3991.805	-4252.121	260.3164	2.254451	0.5546658	0.578172	0.421828	0.9241195
52062	-3991.155	-4251.546	260.3908	2.16958	0.5545412	0.773302	0.226698	0.9356284
52068	-3992.686	-4252.893	260.2078	2.276192	0.6057828	0.715275	0.284725	0.9356284
52074	-3997.909	-4258.288	260.379	2.276192	0.4808997	0.777261	0.222739	0.9611619
52080	-3994.186	-4254.587	260.4016	2.155342	0.4808997	0.699972	0.300028	1.05847
52086	-4003.757	-4264.017	260.2596	2.086425	0.5601197	0.723518	0.276482	1.135176
52092	-3990.9	-4250.995	260.0955	2.172688	0.6294135	0.723518	0.276482	1.113982
52098	-3993.098	-4253.549	260.4513	2.104086	0.4919027	0.581919	0.418081	1.042289
52104	-3995.501	-4255.981	260.4801	2.059829	0.4328565	0.714162	0.285838	1.151341
52110	-3997.275	-4257.574	260.2984	2.083789	0.5193422	0.675362	0.324638	1.159756
52116	-3991.338	-4251.575	260.237	2.185632	0.5193422	0.755716	0.244284	1.123824
52122	-4004.692	-4264.94	260.2477	2.185632	0.5599869	0.741529	0.258471	1.05499
52128	-4000.432	-4260.879	260.4472	2.245588	0.4858181	0.691112	0.308888	0.9119159
52134	-4000.81	-4261.084	260.2741	2.335794	0.5818424	0.626418	0.373582	0.8308788
52140	-4005.997	-4266.42	260.423	2.369919	0.4877747	0.679041	0.320959	0.785666
52146	-4010.595	-4271.038	260.4423	2.287669	0.5094783	0.64103	0.35897	0.8214472
52152	-4016.31	-4276.53	260.2207	2.3198	0.6022389	0.734282	0.265718	0.8784646
52158	-3997.354	-4257.61	260.2562	2.303151	0.6022389	0.695829	0.304171	0.856094
52164	-3994.931	-4255.078	260.1471	2.356548	0.6303203	0.695829	0.304171	0.8746579
52170	-3986.964	-4247.182	260.2179	2.356548	0.581306	0.740372	0.259628	0.8746579
52176	-4004.246	-4264.585	260.3393	2.367871	0.5342313	0.725476	0.274524	0.7992596
52182	-3992.58	-4252.921	260.3409	2.318187	0.5653213	0.66413	0.33587	0.7993383
52188	-3994.333	-4254.614	260.2818	2.339149	0.5653213	0.630628	0.369372	0.8478954
52194	-3989.839	-4249.889	260.0495	2.339149	0.7155293	0.739969	0.260031	0.8755933
52200	-3986.106	-4246.354	260.2479	2.285505	0.593815	0.662835	0.337165	0.9005529
52206	-3995.537	-4255.982	260.445	2.285505	0.4696413	0.625571	0.374429	0.9005529
52212	-4004.007	-4264.247	260.2403	2.277309	0.6046549	0.820737	0.179263	0.9005529
52218	-3985.745	-4246.105	260.3598	2.328224	0.5446597	0.634401	0.365599	0.8029883
52224	-4001.6	-4261.955	260.3552	2.328224	0.5511788	0.68154	0.31846	0.7956663
52230	-3985.077	-4245.427	260.3504	2.301023	0.5511788	0.646631	0.353369	0.8370043
52236	-3974.605	-4235.048	260.4434	2.287028	0.512724	0.818566	0.181434	0.8139683
52242	-3980.763	-4241.228	260.4644	2.211845	0.512724	0.632396	0.367604	0.8801912
52248	-3988.227	-4248.648	260.4211	2.175962	0.4874506	0.720864	0.279136	1.008963
52254	-3990.976	-4251.273	260.2969	2.116554	0.576638	0.678186	0.321814	1.050002
52260	-3988.297	-4248.497	260.1994	2.204687	0.5689743	0.676158	0.323842	1.069807
52266	-3992.826	-4253.33	260.5037	2.086246	0.4475209	0.662073	0.337927	1.082051
52272	-3986.884	-4247.23	260.346	2.207043	0.5109879	0.738045	0.261955	1.013881
52278	-3991.707	-4252.01	260.3028	2.189164	0.549487	0.635369	0.364631	1.013881
52284	-3980.261	-4240.358	260.0974	2.097146	0.5852939	0.757981	0.242019	1.233574
52290	-3992.739	-4253.262	260.5229	2.097146	0.3771203	0.778039	0.221961	1.174589
52296	-3985.723	-4246.016	260.2931	2.115358	0.4957735	0.763593	0.236407	1.170589
52302	-3988.613	-4248.79	260.1772	2.122865	0.5639766	0.793177	0.206823	1.170589
52308	-3988.087	-4248.459	260.3725	2.060834	0.4809809	0.72848	0.27152	1.170589
52314	-3990.7	-4251.174	260.4746	2.138567	0.4169216	0.72848	0.27152	1.112195
52320	-3981.617	-4242.112	260.4945	2.118379	0.427591	0.739095	0.260905	1.094341
52326	-3983.461	-4243.695	260.234	2.056035	0.5162043	0.705892	0.294108	1.243054
52332	-3974.195	-4234.349	260.1543	2.056035	0.5671886	0.708284	0.291716	1.243054
52338	-3974.657	-4235.006	260.3484	2.137962	0.5100442	0.655802	0.344198	1.07929
52344	-3981.739	-4242.02	260.281	2.188436	0.5344713	0.667471	0.332529	1.058377
52350	-3975.054	-4235.315	260.2604	2.123962	0.5667868	0.667471	0.332529	1.09119
52356	-3976.172	-4236.516	260.3433	2.161406	0.4892219	0.621386	0.378614	1.094169
52362	-3979.525	-4239.695	260.1701	2.08899	0.5996769	0.687354	0.312646	1.159968
52368	-3985.679	-4245.995	260.3156	2.241414	0.4691807	0.656153	0.343847	1.077363
52374	-3991.374	-4251.498	260.1239	2.32106	0.6261318	0.796433	0.203567	0.9463105
52380	-3985.478	-4245.91	260.4324	2.32106	0.4877431	0.781151	0.218849	0.8372121
52386	-3994.611	-4254.815	260.2045	2.32106	0.6369366	0.765532	0.234468	0.8372121
52392	-3988.035	-4248.366	260.3311	2.313408	0.5794346	0.669542	0.330458	0.7904056
52398	-3987.482	-4247.828	260.3464	2.352947	0.5367588	0.669542	0.330458	0.8044485
52404	-3988.655	-4249.018	260.3633	2.352947	0.5367588	0.584797	0.415203	0.7815623
52410	-3992.639	-4253.006	260.3665	2.352947	0.5347163	0.724115	0.275885	0.7815623
52416	-4001.653	-4261.923	260.27	2.296937	0.6393582	0.679804	0.320196	0.778452
52422	-3986.393	-4246.768	260.3751	2.296937	0.5744545	0.704887	0.295113	0.7621118
52428	-3996.068	-4256.48	260.4122	2.433742	0.4911542	0.721339	0.278661	0.6950633
52434	-3993.246	-4253.726	260.4798	2.350806	0.4642159	0.779053	0.220947	0.7892715
52440	-3985.423	-4245.943	260.5201	2.350806	0.4594073	0.627212	0.372788	0.7434168
52446	-3994.191	-4254.399	260.2079	2.367416	0.6376753	0.675977	0.324023	0.7698556
52452	-3980.284	-4240.695	260.4105	2.347271	0.4594569	0.69506	0.30494	0.8897981
52458	-3984.097	-4244.478	260.3814	2.345709	0.5007209	0.682069	0.317931	0.8430212
52464	-3984.031	-4244.474	260.4432	2.287754	0.5044657	0.724769	0.275231	0.8305603
52470	-3988.807	-4249.149	260.3412	2.269323	0.5044657	0.692905	0.307095	0.9666142
52476	-3983.068	-4243.467	260.3993	2.224771	0.5290076	0.709737	0.290263	0.909665
52482	-3986.786	-4246.978	260.1914	2.10892	0.6568234	0.638801	0.361199	1.048789
52488	-3998.503	-4258.892	260.3885	2.124262	0.5136736	0.637515	0.362485	1.048789
52494	-3989.556	-4250.029	260.4726	2.135814	0.4570128	0.642291	0.357709	1.048789
52500	-3993.825	-4254.131	260.3061	2.120271	0.5688966	0.722171	0.277829	1.048789
52506	-3983.159	-4243.496	260.3367	2.189687	0.5688966	0.697663	0.302337	0.9485699
52512	-3988.107	-4248.506	260.3993	2.189687	0.4914579	0.697663	0.302337	1.010231
52518	-3983.481	-4243.895	260.414	2.237104	0.5056729	0.675331	0.324669	0.92143
52524	-3991.885	-4252.147	260.2622	2.237104	0.6283835	0.677644	0.322356	0.8828732
52530	-3986.347	-4246.623	260.2764	2.120436	0.5584398	0.688421	0.311579	1.091426
52536	-3985.725	-4246.104	260.3785	2.064305	0.5289446	0.740252	0.259748	1.091426
52542	-3977.908	-4238.189	260.2809	2.162221	0.528776	0.645909	0.354091	1.091426
52548	-3984.698	-4244.908	260.2105	2.162221	0.6021778	0.734247	0.265753	1.052955
52554	-3983.548	-4243.801	260.2523	2.162221	0.6021778	0.677675	0.322325	1.012496
52560	-3990.355	-4250.671	260.3165	2.153529	0.6121486	0.70298	0.29702	0.9408194
52566	-3994.16	-4254.592	260.4328	2.141388	0.4939035	0.771743	0.228257	1.020815
52572	-3992.637	-4252.946	260.3084	2.018209	0.5702783	0.743551	0.256449	1.138812
52578	-3992.884	-4253.303	260.4197	2.03034	0.4563049	0.732691	0.267309	1.193046
52584	-3980.537	-4240.96	260.4223	2.100232	0.4837354	0.655297	0.344703	1.086285
52590	-3991.083	-4251.379	260.2959	2.169406	0.5300775	0.564943	0.435057	1.068784
52596	-3989.596	-4249.731	260.1352	2.168423	0.652614	0.71641	0.28359	1.0511
52602	-4005.604	-4265.825	260.2204	2.107766	0.6118578	0.692929	0.307071	1.081754
52608	-3996.238	-4256.679	260.4408	2.065491	0.4900769	0.692929	0.307071	1.091362
52614	-3991.902	-4252.18	260.2775	2.0595	0.6053386	0.692929	0.307071	1.082225
52620	-3989.358	-4249.572	260.2139	2.0595	0.6188327	0.714406	0.285594	1.122788
52626	-3989.415	-4249.742	260.3274	2.10234	0.5470756	0.721023	0.278977	1.077148
52632	-3994.623	-4254.912	260.2897	2.172361	0.524326	0.747148	0.252852	1.080413
52638	-3988.976	-4249.119	260.1429	2.020254	0.5968354	0.627458	0.372542	1.245685
52644	-3984.819	-4245.083	260.264	2.102757	0.5622832	0.738542	0.261458	1.11358
52650	-3988.805	-4249.097	260.2921	2.159127	0.5492971	0.7082	0.2918	1.053659
52656	-3990.05	-4250.433	260.383	2.145458	0.4819602	0.591715	0.408285	1.083548
52662	-3986.233	-4246.501	260.2677	2.106535	0.5349746	0.71063	0.28937	1.144853
52668	-3981.691	-4242.043	260.3522	2.093199	0.4693935	0.5938	0.4062	1.177328
52674	-3983.173	-4243.576	260.4032	2.088536	0.4693935	0.621773	0.378227	1.136541
52680	-3990.191	-4250.639	260.4481	2.046709	0.4350271	0.611609	0.388391	1.187315
52686	-3997.722	-4258.131	260.4089	2.067351	0.4386189	0.658919	0.341081	1.197703
52692	-4003.874	-4264.134	260.2603	2.029185	0.4869967	0.689565	0.310435	1.283406
52698	-3991.761	-4252.158	260.397	1.996583	0.4910175	0.674701	0.325299	1.190316
52704	-3994.471	-4254.928	260.4574	2.021182	0.4992108	0.670568	0.329432	1.102829
52710	-3989.969	-4250.433	260.4648	2.106297	0.493786	0.665044	0.334956	1.024026
52716	-3989.969	-4250.255	260.2852	2.121097	0.6127524	0.673873	0.326127	1.00553
52722	-3986.487	-4246.89	260.4027	2.079581	0.4999498	0.65959	0.34041	1.098346
52728	-3976.179	-4236.529	260.3497	2.079581	0.4822216	0.673039	0.326961	1.172211
52734	-3984.062	-4244.451	260.3899	2.162978	0.5546725	0.583819	0.416181	0.9433792
52740	-3984.222	-4244.412	260.1899	2.162978	0.5551183	0.723104	0.276896	1.13594
52746	-3992.673	-4253.092	260.419	2.213879	0.4994376	0.808824	0.191176	0.9519227
52752	-3998.944	-4259.208	260.2639	1.976895	0.5293375	0.701226	0.298774	1.266479
52758	-3997.102	-4257.266	260.1646	1.946561	0.4580404	0.728349	0.271651	1.462955
52764	-3990.619	-4251.011	260.3916	2.034836	0.4288097	0.694557	0.305443	1.25484
52770	-3984.604	-4244.603	259.999	2.036265	0.5944719	0.733192	0.266808	1.352511
52776	-3994.245	-4254.515	260.269	2.080241	0.6213778	0.604951	0.395049	1.049097
52782	-3997.969	-4258.295	260.3261	2.118279	0.5578253	0.684876	0.315124	1.047678
52788	-4006.854	-4267.181	260.327	2.118279	0.5679311	0.705635	0.294365	1.031943
52794	-4012.528	-4272.206	259.6782	1.816884	0.5686617	0.862987	0.137013	1.778712
52800	-3990.167	-4250.208	260.0404	1.996623	0.4208624	0.559892	0.440108	1.568431
52806	-3995.409	-4255.438	260.0293	1.941557	0.5846127	0.688817	0.311183	1.414238
52812	-3993.335	-4253.411	260.0759	1.941557	0.5447154	0.655885	0.344115	1.425091
52818	-4005.851	-4265.766	259.9148	1.941557	0.5804584	0.761837	0.238163	1.506043
52824	-4001.172	-4261.22	260.048	1.946491	0.6101992	0.706285	0.293715	1.366661
52830	-3999.712	-4260.008	260.2951	2.243212	0.5505016	0.6915	0.3085	0.965463
52836	-3995.904	-4256.276	260.3724	2.243212	0.5248117	0.699033	0.300967	0.9263368
52842	-3989.176	-4249.591	260.4143	2.178915	0.4664537	0.595924	0.404076	1.047557
52848	-3997.94	-4258.397	260.4579	2.178915	0.5206339	0.595924	0.404076	0.9103405
52854	-4001.156	-4261.613	260.4573	2.131429	0.4860433	0.617919	0.382081	1.019451
52860	-3995.943	-4256.244	260.3005	2.168185	0.5609821	0.680023	0.319977	1.019451
52866	-3992.037	-4252.335	260.2981	2.084253	0.6001321	0.778483	0.221517	1.046583
52872	-3986.187	-4246.331	260.1438	2.307951	0.6882883	0.624021	0.375979	0.8424182
52878	-3974.682	-4234.91	260.2276	2.243848	0.641295	0.768917	0.231083	0.8941024
52884	-3991.567	-4251.996	260.4298	2.205326	0.5422394	0.748193	0.251807	0.8732831
52890	-4001.523	-4261.857	260.3343	2.1869	0.5477049	0.692731	0.307269	0.9874257
52896	-3992.791	-4253.028	260.2373	2.181466	0.5613115	0.628906	0.371094	1.066868
52902	-3994.41	-4254.926	260.5155	2.178205	0.4235901	0.705625	0.294375	1.024802
52908	-3987.335	-4247.583	260.2487	2.16021	0.5479122	0.652579	0.347421	1.095248
52914	-3990.139	-4250.517	260.3773	2.002494	0.4561791	0.773276	0.226724	1.252703
52920	-3994.869	-4255.384	260.5149	1.991672	0.4466828	0.775465	0.224535	1.158774
52926	-3975.617	-4235.94	260.3234	2.054971	0.4901823	0.709467	0.290533	1.204618
52932	-3982.28	-4242.702	260.4224	2.054971	0.5137137	0.796294	0.203706	1.082023
52938	-3976.969	-4237.272	260.3033	2.198867	0.577433	0.773379	0.226621	0.96051
52944	-3995.505	-4255.809	260.3033	2.198867	0.577433	0.697395	0.302605	0.96051
52950	-4010.505	-4269.433	258.9279	1.563714	0.5612945	0.776174	0.223826	2.445171
52956	-4014.044	-4273.292	259.2483	1.563714	0.455405	0.637927	0.362073	2.352338
52962	-4012.415	-4272.28	259.8651	1.690318	0.4814223	0.620377	0.379623	1.833493
52968	-4019.999	-4279.397	259.3975	1.690318	0.5093226	0.627469	0.372531	2.115685
52974	-3993.195	-4253.243	260.0474	2.009579	0.5556674	0.608916	0.391084	1.381196
52980	-3985.872	-4246.046	260.1739	2.043173	0.5764507	0.730237	0.269763	1.225695
52986	-3987.392	-4247.63	260.2377	2.043173	0.5349173	0.730237	0.269763	1.225695
52992	-3998.487	-4258.451	259.9642	2.043173	0.6165776	0.755395	0.244605	1.34923
52998	-4001.069	-4261.17	260.1008	2.143947	0.608164	0.756305	0.243695	1.161804
53004	-4000.299	-4260.186	259.887	2.060809	0.6903653	0.736092	0.263908	1.31612
53010	-4000.425	-4260.497	260.0715	2.0034	0.5984527	0.680315	0.319685	1.31612
53016	-3989.106	-4249.116	260.0098	1.96085	0.5323964	0.664658	0.335342	1.475526
53022	-3989.4	-4249.589	260.1889	1.997493	0.5069203	0.749926	0.250074	1.339968
53028	-3991.311	-4251.448	260.1367	2.00275	0.5362006	0.565446	0.434554	1.339968
53034	-3983.182	-4243.05	259.8686	1.978415	0.5681125	0.703611	0.296389	1.526861
53040	-3993.806	-4254.068	260.2619	2.018821	0.4477764	0.776582	0.223418	1.34532
53046	-3978.899	-4239.09	260.1916	1.950971	0.4939004	0.66829	0.33171	1.391525
53052	-3986.462	-4246.514	260.0525	1.909757	0.5468323	0.656442	0.343558	1.464751
53058	-3983.006	-4243.111	260.1049	2.012866	0.5514397	0.629782	0.370218	1.338265
53064	-3985.542	-4245.671	260.1284	2.012866	0.6248398	0.69439	0.30561	1.230321
53070	-3983.881	-4243.96	260.0783	1.920421	0.5836196	0.726301	0.273699	1.393765
53076	-3990.602	-4250.689	260.0873	1.932957	0.5078645	0.656396	0.343604	1.467847
53082	-3979.093	-4238.295	259.2029	1.66741	0.5299167	0.729109	0.270891	2.235373
53088	-3987.221	-4246.846	259.6249	1.738048	0.4340231	0.657632	0.342368	2.019821
53094	-3979.491	-4238.43	258.9399	1.640708	0.6431231	0.619968	0.380032	2.313645
53100	-4006.13	-4266.221	260.0911	1.919634	0.5500266	0.767645	0.232355	1.423869
53106	-4004.893	-4264.965	260.072	1.846545	0.5429606	0.664736	0.335264	1.502293
53112	-3995.77	-4255.706	259.9363	1.953601	0.5351094	0.648877	0.351123	1.532837
53118	-4007.614	-4267.75	260.1359	1.976815	0.5627601	0.790825	0.209175	1.328409
53124	-4011.191	-4271.295	260.1043	1.939846	0.6069663	0.662594	0.337406	1.330913
53130	-4002.73	-4263.219	260.4895	2.041362	0.4754064	0.763707	0.236293	1.091637
53136	-4001.968	-4261.957	259.9888	2.088011	0.6975931	0.77358	0.22642	1.201224
53142	-3986.042	-4246.4	260.3583	2.09124	0.5520646	0.722652	0.277348	1.051173
53148	-3996.542	-4257.111	260.5689	2.160254	0.3905993	0.671907	0.328093	1.051173
53154	-4002.155	-4262.688	260.5334	2.065501	0.4170648	0.705868	0.294132	1.124859
53160	-3994.448	-4254.45	260.0021	1.955825	0.4467188	0.709448	0.290552	1.59183
53166	-4007.452	-4267.491	260.0388	1.948196	0.4154129	0.727683	0.272317	1.612326
53172	-3999.733	-4260.261	260.5276	2.099842	0.3922877	0.657233	0.342767	1.141642
53178	-3991.776	-4251.948	260.1719	2.096025	0.539945	0.706548	0.293452	1.229945
53184	-3997.82	-4257.794	259.9737	2.033533	0.5938688	0.710272	0.289728	1.375314
53190	-3998.083	-4258.043	259.9607	1.985695	0.5938688	0.735771	0.264229	1.422642
53196	-3990.556	-4250.718	260.1618	1.937039	0.4960963	0.790868	0.209132	1.422642
53202	-3991.395	-4251.559	260.1641	1.937039	0.5145099	0.75998	0.24002	1.397452
53208	-3988.211	-4248.337	260.1262	1.974867	0.5145099	0.684552	0.315448	1.397452
53214	-3995.313	-4255.524	260.2104	1.95198	0.5519837	0.644385	0.355615	1.301667
53220	-4005.918	-4266.051	260.1331	2.013323	0.4133846	0.610569	0.389431	1.497689
53226	-4003.459	-4263.509	260.0501	2.082467	0.5362069	0.668386	0.331614	1.345425
53232	-3997.382	-4257.421	260.0388	2.045591	0.5318582	0.633332	0.366668	1.388771
53238	-3977.318	-4237.608	260.2897	2.085123	0.5138368	0.621057	0.378943	1.174016
53244	-3991.184	-4251.474	260.2899	2.02421	0.5138368	0.753188	0.246812	1.226095
53250	-3976.695	-4237.039	260.344	2.037697	0.5152796	0.688485	0.311515	1.165999
53256	-3984.03	-4243.95	259.9199	1.932237	0.6702863	0.746735	0.253265	1.41271
53262	-3992.41	-4252.648	260.2379	1.920784	0.4683937	0.658866	0.341134	1.41271
53268	-3982.926	-4242.965	260.0391	1.92892	0.5879254	0.761117	0.238883	1.41271
53274	-3979.676	-4239.942	260.2662	2.019873	0.5398836	0.732526	0.267474	1.214632
53280	-3985.929	-4246.267	260.3379	2.034828	0.4865475	0.732526	0.267474	1.214632
53286	-3985.011	-4245.263	260.2515	2.12392	0.4833336	0.655705	0.344295	1.216972
53292	-3987.044	-4247.3	260.2564	2.101416	0.4937962	0.601477	0.398523	1.216972
53298	-3995.7	-4255.997	260.2978	1.901862	0.5139811	0.689906	0.310094	1.320174
53304	-3985.97	-4246.128	260.1585	1.87744	0.4227932	0.716756	0.283244	1.566572
53310	-3977.832	-4237.927	260.0957	1.962161	0.5249397	0.703965	0.296035	1.417953
53316	-3982.362	-4242.558	260.1961	1.979623	0.5075022	0.662643	0.337357	1.347731
53322	-3990.127	-4250.278	260.1506	2.007357	0.4813635	0.648677	0.351323	1.395973
53328	-3978.718	-4238.915	260.1974	2.025332	0.5098696	0.724895	0.275105	1.306934
53334	-3979.442	-4239.823	260.3817	1.967186	0.4886131	0.649388	0.350612	1.231821
53340	-3985.121	-4245.267	260.1462	1.843599	0.4886131	0.607717	0.392283	1.514786
53346	-3995.642	-4255.56	259.9178	1.933041	0.5124273	0.651411	0.348589	1.588291
53352	-3981.227	-4241.206	259.9784	1.909399	0.4899923	0.726451	0.273549	1.588291
53358	-3982.878	-4243.096	260.218	1.909399	0.5073419	0.655725	0.344275	1.386061
53364	-3988.923	-4249.167	260.2437	2.025263	0.5184998	0.687347	0.312653	1.25751
53370	-3975.324	-4235.533	260.2089	2.036695	0.5184998	0.680914	0.319086	1.276856
53376	-3988.858	-4249.088	260.2298	2.107929	0.5572458	0.680914	0.319086	1.146483
53382	-3998.82	-4259.118	260.2985	2.065979	0.4832389	0.66301	0.33699	1.22638
53388	-3988.899	-4249.263	260.3633	2.065979	0.4459907	0.69878	0.30122	1.22638
53394	-4004.244	-4264.617	260.3738	2.127358	0.4319193	0.749226	0.250774	1.186763
53400	-3990.825	-4251.18	260.3553	2.024541	0.5105116	0.673174	0.326826	1.174402
53406	-3993.896	-4254.25	260.3546	2.03008	0.5299234	0.735159	0.264841	1.142602
53412	-4023.763	-4284.141	260.3781	1.988631	0.4511696	0.673681	0.326319	1.270845
53418	-4017.275	-4277.445	260.1696	2.013654	0.4683249	0.59569	0.40431	1.393646
53424	-3996.521	-4256.603	260.0827	2.090424	0.6770926	0.697792	0.302208	1.140763
53430	-3994.445	-4254.629	260.1846	2.19802	0.6390032	0.690361	0.309639	0.9921506
53436	-3997.376	-4257.75	260.3734	2.230603	0.5602708	0.672272	0.327728	0.8771777
53442	-3994.716	-4254.801	260.0845	2.240282	0.6794132	0.672272	0.327728	0.9950676
53448	-3989.978	-4250.361	260.3824	2.168977	0.4613686	0.773187	0.226813	1.095108
53454	-3995.863	-4255.604	259.741	2.080345	0.7355103	0.609406	0.390594	1.370681
53460	-3989.15	-4249.106	259.9562	1.946633	0.6850833	0.748629	0.251371	1.357613
53466	-3994.474	-4254.43	259.9565	1.891045	0.4750268	0.856944	0.143056	1.635895
53472	-3998.6	-4259.059	260.4596	2.116219	0.4366768	0.752179	0.247821	1.11303
53478	-4005.282	-4265.772	260.4899	2.110665	0.4294846	0.752179	0.247821	1.102414
53484	-3997.212	-4257.189	259.977	2.024518	0.6184176	0.752179	0.247821	1.351835
53490	-3997.897	-4257.96	260.0631	1.811862	0.4548079	0.5916	0.4084	1.641452
53496	-4001.846	-4261.592	259.7453	1.644838	0.4915471	0.75019	0.24981	1.934413
53502	-4000.832	-4260.335	259.5033	1.636261	0.4915471	0.75019	0.24981	2.100984
53508	-3987.704	-4246.974	259.2703	1.636261	0.5306623	0.621154	0.378846	2.211242
53514	-4006.139	-4265.612	259.4732	1.60797	0.4145814	0.676122	0.323878	2.22769
53520	-3997.439	-4256.291	258.8513	1.516023	0.4220672	0.717396	0.282604	2.667722
53526	-3991.065	-4250.417	259.3524	1.534111	0.4038558	0.650357	0.349643	2.365139
53532	-4001.989	-4261.27	259.2811	1.599388	0.4726536	0.650357	0.349643	2.289558
53538	-3991.01	-4250.734	259.7244	1.661243	0.4729345	0.794791	0.205209	1.958699
53544	-3992.212	-4252.038	259.8258	1.733572	0.4027805	0.684747	0.315253	1.927424
53550	-4006.241	-4266.768	260.5265	2.092422	0.4721162	0.759233	0.240767	1.013105
53556	-3996.256	-4256.855	260.5991	2.020775	0.4124275	0.759233	0.240767	1.113707
53562	-4002.861	-4262.961	260.1003	1.975134	0.6683106	0.743188	0.256812	1.235316
53568	-3982.84	-4243.15	260.3106	1.89593	0.5149797	0.756353	0.243647	1.313325
53574	-3986.032	-4246.277	260.2451	1.927498	0.5362065	0.70243	0.29757	1.313325
53580	-3994.788	-4255.063	260.2747	1.927498	0.5176634	0.790824	0.209176	1.313325
53586	-3989.351	-4249.739	260.3878	1.891036	0.4707103	0.682712	0.317288	1.314593
53592	-3985.646	-4245.885	260.2387	1.947981	0.491635	0.644489	0.355511	1.359864
53598	-3994.388	-4254.576	260.1875	1.976435	0.5053592	0.644508	0.355492	1.359864
53604	-4011.588	-4271.122	259.5335	1.684575	0.4400344	0.704901	0.295099	2.108191
53610	-3995.224	-4254.981	259.7569	1.836259	0.5283639	0.756843	0.243157	1.753894
53616	-3980.032	-4240.369	260.3368	1.811156	0.4689215	0.762894	0.237106	1.420292
53622	-3993.239	-4253.261	260.0219	1.929432	0.592593	0.636771	0.363229	1.420292
53628	-3972.641	-4232.914	260.2728	1.913014	0.4761004	0.657359	0.342641	1.381215
53634	-3992.936	-4253.125	260.1891	1.940279	0.509878	0.657359	0.342641	1.381215
53640	-3989.261	-4249.553	260.2928	1.946086	0.509878	0.556903	0.443097	1.2938
53646	-3988.836	-4249.142	260.3064	1.981966	0.4844105	0.619546	0.380454	1.287941
53652	-4007.456	-4267.651	260.1957	1.889349	0.4328127	0.61797	0.38203	1.516613
53658	-4002.465	-4262.653	260.1885	1.916277	0.4527472	0.660961	0.339039	1.474886
53664	-3990.244	-4249.756	259.5124	1.657111	0.4637278	0.558427	0.441573	2.112516
53670	-4002.624	-4262.454	259.8293	1.831622	0.4824294	0.62002	0.37998	1.759264
53676	-4008.251	-4268.152	259.9012	1.853361	0.4004914	0.676699	0.323301	1.796997
53682	-3999.404	-4259.139	259.7348	1.742989	0.5651514	0.716228	0.283772	1.794406
53688	-3999.091	-4258.884	259.7933	1.890276	0.649477	0.663052	0.336948	1.561074
53694	-3997.11	-4257.205	260.0952	1.888673	0.4346232	0.743746	0.256254	1.58881
53700	-3992.547	-4252.478	259.9309	1.894037	0.5441239	0.622775	0.377225	1.570298
53706	-4004.481	-4264.614	260.1337	1.918657	0.5260682	0.629567	0.370433	1.420798
53712	-4004.036	-4263.755	259.7195	1.840439	0.5924437	0.660568	0.339432	1.708442
53718	-4002.712	-4262.372	259.6599	1.736562	0.4334432	0.768065	0.231935	1.998215
53724	-3990.242	-4250.16	259.9188	1.827395	0.4849592	0.626083	0.373917	1.69623
53730	-3980.752	-4240.951	260.1985	1.851148	0.4835331	0.631595	0.368405	1.47623
53736	-4001.544	-4261.459	259.9152	1.928162	0.6166088	0.771425	0.228575	1.47623
53742	-4014.173	-4274.449	260.2759	1.954944	0.5445417	0.694933	0.305067	1.254975
53748	-4002.63	-4262.678	260.0479	1.938305	0.5068311	0.694933	0.305067	1.494859
53754	-4001.462	-4261.54	260.0781	1.914062	0.548241	0.717936	0.282064	1.440257
53760	-3997.471	-4257.741	260.2701	1.960705	0.5158675	0.744492	0.255508	1.292395
53766	-3993.648	-4253.804	260.1566	1.960705	0.5730815	0.681274	0.318726	1.312217
53772	-3989.981	-4250.225	260.2443	2.081545	0.5606479	0.686743	0.313257	1.152436
53778	-4005.188	-4265.62	260.4312	2.127056	0.4546665	0.751278	0.248722	1.099602
53784	-3991.541	-4252.023	260.482	2.115176	0.4546665	0.721426	0.278574	1.063466
53790	-3988.68	-4249.008	260.3279	2.115176	0.546149	0.653655	0.346345	1.065935
53796	-3999.143	-4259.798	260.6545	2.11512	0.4148294	0.704946	0.295054	0.9649035
53802	-3994.599	-4254.955	260.3554	1.928663	0.4238267	0.651173	0.348827	1.377125
53808	-3989.005	-4249.25	260.2454	1.966498	0.5436805	0.740679	0.259321	1.27175
53814	-3994.677	-4255.169	260.4919	2.169538	0.5257514	0.666587	0.333413	0.8729559
53820	-3982.856	-4243.337	260.4818	2.215459	0.4946749	0.781055	0.218945	0.8901919
53826	-3989.986	-4250.485	260.4993	2.215459	0.4607454	0.610145	0.389855	0.9349177
53832	-3980.283	-4240.624	260.3411	2.215459	0.5805499	0.604112	0.395888	0.8965578
53838	-3976.671	-4237.224	260.5534	2.079575	0.4355963	0.757875	0.242125	1.06188
53844	-3969.784	-4230.192	260.408	2.125723	0.5327231	0.752312	0.247688	0.9984553
53850	-3975.537	-4235.949	260.4127	2.134735	0.5423262	0.5844	0.4156	0.9691566
53856	-3981.776	-4242.077	260.301	2.134735	0.6382686	0.61761	0.38239	0.9381044
53862	-3987.168	-4247.623	260.4558	2.18408	0.4910356	0.812922	0.187078	0.9593244
53868	-3982.626	-4242.874	260.2483	2.123942	0.568651	0.732933	0.267067	1.099733
53874	-3978.077	-4238.476	260.399	2.087358	0.4878732	0.74146	0.25854	1.113011
53880	-3982.39	-4242.383	259.9935	2.132143	0.6604694	0.74146	0.25854	1.201689
53886	-3998.453	-4258.764	260.3109	2.035639	0.4989396	0.74146	0.25854	1.219301
53892	-3993.909	-4253.619	259.7095	2.0102	0.6893574	0.741597	0.258403	1.494326
53898	-3976.326	-4236.375	260.0493	1.896127	0.5515697	0.732053	0.267947	1.471944
53904	-3979.716	-4239.525	259.8088	1.853782	0.5640965	0.764263	0.235737	1.66554
53910	-3978.225	-4238.176	259.9509	1.879813	0.4608447	0.530648	0.469352	1.66554
53916	-3993.463	-4253.395	259.9322	1.861246	0.4608447	0.529887	0.470113	1.692105
53922	-3977.792	-4236.925	259.1335	1.636583	0.3971813	0.62878	0.37122	2.44671
53928	-3987.394	-4246.537	259.1433	1.585912	0.4186951	0.682865	0.317135	2.44671
53934	-3996.899	-4255.958	259.0592	1.565628	0.4645767	0.733781	0.266219	2.460329
53940	-3993.271	-4252.231	258.9604	1.586999	0.4386569	0.591007	0.408993	2.537483
53946	-3998.501	-4257.598	259.0972	1.555628	0.4304704	0.65866	0.34134	2.48095
53952	-4007.313	-4267.088	259.7745	1.827395	0.5261333	0.791785	0.208215	1.750264
53958	-3983.491	-4243.456	259.9655	1.810858	0.5457639	0.659974	0.340026	1.603935
53964	-3990.586	-4250.34	259.7545	1.763056	0.5278232	0.632828	0.367172	1.807039
53970	-3979.46	-4239.489	260.0282	1.80393	0.5021764	0.680272	0.319728	1.614056
53976	-3990.169	-4250.345	260.1763	1.779121	0.4258906	0.654849	0.345151	1.621057
53982	-3985.099	-4245.332	260.2323	1.850825	0.4909797	0.720495	0.279505	1.441272
53988	-3991.443	-4251.513	260.0702	1.788261	0.6452088	0.720495	0.279505	1.43414
53994	-3995.882	-4256.193	260.3106	1.92509	0.5134459	0.681186	0.318814	1.291628
54000	-3996.64	-4256.796	260.1567	2.003941	0.5517135	0.645108	0.354892	1.303483
54006	-3993.68	-4253.919	260.2385	1.979143	0.5156106	0.612198	0.387802	1.303483
54012	-3979.819	-4239.872	260.0527	1.877047	0.471985	0.713113	0.286887	1.580011
54018	-3988.935	-4248.792	259.8567	1.877047	0.541629	0.716719	0.283281	1.639392
54024	-3988.695	-4248.549	259.8542	1.854792	0.6414571	0.725625	0.274375	1.55045
54030	-3997.781	-4257.678	259.8964	1.894451	0.6103645	0.71026	0.28974	1.522341
54036	-4003.25	-4263.152	259.9021	1.843742	0.6103645	0.715951	0.284049	1.555649
54042	-4013.117	-4272.846	259.7296	1.792412	0.6531731	0.669292	0.330708	1.674296
54048	-4011.163	-4270.736	259.5734	1.792412	0.707095	0.621269	0.378731	1.73412
54054	-3994.626	-4254.96	260.3344	2.050593	0.5264011	0.740053	0.259947	1.147296
54060	-4000.204	-4260.586	260.3826	2.157445	0.5410926	0.614858	0.385142	0.9787722
54066	-3987.702	-4248.124	260.4215	2.157445	0.4581442	0.614858	0.385142	1.074813
54072	-3988.943	-4249.524	260.5807	2.118522	0.4288699	0.649536	0.350464	1.00973
54078	-3988.004	-4248.406	260.4014	2.118522	0.5343228	0.825311	0.174689	1.00973
54084	-3988.529	-4248.829	260.2994	2.108729	0.5664261	0.631808	0.368192	1.069595
54090	-3982.2	-4242.603	260.4026	2.074115	0.5156645	0.668317	0.331683	1.07971
54096	-3988.54	-4248.952	260.4126	2.092946	0.5156645	0.707814	0.292186	1.052548
54102	-3989.055	-4249.485	260.4306	2.024708	0.4759417	0.661594	0.338406	1.15881
54108	-3986.462	-4246.799	260.3373	2.129016	0.4570217	0.706697	0.293303	1.177866
54114	-4002.646	-4263.106	260.4608	2.101805	0.4229115	0.806771	0.193229	1.14751
54120	-3987.426	-4247.915	260.4891	2.186296	0.4535494	0.685539	0.314461	0.9890319
54126	-3987.28	-4247.709	260.4287	2.171154	0.4976955	0.685539	0.314461	0.9890319
54132	-3997.023	-4257.468	260.4451	2.119721	0.4533829	0.809953	0.190047	1.095722
54138	-3987.287	-4247.702	260.4144	2.211513	0.4503907	0.630709	0.369291	1.043308
54144	-3979.342	-4239.627	260.2847	2.206488	0.52067	0.713331	0.286669	1.058584
54150	-3982.473	-4242.773	260.2993	2.094284	0.5848327	0.595435	0.404565	1.057332
54156	-3977.811	-4238.26	260.4484	2.139458	0.4700629	0.60638	0.39362	1.04679
54162	-3982.126	-4242.5	260.3739	2.074712	0.5091964	0.693326	0.306674	1.11525
54168	-3968.254	-4228.718	260.4634	2.134951	0.4624857	0.68636	0.31364	1.049286
54174	-3976.82	-4237.234	260.4143	2.10721	0.4666854	0.748431	0.251569	1.113932
54180	-3993.622	-4254.132	260.5097	2.143828	0.4243856	0.718045	0.281955	1.061931
54186	-3982.1	-4242.495	260.395	2.138011	0.4785393	0.735546	0.264454	1.084706
54192	-3982.911	-4243.21	260.2988	2.138011	0.5691646	0.676453	0.323547	1.038383
54198	-3990.154	-4250.516	260.362	2.184438	0.4997209	0.673244	0.326756	1.038383
54204	-4002.006	-4262.529	260.5225	2.184438	0.3976548	0.689698	0.310302	1.059233
54210	-3999.837	-4260.016	260.1789	2.184438	0.6040929	0.689879	0.310121	1.059233
54216	-3998.782	-4259.159	260.3766	2.170411	0.4955641	0.756076	0.243924	1.044505
54222	-4007.906	-4268.296	260.3906	2.023984	0.435368	0.685912	0.314088	1.254715
54228	-4002.738	-4262.916	260.1785	2.022571	0.5324651	0.654513	0.345487	1.295
54234	-3999.425	-4259.891	260.4663	1.951437	0.4303383	0.695557	0.304443	1.259734
54240	-3993.357	-4253.717	260.3607	2.003222	0.460384	0.668247	0.331753	1.259734
54246	-3983.453	-4243.835	260.3819	2.003222	0.460384	0.692926	0.307074	1.24207
54252	-3984.308	-4244.76	260.4523	2.003222	0.4213184	0.70879	0.29121	1.242175
54258	-3986.161	-4246.525	260.3638	2.13313	0.5300163	0.58066	0.41934	1.038802
54264	-3980.041	-4240.3	260.2582	2.132388	0.5300163	0.696045	0.303955	1.137223
54270	-3982.97	-4243.404	260.4339	2.101617	0.4478672	0.759689	0.240311	1.131193
54276	-3996.2	-4256.514	260.314	2.101617	0.5154467	0.776082	0.223918	1.135755
54282	-4005.305	-4265.758	260.4536	2.245554	0.485969	0.731236	0.268764	0.9045342
54288	-3990.669	-4251.111	260.4411	2.238762	0.4993792	0.722144	0.277856	0.9010156
54294	-4006.06	-4266.404	260.3441	2.13609	0.5118036	0.772062	0.227938	1.082365
54300	-3995.299	-4255.667	260.3681	2.12963	0.5259267	0.6347	0.3653	1.044325
54306	-3992.692	-4253.178	260.4858	2.12963	0.4116349	0.671228	0.328772	1.119162
54312	-4019.323	-4279.768	260.4449	2.243378	0.4715602	0.694071	0.305929	0.9431548
54318	-3992.557	-4252.811	260.2536	2.243378	0.6105473	0.71821	0.28179	0.9140376
54324	-3994.795	-4255.147	260.3523	2.243378	0.5400812	0.680413	0.319587	0.9217061
54330	-3982.059	-4242.42	260.3607	2.266233	0.5643317	0.705902	0.294098	0.842357
54336	-3986.571	-4246.927	260.356	2.208328	0.5643317	0.705902	0.294098	0.9150947
54342	-3997.741	-4258.111	260.3695	2.197092	0.5780252	0.602456	0.397544	0.8894043
54348	-3985.852	-4246.395	260.5434	2.197092	0.4290588	0.649754	0.350246	0.9676647
54354	-3992.943	-4253.269	260.3261	2.123219	0.4704454	0.614822	0.385178	1.172372
54360	-3991.277	-4251.681	260.4038	2.128106	0.4996415	0.657476	0.342524	1.052421
54366	-3990.027	-4250.544	260.5161	2.081646	0.4609394	0.694421	0.305579	1.052421
54372	-3987.708	-4248.191	260.4832	1.98882	0.4334637	0.694421	0.305579	1.209302
54378	-3985.771	-4246.229	260.4582	1.98882	0.4150191	0.720989	0.279011	1.259035
54384	-3985.549	-4245.942	260.3932	2.031323	0.4203161	0.67433	0.32567	1.269455
54390	-3990.174	-4250.381	260.2068	1.984751	0.5485576	0.767103	0.232897	1.282233
54396	-3979.867	-4240.226	260.3583	1.984751	0.4765583	0.638514	0.361486	1.253809
54402	-3987.784	-4248.186	260.4022	1.99737	0.394104	0.669823	0.330177	1.330318
54408	-3985.034	-4245.235	260.2005	1.981082	0.4762623	0.724952	0.275048	1.38429
54414	-3986.383	-4246.319	259.9363	1.962144	0.6479137	0.603583	0.396417	1.400343
54420	-3978.204	-4238.333	260.1286	1.923064	0.5020769	0.603583	0.396417	1.451198
54426	-3977.293	-4237.482	260.1895	1.862186	0.5020769	0.603583	0.396417	1.451198
54432	-3982.095	-4242.194	260.0989	1.877976	0.5159252	0.691114	0.308886	1.490753
54438	-3982.527	-4242.649	260.1226	1.848929	0.5159252	0.641251	0.358749	1.494759
54444	-3982.019	-4241.838	259.8191	1.67498	0.5719699	0.641251	0.358749	1.775972
54450	-3977.142	-4237.187	260.0442	1.805173	0.4901611	0.711345	0.288655	1.616036
54456	-3978.215	-4238.197	259.9816	1.788309	0.4901611	0.629549	0.370451	1.67314
54462	-3982.108	-4241.972	259.8637	1.80385	0.4979203	0.663177	0.336823	1.736375
54468	-3983.427	-4243.318	259.8913	1.832479	0.6040009	0.588504	0.411496	1.578555
54474	-3986.394	-4246.79	260.3958	1.868119	0.3976234	0.655827	0.344173	1.431318
54480	-3982.9	-4243.185	260.2846	1.940715	0.4197463	0.655827	0.344173	1.428676
54486	-4002.451	-4262.542	260.0906	1.98103	0.515086	0.655827	0.344173	1.41953
54492	-3996.146	-4256.401	260.255	1.98103	0.5190165	0.655827	0.344173	1.284024
54498	-3984.368	-4244.734	260.3658	2.006956	0.3857485	0.684724	0.315276	1.36466
54504	-3981.638	-4241.917	260.2789	2.006956	0.5350079	0.756992	0.243008	1.221344
54510	-3985.715	-4245.791	260.0763	2.017484	0.5725447	0.5743	0.4257	1.33176
54516	-3988.955	-4249.122	260.1668	2.011697	0.5412056	0.762582	0.237418	1.302163
54522	-3979.772	-4239.934	260.1621	2.016413	0.5412056	0.734126	0.265874	1.302163
54528	-3977.559	-4237.886	260.3266	2.052754	0.4886092	0.734126	0.265874	1.206052
54534	-3987.462	-4247.795	260.3328	2.033434	0.500934	0.735935	0.264065	1.199657
54540	-3988.426	-4248.782	260.3565	2.040557	0.5313733	0.705687	0.294313	1.129544
54546	-3989.202	-4249.551	260.3489	2.02198	0.4708619	0.663423	0.336577	1.238775
54552	-3985.154	-4245.569	260.4157	1.959061	0.4767794	0.668766	0.331234	1.226932
54558	-3980.43	-4240.904	260.4743	1.93481	0.3858585	0.690389	0.309611	1.335632
54564	-3975.341	-4235.485	260.1439	1.963648	0.5517867	0.705408	0.294592	1.345976
54570	-3989.899	-4250.205	260.3061	2.041274	0.5394017	0.712151	0.287849	1.162409
54576	-3985.371	-4245.706	260.3352	2.03053	0.4977238	0.739459	0.260541	1.204635
54582	-4005.639	-4265.965	260.3263	1.940023	0.4977238	0.735747	0.264253	1.287677
54588	-3998.632	-4258.672	260.0401	1.940023	0.5258907	0.619213	0.380787	1.476172
54594	-3990.187	-4250.616	260.4288	2.084767	0.4190734	0.743563	0.256437	1.196521
54600	-4000.969	-4260.946	259.9772	2.137623	0.627177	0.688937	0.311063	1.249676
54606	-3982.409	-4242.838	260.4288	2.20983	0.4581459	0.761617	0.238383	1.017579
54612	-4005.637	-4265.511	259.8736	1.879091	0.6600137	0.541454	0.458546	1.498984
54618	-4008.903	-4269.134	260.2312	1.895008	0.5920736	0.710699	0.289301	1.281994
54624	-4007.077	-4267.483	260.4062	1.945306	0.4549354	0.556846	0.443154	1.277848
54630	-4005.312	-4265.607	260.2952	2.406217	0.5358346	0.662185	0.337815	0.803587
54636	-3985.126	-4245.344	260.2182	2.406217	0.6106339	0.690328	0.309672	0.7541131
54642	-3974.836	-4235.127	260.2911	2.45504	0.5696523	0.63189	0.36811	0.646043
54648	-3977.903	-4238.244	260.3412	2.444036	0.5315239	0.776826	0.223174	0.6858496
54654	-3973.269	-4233.814	260.5452	2.445786	0.4123275	0.737798	0.262202	0.6858496
54660	-3972.796	-4233.13	260.3338	2.520403	0.5074809	0.694116	0.305884	0.6215147
54666	-3971.221	-4231.476	260.2546	2.394204	0.6264571	0.650168	0.349832	0.6758659
54672	-3967.4	-4227.656	260.2554	2.397684	0.5944815	0.747453	0.252547	0.7462504
54678	-3975.3	-4235.788	260.4881	2.408016	0.4563054	0.66906	0.33094	0.7116825
54684	-3968.693	-4228.968	260.2748	2.408016	0.5890261	0.66906	0.33094	0.7116825
54690	-3980.429	-4240.696	260.2671	2.383369	0.594318	0.664778	0.335222	0.7505288
54696	-3985.534	-4245.89	260.3564	2.383369	0.5311902	0.765207	0.234793	0.7605229
54702	-3990.091	-4250.498	260.4073	2.383369	0.4997712	0.683986	0.316014	0.7605229
54708	-3995.967	-4256.204	260.2372	2.34096	0.5847742	0.757672	0.242328	0.8642268
54714	-3988.98	-4249.49	260.5096	2.169855	0.507151	0.646021	0.353979	0.8869157
54720	-3991.881	-4252.333	260.4525	2.302565	0.5129119	0.73427	0.26573	0.7806233
54726	-3983.576	-4243.975	260.3998	2.302565	0.5460559	0.646267	0.353733	0.7806233
54732	-3984.479	-4244.947	260.4687	2.302565	0.4808417	0.689875	0.310125	0.8295282
54738	-3991.008	-4251.448	260.44	2.302565	0.5156356	0.689875	0.310125	0.791651
54744	-3998.951	-4259.455	260.5043	2.338098	0.4554105	0.682593	0.317407	0.7942042
54750	-3987.062	-4247.455	260.3931	2.338098	0.5121682	0.733987	0.266013	0.8142561
54756	-3989.222	-4249.653	260.4311	2.311598	0.4813778	0.633861	0.366139	0.8633385
54762	-3985.959	-4246.467	260.5085	2.265359	0.4620147	0.719486	0.280514	0.8659273
54768	-3992.445	-4252.942	260.4967	2.265359	0.4606156	0.762035	0.237965	0.8825292
54774	-3999.26	-4259.513	260.2531	2.159698	0.5616566	0.693228	0.306772	1.071956
54780	-3998.832	-4259.311	260.4792	2.246665	0.4731069	0.753676	0.246324	0.8990718
54786	-4001.93	-4262.387	260.4577	2.301435	0.4731069	0.679569	0.320431	0.8605884
54792	-3986.004	-4246.481	260.4772	2.176387	0.4881017	0.752607	0.247393	0.9500934
54798	-3987.879	-4248.29	260.4114	2.265591	0.4881017	0.714163	0.285837	0.9249356
54804	-3982.082	-4242.423	260.3406	2.376167	0.5652237	0.721695	0.278305	0.7142939
54810	-3986.677	-4246.971	260.2943	2.317541	0.5652237	0.707426	0.292574	0.8590039
54816	-3985.357	-4245.482	260.1254	2.285353	0.69117	0.737378	0.262622	0.8865768
54822	-3971.915	-4232.272	260.3571	2.285353	0.5407908	0.732204	0.267796	0.86741
54828	-3983.557	-4244.073	260.5162	2.264221	0.4575976	0.682502	0.317498	0.8672278
54834	-3986.931	-4247.231	260.3001	2.257014	0.5992973	0.633316	0.366684	0.8639549
54840	-3987.987	-4248.322	260.3346	2.268355	0.5559704	0.653474	0.346526	0.8859271
54846	-3989.989	-4250.201	260.2128	2.235824	0.6706671	0.759357	0.240643	0.8742404
54852	-3981.357	-4241.686	260.3288	2.147539	0.5876646	0.740956	0.259044	0.9715267
54858	-3978.097	-4238.362	260.2657	2.157606	0.5515581	0.756288	0.243712	1.07665
54864	-3997.251	-4257.595	260.3438	2.104669	0.4798735	0.660004	0.339996	1.158988
54870	-3989.077	-4249.542	260.4659	2.171076	0.4775287	0.721381	0.278619	0.9857999
54876	-3982.423	-4242.685	260.2621	2.096594	0.5563102	0.646255	0.353745	1.129073
54882	-3993.008	-4253.319	260.3107	2.124591	0.6153958	0.630564	0.369436	0.972319
54888	-3985.939	-4246.34	260.401	2.212232	0.5055707	0.716508	0.283492	0.961916
54894	-3997.078	-4257.456	260.3773	2.212232	0.5201536	0.683653	0.316347	0.961916
54900	-3976.713	-4237.138	260.4256	2.212232	0.4811052	0.710346	0.289654	0.9787213
54906	-3992.637	-4253.096	260.4585	2.174451	0.4889688	0.664516	0.335484	0.9700221
54912	-3981.17	-4241.407	260.2363	2.174451	0.5887807	0.602907	0.397093	1.035225
54918	-3986.896	-4247.011	260.1146	2.079522	0.6442471	0.751059	0.248941	1.161596
54924	-3979.687	-4239.722	260.0348	2.039653	0.6756116	0.713297	0.286703	1.227856
54930	-3980.069	-4240.306	260.2378	2.106141	0.4900533	0.741535	0.258465	1.234014
54936	-3993.58	-4253.629	260.0486	2.1239	0.7420637	0.753064	0.246936	1.064724
54942	-3985.517	-4245.69	260.1721	2.096385	0.525858	0.73973	0.26027	1.248148
54948	-3985.087	-4245.405	260.3176	2.083046	0.4954487	0.666913	0.333087	1.177847
54954	-3990.516	-4250.576	260.06	2.031989	0.6087274	0.770842	0.229158	1.290221
54960	-3995.563	-4255.714	260.1513	1.970721	0.4803325	0.643108	0.356892	1.425152
54966	-3992.819	-4252.811	259.9919	1.960583	0.6071841	0.762383	0.237617	1.402956
54972	-3987.121	-4247.232	260.1108	1.888894	0.5085993	0.758758	0.241242	1.482522
54978	-3983.613	-4243.577	259.9641	1.888894	0.5544066	0.626373	0.373627	1.537898
54984	-3990.377	-4250.329	259.9522	1.863561	0.5789739	0.626373	0.373627	1.537898
54990	-3960.743	-4220.894	260.1515	1.896572	0.4799664	0.560846	0.439154	1.481996
54996	-3973.385	-4233.678	260.2932	2.03282	0.4458422	0.609119	0.390881	1.311816
55002	-3966.39	-4226.49	260.0999	2.003427	0.5827469	0.739334	0.260666	1.311816
55008	-3966.919	-4227.124	260.2056	2.059799	0.515428	0.737494	0.262506	1.264579
55014	-3976.491	-4236.563	260.0716	2.028146	0.625191	0.649809	0.350191	1.264579
55020	-3978.968	-4239.309	260.3405	2.037801	0.5063943	0.593686	0.406314	1.181545
55026	-3981.317	-4241.595	260.278	2.056473	0.5336205	0.705211	0.294789	1.181545
55032	-3974.927	-4235.21	260.2832	2.051303	0.5336205	0.705211	0.294789	1.181545
55038	-3995.199	-4255.529	260.3302	2.053596	0.5555559	0.77143	0.22857	1.10738
55044	-3994.555	-4255.002	260.4468	2.053596	0.5025677	0.634736	0.365264	1.077553
55050	-3992.939	-4253.374	260.4349	2.045491	0.478197	0.717286	0.282714	1.133163
55056	-3987.573	-4247.663	260.09	2.076155	0.5845233	0.708536	0.291464	1.258212
55062	-3988.022	-4248.406	260.3841	2.120306	0.4881798	0.765788	0.234212	1.096052
55068	-3977.486	-4237.989	260.5024	2.077812	0.5037652	0.648261	0.351739	0.9986694
55074	-3984.644	-4244.881	260.2371	2.077812	0.5354204	0.632427	0.367573	1.195956
55080	-3994.088	-4254.418	260.33	2.034816	0.5163727	0.67925	0.32075	1.179197
55086	-3985.577	-4245.71	260.1332	2.034816	0.6386672	0.682717	0.317283	1.191017
55092	-3990.282	-4250.86	260.5782	2.116773	0.4745453	0.615859	0.384141	0.9304917
55098	-3979.636	-4239.991	260.3552	2.103639	0.499219	0.691464	0.308536	1.120763
55104	-3986	-4246.296	260.2955	1.984832	0.499219	0.624921	0.375079	1.274141
55110	-3980.622	-4240.777	260.1551	1.974775	0.5895389	0.616335	0.383665	1.282077
55116	-3982.663	-4242.741	260.0783	1.965752	0.500112	0.73011	0.26989	1.459433
55122	-3987.89	-4248.165	260.2743	1.895458	0.4577142	0.669819	0.330181	1.418483
55128	-3998.694	-4258.812	260.1173	1.945434	0.5189925	0.615523	0.384477	1.421596
55134	-3998.485	-4258.726	260.241	1.983173	0.506054	0.600914	0.399086	1.310817
55140	-3985.014	-4245.094	260.0802	1.983173	0.6900491	0.668264	0.331736	1.221104
55146	-3984.842	-4245.189	260.3469	1.978757	0.4181898	0.668264	0.331736	1.352585
55152	-3984.246	-4244.376	260.1307	1.885962	0.504557	0.752895	0.247105	1.474695
55158	-3978.201	-4238.425	260.2238	1.885962	0.4685545	0.718989	0.281011	1.450061
55164	-3971.48	-4231.784	260.3038	1.93141	0.5378272	0.658259	0.341741	1.260015
55170	-3979.926	-4240.285	260.3593	1.942542	0.4442822	0.765789	0.234211	1.333474
55176	-3980.984	-4241.249	260.2644	1.936488	0.4802018	0.698317	0.301683	1.363834
55182	-3971.997	-4231.989	259.9921	1.91304	0.5706326	0.647512	0.352488	1.480412
55188	-3979.261	-4239.441	260.1796	1.91304	0.4724832	0.60405	0.39595	1.457945
55194	-3992.793	-4253.029	260.2365	1.888322	0.5304506	0.52212	0.47788	1.358798
55200	-3985.002	-4245.188	260.1856	1.903286	0.5199643	0.72355	0.27645	1.400092
55206	-4001.641	-4261.859	260.2181	1.90682	0.5099911	0.698264	0.301736	1.384609
55212	-4002.511	-4262.209	259.6979	1.758345	0.5212391	0.803127	0.196873	1.856472
55218	-4004.959	-4264.655	259.6958	1.722486	0.4687347	0.656041	0.343959	1.941565
55224	-3992.312	-4252.297	259.9854	1.776275	0.443408	0.668642	0.331358	1.736349
55230	-3988.484	-4248.539	260.055	1.776275	0.4349032	0.718224	0.281776	1.698111
55236	-4004.915	-4265.181	260.2667	1.802662	0.4811245	0.691556	0.308444	1.464376
55242	-3993.64	-4253.715	260.0751	1.945907	0.5972009	0.717369	0.282631	1.360644
55248	-3990.356	-4250.562	260.2066	1.945907	0.511764	0.717369	0.282631	1.360644
55254	-3991.301	-4251.287	259.9858	1.800291	0.4527322	0.605437	0.394563	1.707428
55260	-3987.005	-4247.587	260.5826	2.046281	0.404695	0.695473	0.304527	1.11889
55266	-3987.496	-4247.798	260.3019	2.052524	0.5048182	0.710614	0.289386	1.204351
55272	-3987.888	-4248.283	260.3956	2.084208	0.5051878	0.563468	0.436532	1.092658
55278	-3976.551	-4236.801	260.2497	2.084208	0.5133836	0.66442	0.33558	1.20988
55284	-3991.313	-4251.779	260.4658	2.141518	0.5005999	0.563455	0.436545	0.976459
55290	-3986.289	-4246.593	260.3038	2.141518	0.5645327	0.710017	0.289983	1.03692
55296	-3985.792	-4246.292	260.4993	2.091948	0.4517368	0.686665	0.313335	1.073892
55302	-3969.301	-4229.688	260.3868	2.017243	0.4777356	0.684352	0.315648	1.200634
55308	-3968.687	-4229.035	260.3477	2.030978	0.5084392	0.76407	0.23593	1.178336
55314	-3980.47	-4240.526	260.0566	2.030978	0.6009511	0.603886	0.396114	1.302928
55320	-3980.321	-4240.526	260.2046	1.965775	0.5458667	0.595931	0.404069	1.302928
55326	-3975.981	-4236.161	260.1797	1.95483	0.5703865	0.595931	0.404069	1.301554
55332	-3987.302	-4247.472	260.1695	2.000294	0.4856444	0.665907	0.334093	1.381033
55338	-3994.891	-4255.164	260.2728	1.897085	0.4856444	0.715715	0.284285	1.381033
55344	-3977.833	-4238.039	260.2066	1.897085	0.5466118	0.715715	0.284285	1.35545
55350	-3983.571	-4243.758	260.1873	1.962758	0.6036598	0.731435	0.268565	1.248311
55356	-3990.927	-4251.236	260.3094	1.999858	0.4900459	0.731435	0.268565	1.262889
55362	-3980.656	-4240.812	260.1561	2.022578	0.553915	0.60493	0.39507	1.285989
55368	-3975.73	-4235.937	260.2077	2.083609	0.5808319	0.578766	0.421234	1.156056
55374	-3983.981	-4244.263	260.2812	2.131457	0.526097	0.578766	0.421234	1.123037
55380	-3973.999	-4234.145	260.1464	2.131457	0.6197142	0.766408	0.233592	1.117606
55386	-3966.788	-4227.117	260.3294	2.131457	0.5181094	0.685935	0.314065	1.090799
55392	-3988.816	-4249.314	260.4987	2.131457	0.4446099	0.612884	0.387116	1.049111
55398	-3973.263	-4233.519	260.2555	2.131457	0.5726038	0.633496	0.366504	1.080626
55404	-3984.853	-4245.027	260.1738	2.081146	0.5881235	0.693278	0.306722	1.178383
55410	-3991.389	-4251.763	260.3735	2.034177	0.4749985	0.716799	0.283201	1.201522
55416	-3974.735	-4234.885	260.1498	2.034177	0.6186578	0.607438	0.392562	1.201522
55422	-3977.384	-4237.489	260.1049	1.992622	0.5772621	0.760558	0.239442	1.323098
55428	-3984.482	-4244.564	260.0825	1.953035	0.5502612	0.686673	0.313327	1.404397
55434	-3991.514	-4251.721	260.2066	1.953035	0.4221647	0.686673	0.313327	1.475293
55440	-3973.673	-4233.724	260.051	2.024895	0.5962122	0.62326	0.37674	1.317932
55446	-3973.689	-4234.031	260.3418	1.998888	0.4834403	0.609004	0.390996	1.246019
55452	-3986.628	-4247.067	260.4389	1.967816	0.4455185	0.609004	0.390996	1.246019
55458	-3992.535	-4252.711	260.1757	2.010436	0.5672217	0.690232	0.309768	1.263111
55464	-3988.344	-4248.68	260.3365	1.958819	0.5120499	0.714569	0.285431	1.244298
55470	-3996.023	-4256.35	260.3274	1.995413	0.5120499	0.695053	0.304947	1.221179
55476	-3977.952	-4238.251	260.2988	2.038039	0.5215392	0.69529	0.30471	1.196144
55482	-3988.61	-4248.816	260.2058	1.945276	0.5096033	0.678586	0.321414	1.364517
55488	-3977.755	-4237.937	260.1818	1.945276	0.5565522	0.721204	0.278796	1.324537
55494	-3986.689	-4246.909	260.2204	1.952372	0.483877	0.659957	0.340043	1.381039
55500	-3989.971	-4250.338	260.3679	1.952372	0.4055196	0.646418	0.353582	1.375753
55506	-3994.906	-4255.211	260.3047	1.92348	0.5040618	0.615256	0.384744	1.310196
55512	-3984.342	-4244.481	260.1386	2.024021	0.5948728	0.710572	0.289428	1.248529
55518	-3984.374	-4244.735	260.3613	2.059028	0.4901564	0.708655	0.291345	1.168375
55524	-3987.329	-4247.894	260.5648	2.108036	0.3900374	0.718327	0.281673	1.104708
55530	-3982.094	-4242.515	260.4211	2.108036	0.5449552	0.718327	0.281673	0.9837084
55536	-3990.925	-4251.369	260.4444	2.089744	0.5161486	0.682102	0.317898	1.02428
55542	-3980.339	-4240.646	260.3063	2.180877	0.5457559	0.719042	0.280958	1.02428
55548	-4000.206	-4260.686	260.4804	2.155163	0.4930257	0.690508	0.309492	0.9603367
55554	-3984.105	-4244.327	260.2224	2.19027	0.6602687	0.685626	0.314374	0.9303208
55560	-3982.373	-4242.848	260.4752	2.163839	0.4895158	0.67858	0.32142	0.9628527
55566	-3978.742	-4239.133	260.3912	2.19694	0.5610283	0.706328	0.293672	0.8940073
55572	-3981.306	-4241.55	260.2437	2.211822	0.5805646	0.605522	0.394478	1.003317
55578	-3998.622	-4258.937	260.3147	2.186896	0.5805646	0.642851	0.357149	0.9562652
55584	-3992.526	-4253.011	260.4852	2.191075	0.4771221	0.723428	0.276572	0.9456867
55590	-3974.141	-4234.488	260.3467	2.161731	0.5476067	0.703881	0.296119	1.00046
55596	-3977.057	-4237.351	260.2936	2.165214	0.5476067	0.703881	0.296119	1.048887
55602	-3984.822	-4245.277	260.4546	2.146176	0.4613285	0.793449	0.206551	1.048887
55608	-3992.994	-4253.295	260.3015	2.074098	0.6057902	0.597022	0.402978	1.045215
55614	-3974.377	-4234.849	260.4721	2.074098	0.4890237	0.732618	0.267382	1.055657
55620	-3968.47	-4228.896	260.426	2.095543	0.4824439	0.70271	0.29729	1.089168
55626	-3987.445	-4247.84	260.395	2.095543	0.5010114	0.751207	0.248793	1.089168
55632	-3980.67	-4241.018	260.3481	2.178945	0.559066	0.718345	0.281655	0.9634483
55638	-4000.851	-4261.24	260.3892	2.152217	0.559066	0.67537	0.32463	0.9483931
55644	-4002.751	-4263.134	260.3826	2.205709	0.5361002	0.679569	0.320431	0.9364007
55650	-3996.831	-4257.225	260.394	2.205709	0.5361002	0.673415	0.326585	0.9241072
55656	-3990.446	-4250.831	260.3851	2.193251	0.5361002	0.673415	0.326585	0.9470758
55662	-3984.786	-4245.263	260.4762	2.193251	0.4804017	0.734226	0.265774	0.9470758
55668	-3985.251	-4245.395	260.1446	2.193251	0.6805322	0.697993	0.302007	0.980325
55674	-3988.83	-4249.148	260.3184	2.167306	0.5293095	0.724006	0.275994	1.050635
55680	-3990.778	-4251.1	260.3219	2.156337	0.5504417	0.724006	0.275994	1.025888
55686	-3993.247	-4253.668	260.421	2.134555	0.4515566	0.659366	0.340634	1.107152
55692	-3998.968	-4259.12	260.1514	2.134555	0.6414766	0.770083	0.229917	1.08218
55698	-3982.37	-4242.691	260.3206	2.12552	0.5411239	0.724554	0.275446	1.070501
55704	-3993.169	-4253.407	260.2376	2.114715	0.6175684	0.717689	0.282311	1.051302
55710	-3985.744	-4246.021	260.2771	2.10416	0.6015925	0.697876	0.302124	1.045606
55716	-3980.166	-4240.401	260.2345	2.161556	0.6068191	0.614207	0.385793	1.024014
55722	-4001.374	-4261.606	260.2326	2.096627	0.5774072	0.780842	0.219158	1.126867
55728	-3993.328	-4253.642	260.3138	2.14114	0.5965738	0.612498	0.387502	0.9800981
55734	-3995.185	-4255.55	260.3649	2.197132	0.581141	0.676831	0.323169	0.8892311
55740	-4000.472	-4260.96	260.4879	2.123055	0.4929603	0.629878	0.370122	0.985683
55746	-3981.628	-4242.123	260.495	2.080736	0.4652194	0.585413	0.414587	1.06622
55752	-3980.38	-4240.747	260.3666	2.078751	0.5311194	0.585413	0.414587	1.085874
55758	-3999.654	-4259.923	260.2694	2.052456	0.6131592	0.799204	0.200796	1.085874
55764	-3997.2	-4257.603	260.403	1.977988	0.5144078	0.729382	0.270618	1.167865
55770	-3995.311	-4255.625	260.3141	1.94556	0.5495362	0.789652	0.210348	1.224293
55776	-4002.88	-4263.312	260.4319	1.909964	0.4602896	0.615991	0.384009	1.278083
55782	-3993.534	-4253.818	260.2837	1.940669	0.4931559	0.644508	0.355492	1.327782
55788	-3983.257	-4243.562	260.305	1.910043	0.4361292	0.644508	0.355492	1.413316
55794	-3985.16	-4245.231	260.0712	1.821805	0.4768964	0.680792	0.319208	1.600684
55800	-3998.977	-4258.969	259.9912	1.840158	0.4167234	0.680792	0.319208	1.721793
55806	-3993.668	-4253.659	259.9911	1.837737	0.422625	0.680792	0.319208	1.715784
55812	-3978.743	-4239.043	260.3	2.041655	0.5323356	0.647427	0.352573	1.177113
55818	-3990.819	-4251.25	260.4308	2.004614	0.4166329	0.680096	0.319904	1.266175
55824	-3986.355	-4246.718	260.3627	1.929467	0.4550627	0.702259	0.297741	1.325832
55830	-3984.484	-4244.528	260.0438	1.903626	0.5669142	0.708095	0.291905	1.452644
55836	-3989.923	-4249.777	259.8537	1.862953	0.496047	0.698485	0.301515	1.703963
55842	-3987.561	-4247.913	260.3522	2.151615	0.492754	0.632611	0.367389	1.089561
55848	-3994.092	-4254.429	260.3364	2.151615	0.5525769	0.75314	0.24686	1.013112
55854	-3988.638	-4248.604	259.9658	2.141144	0.7001002	0.75314	0.24686	1.172367
55860	-3987.032	-4247.413	260.3802	2.141144	0.5156329	0.752942	0.247058	1.037482
55866	-3984.448	-4244.718	260.27	2.091696	0.601062	0.720588	0.279412	1.064995
55872	-3975.54	-4235.857	260.3169	2.131985	0.5877693	0.62958	0.37042	0.9992094
55878	-3977.66	-4238.001	260.3409	2.133292	0.503146	0.650804	0.349196	1.100906
55884	-3981.006	-4241.255	260.249	1.949753	0.5241967	0.715975	0.284025	1.307594
55890	-3995.974	-4255.504	259.5303	1.764241	0.4825016	0.634774	0.365226	2.008652
55896	-3983.466	-4243.437	259.9707	1.814043	0.4312615	0.661786	0.338214	1.735626
55902	-3985.531	-4245.297	259.7658	1.852024	0.5342597	0.578925	0.421075	1.730043
55908	-3974.532	-4234.334	259.8015	1.819898	0.4958385	0.716352	0.283648	1.771106
55914	-3973.524	-4233.288	259.7643	1.823727	0.4990739	0.752682	0.247318	1.790532
55920	-3972.254	-4231.843	259.5892	1.792731	0.5085787	0.684621	0.315379	1.920969
55926	-3971.301	-4231.122	259.8214	1.876484	0.5237111	0.549325	0.450675	1.68531
55932	-3967.665	-4227.553	259.8877	1.876484	0.5925834	0.745627	0.254373	1.561164
55938	-3982.908	-4242.598	259.6903	1.805287	0.5032998	0.646309	0.353691	1.849504
55944	-3976.052	-4235.55	259.4981	1.770682	0.6134725	0.646309	0.353691	1.889044
55950	-3980.141	-4240.133	259.9922	1.806892	0.4381591	0.605405	0.394595	1.716672
55956	-3979.123	-4238.953	259.8298	1.822411	0.4686447	0.714088	0.285912	1.781756
55962	-3982.966	-4242.856	259.8895	1.90264	0.5660758	0.714088	0.285912	1.569631
55968	-3990.198	-4250.364	260.1651	1.901905	0.3998746	0.690461	0.309539	1.57559
55974	-3994.821	-4255.337	260.5154	2.190333	0.4214185	0.750037	0.249963	1.016954
55980	-3991.874	-4251.897	260.0228	1.925281	0.5267223	0.634248	0.365752	1.499323
55986	-3996.819	-4256.835	260.0162	1.965292	0.5279195	0.732724	0.267276	1.472721
55992	-3981.944	-4242.047	260.1033	1.929046	0.5204695	0.643862	0.356138	1.44304
55998	-3977.179	-4237.165	259.9864	1.933204	0.602834	0.639538	0.360462	1.433175
56004	-3983.099	-4243.491	260.3924	1.989512	0.4479122	0.619073	0.380927	1.263082
56010	-3998.254	-4258.287	260.0327	1.972355	0.6575357	0.611539	0.388461	1.305329
56016	-4000.997	-4261.271	260.2743	1.972355	0.4857588	0.687744	0.312256	1.319861
56022	-4009.752	-4270.074	260.3218	2.004333	0.5830932	0.724202	0.275798	1.122018
56028	-3996.037	-4256.319	260.2826	2.059618	0.5332787	0.762058	0.237942	1.175322
56034	-3989.117	-4249.557	260.4397	2.223809	0.5006408	0.712647	0.287353	0.9168665
56040	-3975.549	-4236.004	260.4554	2.181436	0.5006408	0.712647	0.287353	0.9456296
56046	-3978.652	-4239.007	260.3548	2.181436	0.538594	0.682829	0.317171	0.9865628
56052	-3974.735	-4235.179	260.4439	2.146734	0.4925811	0.741884	0.258116	1.006787
56058	-3983.783	-4244.249	260.4656	2.000894	0.4265212	0.744321	0.255679	1.224781
56064	-3990.596	-4250.803	260.207	1.974939	0.500507	0.567152	0.432848	1.351962
56070	-3985.021	-4245.376	260.3558	1.982921	0.5255168	0.650519	0.349481	1.189
56076	-3981.852	-4242.236	260.3836	2.061847	0.5164133	0.619248	0.380752	1.107425
56082	-4005.194	-4265.612	260.4175	2.163756	0.5060854	0.614647	0.385353	0.9937685
56088	-3990.58	-4250.924	260.344	2.163756	0.5060854	0.710419	0.289581	1.065321
56094	-3986.815	-4247.195	260.3803	2.163756	0.49884	0.721464	0.278536	1.042063
56100	-3984.943	-4245.357	260.4136	2.153232	0.49884	0.765128	0.234872	1.019969
56106	-3991.187	-4251.64	260.4527	2.186741	0.4563211	0.730977	0.269023	1.019969
56112	-3987.943	-4248.3	260.3569	2.186741	0.5377228	0.683477	0.316523	0.9804517
56118	-4000.12	-4260.352	260.2318	2.155709	0.617073	0.680811	0.319189	1.018002
56124	-3987.472	-4247.773	260.3008	2.09264	0.5343167	0.692341	0.307659	1.128577
56130	-3983.809	-4244.124	260.3157	2.077785	0.5343167	0.738247	0.261753	1.128577
56136	-3991.3	-4251.397	260.097	2.090441	0.6167499	0.774617	0.225383	1.200843
56142	-3987.06	-4247.46	260.3997	2.144307	0.4957471	0.749647	0.250353	1.047066
56148	-3993.166	-4253.647	260.4807	2.102171	0.4572252	0.606537	0.393463	1.072652
56154	-4002.933	-4263.467	260.5332	2.004885	0.3751263	0.673859	0.326141	1.247838
56160	-3993.947	-4254.192	260.2448	2.008816	0.5602083	0.703265	0.296735	1.215495
56166	-3985.608	-4245.782	260.1739	1.984898	0.5321743	0.693636	0.306364	1.329519
56172	-3996.025	-4255.765	259.7407	1.931562	0.6309779	0.650957	0.349043	1.588139
56178	-4004.029	-4263.939	259.9098	1.868727	0.6415789	0.663644	0.336356	1.49861
56184	-3980.62	-4240.646	260.0253	1.887548	0.5243655	0.690208	0.309792	1.528449
56190	-3986.985	-4247.046	260.0611	1.916062	0.4848781	0.674621	0.325379	1.528836
56196	-3993.103	-4253.213	260.1096	1.827889	0.4600691	0.677734	0.322266	1.589468
56202	-4005.354	-4265.871	260.5176	2.197182	0.4879556	0.732633	0.267367	0.8829599
56208	-3990.36	-4250.886	260.5254	2.21931	0.4529201	0.692251	0.307749	0.9172729
56214	-3995.664	-4256.027	260.3631	2.229177	0.508205	0.682835	0.317165	0.9791129
56220	-3989.526	-4249.92	260.3937	2.374503	0.511295	0.64313	0.35687	0.7656541
56226	-3982.87	-4243.25	260.3806	2.367572	0.5286294	0.634117	0.365883	0.7542631
56232	-3973.68	-4233.948	260.2679	2.367572	0.5989003	0.651526	0.348474	0.7627723
56238	-3992.088	-4252.458	260.3698	2.378114	0.5437693	0.703986	0.296014	0.7173759
56244	-3989.209	-4249.554	260.3449	2.326303	0.5437693	0.755849	0.244151	0.8266265
56250	-4003.212	-4263.511	260.2994	2.106717	0.6108201	0.692801	0.307199	1.008385
56256	-3992.415	-4252.468	260.0536	2.226104	0.7035653	0.747672	0.252328	1.008385
56262	-3995.959	-4256.203	260.2441	2.226104	0.6093367	0.746807	0.253193	0.9449096
56268	-3988.315	-4248.718	260.4025	2.056537	0.5231911	0.744898	0.255102	1.084861
56274	-3991.822	-4252.194	260.3723	2.119698	0.5510675	0.745368	0.254632	1.011434
56280	-3995.874	-4256.157	260.2826	2.169395	0.5356616	0.804678	0.195322	1.073005
56286	-4004.749	-4265.062	260.3132	2.169395	0.5451996	0.744947	0.255053	1.029567
56292	-4001.11	-4261.455	260.3446	2.061942	0.4353968	0.669765	0.330235	1.261388
56298	-3984.786	-4245.244	260.4583	2.061942	0.4353968	0.605283	0.394717	1.164625
56304	-3973.732	-4234.108	260.3762	2.126546	0.5031366	0.605283	0.394717	1.074537
56310	-3992.157	-4251.439	259.2818	1.669155	0.6606939	0.629368	0.370632	2.057878
56316	-3984.325	-4243.492	259.1673	1.671622	0.6782022	0.70605	0.29395	2.116017
56322	-3979.632	-4238.88	259.2483	1.526119	0.5588968	0.70605	0.29395	2.267955
56328	-3989.934	-4248.913	258.9794	1.456335	0.5189686	0.611882	0.388118	2.521671
56334	-3999.486	-4257.938	258.4525	1.450515	0.6185592	0.801743	0.198257	2.757422
56340	-4001.784	-4260.001	258.2175	1.478288	0.4949575	0.655267	0.344733	2.997746
56346	-3991.23	-4250.046	258.8162	1.478288	0.5565747	0.736455	0.263545	2.572768
56352	-4000.91	-4259.955	259.045	1.581479	0.5510116	0.790231	0.209769	2.370004
56358	-3993.273	-4252.322	259.0487	1.703357	0.566406	0.699387	0.300613	2.27498
56364	-4001.278	-4261.563	260.2856	2.192166	0.5724667	0.703492	0.296508	0.9930919
56370	-3988.104	-4248.015	259.9113	1.70378	0.456495	0.668287	0.331713	1.822149
56376	-3989.139	-4248.968	259.8289	1.70378	0.5243341	0.652966	0.347034	1.80046
56382	-3994.83	-4255.023	260.1932	1.752872	0.4446438	0.646036	0.353964	1.60312
56388	-3992.35	-4252.267	259.9163	1.924648	0.6225434	0.778449	0.221551	1.471682
56394	-3992.764	-4252.672	259.9088	1.838833	0.6169156	0.611097	0.388903	1.547414
56400	-3984.606	-4244.413	259.807	1.759448	0.5636849	0.584911	0.415089	1.734095
56406	-3998.842	-4258.533	259.691	1.845979	0.4325789	0.648741	0.351259	1.90482
56412	-3994.314	-4254.423	260.1094	1.917588	0.4960453	0.73274	0.26726	1.477546
56418	-3986.065	-4246.356	260.2907	1.842689	0.4348417	0.74553	0.25447	1.477546
56424	-3982.277	-4242.583	260.3066	1.991378	0.4450847	0.641232	0.358768	1.335447
56430	-3987.625	-4247.953	260.3272	2.007986	0.4865634	0.633446	0.366554	1.246216
56436	-3983.31	-4243.416	260.1051	1.989929	0.4865634	0.702601	0.297399	1.437796
56442	-3978.557	-4238.757	260.1998	1.836343	0.4865634	0.713931	0.286069	1.482549
56448	-4005.213	-4264.936	259.7235	1.765204	0.4249225	0.713931	0.286069	1.946933
56454	-4012.266	-4272.087	259.8215	1.84753	0.5151603	0.659107	0.340893	1.715493
56460	-3998.734	-4259.109	260.3754	2.00086	0.5384533	0.659107	0.340893	1.138119
56466	-3990.569	-4250.883	260.3138	2.033479	0.5455182	0.659107	0.340893	1.154041
56472	-3979.092	-4239.283	260.1917	2.00503	0.6052199	0.768656	0.231344	1.207013
56478	-3974.615	-4235.123	260.5085	2.014963	0.4405727	0.667915	0.332085	1.153538
56484	-3978.599	-4239.062	260.4631	2.036543	0.4643201	0.667915	0.332085	1.137307
56490	-3984.224	-4244.5	260.2757	2.036543	0.5059339	0.67457	0.32543	1.238502
56496	-3989.413	-4249.589	260.1763	2.08482	0.6156504	0.67457	0.32543	1.137832
56502	-3997.039	-4257.603	260.5631	2.102312	0.3990236	0.715679	0.284321	1.09552
56508	-3992.06	-4252.555	260.4955	2.03556	0.4825989	0.715679	0.284321	1.080105
56514	-3990.212	-4250.534	260.3226	2.03556	0.4825989	0.680244	0.319756	1.232608
56520	-3978.186	-4238.479	260.2928	2.083814	0.5872549	0.680244	0.319756	1.069907
56526	-3981.034	-4241.229	260.1949	2.202437	0.5872549	0.680244	0.319756	1.050323
56532	-3980.909	-4241.244	260.3353	2.202437	0.5315798	0.724656	0.275344	0.9962786
56538	-3979.933	-4240.172	260.2395	2.179943	0.5315798	0.649413	0.350587	1.10902
56544	-3977.742	-4238.108	260.3665	2.179943	0.5242276	0.687887	0.312113	0.9992949
56550	-3979.424	-4239.832	260.4075	2.179943	0.5386669	0.732401	0.267599	0.9330383
56556	-3975.801	-4236.149	260.3477	2.216508	0.6091233	0.716187	0.283813	0.8380971
56562	-4003.746	-4264.079	260.3327	2.259729	0.6120513	0.737194	0.262806	0.7962449
56568	-3991.346	-4251.592	260.2457	2.259729	0.6337138	0.773164	0.226836	0.8669943
56574	-3993.796	-4254.112	260.3158	2.259448	0.5851531	0.591391	0.408609	0.8669943
56580	-3998.687	-4258.996	260.3089	2.046961	0.570191	0.694187	0.305813	1.112579
56586	-3997.951	-4258.045	260.0933	2.067545	0.6597555	0.66431	0.33569	1.172125
56592	-4006.523	-4266.764	260.2406	2.067288	0.6183436	0.60893	0.39107	1.091977
56598	-3988.349	-4248.586	260.2368	2.187448	0.5644424	0.685107	0.314893	1.05722
56604	-3973.787	-4234.022	260.235	2.172848	0.6144848	0.685107	0.314893	1.001449
56610	-3985.038	-4245.38	260.3422	2.279948	0.543702	0.663049	0.336951	0.8856932
56616	-3968.893	-4229.316	260.423	2.31834	0.5157392	0.663049	0.336951	0.793074
56622	-3970.466	-4230.942	260.4759	2.34757	0.4639098	0.715905	0.284095	0.7996231
56628	-3986.511	-4246.934	260.4233	2.297498	0.5152258	0.718172	0.281828	0.8212496
56634	-3976.933	-4237.497	260.5646	2.297498	0.4406373	0.718172	0.281828	0.8031729
56640	-3986.655	-4247.099	260.4441	2.297498	0.5053329	0.777794	0.222206	0.8152205
56646	-3997.411	-4257.837	260.4258	2.297498	0.5053329	0.711505	0.288495	0.8383688
56652	-3980.64	-4241.087	260.4467	2.066291	0.4812887	0.705179	0.294821	1.098854
56658	-4007.642	-4268.085	260.4429	2.106378	0.5112551	0.60254	0.39746	1.017187
56664	-4001.871	-4262.419	260.5478	2.022831	0.4730752	0.686571	0.313429	1.058188
56670	-3995.21	-4255.702	260.4928	2.165216	0.4793759	0.686571	0.313429	0.9609069
56676	-3996.638	-4257.189	260.551	2.108686	0.4023124	0.689657	0.310343	1.094956
56682	-3990.981	-4251.464	260.4835	2.02532	0.4441445	0.664625	0.335375	1.160753
56688	-3986.982	-4247.393	260.4108	2.035248	0.4884784	0.599795	0.400205	1.148279
56694	-3998.668	-4259.043	260.3753	2.186546	0.5546789	0.640141	0.359859	0.9338201
56700	-3993.582	-4254.111	260.5285	2.161915	0.4347978	0.67461	0.32539	1.007695
56706	-3977.637	-4238.028	260.3902	2.161915	0.5209506	0.669536	0.330464	0.9987921
56712	-3987.628	-4248.119	260.4904	2.255634	0.4867938	0.588776	0.411224	0.8482741
56718	-3996.742	-4257.064	260.322	2.265248	0.5679743	0.621508	0.378492	0.8829567
56724	-4001.709	-4262.095	260.387	2.236088	0.5277473	0.726209	0.273791	0.9129803
56730	-4007.271	-4267.798	260.5265	2.482946	0.4199492	0.709818	0.290182	0.6148123
56736	-3998.243	-4258.72	260.4768	2.370782	0.4784243	0.650405	0.349595	0.7284171
56742	-3988.93	-4249.308	260.3779	2.236088	0.5654431	0.681479	0.318521	0.8560748
56748	-3990.671	-4251.157	260.4861	2.343437	0.4503378	0.625129	0.374871	0.8228529
56754	-4005.112	-4265.65	260.5374	2.398604	0.4095074	0.722717	0.277283	0.7809978
56760	-3989.799	-4250.221	260.422	2.031175	0.4875224	0.741281	0.258719	1.143337
56766	-3991.269	-4251.552	260.2827	1.916324	0.5585293	0.687634	0.312366	1.263425
56772	-3984.418	-4244.746	260.3277	2.018187	0.4681677	0.800306	0.199694	1.263425
56778	-3976.138	-4236.332	260.1938	2.01177	0.5309979	0.661425	0.338575	1.293251
56784	-3994.579	-4254.598	260.0198	1.89269	0.6057215	0.718451	0.281549	1.435458
56790	-3998.178	-4258.426	260.2485	2.181782	0.5555638	0.650188	0.349812	1.06437
56796	-4004.901	-4265.18	260.2795	2.134611	0.4936903	0.648577	0.351423	1.168692
56802	-3995.242	-4255.142	259.9	1.847161	0.5737205	0.736985	0.263015	1.594084
56808	-3984.386	-4244.14	259.7538	1.744605	0.5210664	0.704481	0.295519	1.827712
56814	-3982.239	-4242.009	259.7707	1.81656	0.4881543	0.704481	0.295519	1.803748
56820	-3984.751	-4244.686	259.9346	1.81656	0.5545016	0.655933	0.344067	1.612357
56826	-3993.237	-4253.403	260.1655	2.036671	0.4491352	0.655933	0.344067	1.405136
56832	-3989.119	-4249.268	260.1494	1.978889	0.5715357	0.632043	0.367957	1.305167
56838	-3988.18	-4248.524	260.3438	2.062416	0.5109969	0.641102	0.358898	1.150554
56844	-3968.646	-4229.085	260.4398	2.023955	0.4955352	0.757934	0.242066	1.12189
56850	-3980.217	-4240.559	260.3428	2.068495	0.5265246	0.760442	0.239558	1.123626
56856	-3996.575	-4257.159	260.5836	2.129895	0.3919501	0.701042	0.298958	1.063578
56862	-4008.007	-4268.856	260.8488	2.055121	0.3477253	0.757135	0.242865	0.9642555
56868	-3993.404	-4253.858	260.4539	2.162125	0.502545	0.693229	0.306771	0.9642555
56874	-3998.625	-4258.912	260.2867	2.146344	0.60787	0.619971	0.380029	0.9856295
56880	-3986.222	-4246.589	260.3662	2.388965	0.4980882	0.610144	0.389856	0.8130462
56886	-3983.761	-4244.385	260.6236	2.271675	0.4184367	0.651064	0.348936	0.8130462
56892	-3998.235	-4258.107	259.8713	1.887291	0.6129948	0.641095	0.358905	1.543451
56898	-3999.877	-4259.947	260.0701	2.000335	0.6016773	0.591775	0.408225	1.315942
56904	-3992.783	-4252.885	260.1028	2.099692	0.5154462	0.623814	0.376186	1.315942
56910	-3984.259	-4244.378	260.1184	1.813691	0.4935209	0.673774	0.326226	1.551496
56916	-3981.447	-4241.611	260.1638	1.916817	0.4483604	0.637346	0.362654	1.498913
56922	-3979.162	-4239.373	260.2115	1.932729	0.5643173	0.716701	0.283299	1.301104
56928	-3981.204	-4241.202	259.9986	1.945823	0.6207587	0.628402	0.371598	1.39411
56934	-3985.926	-4246.304	260.3778	2.154727	0.4991507	0.726785	0.273215	1.05266
56940	-3986.483	-4246.794	260.3114	2.154727	0.5802521	0.776934	0.223066	0.993075
56946	-3989.08	-4249.312	260.2317	2.151778	0.6065648	0.726623	0.273377	1.036526
56952	-3976.219	-4236.591	260.3717	2.158056	0.5257367	0.669034	0.330966	1.013452
56958	-3968.846	-4229.245	260.3993	2.170109	0.5087521	0.72815	0.27185	1.001315
56964	-3972.213	-4232.631	260.4188	2.170109	0.5087521	0.668496	0.331504	0.9816639
56970	-3979.559	-4240.016	260.4577	2.130058	0.478395	0.668496	0.331504	1.033046
56976	-4002.322	-4262.527	260.2051	2.060746	0.5205908	0.70276	0.29724	1.257324
56982	-3986.66	-4247.08	260.4203	2.110967	0.5205908	0.70276	0.29724	1.0201
56988	-4005.171	-4265.49	260.3197	2.100602	0.4811021	0.74563	0.25437	1.181734
56994	-4000.075	-4260.162	260.0878	1.85702	0.3746869	0.695955	0.304045	1.699296
57000	-4006.903	-4266.585	259.6823	1.799382	0.4480734	0.660754	0.339246	1.923305
57006	-3992.111	-4252.187	260.0758	1.944124	0.5260132	0.672478	0.327522	1.445817
57012	-3997.344	-4257.531	260.1869	1.978343	0.5317335	0.596455	0.403545	1.32496
57018	-3993.096	-4253.332	260.2358	1.929381	0.5317335	0.551833	0.448167	1.32496
57024	-3997.637	-4257.901	260.2639	2.01006	0.4502378	0.635429	0.364571	1.347282
57030	-3996.436	-4256.882	260.4455	2.101858	0.4626596	0.671015	0.328985	1.096767
57036	-3996.242	-4256.651	260.4082	2.129034	0.4994998	0.618875	0.381125	1.047616
57042	-3990.511	-4250.945	260.4339	2.127421	0.4994998	0.621807	0.378193	1.024342
57048	-3995.539	-4255.942	260.4031	2.127421	0.4814652	0.68387	0.31613	1.082399
57054	-3987.145	-4247.6	260.4549	2.112163	0.4870753	0.629031	0.370969	1.038899
57060	-3989	-4249.368	260.3684	2.146293	0.4870753	0.699739	0.300261	1.088247
57066	-3971.63	-4232.027	260.3978	2.123854	0.5048751	0.725559	0.274441	1.054038
57072	-3972.119	-4232.437	260.3184	2.093834	0.5048751	0.728081	0.271919	1.154027
57078	-3974.996	-4235.312	260.3159	2.102558	0.5193986	0.714129	0.285871	1.127523
57084	-3982.446	-4242.55	260.1035	2.14193	0.6487818	0.714129	0.285871	1.110178
57090	-3975.022	-4235.328	260.3064	2.016619	0.5072753	0.71883	0.28117	1.227598
57096	-3977.361	-4237.92	260.5597	2.016619	0.3848705	0.6998	0.3002	1.199014
57102	-3985.616	-4246.007	260.3907	2.006959	0.4825901	0.6998	0.3002	1.199014
57108	-3996.328	-4256.594	260.2661	1.916394	0.4460714	0.6604	0.3396	1.424601
57114	-4005.101	-4265.43	260.3292	2.020444	0.4396185	0.660785	0.339215	1.301762
57120	-3994.082	-4254.313	260.2306	2.020444	0.4966832	0.660785	0.339215	1.301523
57126	-3979.964	-4240.211	260.2472	2.020444	0.4966832	0.722079	0.277921	1.288039
57132	-4003.818	-4264.155	260.3364	2.03547	0.4366122	0.7086	0.2914	1.288039
57138	-3990.394	-4250.751	260.3561	1.979955	0.456676	0.7086	0.2914	1.288039
57144	-3994.337	-4254.683	260.3463	2.039151	0.4465271	0.52579	0.47421	1.262196
57150	-3988.717	-4248.817	260.1003	1.978278	0.5687409	0.681425	0.318575	1.348425
57156	-3991.717	-4252.066	260.3488	1.965439	0.446121	0.681425	0.318575	1.320868
57162	-3993.175	-4253.318	260.143	1.940463	0.5545155	0.681425	0.318575	1.361776
57168	-4007.293	-4267.463	260.1701	1.891094	0.42568	0.741205	0.258795	1.544034
57174	-4001.94	-4262.111	260.1704	2.075374	0.5330185	0.78254	0.21746	1.257529
57180	-3996.136	-4256.229	260.0928	2.052576	0.6236144	0.728879	0.271121	1.228296
57186	-3994.194	-4254.493	260.2993	2.052576	0.5331956	0.672815	0.327185	1.167034
57192	-3998.306	-4258.683	260.3767	1.988366	0.4703255	0.568709	0.431291	1.244388
57198	-3989.411	-4249.721	260.3098	2.110396	0.5274797	0.614422	0.385578	1.114201
57204	-3990.334	-4250.596	260.2625	1.967214	0.5274797	0.701492	0.298508	1.278107
57210	-3992.509	-4252.415	259.9064	1.72053	0.5719163	0.668335	0.331665	1.682582
57216	-3980.282	-4240.25	259.9678	1.79468	0.5676947	0.68834	0.31166	1.589526
57222	-3986.221	-4245.737	259.5161	1.754391	0.5174761	0.667318	0.332682	1.986114
57228	-3988.353	-4247.967	259.6133	1.689222	0.4978794	0.667318	0.332682	1.986114
57234	-3981.09	-4240.695	259.6052	1.626308	0.5056338	0.722633	0.277367	2.02493
57240	-3982.523	-4242.113	259.5896	1.665408	0.5185104	0.624482	0.375518	1.995332
57246	-3973.921	-4233.661	259.7397	1.76643	0.5185104	0.64019	0.35981	1.825247
57252	-3990.749	-4250.459	259.7105	1.74322	0.4448444	0.707449	0.292551	1.946076
57258	-3974.611	-4234.29	259.6793	1.700198	0.4680931	0.757411	0.242589	1.968417
57264	-3982.046	-4241.68	259.6336	1.594791	0.5311458	0.758255	0.241745	1.999592
57270	-3994.581	-4254.215	259.6345	1.721955	0.3772642	0.687729	0.312271	2.095744
57276	-3979.398	-4238.797	259.3986	1.65913	0.5130291	0.614947	0.385053	2.131419
57282	-3984.209	-4243.524	259.315	1.668049	0.5130291	0.575677	0.424323	2.179997
57288	-3987.657	-4247.367	259.7105	1.816435	0.5102471	0.575677	0.424323	1.820123
57294	-3999.926	-4259.684	259.7574	1.762717	0.4445839	0.750928	0.249072	1.901483
57300	-4001.32	-4261.08	259.7603	1.826091	0.557581	0.753782	0.246218	1.726624
57306	-3997.702	-4258.075	260.3729	1.891956	0.415957	0.65702	0.34298	1.403577
57312	-3994.699	-4254.941	260.2428	1.908404	0.446046	0.65702	0.34298	1.448634
57318	-3997.406	-4257.593	260.187	1.928569	0.5807387	0.719562	0.280438	1.304303
57324	-3993.809	-4253.696	259.8871	1.877374	0.5618965	0.664439	0.335561	1.594501
57330	-3989.021	-4249.014	259.9931	1.84616	0.5143163	0.613261	0.386739	1.594501
57336	-3989.745	-4249.923	260.1777	1.832984	0.4368748	0.73012	0.26988	1.566164
57342	-3992.35	-4252.156	259.8053	1.832984	0.4951111	0.722078	0.277922	1.760162
57348	-3991.492	-4251.565	260.0732	1.822548	0.4939204	0.722078	0.277922	1.577683
57354	-3983.294	-4243.106	259.8118	1.82009	0.5209272	0.706622	0.293378	1.735046
57360	-4002.217	-4262.096	259.8785	1.845965	0.5841039	0.749062	0.250938	1.599314
57366	-3998.409	-4258.314	259.9049	1.845965	0.6175216	0.716179	0.283821	1.544351
57372	-3999.233	-4258.611	259.3781	1.674127	0.5698459	0.649405	0.350595	2.076724
57378	-3983.395	-4243.008	259.6132	1.657555	0.4904799	0.675698	0.324302	2.015517
57384	-3989.068	-4248.414	259.3454	1.684223	0.5999621	0.650845	0.349155	2.062222
57390	-3989.591	-4249.182	259.591	1.729364	0.5452459	0.64122	0.35878	1.923046
57396	-3987.868	-4247.63	259.7625	1.729364	0.4075261	0.687337	0.312663	1.966707
57402	-3988.62	-4248.435	259.815	1.690103	0.4006392	0.605976	0.394024	1.966707
57408	-3987.271	-4246.609	259.3382	1.734896	0.6592728	0.716243	0.283757	1.977967
57414	-3995.378	-4255.301	259.9229	1.683651	0.4716267	0.738565	0.261435	1.809814
57420	-4002.552	-4262.167	259.615	1.664573	0.4515798	0.756773	0.243227	2.05414
57426	-4003.258	-4262.997	259.7389	1.664573	0.5044006	0.799656	0.200344	1.910964
57432	-3996.33	-4255.952	259.6218	1.687925	0.5766276	0.575389	0.424611	1.897854
57438	-3989.317	-4248.91	259.593	1.695593	0.5410647	0.627287	0.372713	1.948831
57444	-4000.502	-4259.844	259.3417	1.746556	0.603216	0.752978	0.247022	2.020257
57450	-3993.401	-4252.7	259.2984	1.705601	0.61905	0.599406	0.400594	2.061026
57456	-3994.149	-4253.54	259.3908	1.613816	0.5321094	0.595156	0.404844	2.146092
57462	-3981.228	-4240.878	259.6492	1.829776	0.4663507	0.659683	0.340317	1.903393
57468	-3978.214	-4237.982	259.7681	1.885623	0.5656648	0.67257	0.32743	1.67018
57474	-3971.175	-4230.933	259.7582	1.812377	0.4864947	0.654911	0.345089	1.817194
57480	-3982.326	-4242.314	259.9887	1.802779	0.4435602	0.639742	0.360258	1.71516
57486	-3985.189	-4245.281	260.092	1.810296	0.4248098	0.690646	0.309354	1.660708
57492	-3996.084	-4255.891	259.8065	1.838529	0.5803231	0.577602	0.422398	1.660708
57498	-3999.252	-4259.109	259.8578	1.794378	0.5038079	0.675536	0.324464	1.740339
57504	-3997.135	-4257.265	260.1299	1.825354	0.444314	0.737578	0.262422	1.596911
57510	-4012.446	-4272.939	260.4933	2.125887	0.3756812	0.703665	0.296335	1.177896
57516	-4011.812	-4272.476	260.6644	2.125887	0.4084189	0.703665	0.296335	0.9559567
57522	-3994.688	-4255.263	260.5754	2.122844	0.4289733	0.699916	0.300084	1.010523
57528	-4012.446	-4272.958	260.512	2.131502	0.4238509	0.755772	0.244228	1.072275
57534	-3989.366	-4249.309	259.9424	1.961677	0.5980879	0.749602	0.250398	1.45039
57540	-3991.21	-4251.464	260.2533	2.057704	0.5130316	0.64493	0.35507	1.229766
57546	-3988.112	-4248.219	260.1062	2.015821	0.5428797	0.643094	0.356906	1.3455
57552	-4002.704	-4263.003	260.2983	2.014205	0.5120502	0.751142	0.248858	1.229836
57558	-3995.027	-4255.329	260.3012	2.014205	0.5120502	0.636161	0.363839	1.227461
57564	-4014.852	-4274.971	260.1189	2.029246	0.5258354	0.728417	0.271583	1.346061
57570	-3993.369	-4253.692	260.3234	1.96709	0.5258354	0.751805	0.248195	1.229738
57576	-3981.247	-4241.446	260.1984	1.878119	0.5161121	0.764936	0.235064	1.414488
57582	-3988.508	-4248.785	260.2765	1.937223	0.5195993	0.708379	0.291621	1.301459
57588	-4000.494	-4260.75	260.2564	1.928509	0.4726266	0.739187	0.260813	1.386604
57594	-3980.281	-4240.463	260.1816	1.95099	0.5055579	0.748615	0.251385	1.384288
57600	-3991.486	-4251.534	260.0482	1.95099	0.5055579	0.704457	0.295543	1.486607
57606	-3979.3	-4239.438	260.1379	1.874024	0.4500152	0.708338	0.291662	1.5479
57612	-3980.272	-4240.148	259.8759	1.954839	0.6244316	0.739169	0.260831	1.477341
57618	-3987.015	-4247.094	260.0783	1.960571	0.4442003	0.788172	0.211828	1.5356
57624	-3984.943	-4244.597	259.6537	1.773832	0.4847998	0.723527	0.276473	1.916828
57630	-3989.529	-4249.047	259.5183	1.822857	0.6160903	0.793927	0.206073	1.837011
57636	-3992.443	-4252.139	259.6964	1.832343	0.5009782	0.583852	0.416148	1.829346
57642	-3994.564	-4254.614	260.0506	1.78314	0.4828727	0.655385	0.344615	1.636232
57648	-4006.595	-4266.473	259.8785	1.717449	0.435163	0.538206	0.461794	1.861485
57654	-4004.839	-4264.328	259.4894	1.731244	0.4964095	0.663908	0.336092	2.042197
57660	-3991.515	-4252.002	260.4869	2.190414	0.4858945	0.735376	0.264624	0.9286981
57666	-3975.761	-4236.175	260.4143	2.144514	0.4975035	0.694588	0.305412	1.029961
57672	-3991.121	-4251.68	260.5595	2.15643	0.4088815	0.627483	0.372517	1.029961
57678	-3982.577	-4243.024	260.4472	2.16003	0.4834717	0.627483	0.372517	1.005478
57684	-3994.08	-4254.381	260.3002	2.211351	0.5212824	0.637668	0.362332	1.038128
57690	-3986.728	-4247.287	260.5589	2.201642	0.4379704	0.733005	0.266995	0.9292146
57696	-3990.61	-4251.128	260.5187	2.201642	0.4700504	0.791788	0.208212	0.9111421
57702	-3991.484	-4251.794	260.3099	2.184627	0.5326031	0.649129	0.350871	1.037179
57708	-3983.464	-4243.763	260.2991	2.162836	0.4936607	0.698258	0.301742	1.126312
57714	-3992.863	-4252.966	260.1033	2.037402	0.5259981	0.706288	0.293712	1.35184
57720	-4001.206	-4261.134	259.9281	1.857	0.4814441	0.617476	0.382524	1.672813
57726	-3993.651	-4253.529	259.8781	1.857863	0.4816034	0.681519	0.318481	1.707458
57732	-4003.837	-4263.916	260.0791	1.923275	0.5286899	0.684326	0.315674	1.455885
57738	-3986.11	-4246.082	259.9721	1.963218	0.5731639	0.684326	0.315674	1.454687
57744	-3980.007	-4240.268	260.2607	1.963218	0.4131835	0.600882	0.399118	1.439167
57750	-3984.889	-4244.864	259.9751	1.991432	0.5363492	0.695168	0.304832	1.473943
57756	-3982.29	-4242.235	259.9453	1.982403	0.6172093	0.678238	0.321762	1.411023
57762	-3976.245	-4236.457	260.212	2.032692	0.472566	0.685357	0.314643	1.339462
57768	-3984.286	-4244.597	260.3109	2.11247	0.431909	0.704652	0.295348	1.252692
57774	-3975.58	-4235.91	260.3302	2.069143	0.4451795	0.690471	0.309529	1.252692
57780	-3990.504	-4250.648	260.1439	1.98027	0.4918608	0.671617	0.328383	1.408516
57786	-3990.779	-4250.957	260.1783	2.003063	0.4659805	0.783913	0.216087	1.398323
57792	-3986.401	-4246.718	260.3174	2.023735	0.4835449	0.676442	0.323558	1.245481
57798	-3986.08	-4246.442	260.3621	2.095808	0.4687175	0.639704	0.360296	1.167426
57804	-3977.14	-4237.628	260.4881	2.095808	0.4225208	0.659482	0.340518	1.129111
57810	-3996.691	-4257.123	260.4318	2.176442	0.4670578	0.687129	0.312871	1.03207
57816	-3995.053	-4255.551	260.4979	2.176442	0.4116692	0.687129	0.312871	1.064757
57822	-3987.662	-4247.998	260.3359	2.175185	0.5375737	0.739096	0.260904	1.013399
57828	-3988.139	-4248.656	260.5175	2.218578	0.4071751	0.772242	0.227758	1.013399
57834	-3982.651	-4242.882	260.2306	2.206994	0.6053788	0.707715	0.292285	0.9846538
57840	-3984.638	-4245.167	260.5292	2.206994	0.4874929	0.659795	0.340205	0.85872
57846	-3982.457	-4242.826	260.3693	2.188738	0.546803	0.716322	0.283678	0.9508084
57852	-3980.201	-4240.763	260.5617	2.188738	0.460408	0.613125	0.386875	0.8962091
57858	-3990.309	-4250.727	260.4185	2.18472	0.4834205	0.641059	0.358941	1.009517
57864	-3994.2	-4254.642	260.4419	2.191554	0.4886146	0.662555	0.337445	0.9701928
57870	-3985.87	-4246.311	260.4401	2.191554	0.4760182	0.623386	0.376614	0.9937039
57876	-3988.805	-4249.133	260.3279	2.213111	0.566263	0.636712	0.363288	0.9372412
57882	-3987.61	-4247.896	260.2862	2.25287	0.6111085	0.675228	0.324772	0.8650356
57888	-3981.783	-4241.886	260.1034	2.25287	0.6799546	0.747716	0.252284	0.9621305
57894	-3996.187	-4256.824	260.6367	2.113029	0.4052006	0.585682	0.414318	1.003666
57900	-4001.93	-4262.253	260.3233	2.179856	0.5166929	0.545873	0.454127	1.053278
57906	-3997.302	-4257.697	260.395	2.156162	0.5166929	0.637556	0.362444	1.006606
57912	-3988.595	-4249.096	260.5012	2.121116	0.4639796	0.604363	0.395637	1.023602
57918	-3999.187	-4259.701	260.5141	2.19648	0.4713422	0.603833	0.396167	0.9194437
57924	-4005.208	-4265.669	260.4607	2.211168	0.4712472	0.757829	0.242171	0.9609176
57930	-3985.698	-4246.086	260.3885	2.160059	0.5464205	0.606883	0.393117	0.9614369
57936	-3995.875	-4256.116	260.241	2.060586	0.5955065	0.620623	0.379377	1.127616
57942	-3981.523	-4241.793	260.27	1.960152	0.4684791	0.421983	0.578017	1.356601
57948	-3990.357	-4250.571	260.2143	1.967749	0.4968496	0.738243	0.261757	1.356601
57954	-4006.219	-4266.602	260.3827	2.020477	0.4984334	0.564396	0.435604	1.171331
57960	-4001.847	-4262.003	260.1551	2.028149	0.5528924	0.778282	0.221718	1.283494
57966	-3999.117	-4259.25	260.1331	2.028149	0.5673155	0.642896	0.357104	1.283494
57972	-3997.144	-4257.294	260.1497	2.067642	0.4599658	0.642896	0.357104	1.378436
57978	-4003.63	-4263.813	260.183	2.086314	0.5360784	0.692712	0.307288	1.233885
57984	-3998.794	-4259.123	260.3297	2.035321	0.4938168	0.692712	0.307288	1.210836
57990	-3994.175	-4254.339	260.1644	2.032157	0.5577488	0.593423	0.406577	1.266465
57996	-3996.732	-4256.995	260.2629	2.010239	0.5577488	0.610678	0.389322	1.202052
58002	-3992.73	-4252.944	260.2136	1.953946	0.5194968	0.803191	0.196809	1.338716
58008	-3994.396	-4254.384	259.9887	1.953946	0.6194652	0.620753	0.379247	1.396937
58014	-3982.161	-4242.126	259.9649	1.983895	0.6194652	0.730752	0.269248	1.392107
58020	-3982.136	-4242.17	260.0336	2.038244	0.5137029	0.661681	0.338319	1.421112
58026	-3990.426	-4250.652	260.226	1.964153	0.552312	0.674319	0.325681	1.278597
58032	-3984.492	-4244.651	260.1589	1.992934	0.552312	0.627873	0.372127	1.309815
58038	-3992.167	-4252.478	260.3102	2.098709	0.5032418	0.7233	0.2767	1.159304
58044	-3976.908	-4237.188	260.2808	2.112037	0.5523658	0.684611	0.315389	1.103677
58050	-3986.218	-4246.553	260.3344	2.112037	0.5343549	0.684611	0.315389	1.080076
58056	-3984.634	-4245.067	260.4327	2.186279	0.5431938	0.651519	0.348481	0.8902036
58062	-3988.145	-4248.661	260.5165	2.186279	0.4984496	0.661927	0.338073	0.8765205
58068	-3995.164	-4255.585	260.4208	2.222672	0.5048811	0.754962	0.245038	0.9311193
58074	-3984.721	-4245.116	260.3946	2.209771	0.4855803	0.677901	0.322099	1.004761
58080	-3993.262	-4253.699	260.4366	2.219434	0.4686135	0.770069	0.229931	0.981973
58086	-3996.856	-4257.411	260.5556	2.165926	0.4253603	0.705938	0.294062	0.9939443
58092	-3991.842	-4252.327	260.4854	2.254098	0.4369799	0.705938	0.294062	0.9536159
58098	-3991.953	-4252.245	260.2918	2.228123	0.5739461	0.699319	0.300681	0.9473537
58104	-3993.704	-4254.042	260.3383	2.228123	0.4856531	0.66038	0.33962	1.041779
58110	-3998.482	-4258.727	260.2449	2.140468	0.5492522	0.684207	0.315793	1.11483
58116	-3999.696	-4259.982	260.2855	2.089209	0.5710239	0.658106	0.341894	1.094216
58122	-3986.913	-4247.32	260.4067	2.089209	0.4650002	0.664048	0.335952	1.13957
58128	-3979.905	-4240.262	260.357	2.020203	0.4391777	0.637181	0.362819	1.279905
58134	-3998.963	-4259.078	260.1149	2.020203	0.6439897	0.748792	0.251208	1.212899
58140	-3983.304	-4243.345	260.041	1.982557	0.5433152	0.748792	0.251208	1.422007
58146	-3984.929	-4245.129	260.2002	1.893883	0.52344	0.568493	0.431507	1.391731
58152	-3974.204	-4234.465	260.2606	2.089091	0.5381366	0.642253	0.357747	1.162082
58158	-3989.95	-4249.989	260.0391	2.159337	0.6551188	0.742111	0.257889	1.144578
58164	-3981.527	-4241.778	260.2508	2.126706	0.4460202	0.685291	0.314709	1.269483
58170	-3985.261	-4245.354	260.0927	2.05625	0.4900071	0.685291	0.314709	1.391642
58176	-3985.865	-4246.211	260.3468	2.084005	0.5095093	0.673103	0.326897	1.130763
58182	-3987.013	-4247.455	260.442	2.086793	0.451894	0.664088	0.335912	1.130763
58188	-3988.743	-4248.993	260.2501	2.025195	0.5494703	0.701138	0.298862	1.211091
58194	-3992.074	-4252.42	260.346	2.025845	0.4419872	0.701138	0.298862	1.280166
58200	-3971.413	-4231.688	260.2742	2.025845	0.4939615	0.683925	0.316075	1.265131
58206	-3989.82	-4250.072	260.2522	2.157893	0.5809993	0.814703	0.185297	1.046987
58212	-4006.846	-4267.057	260.2113	2.151425	0.5857072	0.505555	0.494445	1.085043
58218	-3988.034	-4248.396	260.3622	2.181502	0.5017344	0.588183	0.411817	1.037876
58224	-4000.838	-4261.388	260.5497	2.14957	0.4596232	0.757834	0.242166	0.9534419
58230	-4001.403	-4261.719	260.3159	2.041568	0.5849791	0.609284	0.390716	1.090899
58236	-4017.053	-4277.394	260.3406	2.052505	0.5612745	0.666001	0.333999	1.090899
58242	-4003.23	-4263.325	260.0953	2.106347	0.6999615	0.666001	0.333999	1.087542
58248	-3991.847	-4251.859	260.0123	1.984527	0.6612347	0.522622	0.477378	1.307915
58254	-4006.17	-4266.489	260.3193	2.035567	0.4848884	0.728311	0.271689	1.232124
58260	-3992.868	-4253.049	260.181	1.870285	0.6385985	0.520824	0.479176	1.288913
58266	-3998.093	-4258.023	259.9301	1.870285	0.6385985	0.642026	0.357974	1.485274
58272	-3997.837	-4257.964	260.1272	1.856159	0.5390509	0.512577	0.487423	1.457921
58278	-4001.094	-4260.889	259.7952	1.874135	0.6548732	0.555472	0.444528	1.566061
58284	-4002.4	-4262.698	260.297	2.0838	0.538449	0.663187	0.336813	1.134085
58290	-4000.466	-4260.854	260.3884	2.027555	0.530901	0.743341	0.256659	1.1132
58296	-3989.923	-4250.316	260.3934	2.040688	0.5555276	0.637626	0.362374	1.060802
58302	-3984.198	-4244.4	260.2016	2.17311	0.6912105	0.71036	0.28964	0.9267711
58308	-3980.703	-4240.838	260.1345	2.157433	0.6015784	0.689802	0.310198	1.128399
58314	-3971.683	-4231.836	260.1538	2.138281	0.633111	0.679034	0.320966	1.087341
58320	-3969.409	-4229.619	260.2092	2.068057	0.619651	0.73909	0.26091	1.118218
58326	-3973.547	-4234.04	260.4929	2.061896	0.4451126	0.704418	0.295582	1.118218
58332	-3977.793	-4238.008	260.2153	2.071051	0.5449476	0.710883	0.289117	1.207655
58338	-3986.63	-4246.809	260.1783	2.070396	0.5853404	0.708467	0.291533	1.187356
58344	-3993.639	-4253.67	260.031	1.900294	0.5457529	0.676547	0.323453	1.489423
58350	-3977.136	-4237.076	259.9393	1.900294	0.5862054	0.676547	0.323453	1.512182
58356	-3981.735	-4241.338	259.6038	1.825503	0.5862054	0.654694	0.345306	1.806178
58362	-3988.884	-4248.446	259.5627	1.768955	0.6809164	0.712459	0.287541	1.781967
58368	-3993.932	-4253.37	259.4387	1.745022	0.6330208	0.585781	0.414219	1.927926
58374	-3994.869	-4254.555	259.6861	1.667015	0.4624662	0.585781	0.414219	1.992581
58380	-3992.23	-4251.904	259.674	1.735121	0.4988604	0.783198	0.216802	1.913343
58386	-3986.233	-4246.292	260.0595	1.764042	0.5315507	0.671191	0.328809	1.585794
58392	-3991.104	-4251.041	259.9364	1.70527	0.390885	0.771085	0.228915	1.887251
58398	-3973.292	-4233.105	259.8123	1.773522	0.5262003	0.580228	0.419772	1.761427
58404	-3970.351	-4230.208	259.8571	1.7383	0.520235	0.678773	0.321227	1.761427
58410	-3972.635	-4232.626	259.9908	1.728699	0.4710677	0.746521	0.253479	1.731795
58416	-3985.386	-4244.985	259.5991	1.8014	0.6544496	0.777566	0.222434	1.758802
58422	-3995.513	-4255.337	259.824	1.842657	0.6541296	0.676724	0.323276	1.568756
58428	-3991.56	-4251.332	259.7719	1.822232	0.5778262	0.767541	0.232459	1.699558
58434	-3997.65	-4257.737	260.0872	1.826926	0.4190804	0.673615	0.326385	1.659899
58440	-3991.157	-4251.507	260.35	1.928671	0.5591703	0.639286	0.360714	1.195484
58446	-3993.745	-4253.821	260.0755	1.914971	0.5728566	0.506107	0.493893	1.412645
58452	-3990.896	-4250.995	260.0993	1.946484	0.5467307	0.506107	0.493893	1.400747
58458	-3990.037	-4250.24	260.2033	1.828832	0.5582157	0.523806	0.476194	1.39757
58464	-3988.138	-4248.339	260.201	1.739671	0.4482491	0.569234	0.430766	1.602364
58470	-3991.526	-4251.88	260.3545	1.981713	0.5023836	0.567589	0.432411	1.223208
58476	-3982.815	-4243.167	260.3513	1.988154	0.5004197	0.58804	0.41196	1.223208
58482	-3982.234	-4242.517	260.2829	1.988154	0.5100943	0.785897	0.214103	1.267085
58488	-3986.796	-4247.002	260.2061	1.92209	0.5019188	0.738812	0.261188	1.392396
58494	-4005.364	-4265.014	259.6503	1.811905	0.6129983	0.62983	0.37017	1.756221
58500	-3993.288	-4253.222	259.9337	1.809755	0.5126325	0.62983	0.37017	1.665516
58506	-3992.989	-4253.223	260.2343	1.818836	0.4654889	0.573039	0.426961	1.496945
58512	-3983.431	-4243.849	260.418	2.032447	0.4147231	0.677576	0.322424	1.256652
58518	-3995.821	-4256.095	260.2742	2.000394	0.4724838	0.702456	0.297544	1.315618
58524	-3988.037	-4248.27	260.233	2.026077	0.5321076	0.727035	0.272965	1.24767
58530	-3979.951	-4240.353	260.4025	1.982439	0.4242054	0.727035	0.272965	1.295976
58536	-3985.933	-4246.308	260.3744	1.982439	0.4230459	0.717805	0.282195	1.32043
58542	-3975.27	-4235.586	260.3162	1.989233	0.5117202	0.717805	0.282195	1.236309
58548	-3990.852	-4250.93	260.0782	1.973417	0.5065989	0.717805	0.282195	1.445581
58554	-3978.985	-4239.123	260.1374	2.041882	0.6145047	0.717805	0.282195	1.210589
58560	-3990.115	-4250.481	260.3657	2.159924	0.5106222	0.717805	0.282195	1.041195
58566	-3970.962	-4231.41	260.4487	2.115064	0.5106222	0.700898	0.299102	1.003929
58572	-3981.33	-4241.881	260.5515	2.162388	0.3855526	0.774144	0.225856	1.075005
58578	-3993.485	-4253.817	260.3317	2.162388	0.4877053	0.787916	0.212084	1.106277
58584	-3989.592	-4250.029	260.4372	2.199749	0.4894904	0.678869	0.321131	0.9649854
58590	-3979.439	-4239.762	260.3228	2.199749	0.5201451	0.635381	0.364619	1.029267
58596	-3976.807	-4237.147	260.3393	2.116288	0.5281476	0.635381	0.364619	1.080729
58602	-3980.913	-4241.259	260.3457	2.09115	0.4821858	0.635381	0.364619	1.165738
58608	-3980.596	-4240.929	260.3331	2.077902	0.533315	0.698215	0.301785	1.11415
58614	-3984.183	-4244.499	260.3151	2.034013	0.5452784	0.739493	0.260507	1.152745
58620	-3987.175	-4247.358	260.1824	2.027028	0.606102	0.739493	0.260507	1.195119
58626	-3997.743	-4258.099	260.3564	2.110826	0.5601972	0.727964	0.272036	1.022052
58632	-3988.935	-4249.255	260.3198	2.110826	0.462648	0.553865	0.446135	1.200191
58638	-3972.574	-4232.911	260.3376	1.982005	0.4945385	0.656375	0.343625	1.248088
58644	-3972.235	-4232.508	260.2731	2.099392	0.4945385	0.656375	0.343625	1.203444
58650	-4004.019	-4264.336	260.3173	2.117565	0.549057	0.657672	0.342328	1.06942
58656	-4009.157	-4269.497	260.3393	2.060992	0.5494972	0.647597	0.352403	1.100895
58662	-4011.124	-4271.221	260.0971	1.86639	0.4626359	0.616581	0.383419	1.567192
58668	-4007.302	-4267.24	259.9385	1.866483	0.5625088	0.56234	0.43766	1.564203
58674	-4001.045	-4261.514	260.4691	2.108461	0.4622704	0.667361	0.332639	1.06929
58680	-3986.435	-4246.91	260.4748	2.076644	0.4622704	0.713087	0.286913	1.093654
58686	-3994.212	-4254.675	260.4629	2.109943	0.5008993	0.818147	0.181853	1.01069
58692	-3985.407	-4245.782	260.3752	2.172055	0.5138459	0.57133	0.42867	1.015082
58698	-3987.427	-4247.783	260.3557	2.189828	0.5138459	0.738707	0.261293	1.016712
58704	-3998.132	-4258.588	260.4556	2.093754	0.4791415	0.730454	0.269546	1.068475
58710	-4011.481	-4272.018	260.5374	2.056348	0.4535508	0.731661	0.268339	1.068475
58716	-4004.074	-4264.272	260.1974	2.003954	0.5188366	0.642785	0.357215	1.31244
58722	-4014.849	-4275.142	260.293	2.091149	0.5137402	0.632515	0.367485	1.166007
58728	-4008.313	-4268.418	260.1054	2.003385	0.5360586	0.731936	0.268064	1.364468
58734	-4000.833	-4261.108	260.2748	2.044094	0.5559014	0.738167	0.261833	1.16491
58740	-3994.164	-4254.346	260.1826	2.044094	0.5552123	0.727356	0.272644	1.244639
58746	-4004.5	-4265.227	260.727	1.978044	0.33981	0.675817	0.324183	1.16802
58752	-3999.775	-4259.894	260.1195	1.93023	0.5996327	0.704369	0.295631	1.334932
58758	-3984.677	-4244.818	260.141	1.910137	0.5014133	0.760263	0.239737	1.452405
58764	-3999.538	-4259.557	260.0187	1.920667	0.5953346	0.637169	0.362831	1.426383
58770	-3994.064	-4254.163	260.0987	1.93433	0.4883753	0.686597	0.313403	1.482603
58776	-3992.619	-4252.641	260.0219	1.898538	0.599306	0.686597	0.313403	1.436499
58782	-4003.735	-4264.163	260.4282	1.971003	0.448469	0.679044	0.320956	1.24788
58788	-4001.219	-4261.545	260.3254	1.976631	0.4880328	0.679044	0.320956	1.271685
58794	-4009.387	-4269.697	260.3101	2.011883	0.5059322	0.657798	0.342202	1.230261
58800	-3997.458	-4257.742	260.2844	1.937077	0.458823	0.66294	0.33706	1.376725
58806	-3995.845	-4255.999	260.1544	1.867189	0.4827802	0.713433	0.286567	1.498367
58812	-3978.764	-4239.032	260.2683	1.861539	0.4892674	0.713433	0.286567	1.407431
58818	-3984.301	-4244.759	260.4577	1.883845	0.4443146	0.761927	0.238073	1.301421
58824	-3997.257	-4257.197	259.9401	1.877446	0.5533583	0.623076	0.376924	1.565264
58830	-3990.274	-4250.242	259.9679	1.941378	0.5363888	0.709704	0.290296	1.516891
58836	-3987.13	-4247.132	260.0021	1.852776	0.5254531	0.631247	0.368753	1.569957
58842	-3975.69	-4235.823	260.1334	1.852776	0.5002125	0.738942	0.261058	1.503031
58848	-3990.318	-4250.3	259.9821	1.814771	0.4946712	0.785089	0.214911	1.648444
58854	-3980.945	-4240.583	259.6374	1.760709	0.5630528	0.68482	0.31518	1.851531
58860	-3981.884	-4241.73	259.846	1.763965	0.5284793	0.625399	0.374601	1.741992
58866	-3980.753	-4240.513	259.7599	1.778883	0.525932	0.646458	0.353542	1.794412
58872	-3976.335	-4236.299	259.9648	1.801081	0.4970861	0.75284	0.24716	1.667755
58878	-3980.162	-4240.318	260.1553	1.821949	0.4649234	0.766644	0.233356	1.554086
58884	-3975.862	-4235.838	259.9766	1.813944	0.4676365	0.715981	0.284019	1.685733
58890	-3981.598	-4241.544	259.9451	1.773629	0.4972235	0.640025	0.359975	1.701129
58896	-3991.314	-4251.012	259.6977	1.773629	0.5116016	0.640025	0.359975	1.856771
58902	-3989.916	-4249.859	259.9425	1.783869	0.5477761	0.708993	0.291007	1.637822
58908	-3997.147	-4257.028	259.8819	1.849709	0.5443764	0.771466	0.228534	1.637822
58914	-3990.569	-4250.697	260.128	1.846624	0.4693509	0.762977	0.237023	1.550371
58920	-3990.706	-4250.557	259.8512	1.846624	0.5413534	0.655299	0.344701	1.665463
58926	-3990.084	-4250.225	260.1414	1.917312	0.4218658	0.655299	0.344701	1.551137
58932	-3995.811	-4255.566	259.7546	1.951443	0.6698035	0.679792	0.320208	1.523974
58938	-3995.956	-4256.159	260.2033	2.018319	0.529671	0.679792	0.320208	1.281824
58944	-3986.416	-4246.632	260.2166	2.00225	0.5314681	0.679792	0.320208	1.281824
58950	-3969.77	-4230.105	260.3348	2.057399	0.5314856	0.654048	0.345952	1.133722
58956	-3976.857	-4237.334	260.4777	2.028081	0.4189999	0.66229	0.33771	1.203308
58962	-3979.585	-4239.843	260.2581	2.065216	0.5040145	0.741182	0.258818	1.231803
58968	-3972.687	-4233.075	260.3883	2.058258	0.5040145	0.606524	0.393476	1.124743
58974	-3981.549	-4241.882	260.3324	2.137571	0.5313233	0.723812	0.276188	1.062573
58980	-3974.441	-4234.798	260.3569	2.17137	0.5318993	0.63805	0.36195	1.005234
58986	-3980.003	-4240.349	260.346	2.182192	0.5318993	0.650889	0.349111	1.005234
58992	-3992.176	-4252.465	260.2888	2.086551	0.517872	0.704896	0.295104	1.167846
58998	-3988.996	-4249.356	260.3601	2.015292	0.517872	0.704896	0.295104	1.167846
59004	-3979.671	-4239.602	259.9309	1.949826	0.5864932	0.704896	0.295104	1.480985
59010	-3983.769	-4243.97	260.2003	1.9303	0.4964044	0.579339	0.420661	1.397585
59016	-3970.567	-4230.574	260.0071	1.922244	0.5740486	0.659509	0.340491	1.458207
59022	-3986.583	-4246.763	260.1796	1.899202	0.480364	0.633745	0.366255	1.458207
59028	-3994.163	-4254.52	260.3572	1.899202	0.4722258	0.702396	0.297604	1.330546
59034	-3994.036	-4254.453	260.4175	1.915604	0.4457716	0.731348	0.268652	1.306161
59040	-3993.329	-4253.707	260.3775	1.948643	0.5385197	0.61124	0.38876	1.182097
59046	-4009.122	-4269.585	260.4635	2.053064	0.4264389	0.710673	0.289327	1.182097
59052	-3989.658	-4250.103	260.4452	2.138857	0.4654447	0.657842	0.342158	1.057985
59058	-3991.332	-4251.684	260.3524	2.163926	0.4598307	0.715261	0.284739	1.129457
59064	-3987.669	-4247.963	260.2941	2.163548	0.5700106	0.715261	0.284739	1.016776
59070	-3988.39	-4248.666	260.2769	2.134482	0.5757917	0.747142	0.252858	1.053215
59076	-3981.066	-4241.576	260.5097	2.156201	0.4574719	0.586945	0.413055	0.9916227
59082	-3978.66	-4238.925	260.2644	2.195771	0.5852835	0.652036	0.347964	0.9916227
59088	-3965.137	-4225.26	260.1233	2.153855	0.7126537	0.7169	0.2831	0.9992776
59094	-3986.628	-4247.043	260.4145	2.096778	0.5465191	0.67575	0.32425	0.9992776
59100	-4005.514	-4265.778	260.2633	1.845065	0.4440806	0.565597	0.434403	1.483821
59106	-3991.452	-4251.639	260.1868	1.834025	0.5706458	0.565597	0.434403	1.391684
59112	-4001.691	-4261.671	259.9803	1.947254	0.6235887	0.646554	0.353446	1.404122
59118	-3988.443	-4248.579	260.1361	1.859934	0.5764938	0.707575	0.292425	1.404122
59124	-3997.693	-4257.622	259.9281	1.890444	0.6757361	0.771462	0.228538	1.432968
59130	-3979.477	-4239.635	260.1576	1.954765	0.5347383	0.654539	0.345461	1.36323
59136	-3988.802	-4249.143	260.3408	1.879132	0.4663284	0.703943	0.296057	1.36767
59142	-3982.121	-4242.347	260.2265	1.904797	0.5019334	0.705297	0.294703	1.389956
59148	-3973.528	-4233.666	260.1379	1.954209	0.6133784	0.687998	0.312002	1.284627
59154	-3975.934	-4236.282	260.3482	1.880192	0.4748942	0.687998	0.312002	1.349234
59160	-3997.662	-4257.88	260.2171	2.010601	0.511647	0.727828	0.272172	1.300523
59166	-3992.636	-4252.731	260.0949	2.016193	0.569029	0.746598	0.253402	1.322077
59172	-3986.419	-4246.571	260.1527	2.007501	0.6089176	0.712938	0.287062	1.233479
59178	-3989.328	-4249.704	260.3762	1.974033	0.4188866	0.683293	0.316707	1.331985
59184	-3981.434	-4241.76	260.3262	2.04231	0.4527746	0.688502	0.311498	1.267006
59190	-3984.793	-4245.299	260.5061	2.094129	0.5002354	0.713719	0.286281	0.984323
59196	-3987.618	-4247.934	260.3157	2.080258	0.5329744	0.702165	0.297835	1.128281
59202	-3991.865	-4252.254	260.3889	2.070112	0.4873157	0.686312	0.313688	1.138465
59208	-3982.831	-4243.13	260.2991	2.059863	0.5327187	0.668574	0.331426	1.161443
59214	-3985.095	-4245.379	260.2842	1.964462	0.5141847	0.649244	0.350756	1.280087
59220	-3994.156	-4254.527	260.3713	1.980142	0.5393972	0.667819	0.332181	1.158835
59226	-3998.867	-4259.083	260.2162	1.999067	0.5093148	0.65605	0.34395	1.313665
59232	-4002.052	-4262.178	260.1251	1.827284	0.4911563	0.725575	0.274425	1.539403
59238	-4005.282	-4265.401	260.1182	1.878915	0.4843141	0.673146	0.326854	1.514715
59244	-4009.979	-4269.825	259.8467	1.878915	0.4635805	0.721517	0.278483	1.736591
59250	-4009.26	-4269.179	259.9185	1.830106	0.5359175	0.588737	0.411263	1.635112
59256	-4006.196	-4265.918	259.722	1.713321	0.4385541	0.540185	0.459815	1.966014
59262	-4007.292	-4267.096	259.8044	1.709819	0.4385541	0.723866	0.276134	1.912844
59268	-4004.412	-4264.245	259.8331	1.855953	0.5697794	0.723671	0.276329	1.640444
59274	-4003.066	-4263.041	259.9754	1.920627	0.5980356	0.670574	0.329426	1.456566
59280	-3992.867	-4252.838	259.9708	1.886118	0.4252991	0.658682	0.341318	1.692437
59286	-3991.454	-4251.378	259.9238	1.839458	0.4536501	0.592286	0.407714	1.722424
59292	-4010.352	-4270.362	260.0104	1.839458	0.4672126	0.595238	0.404762	1.643868
59298	-4006.444	-4265.986	259.5419	1.736986	0.4672126	0.631835	0.368165	2.036465
59304	-4003.721	-4264.299	260.578	2.284962	0.429484	0.581238	0.418762	0.8281662
59310	-4005.882	-4266.114	260.2324	1.985449	0.5805351	0.579446	0.420554	1.219828
59316	-4004.41	-4264.689	260.2795	2.029384	0.5216201	0.800122	0.199878	1.219828
59322	-4002.944	-4263.338	260.3942	2.029384	0.4092892	0.675008	0.324992	1.28722
59328	-3991.819	-4252.135	260.3154	1.958198	0.4817781	0.613515	0.386485	1.303523
59334	-3995.768	-4256.023	260.2547	1.978078	0.4866245	0.74188	0.25812	1.32984
59340	-3979.647	-4239.945	260.2984	1.974957	0.4866245	0.74188	0.25812	1.297123
59346	-3992.251	-4251.989	259.7388	1.825233	0.5964192	0.710519	0.289481	1.701463
59352	-3997.324	-4257.836	260.5115	2.299758	0.4393439	0.757522	0.242478	0.8693047
59358	-3993.283	-4253.676	260.3929	2.300058	0.4982779	0.69023	0.30977	0.8882336
59364	-3966.301	-4226.738	260.4375	2.300862	0.4713844	0.69023	0.30977	0.8882336
59370	-3988.034	-4248.358	260.3242	2.503579	0.4823406	0.69023	0.30977	0.7488689
59376	-3998.193	-4258.29	260.0964	2.502353	0.6805182	0.664647	0.335353	0.623963
59382	-3984.19	-4244.627	260.4373	2.502353	0.4581268	0.59383	0.40617	0.6166268
59388	-3987.003	-4247.364	260.3603	2.502353	0.4968845	0.557814	0.442186	0.6430091
59394	-3977.58	-4237.807	260.2266	2.507723	0.561913	0.708775	0.291225	0.6926601
59400	-3986.824	-4247.17	260.3462	2.516768	0.4770362	0.700492	0.299508	0.7070717
59406	-3989.01	-4249.383	260.3729	2.442985	0.4784429	0.700492	0.299508	0.7757274
59412	-3991.565	-4251.894	260.3286	2.486855	0.5005072	0.647249	0.352751	0.7204409
59418	-3993.622	-4254.189	260.5679	2.339259	0.454033	0.665644	0.334356	0.6997068
59424	-3986.843	-4247.397	260.5535	2.339259	0.454033	0.665644	0.334356	0.723861
59430	-3987.513	-4247.97	260.4572	2.348764	0.5013128	0.70937	0.29063	0.7335232
59436	-3988.486	-4249.075	260.5894	2.348764	0.4255457	0.669343	0.330657	0.7335232
59442	-3989.222	-4249.72	260.4984	2.451003	0.4255457	0.663432	0.336568	0.7154084
59448	-3990.092	-4250.33	260.2385	2.40197	0.61661	0.663432	0.336568	0.715583
59454	-4002.202	-4262.676	260.4746	2.48025	0.4502184	0.652452	0.347548	0.6134577
59460	-4003.181	-4263.357	260.176	2.520244	0.6127582	0.705439	0.294561	0.6134577
59466	-4003.854	-4264.182	260.3281	2.529045	0.5026293	0.748635	0.251365	0.6338589
59472	-4010.358	-4270.798	260.4401	2.476623	0.45654	0.780781	0.219219	0.6740456
59478	-4010.381	-4270.786	260.4055	2.361751	0.4976809	0.652397	0.347603	0.7979986
59484	-4001.481	-4261.959	260.4773	2.274236	0.4309462	0.655037	0.344963	0.952495
59490	-3999.681	-4260.011	260.3298	2.075229	0.5074238	0.667763	0.332237	1.156718
59496	-3997.349	-4257.443	260.0943	1.973634	0.5311284	0.786178	0.213822	1.402518
59502	-4006.036	-4265.926	259.8907	1.988117	0.6429268	0.710055	0.289945	1.42092
59508	-3989.7	-4249.794	260.0942	1.974794	0.5855474	0.708755	0.291245	1.336113
59514	-3987.847	-4247.913	260.0663	2.00965	0.5596693	0.635097	0.364903	1.361414
59520	-3998.706	-4258.585	259.8795	1.778109	0.4485422	0.792693	0.207307	1.80251
59526	-3986.982	-4246.441	259.4582	1.781362	0.5593111	0.67166	0.32834	1.962812
59532	-3993.425	-4252.948	259.523	1.757156	0.5593111	0.67166	0.32834	1.935569
59538	-3990.631	-4250.331	259.6999	1.738009	0.5345925	0.653125	0.346875	1.854429
59544	-3998.303	-4258.138	259.8355	1.849397	0.5491566	0.709322	0.290678	1.666027
59550	-3994.79	-4254.658	259.868	1.865502	0.6878678	0.699695	0.300305	1.485416
59556	-4010.405	-4270.366	259.961	1.860361	0.6235273	0.647016	0.352984	1.485416
59562	-3999.268	-4259.446	260.1782	1.904071	0.4980583	0.619034	0.380966	1.432849
59568	-4001.712	-4261.807	260.0946	1.992111	0.5176673	0.648792	0.351208	1.40465
59574	-4009.45	-4269.649	260.1996	2.07042	0.4976644	0.665613	0.334387	1.284719
59580	-3995.013	-4255.076	260.0623	1.938396	0.5273509	0.665597	0.334403	1.458841
59586	-4010.467	-4270.607	260.1398	1.92923	0.4685152	0.608291	0.391709	1.481054
59592	-4012.101	-4272.644	260.5433	2.184589	0.4144206	0.687344	0.312656	1.007967
59598	-3993.356	-4253.722	260.3656	2.152476	0.5374444	0.688918	0.311082	1.006602
59604	-4021.796	-4282.257	260.4614	2.113807	0.5020041	0.688918	0.311082	1.006602
59610	-4006.136	-4266.451	260.3143	1.947934	0.4497112	0.545308	0.454692	1.357273
59616	-3989.344	-4249.714	260.3701	1.881617	0.4556734	0.574856	0.425144	1.357273
59622	-3987.592	-4247.821	260.2288	1.948853	0.4990083	0.655261	0.344739	1.357273
59628	-3997.224	-4257.455	260.2309	1.899128	0.4289984	0.562121	0.437879	1.488133
59634	-4002.064	-4261.877	259.8125	1.759804	0.4600201	0.612775	0.387225	1.847266
59640	-4003.733	-4263.581	259.8476	1.663847	0.4956804	0.612775	0.387225	1.847266
59646	-3987.077	-4246.256	259.1791	1.709986	0.5022521	0.623904	0.376096	2.252066
59652	-3990.234	-4249.895	259.6612	1.674998	0.4237778	0.672789	0.327211	2.050057
59658	-3987.471	-4246.739	259.2679	1.785836	0.5960525	0.601953	0.398047	2.050057
59664	-4003.792	-4263.809	260.0166	1.839422	0.4558846	0.620606	0.379394	1.65369
59670	-4010.1	-4270.075	259.9745	2.140624	0.5749005	0.70059	0.29941	1.311715
59676	-3993.752	-4253.967	260.2151	2.145277	0.5749005	0.596921	0.403079	1.102017
59682	-3992.48	-4252.906	260.4259	2.078028	0.4740749	0.727038	0.272962	1.118326
59688	-4000.367	-4260.608	260.241	2.078028	0.5825152	0.689264	0.310736	1.129149
59694	-4003.177	-4263.624	260.4464	2.029168	0.5029737	0.689264	0.310736	1.09996
59700	-4000.803	-4261.195	260.3924	2.133091	0.5619188	0.522497	0.477503	0.9605834
59706	-4001.859	-4262.124	260.2655	2.133091	0.5619188	0.623627	0.376373	1.084867
59712	-4010.326	-4270.361	260.0351	2.084415	0.6193326	0.706999	0.293001	1.255058
59718	-4002.874	-4263.076	260.2016	1.990332	0.5826294	0.816857	0.183143	1.239089
59724	-3995.861	-4256.105	260.2442	2.004186	0.5178385	0.692872	0.307128	1.275411
59730	-3994.944	-4255.107	260.1634	2.004186	0.5152246	0.656172	0.343828	1.344189
59736	-3999.053	-4259.45	260.3967	1.925913	0.4254968	0.632272	0.367728	1.344189
59742	-3997.65	-4257.72	260.0704	1.879132	0.527524	0.742338	0.257662	1.497301
59748	-3995.621	-4255.646	260.0249	1.803331	0.4915856	0.791221	0.208779	1.629564
59754	-3987.417	-4247.502	260.0847	1.833077	0.5688469	0.791221	0.208779	1.472934
59760	-4004.641	-4264.578	259.9368	1.801433	0.5373492	0.690186	0.309814	1.640992
59766	-3993.19	-4253.256	260.0656	1.868119	0.513064	0.650478	0.349522	1.526429
59772	-3989.222	-4248.97	259.7478	1.810138	0.486808	0.568756	0.431244	1.825496
59778	-3978.43	-4238.402	259.9729	1.697349	0.493836	0.612444	0.387556	1.739278
59784	-3986.518	-4246.429	259.9113	1.648089	0.4491639	0.70927	0.29073	1.869196
59790	-3994.906	-4254.455	259.549	1.628427	0.5266443	0.575023	0.424977	2.038276
59796	-3993.615	-4252.991	259.3763	1.70239	0.5431463	0.625109	0.374891	2.086259
59802	-3986.819	-4246.618	259.799	1.733607	0.4062518	0.625109	0.374891	1.940958
59808	-3992.791	-4252.708	259.9161	1.806642	0.3701487	0.499907	0.500093	1.860153
59814	-3980.959	-4240.586	259.6275	1.768922	0.5555904	0.464885	0.535115	1.860516
59820	-3990.229	-4250.206	259.9775	1.761792	0.3618104	0.654286	0.345714	1.860516
59826	-3995.022	-4254.435	259.4128	1.761792	0.6360251	0.713606	0.286394	1.931248
59832	-3995.256	-4254.901	259.6446	1.772039	0.4702514	0.565983	0.434017	1.940935
59838	-4005.228	-4265.345	260.1167	1.87404	0.4710404	0.661151	0.338849	1.536296
59844	-3986.422	-4246.597	260.1749	1.931169	0.4821	0.628974	0.371026	1.435146
59850	-3972.108	-4231.983	259.8743	1.931169	0.631199	0.633464	0.366536	1.4892
59856	-3983.882	-4243.761	259.8786	1.847043	0.5760488	0.699455	0.300545	1.607223
59862	-3986.877	-4246.892	260.0152	1.9014	0.5625283	0.64687	0.35313	1.481021
59868	-3990.227	-4250.655	260.4286	2.034056	0.432038	0.712576	0.287424	1.219525
59874	-3980.254	-4240.357	260.1026	1.949714	0.5728885	0.707217	0.292783	1.364318
59880	-3985.273	-4245.257	259.9845	1.994385	0.5491052	0.689026	0.310974	1.449385
59886	-4006.007	-4266.265	260.2572	2.059635	0.4558664	0.707757	0.292243	1.304809
59892	-4008.431	-4268.576	260.1452	1.9777	0.5527271	0.707757	0.292243	1.332626
59898	-3989.695	-4249.813	260.1173	2.018385	0.5908533	0.718699	0.281301	1.275694
59904	-3993.502	-4254.023	260.521	2.192816	0.4553518	0.632562	0.367438	0.946019
59910	-3995.543	-4255.97	260.4272	2.277446	0.4145388	0.680203	0.319797	1.030597
59916	-3995.032	-4255.43	260.3989	2.254008	0.4908375	0.680203	0.319797	0.945889
59922	-3986.027	-4246.428	260.401	2.201166	0.5246946	0.66624	0.33376	0.9409925
59928	-3980.136	-4240.497	260.3612	2.23698	0.4816833	0.652014	0.347986	1.017412
59934	-3967.678	-4228.092	260.413	2.179035	0.5322567	0.715455	0.284545	0.9389006
59940	-3968.382	-4228.914	260.5323	2.179035	0.4524606	0.695226	0.304774	0.9539721
59946	-3974.71	-4235.036	260.3258	2.07305	0.5416247	0.681166	0.318834	1.113395
59952	-3988.35	-4248.619	260.2686	2.07551	0.5773991	0.681166	0.318834	1.113395
59958	-3970.224	-4230.616	260.3925	2.179726	0.4830912	0.681166	0.318834	1.040402
59964	-3984.853	-4245.455	260.6015	2.093778	0.461754	0.654791	0.345209	0.9537286
59970	-3981.18	-4241.631	260.4509	2.080564	0.5156688	0.666367	0.333633	1.027589
59976	-3987.39	-4247.772	260.382	2.107075	0.554309	0.645912	0.354088	1.009422
59982	-3979.875	-4240.064	260.1885	2.161832	0.6731582	0.661541	0.338459	0.9776056
59988	-3970.296	-4230.475	260.1794	2.147414	0.6314824	0.645683	0.354317	1.05688
59994	-3979.519	-4239.978	260.459	2.108568	0.4718378	0.660143	0.339857	1.063129
60000	-3985.388	-4245.895	260.5068	2.112122	0.445216	0.648897	0.351103	1.058785
60006	-3984.642	-4244.999	260.3572	2.141434	0.5196295	0.766141	0.233859	1.053075
60012	-3987.409	-4247.851	260.4422	2.141434	0.4905231	0.67375	0.32625	1.017098
60018	-3996.269	-4256.533	260.2642	2.183894	0.6037245	0.674992	0.325008	0.9764811
60024	-3998.214	-4258.528	260.3142	2.229794	0.5651199	0.674992	0.325008	0.9358658
60030	-3979.812	-4240.145	260.3335	1.988821	0.5265756	0.674636	0.325364	1.201642
60036	-3983.141	-4243.509	260.3678	2.008334	0.4935895	0.743653	0.256347	1.201642
60042	-3980.488	-4240.971	260.4833	2.002897	0.5102351	0.679348	0.320652	1.07914
60048	-3985.957	-4246.412	260.4553	2.073349	0.462415	0.661315	0.338685	1.114235
60054	-3980.519	-4240.846	260.3266	2.158899	0.5691682	0.625747	0.374253	0.9903071
60060	-3985.133	-4245.575	260.4423	2.130264	0.5135324	0.717358	0.282642	0.9903071
60066	-3979.875	-4240.218	260.3433	2.145341	0.5135324	0.653387	0.346613	1.071779
60072	-3990.997	-4251.511	260.5139	2.220804	0.4810984	0.645945	0.354055	0.8732588
60078	-3981.219	-4241.645	260.4259	2.220804	0.4810984	0.645945	0.354055	0.9695654
60084	-3971.889	-4232.361	260.4723	2.174413	0.4810984	0.66514	0.33486	0.9695654
60090	-3971.956	-4232.41	260.4534	2.186634	0.4810984	0.743007	0.256993	0.9764797
60096	-3985.831	-4246.297	260.4653	2.19842	0.4272346	0.718077	0.281923	1.047196
60102	-3978.205	-4238.459	260.2542	2.19842	0.5527878	0.662131	0.337869	1.047196
60108	-3988.744	-4249.017	260.2733	2.17612	0.6034903	0.664449	0.335551	0.9754065
60114	-3987.797	-4248.177	260.3796	2.246345	0.5047299	0.732937	0.267063	0.9500596
60120	-3981.948	-4242.328	260.38	2.304296	0.5047299	0.711972	0.288028	0.8860006
60126	-3983.02	-4243.387	260.3666	2.264943	0.5047299	0.752223	0.247777	0.9440881
60132	-3976.718	-4237.099	260.3813	2.246223	0.5413599	0.567629	0.432371	0.8836919
60138	-3984.809	-4245.067	260.2579	2.246223	0.5933897	0.75855	0.24145	0.9334698
60144	-3976.664	-4237.078	260.414	2.302316	0.5164529	0.680602	0.319398	0.8243473
60150	-3989.655	-4250.008	260.3532	2.232409	0.5450014	0.813378	0.186622	0.9242379
60156	-3992.455	-4252.886	260.4308	2.217557	0.5174524	0.746629	0.253371	0.9032212
60162	-3997.331	-4257.679	260.3473	2.09926	0.5661937	0.613872	0.386128	1.033299
60168	-3987.861	-4248.334	260.4734	2.136484	0.4693507	0.628461	0.371539	1.026622
60174	-3988.591	-4248.941	260.3494	2.1742	0.520304	0.646303	0.353697	1.02797
60180	-3985.093	-4245.452	260.3581	2.18774	0.4697885	0.63343	0.36657	1.086703
60186	-3982.223	-4242.631	260.4086	2.15114	0.5116222	0.713331	0.286669	1.006288
60192	-3982.64	-4242.932	260.2928	2.15114	0.5116222	0.700419	0.299581	1.115859
60198	-3983.043	-4243.373	260.3295	2.115665	0.510876	0.700419	0.299581	1.115859
60204	-3984.597	-4244.999	260.4026	2.280974	0.5378376	0.705065	0.294935	0.8227283
60210	-3984.326	-4244.676	260.3505	2.258478	0.5370532	0.639337	0.360663	0.9123126
60216	-3993.3	-4253.693	260.3929	2.350773	0.5531927	0.693946	0.306054	0.6997803
60222	-3992.271	-4252.647	260.3763	2.357069	0.5531927	0.728917	0.271083	0.7172977
60228	-3982.682	-4243.076	260.394	2.346938	0.5264198	0.684028	0.315972	0.7698545
60234	-3983.092	-4243.501	260.4094	2.369262	0.5075096	0.640476	0.359524	0.7595131
60240	-3978.981	-4239.349	260.3679	2.19969	0.5652484	0.721069	0.278931	0.9098553
60246	-3976.235	-4236.747	260.5118	2.189914	0.4606209	0.669702	0.330298	0.949051
60252	-3972.866	-4233.437	260.5706	2.129534	0.4210251	0.669702	0.330298	1.023114
60258	-3971.748	-4232.163	260.4152	2.080079	0.474664	0.72769	0.27231	1.125194
60264	-3976.441	-4236.831	260.3892	2.098856	0.5356379	0.72769	0.27231	1.038804
60270	-3973.304	-4233.681	260.377	2.107391	0.5286723	0.623234	0.376766	1.052844
60276	-3970.998	-4231.498	260.5001	2.122279	0.4924136	0.743747	0.256253	0.9749974
60282	-3979.813	-4240.013	260.1994	2.130204	0.5832793	0.674188	0.325812	1.118592
60288	-3986.159	-4246.389	260.2299	2.040704	0.544992	0.79837	0.20163	1.220959
60294	-3993.992	-4254.262	260.2702	2.040704	0.5195344	0.630079	0.369921	1.220959
60300	-4007.569	-4266.688	259.1188	1.674747	0.6180927	0.669874	0.330126	2.199439
60306	-3996.046	-4255.485	259.4386	1.702538	0.4760197	0.725756	0.274244	2.117204
60312	-3997.542	-4257.078	259.5361	1.714876	0.4147463	0.653218	0.346782	2.117204
60318	-4005.71	-4264.936	259.226	1.713842	0.6041767	0.583478	0.416522	2.117204
60324	-3977.711	-4237.951	260.2399	1.963884	0.4890556	0.577266	0.422734	1.349756
60330	-3976.201	-4236.311	260.1105	1.905253	0.4689336	0.702707	0.297293	1.520395
60336	-3993.489	-4253.697	260.2075	1.973711	0.4404792	0.689858	0.310142	1.433353
60342	-3993.608	-4253.753	260.1454	1.973711	0.5502574	0.553339	0.446661	1.33867
60348	-3988.623	-4248.693	260.0701	2.0052	0.5708972	0.735468	0.264532	1.348471
60354	-3982.67	-4242.981	260.3109	2.0052	0.5351783	0.656418	0.343582	1.195295
60360	-3986.144	-4246.463	260.3189	2.064518	0.4495195	0.655531	0.344469	1.259447
60366	-3981.637	-4241.82	260.1832	2.022498	0.5423883	0.762986	0.237014	1.278499
60372	-3987.582	-4247.84	260.2584	1.957032	0.5361565	0.667007	0.332993	1.278499
60378	-3984.552	-4244.712	260.1592	1.990671	0.6183937	0.664475	0.335525	1.230731
60384	-3979.037	-4239.174	260.1373	1.982472	0.6212651	0.696313	0.303687	1.252512
60390	-3977.225	-4237.456	260.2308	2.042257	0.5482653	0.762637	0.237363	1.214572
60396	-3976.29	-4236.581	260.2909	2.041873	0.5482653	0.690154	0.309846	1.163075
60402	-3992.745	-4252.82	260.0755	2.130055	0.6794574	0.69408	0.30592	1.108712
60408	-4016.981	-4277.163	260.1818	2.021365	0.6794574	0.678257	0.321743	1.110877
60414	-3994.066	-4254.326	260.2608	2.129166	0.5509477	0.804053	0.195947	1.108225
60420	-3992.528	-4252.964	260.4362	2.135104	0.4475073	0.804053	0.195947	1.099283
60426	-3982.123	-4242.739	260.6163	2.120289	0.4484296	0.549441	0.450559	0.9348042
60432	-3987.02	-4247.471	260.451	2.232955	0.4624382	0.549441	0.450559	0.9643346
60438	-3985.879	-4246.398	260.5187	2.210177	0.4462056	0.595157	0.404843	0.9472931
60444	-3979.662	-4240.161	260.4991	2.210177	0.5015658	0.595157	0.404843	0.8628823
60450	-3985.958	-4246.551	260.5934	2.210598	0.4094716	0.597916	0.402084	0.9393432
60456	-3986.558	-4247.109	260.551	2.205903	0.4376315	0.70857	0.29143	0.933859
60462	-3984.898	-4245.445	260.5471	2.257867	0.4833569	0.678511	0.321489	0.7793204
60468	-3995.252	-4256.022	260.7704	2.329639	0.3352444	0.728876	0.271124	0.7616417
60474	-3997.512	-4258.243	260.7317	2.329639	0.350382	0.665039	0.334961	0.7708266
60480	-3974.329	-4234.758	260.429	2.329639	0.5238782	0.694107	0.305893	0.7499327
60486	-3976.476	-4237.069	260.5927	2.264841	0.4396975	0.694107	0.305893	0.8113041
60492	-3979.227	-4239.664	260.4367	2.243882	0.5182724	0.711226	0.288774	0.8645962
60498	-3989.906	-4250.375	260.4691	2.150179	0.5182724	0.713676	0.286324	0.9336599
60504	-3983.233	-4243.628	260.3952	2.127858	0.5476222	0.642368	0.357632	0.9856835
60510	-3994.768	-4255.326	260.5577	2.166193	0.4025795	0.642368	0.357632	1.03389
60516	-3988.639	-4248.76	260.1208	2.174946	0.6675917	0.621545	0.378455	1.039223
60522	-4003.497	-4263.991	260.4938	2.096955	0.4549196	0.728403	0.271597	1.06902
60528	-4003.649	-4264.034	260.3852	2.058237	0.4382127	0.726475	0.273525	1.226212
60534	-4000.21	-4260.56	260.3502	2.058237	0.482452	0.584381	0.415619	1.190008
60540	-3992.288	-4252.117	259.8288	1.808496	0.522299	0.742069	0.257931	1.729692
60546	-3992.382	-4252.309	259.9275	1.809624	0.5682084	0.594004	0.405996	1.60745
60552	-3978.385	-4238.428	260.0427	1.954378	0.460951	0.618042	0.381958	1.544607
60558	-3991.126	-4251.59	260.4643	1.962644	0.4583249	0.569791	0.430209	1.209812
60564	-3984.75	-4245.033	260.2832	2.053564	0.4925322	0.744136	0.255864	1.236536
60570	-3990.312	-4250.484	260.1718	2.105791	0.5445071	0.732244	0.267756	1.215737
60576	-3984.59	-4244.93	260.3406	2.107104	0.5445071	0.700456	0.299544	1.064066
60582	-3985.639	-4246.065	260.4261	2.045939	0.4897129	0.644038	0.355962	1.123179
60588	-3988.66	-4249.121	260.4605	2.155626	0.5080052	0.770452	0.229548	0.9547117
60594	-3991.979	-4252.217	260.2377	2.229911	0.6047314	0.771983	0.228017	0.9547117
60600	-3986.999	-4247.203	260.2039	2.381702	0.6106271	0.678486	0.321514	0.8080744
60606	-3994	-4254.444	260.4444	2.373625	0.4984608	0.678486	0.321514	0.7218024
60612	-3998.417	-4258.768	260.3508	2.385845	0.539326	0.717208	0.282792	0.7461434
60618	-4001.099	-4261.391	260.2919	2.442556	0.5572688	0.717208	0.282792	0.7049646
60624	-3977.825	-4238.351	260.5266	2.442556	0.4182677	0.625921	0.374079	0.7049646
60630	-3983.228	-4243.713	260.4854	2.372125	0.466729	0.625921	0.374079	0.7442928
60636	-3989.873	-4250.418	260.5448	2.353744	0.466729	0.57934	0.42066	0.6746335
60642	-3992.847	-4253.307	260.4599	2.412476	0.448052	0.630348	0.369652	0.7707405
60648	-3997.509	-4257.907	260.3973	2.267042	0.575562	0.746487	0.253513	0.7707405
60654	-3989.414	-4249.981	260.5669	2.297415	0.4526044	0.772186	0.227814	0.7707405
60660	-3997.998	-4258.35	260.3525	2.322208	0.5221141	0.750371	0.249629	0.8642793
60666	-3993.539	-4254.027	260.4881	2.322208	0.4779756	0.797598	0.202402	0.7846377
60672	-3982.716	-4243.062	260.346	2.283532	0.5579846	0.583962	0.416038	0.8509591
60678	-3985.696	-4246.065	260.3689	2.345324	0.5368999	0.665657	0.334343	0.7840004
60684	-3997.4	-4257.78	260.3801	2.304602	0.5416055	0.694658	0.305342	0.8136881
60690	-3983.38	-4243.755	260.3752	2.336045	0.5236958	0.75099	0.24901	0.8159212
60696	-3983.411	-4243.787	260.3754	2.194984	0.5002117	0.704376	0.295624	1.014288
60702	-3987.691	-4247.955	260.2639	2.185193	0.6484166	0.606035	0.393965	0.908234
60708	-3988.182	-4248.594	260.4121	2.225701	0.5500959	0.653157	0.346843	0.8557111
60714	-3982.465	-4242.928	260.4627	2.227101	0.4927991	0.653157	0.346843	0.9020907
60720	-3996.293	-4256.814	260.5208	2.199575	0.5022295	0.793684	0.206316	0.8481975
60726	-3990.979	-4251.387	260.408	2.231924	0.5091168	0.68566	0.31434	0.9273922
60732	-3984.612	-4244.966	260.3544	2.182964	0.5063961	0.607723	0.392277	1.036566
60738	-3979.201	-4239.725	260.524	2.168214	0.4218404	0.773105	0.226895	1.029373
60744	-3972.429	-4232.851	260.4216	2.152236	0.5038287	0.680283	0.319717	1.004957
60750	-3979.703	-4240.095	260.3916	2.176121	0.5075245	0.721168	0.278832	1.004957
60756	-3982.418	-4242.82	260.4022	2.187641	0.511678	0.719118	0.280882	0.97579
60762	-3983.752	-4244.212	260.4602	2.096013	0.511678	0.607252	0.392748	1.009721
60768	-3983.417	-4243.91	260.4928	2.010249	0.4304094	0.662965	0.337035	1.187524
60774	-3995.207	-4255.473	260.2666	1.986275	0.4958801	0.662965	0.337035	1.301153
60780	-3980.677	-4241.013	260.3357	1.986275	0.4958801	0.580579	0.419421	1.2442
60786	-3994.844	-4255.352	260.5078	2.015096	0.4078601	0.706393	0.293607	1.206578
60792	-3999.777	-4260.133	260.3567	2.015096	0.5513318	0.629761	0.370239	1.124151
60798	-3974.745	-4235.138	260.393	2.076808	0.5321433	0.58989	0.41011	1.06152
60804	-3981.267	-4241.468	260.2003	1.8615	0.4778988	0.687048	0.312952	1.474286
60810	-3979.36	-4239.473	260.113	1.864398	0.4778988	0.672316	0.327684	1.537446
60816	-4006.068	-4266.325	260.2568	1.864398	0.4778988	0.768752	0.231248	1.429019
60822	-4005.716	-4265.681	259.9649	1.916714	0.5828091	0.60714	0.39286	1.484435
60828	-3989.284	-4249.6	260.3154	1.923396	0.4693883	0.719703	0.280297	1.348532
60834	-3978.854	-4239.145	260.2916	1.981836	0.4693883	0.631234	0.368766	1.320815
60840	-3992.949	-4253.134	260.1852	1.908338	0.597642	0.732719	0.267281	1.302004
60846	-3997.191	-4257.035	259.8434	1.950435	0.6320101	0.732719	0.267281	1.497132
60852	-3984.417	-4244.535	260.1182	1.950435	0.6320101	0.749438	0.250562	1.282287
60858	-3998.344	-4258.345	260.0007	1.916324	0.6554886	0.670765	0.329235	1.377754
60864	-3998.557	-4258.497	259.9394	1.916324	0.6516992	0.698871	0.301129	1.429358
60870	-3994.156	-4254.391	260.2349	1.932377	0.4480236	0.659043	0.340957	1.433639
60876	-3981.883	-4241.969	260.0862	1.957694	0.5900459	0.659043	0.340957	1.350792
60882	-3988.548	-4248.945	260.3969	1.977507	0.4831837	0.670249	0.329751	1.218053
60888	-3994.01	-4254.473	260.4633	2.014154	0.4194063	0.752225	0.247775	1.226751
60894	-3977.372	-4237.765	260.3923	2.160126	0.4998935	0.686258	0.313742	1.032347
60900	-3988.801	-4249.202	260.4011	2.142637	0.5005435	0.722424	0.277576	1.039719
60906	-3992.89	-4253.06	260.1697	2.14827	0.6220165	0.722424	0.277576	1.077749
60912	-3986.667	-4246.788	260.1211	1.843817	0.4547006	0.717078	0.282922	1.576364
60918	-3991.471	-4251.674	260.2028	1.858032	0.5041631	0.717078	0.282922	1.441558
60924	-4001.092	-4261.116	260.0238	1.88127	0.5041631	0.747431	0.252569	1.558379
60930	-4013.569	-4273.889	260.3197	1.81316	0.4318444	0.703849	0.296151	1.482087
60936	-4007.674	-4267.871	260.1967	1.879585	0.4581776	0.66022	0.33978	1.489098
60942	-4006.669	-4266.865	260.1962	1.912128	0.5586712	0.694134	0.305866	1.336961
60948	-3999.788	-4259.991	260.2032	1.974815	0.5266297	0.672882	0.327118	1.321205
60954	-4002.137	-4262.495	260.358	1.982798	0.4312308	0.717029	0.282971	1.321205
60960	-4000.581	-4260.842	260.2606	1.929204	0.4504694	0.607099	0.392901	1.412911
60966	-3988.136	-4248.415	260.2789	1.964197	0.511049	0.622607	0.377393	1.288784
60972	-3993.159	-4253.397	260.2376	2.004777	0.5510375	0.622607	0.377393	1.236904
60978	-3998.055	-4258.554	260.499	1.938686	0.4444929	0.682889	0.317111	1.221566
60984	-3999.268	-4259.449	260.1809	1.938686	0.5906415	0.638444	0.361556	1.289115
60990	-3985.224	-4244.914	259.69	1.847407	0.6595124	0.63278	0.36722	1.657169
60996	-3990.084	-4249.771	259.6867	1.814675	0.6029792	0.628864	0.371136	1.738904
61002	-3997.644	-4257.427	259.7839	1.778048	0.6176895	0.660452	0.339548	1.681143
61008	-3989.882	-4249.534	259.6512	1.650648	0.4559012	0.623991	0.376009	2.034315
61014	-3986.031	-4246.002	259.9709	1.707055	0.4374826	0.678449	0.321551	1.802177
61020	-3986.274	-4246.064	259.7901	1.707055	0.4038373	0.781145	0.218855	1.967861
61026	-3986.51	-4246.392	259.8815	1.707055	0.4394855	0.649806	0.350194	1.861173
61032	-3984.791	-4244.541	259.7499	1.781152	0.508748	0.772794	0.227206	1.81896
61038	-3988.96	-4248.577	259.6169	1.750886	0.4766264	0.674962	0.325038	1.966416
61044	-3978.895	-4238.418	259.5225	1.546904	0.4748721	0.706583	0.293417	2.165275
61050	-3985.074	-4245.523	260.4482	2.133234	0.5074412	0.717754	0.282246	0.9913391
61056	-3985.694	-4246.02	260.326	1.992619	0.5055734	0.734923	0.265077	1.233643
61062	-3973.708	-4233.832	260.1235	1.848928	0.5274079	0.734923	0.265077	1.480187
61068	-3979.068	-4239.206	260.1373	1.856784	0.4503449	0.743409	0.256591	1.560589
61074	-3980.588	-4240.654	260.0659	1.818511	0.5150116	0.660496	0.339504	1.560589
61080	-3985.292	-4245.23	259.9385	1.818511	0.4680349	0.647212	0.352788	1.709009
61086	-3979.039	-4238.833	259.7937	1.854899	0.5379826	0.685824	0.314176	1.704177
61092	-3990.517	-4250.328	259.811	1.687002	0.5223435	0.725846	0.274154	1.826593
61098	-3981.849	-4241.551	259.7014	1.741525	0.5223435	0.701808	0.298192	1.86432
61104	-3983.521	-4242.998	259.4772	1.742597	0.4547902	0.732446	0.267554	2.089821
61110	-3978.443	-4238.236	259.7926	1.742597	0.4547902	0.678966	0.321034	1.878933
61116	-3971.26	-4231.128	259.8673	1.742597	0.4547902	0.714846	0.285154	1.827731
61122	-3991.112	-4250.346	259.2347	1.76764	0.5843213	0.637407	0.362593	2.095317
61128	-3972.945	-4232.864	259.9181	1.836598	0.488573	0.676478	0.323522	1.685855
61134	-3990.784	-4250.531	259.747	1.768588	0.5240988	0.666282	0.333718	1.812525
61140	-3991.382	-4250.937	259.5556	1.707112	0.3473298	0.730838	0.269162	2.197063
61146	-3975.727	-4235.727	259.9995	1.707112	0.4601618	0.674872	0.325128	1.754139
61152	-3980.174	-4239.822	259.6486	1.725614	0.4189473	0.665911	0.334089	2.030821
61158	-3998.487	-4258.137	259.6499	1.758747	0.573806	0.641658	0.358342	1.833139
61164	-3995.666	-4255.173	259.5074	1.835307	0.6143751	0.7025	0.2975	1.837629
61170	-3993.604	-4253.659	260.0548	1.859323	0.5222537	0.610777	0.389223	1.530031
61176	-3998.628	-4258.23	259.602	1.830626	0.5106688	0.693343	0.306657	1.884222
61182	-4009.596	-4267.716	258.1196	1.502746	0.4774922	0.783469	0.216531	3.059402
61188	-4002.176	-4261.058	258.8823	1.502746	0.4687796	0.770198	0.229802	2.605132
61194	-3992.69	-4252.049	259.3587	1.725791	0.5009763	0.765681	0.234319	2.126779
61200	-3986.838	-4246.552	259.7142	1.725791	0.4605744	0.754041	0.245959	1.936533
61206	-3983.394	-4243.495	260.1006	1.759519	0.3758519	0.572561	0.427439	1.757223
61212	-3991.093	-4250.814	259.7215	1.710673	0.4691252	0.730808	0.269192	1.931796
61218	-3983.282	-4242.715	259.4329	1.630425	0.5746161	0.757159	0.242841	2.064668
61224	-3986.031	-4245.237	259.2061	1.630084	0.5433941	0.696408	0.303592	2.243685
61230	-3990.346	-4250.382	260.0361	1.722539	0.3637963	0.71573	0.28427	1.844483
61236	-3993.984	-4253.883	259.8988	2.005931	0.5502071	0.684315	0.315685	1.504202
61242	-4005.223	-4265.324	260.101	1.992918	0.5502071	0.547817	0.452183	1.358764
61248	-3998.477	-4258.593	260.1155	1.992918	0.6261828	0.701946	0.298054	1.256164
61254	-3994.584	-4254.99	260.406	2.005596	0.5612719	0.72832	0.27168	1.07369
61260	-3988.496	-4248.582	260.0855	1.840099	0.4369334	0.726159	0.273841	1.628019
61266	-4005.419	-4265.38	259.961	1.833249	0.602159	0.594138	0.405862	1.52855
61272	-3994.143	-4253.984	259.8408	1.887666	0.615713	0.678184	0.321816	1.562798
61278	-3983.733	-4243.551	259.818	1.846918	0.599866	0.678184	0.321816	1.625699
61284	-3981.162	-4241.01	259.8482	1.89328	0.5886206	0.575553	0.424447	1.582052
61290	-4013.004	-4273.363	260.3594	2.303854	0.563451	0.680816	0.319184	0.7974944
61296	-3999.954	-4260.311	260.3569	2.361686	0.5528882	0.676731	0.323269	0.741591
61302	-3998.673	-4258.989	260.3163	1.883613	0.3996391	0.586719	0.413281	1.477096
61308	-3988.251	-4248.491	260.2405	1.880669	0.4382716	0.586719	0.413281	1.482043
61314	-3992.917	-4253.127	260.2109	1.905287	0.4708048	0.678148	0.321852	1.442158
61320	-3991.022	-4251.184	260.1621	1.954067	0.4708048	0.724029	0.275971	1.442158
61326	-4005.668	-4265.551	259.8836	1.852375	0.5645625	0.790009	0.209991	1.612286
61332	-4006.415	-4266.403	259.9877	1.94507	0.567392	0.658241	0.341759	1.463208
61338	-4008.709	-4268.596	259.8872	1.925429	0.6838702	0.82547	0.17453	1.429233
61344	-4005.981	-4266.285	260.3036	2.000524	0.4402575	0.723865	0.276135	1.337475
61350	-4004.303	-4264.551	260.2479	1.912191	0.5468314	0.724922	0.275078	1.310022
61356	-4011.803	-4272.167	260.3636	1.912191	0.4615583	0.73737	0.26263	1.329863
61362	-4005.049	-4265.434	260.3849	1.915376	0.4625501	0.647372	0.352628	1.308785
61368	-3997.276	-4257.253	259.9775	1.871471	0.5598879	0.685325	0.314675	1.534644
61374	-4003.294	-4263.162	259.8684	1.871471	0.5197606	0.627926	0.372074	1.659887
61380	-3993.823	-4253.829	260.0055	1.841743	0.5197606	0.705689	0.294311	1.582212
61386	-3985.378	-4245.37	259.9918	1.841743	0.479894	0.688599	0.311401	1.639946
61392	-3993.592	-4253.494	259.9021	1.841441	0.4904212	0.814202	0.185798	1.69156
61398	-3988.188	-4248.004	259.8155	1.823901	0.5442486	0.796078	0.203922	1.703792
61404	-3990.674	-4250.544	259.87	1.823901	0.5555205	0.661742	0.338258	1.652547
61410	-3997.286	-4257.615	260.3299	1.815737	0.4220152	0.688965	0.311035	1.486083
61416	-4002.002	-4261.912	259.9105	1.738475	0.5452506	0.708744	0.291256	1.69586
61422	-3988.675	-4248.478	259.803	1.926654	0.5452506	0.804006	0.195994	1.638247
61428	-4010.469	-4270.132	259.6633	1.862234	0.6880572	0.707469	0.292531	1.638247
61434	-4000.359	-4260.07	259.7109	1.887618	0.6342301	0.707469	0.292531	1.638247
61440	-4005.365	-4265.748	260.3833	1.992187	0.4602256	0.704481	0.295519	1.250314
61446	-3984.443	-4244.85	260.4072	2.019343	0.4317517	0.667335	0.332665	1.250314
61452	-3983.652	-4244.153	260.5001	2.036138	0.4419809	0.770073	0.229927	1.139958
61458	-3992.757	-4253.027	260.2703	2.036138	0.5313542	0.770073	0.229927	1.208741
61464	-4004.916	-4265.256	260.3405	1.77723	0.4361002	0.694597	0.305403	1.487592
61470	-3983.292	-4243.286	259.9931	1.908764	0.6949652	0.694597	0.305403	1.34806
61476	-3987.862	-4247.962	260.1007	1.899912	0.6215766	0.543836	0.456164	1.349012
61482	-3977.225	-4237.645	260.4202	2.013141	0.4785868	0.703128	0.296872	1.174128
61488	-3996.523	-4256.812	260.2883	2.01393	0.5238477	0.693042	0.306958	1.222499
61494	-3993.596	-4253.872	260.276	2.008043	0.5238477	0.613534	0.386466	1.237785
61500	-3989.424	-4249.674	260.2501	1.917904	0.5238477	0.771819	0.228181	1.332748
61506	-3990.345	-4250.536	260.1906	2.008023	0.5233619	0.661345	0.338655	1.30875
61512	-3992.239	-4251.804	259.5655	1.627191	0.4894621	0.644785	0.355215	2.068325
61518	-3990.918	-4249.796	258.8779	1.521437	0.5727301	0.612045	0.387955	2.492141
61524	-3982.566	-4242.827	260.261	2.097696	0.4988477	0.655959	0.344041	1.209122
61530	-3987.824	-4247.857	260.0331	1.979104	0.6655766	0.618713	0.381287	1.290684
61536	-4003.049	-4263.02	259.9708	2.006082	0.6655766	0.584351	0.415649	1.31932
61542	-3997.7	-4257.458	259.7583	1.845208	0.7041384	0.620487	0.379513	1.566337
61548	-4003.303	-4263.092	259.7895	1.852553	0.5691116	0.690907	0.309093	1.674819
61554	-3990.72	-4250.973	260.2525	1.989906	0.5558979	0.584351	0.415649	1.230537
61560	-3996.301	-4256.497	260.1964	1.989906	0.5349731	0.674044	0.325956	1.303845
61566	-3993.607	-4253.843	260.2362	2.021795	0.5349731	0.688656	0.311344	1.244798
61572	-3993.602	-4253.902	260.3007	2.094053	0.5349731	0.729427	0.270573	1.126492
61578	-3986.163	-4246.495	260.3321	2.122501	0.4979647	0.671556	0.328444	1.126492
61584	-4001.476	-4261.284	259.8075	1.812178	0.5687428	0.657829	0.342171	1.691101
61590	-4002.872	-4262.653	259.781	1.836797	0.5700358	0.674337	0.325663	1.691101
61596	-3999.704	-4259.796	260.0923	1.814631	0.4179019	0.736388	0.263612	1.666628
61602	-4009.972	-4269.821	259.849	1.850621	0.5645431	0.718876	0.281124	1.638549
61608	-3992.085	-4252.034	259.9492	1.927762	0.5662872	0.672252	0.327748	1.50656
61614	-3993.44	-4253.761	260.3213	1.979533	0.4766587	0.672252	0.327748	1.288521
61620	-3979.245	-4239.355	260.1099	1.970036	0.6185815	0.639228	0.360772	1.288521
61626	-3987.23	-4247.362	260.1321	1.97688	0.6103527	0.644689	0.355311	1.274392
61632	-3990.337	-4250.409	260.0713	1.979375	0.5941343	0.665799	0.334201	1.340641
61638	-3993.806	-4254.032	260.2253	1.999469	0.4826099	0.638254	0.361746	1.341692
61644	-3994.166	-4254.369	260.203	1.941717	0.4510599	0.741536	0.258464	1.446793
61650	-3977.989	-4238.176	260.1868	1.941717	0.4539991	0.785755	0.214245	1.45512
61656	-3989.464	-4249.557	260.0933	1.99754	0.5408273	0.69832	0.30168	1.372694
61662	-3990.389	-4250.618	260.2284	1.96359	0.4771921	0.673583	0.326417	1.374929
61668	-3991.963	-4252.228	260.2652	2.106079	0.4617265	0.655675	0.344325	1.251657
61674	-3991.842	-4252.224	260.3823	2.091807	0.4823911	0.664987	0.335013	1.132421
61680	-3982.428	-4242.704	260.2754	2.149625	0.5299763	0.573797	0.426203	1.106276
61686	-3987.82	-4248.146	260.3259	2.203445	0.5459134	0.594872	0.405128	0.981961
61692	-4003.973	-4264.36	260.3868	2.21063	0.5393957	0.685802	0.314198	0.9209817
61698	-3981.54	-4241.884	260.3448	2.100816	0.4979776	0.685802	0.314198	1.13455
61704	-3997.181	-4257.535	260.3536	2.128839	0.5101772	0.788325	0.211675	1.08274
61710	-3984.746	-4245.278	260.5325	2.126005	0.4576458	0.632984	0.367016	0.9988329
61716	-3989.809	-4250.256	260.4476	2.161182	0.4624753	0.670031	0.329969	1.039304
61722	-3979.444	-4239.774	260.3299	2.137675	0.518506	0.738286	0.261714	1.083946
61728	-3983.715	-4244.184	260.4695	2.137675	0.4802954	0.676284	0.323716	1.010887
61734	-3993.331	-4253.662	260.3315	2.137675	0.5434059	0.752973	0.247027	1.045267
61740	-4004.702	-4264.91	260.2088	2.106001	0.5927537	0.661413	0.338587	1.11939
61746	-3995.88	-4256.238	260.3578	2.09225	0.5495969	0.641801	0.358199	1.054292
61752	-3996.784	-4257.107	260.3231	2.257785	0.5514108	0.742298	0.257702	0.9186387
61758	-4006.021	-4266.4	260.3797	2.20954	0.5608364	0.576125	0.423875	0.8930738
61764	-3986.219	-4246.656	260.4377	2.20954	0.5001342	0.744434	0.255566	0.9354134
61770	-3980.196	-4240.612	260.4152	2.251077	0.5047479	0.66983	0.33017	0.9063542
61776	-3973.713	-4234.135	260.4227	2.251077	0.5096935	0.714688	0.285312	0.8887133
61782	-3979.171	-4239.707	260.5354	2.251077	0.4300868	0.57641	0.42359	0.9166053
61788	-3989.084	-4249.478	260.3941	2.251077	0.4932059	0.765903	0.234097	0.9498828
61794	-3983.329	-4243.795	260.4665	2.213728	0.4863046	0.697245	0.302755	0.9247347
61800	-4000.186	-4260.588	260.4018	2.263988	0.4671676	0.699435	0.300565	0.9745445
61806	-4005.821	-4266.095	260.2746	2.257617	0.5686007	0.699435	0.300565	0.9428257
61812	-3995.133	-4255.47	260.3372	2.152361	0.488317	0.669313	0.330687	1.109463
61818	-3992.907	-4253.344	260.4366	2.19329	0.4491449	0.669313	0.330687	1.041587
61824	-3978.18	-4238.537	260.3562	2.321689	0.5658856	0.705165	0.294835	0.7722141
61830	-3994.232	-4254.661	260.4286	2.313884	0.4906573	0.693627	0.306373	0.8447233
61836	-3984.502	-4244.931	260.4289	2.188291	0.4906573	0.58136	0.41864	0.9832754
61842	-3982.405	-4242.762	260.357	2.225608	0.5468141	0.740833	0.259167	0.9244372
61848	-3999.159	-4259.453	260.2942	2.225608	0.5683553	0.599723	0.400277	0.9562876
61854	-3987.198	-4247.71	260.5116	2.23656	0.4535709	0.792618	0.207382	0.912241
61860	-3995.136	-4255.654	260.5186	2.243977	0.4535709	0.583105	0.416895	0.8960622
61866	-3990.228	-4250.643	260.415	2.262634	0.505483	0.741716	0.258284	0.8921466
61872	-3989.906	-4250.165	260.2597	2.262634	0.5875983	0.767797	0.232203	0.9228845
61878	-3988.595	-4248.943	260.3481	2.262634	0.4890652	0.639156	0.360844	0.9925522
61884	-3987.552	-4248.1	260.5479	2.262634	0.4496635	0.639156	0.360844	0.8480072
61890	-3997.029	-4257.478	260.4495	2.181528	0.4791723	0.656167	0.343833	0.9889374
61896	-3991.766	-4252.259	260.4922	2.181528	0.4580843	0.656167	0.343833	0.9826552
61902	-3991.256	-4251.572	260.3157	2.111319	0.553822	0.686424	0.313576	1.069945
61908	-3982.654	-4243.019	260.3646	2.092875	0.5136118	0.605065	0.394935	1.100563
61914	-3981.274	-4241.683	260.4087	2.155172	0.5136118	0.710389	0.289611	0.9989441
61920	-3977.567	-4237.774	260.2076	2.12944	0.5684235	0.65949	0.34051	1.131915
61926	-3992.727	-4253.001	260.2738	2.111592	0.541839	0.706937	0.293063	1.125199
61932	-3990.003	-4250.124	260.1206	1.995928	0.5986932	0.609305	0.390695	1.281991
61938	-3996.849	-4257.118	260.2689	1.984822	0.5096044	0.593338	0.406662	1.281991
61944	-3987.233	-4247.536	260.3027	1.965697	0.5161379	0.627517	0.372483	1.261211
61950	-4006.391	-4266.591	260.2006	1.977909	0.5502033	0.542508	0.457492	1.29081
61956	-3998.447	-4258.661	260.2143	1.96326	0.5287351	0.670173	0.329827	1.318891
61962	-4001.578	-4261.774	260.1954	1.931691	0.4559954	0.622302	0.377698	1.453578
61968	-4001.548	-4261.354	259.8067	1.8229	0.5194818	0.679969	0.320031	1.738304
61974	-3979.507	-4239.573	260.0658	1.982642	0.5700316	0.665138	0.334862	1.370721
61980	-3978.821	-4239.229	260.4081	1.982642	0.4817309	0.662451	0.337549	1.206233
61986	-3978.541	-4238.789	260.2485	1.986735	0.5559649	0.651401	0.348599	1.236492
61992	-4001.668	-4261.921	260.2533	1.957773	0.4896082	0.644884	0.355116	1.343203
61998	-3995.075	-4255.023	259.9482	1.912326	0.5988998	0.682013	0.317987	1.482537
62004	-3995.423	-4255.077	259.6549	1.753066	0.6695458	0.771599	0.228401	1.739251
62010	-3993.117	-4252.831	259.7136	1.825317	0.534596	0.718989	0.281011	1.784785
62016	-4006.716	-4266.572	259.8561	1.855658	0.5186734	0.718989	0.281011	1.681208
62022	-3986.31	-4245.766	259.4562	1.731859	0.4638727	0.718989	0.281011	2.1002
62028	-3996.055	-4256.11	260.0549	1.764717	0.5157126	0.636449	0.363551	1.6071
62034	-3993.8	-4253.845	260.0444	1.851861	0.5662073	0.648665	0.351335	1.492171
62040	-3988.862	-4248.717	259.8549	1.933983	0.5662073	0.60649	0.39351	1.571886
62046	-3997.17	-4257.102	259.9327	1.941357	0.5673938	0.654965	0.345035	1.507453
62052	-4002.821	-4262.832	260.0106	1.859015	0.5253851	0.708113	0.291887	1.55923
62058	-4001.974	-4261.715	259.7403	1.910596	0.5924636	0.588947	0.411053	1.643637
62064	-3988.082	-4248.127	260.0448	1.992926	0.6349348	0.709347	0.290653	1.3041
62070	-3998.46	-4258.306	259.846	2.00037	0.7577024	0.597165	0.402835	1.328911
62076	-3989.193	-4249.459	260.2658	1.936437	0.5385015	0.755812	0.244188	1.286286
62082	-3986.812	-4246.918	260.106	1.933049	0.5106268	0.748587	0.251413	1.45009
62088	-3981.629	-4241.832	260.2039	1.83516	0.5106268	0.668665	0.331335	1.45009
62094	-3979.656	-4239.773	260.1169	1.945971	0.5106268	0.714595	0.285405	1.431852
62100	-3984.395	-4244.609	260.2145	1.959286	0.5346944	0.729915	0.270085	1.314271
62106	-3986.958	-4247.101	260.1427	1.910865	0.5346944	0.760488	0.239512	1.409301
62112	-3996.482	-4256.365	259.8826	1.870194	0.49822	0.708744	0.291256	1.675734
62118	-3981.592	-4241.744	260.1519	1.875726	0.4716756	0.708744	0.291256	1.508027
62124	-3985.376	-4245.415	260.0382	1.917655	0.5368206	0.707724	0.292276	1.481478
62130	-3984.293	-4244.384	260.0908	1.923205	0.6355448	0.667469	0.332531	1.322559
62136	-3969.796	-4230.006	260.2104	1.995864	0.5103742	0.690655	0.309345	1.319564
62142	-3985.871	-4246.071	260.2009	1.892123	0.444275	0.717449	0.282551	1.495141
62148	-3972.353	-4232.274	259.9209	1.935481	0.6014186	0.717449	0.282551	1.482879
62154	-3972.285	-4232.459	260.1737	1.883498	0.5493769	0.71944	0.28056	1.388594
62160	-3989.214	-4249.325	260.1108	1.906947	0.5753332	0.707464	0.292536	1.388594
62166	-3983.458	-4243.563	260.1045	1.765948	0.4760869	0.7143	0.2857	1.618062
62172	-3982.752	-4242.967	260.2144	1.944169	0.6103757	0.621432	0.378568	1.233065
62178	-4003.162	-4263.497	260.3344	2.046188	0.4691527	0.640493	0.359507	1.233065
62184	-3986.974	-4247.3	260.3257	1.975938	0.4691527	0.730144	0.269856	1.298337
62190	-3979.967	-4240.262	260.2957	1.913602	0.5209278	0.630684	0.369316	1.30332
62196	-3989.624	-4249.675	260.0512	1.913602	0.471488	0.72442	0.27558	1.554921
62202	-3989.472	-4249.65	260.1785	1.913602	0.5457004	0.690153	0.309847	1.365668
62208	-3987.505	-4247.444	259.9388	1.851501	0.5249017	0.635696	0.364304	1.617608
62214	-3991.924	-4251.992	260.0681	1.851501	0.5249017	0.704986	0.295014	1.522748
62220	-3980.782	-4240.726	259.9438	1.851501	0.5466813	0.704986	0.295014	1.589112
62226	-3974.336	-4234.268	259.9321	1.894187	0.5346938	0.750828	0.249172	1.580126
62232	-3986.907	-4246.78	259.8729	1.896852	0.5346938	0.680672	0.319328	1.621243
62238	-3972.503	-4232.784	260.2801	1.896852	0.4585316	0.700996	0.299004	1.411814
62244	-3973.824	-4233.98	260.1555	1.950354	0.5525244	0.670847	0.329153	1.346432
62250	-3992.093	-4252.095	260.0019	1.799955	0.4101314	0.615711	0.384289	1.751246
62256	-4007.546	-4267.456	259.9091	1.761792	0.5297472	0.704836	0.295164	1.697603
62262	-3994.732	-4254.653	259.9213	1.749321	0.5321016	0.699304	0.300696	1.695165
62268	-4006.352	-4266.115	259.7632	1.914337	0.6683651	0.628949	0.371051	1.546539
62274	-4001.268	-4261.023	259.7547	1.673157	0.5142561	0.759139	0.240861	1.883528
62280	-3991.24	-4250.823	259.5827	1.680456	0.4274691	0.723671	0.276329	2.093693
62286	-3991.887	-4251.554	259.6668	1.650245	0.4237713	0.694531	0.305469	2.062671
62292	-4006.143	-4265.539	259.3964	1.618215	0.5221841	0.694531	0.305469	2.14988
62298	-4002.178	-4262.018	259.8402	1.775594	0.6199902	0.66206	0.33794	1.640289
62304	-3984.945	-4244.619	259.6744	1.772337	0.5678996	0.66206	0.33794	1.813003
62310	-4004.118	-4263.635	259.5167	1.785116	0.6696693	0.652938	0.347062	1.813003
62316	-4005.119	-4264.087	258.9683	1.689873	0.6696693	0.624424	0.375576	2.240764
62322	-3988.703	-4248.073	259.3692	1.638447	0.44355	0.778625	0.221375	2.240764
62328	-3994.565	-4254.203	259.6373	1.648798	0.4863883	0.607572	0.392428	2.009913
62334	-3978.578	-4238.184	259.6058	1.680271	0.4863883	0.727656	0.272344	2.009913
62340	-3989.269	-4249.006	259.7372	1.617795	0.4119901	0.700856	0.299144	2.052174
62346	-3992.023	-4251.464	259.4406	1.644394	0.5330055	0.669442	0.330558	2.092562
62352	-3986.676	-4246.061	259.3851	1.669254	0.5062211	0.647686	0.352314	2.140857
62358	-3999.352	-4258.039	258.6877	1.458735	0.5626796	0.647686	0.352314	2.658522
62364	-4003.522	-4261.889	258.3667	1.470106	0.4416099	0.741198	0.258802	2.968518
62370	-4009.303	-4267.237	257.9347	1.470106	0.580945	0.628532	0.371468	3.090978
62376	-4005.907	-4264.527	258.6201	1.465965	0.5177708	0.63713	0.36287	2.738775
62382	-4013.902	-4273.64	259.7379	1.782002	0.4626058	0.671782	0.328218	1.879967
62388	-4003.616	-4263.613	259.9974	1.83837	0.4360555	0.671782	0.328218	1.693455
62394	-3986.362	-4246.77	260.408	1.828449	0.4295769	0.658295	0.341705	1.406049
62400	-3985.194	-4245.37	260.1754	1.911058	0.5011253	0.658295	0.341705	1.425731
62406	-3996.738	-4256.729	259.9914	1.892983	0.5644265	0.731966	0.268034	1.503095
62412	-3989.343	-4249.643	260.3004	1.8994	0.5013335	0.744839	0.255161	1.336609
62418	-3997.511	-4257.687	260.1763	1.931301	0.5441607	0.769965	0.230035	1.355319
62424	-3992.59	-4252.828	260.2378	1.957801	0.5312839	0.744651	0.255349	1.300959
62430	-3994.694	-4254.738	260.0445	1.90261	0.5074025	0.77537	0.22463	1.523358
62436	-4000.606	-4260.774	260.1684	1.90261	0.4818225	0.744832	0.255168	1.462259
62442	-3986.702	-4246.895	260.1925	2.076392	0.5640389	0.713536	0.286464	1.197465
62448	-3988.087	-4248.582	260.495	2.123845	0.4784415	0.680217	0.319783	1.002425
62454	-3984.378	-4244.842	260.4635	2.079571	0.4885208	0.780231	0.219769	1.059442
62460	-3999.491	-4259.692	260.2016	2.089219	0.5600475	0.732829	0.267171	1.183794
62466	-4000.337	-4260.505	260.1676	2.027496	0.581049	0.663887	0.336113	1.238442
62472	-4004.734	-4264.964	260.2298	1.960671	0.4978939	0.652181	0.347819	1.348602
62478	-4003.575	-4263.569	259.9941	1.930886	0.5405161	0.700985	0.299015	1.500286
62484	-3986.462	-4246.897	260.4352	2.149676	0.4511476	0.737928	0.262072	1.080811
62490	-3991.192	-4251.723	260.5304	2.243369	0.4570459	0.658898	0.341102	0.8761827
62496	-3995.005	-4255.346	260.3415	2.243369	0.5529889	0.522479	0.477521	0.9114848
62502	-3988.445	-4249.007	260.5618	2.243369	0.4590137	0.717857	0.282143	0.8342575
62508	-3984.516	-4244.896	260.3799	2.226931	0.4968853	0.655801	0.344199	0.983244
62514	-3982.471	-4242.705	260.2339	2.209447	0.5899243	0.685037	0.314963	1.001601
62520	-3977.215	-4237.615	260.4	2.320842	0.5199706	0.661886	0.338114	0.8112551
62526	-3984.455	-4245.12	260.6654	2.271326	0.3948337	0.791025	0.208975	0.8176358
62532	-3965.805	-4226.287	260.4826	2.245764	0.4803335	0.813839	0.186161	0.8821217
62538	-3966.864	-4227.237	260.373	2.157708	0.5147654	0.619431	0.380569	1.02983
62544	-3986.424	-4246.78	260.3557	2.078001	0.498866	0.812794	0.187206	1.143787
62550	-3982.527	-4242.897	260.3701	2.078001	0.479608	0.672188	0.327812	1.159685
62556	-3988.065	-4248.355	260.2897	2.071723	0.5324306	0.646818	0.353182	1.159685
62562	-3984.306	-4244.818	260.5114	2.091975	0.4314827	0.646818	0.353182	1.096449
62568	-3984.934	-4245.347	260.4121	1.997543	0.4979153	0.667528	0.332472	1.166417
62574	-3978.918	-4239.108	260.1903	1.997543	0.5455679	0.658972	0.341028	1.289011
62580	-3982.588	-4243.179	260.5911	1.997543	0.4075857	0.685262	0.314738	1.14998
62586	-3991.002	-4251.176	260.1737	1.933631	0.6142197	0.691023	0.308977	1.271152
62592	-3989.347	-4249.707	260.3605	1.933631	0.4544011	0.691023	0.308977	1.325204
62598	-3990.969	-4251.049	260.0799	1.961313	0.5863892	0.680225	0.319775	1.357148
62604	-3989.209	-4249.488	260.2789	1.951758	0.5017835	0.680225	0.319775	1.311221
62610	-3997.321	-4257.552	260.231	2.013699	0.5349445	0.728425	0.271575	1.255948
62616	-4001.149	-4261.282	260.1335	1.965795	0.6329239	0.662735	0.337265	1.255948
62622	-3992.86	-4253.021	260.1613	1.891514	0.5007396	0.696926	0.303074	1.451993
62628	-3988.49	-4248.049	259.5593	1.887122	0.73306	0.696926	0.303074	1.653449
62634	-3997.867	-4257.655	259.7881	1.834339	0.6655557	0.696926	0.303074	1.589775
62640	-3990.764	-4250.592	259.8282	1.815857	0.4989447	0.662035	0.337965	1.751684
62646	-3995.455	-4255.404	259.9497	1.875773	0.5492698	0.71017	0.28983	1.564047
62652	-3981.933	-4241.694	259.7615	1.875504	0.6366019	0.71017	0.28983	1.608062
62658	-3981.558	-4241.548	259.9902	1.909593	0.5849659	0.57007	0.42993	1.468284
62664	-3966.213	-4226.207	259.9932	1.897665	0.5510784	0.782038	0.217962	1.513551
62670	-3986.855	-4246.984	260.1287	1.881355	0.4776114	0.755516	0.244484	1.513551
62676	-3982.478	-4242.535	260.0577	1.881355	0.5647389	0.700341	0.299659	1.461502
62682	-3997.71	-4257.547	259.837	1.889571	0.6320513	0.595378	0.404622	1.547199
62688	-3970.313	-4230.326	260.0136	1.907128	0.541143	0.685424	0.314576	1.50274
62694	-3980.938	-4241.055	260.1171	1.830573	0.5241125	0.639786	0.360214	1.50274
62700	-3977.887	-4237.868	259.9818	1.83156	0.5409936	0.679744	0.320256	1.582376
62706	-3986.122	-4245.938	259.8158	1.689147	0.5668262	0.796094	0.203906	1.773827
62712	-3994.471	-4253.285	258.8138	1.513694	0.4813763	0.784669	0.215331	2.627397
62718	-3986.768	-4246.192	259.4238	1.678013	0.5538133	0.653995	0.346005	2.060103
62724	-3978.801	-4239.082	260.2818	1.962912	0.4821061	0.692713	0.307287	1.32641
62730	-3985.579	-4245.674	260.0943	1.873996	0.5677323	0.720615	0.279385	1.435671
62736	-3990.761	-4250.407	259.6455	1.616971	0.5677323	0.793434	0.206566	1.938847
62742	-3989.812	-4249.723	259.9115	1.720463	0.4880659	0.672966	0.327034	1.772795
62748	-3983.248	-4243.069	259.8211	1.720463	0.5079028	0.668815	0.331185	1.812658
62754	-3992.798	-4252.723	259.9249	1.705923	0.3914592	0.636057	0.363943	1.893867
62760	-3985.161	-4245.471	260.3093	1.791794	0.425136	0.636057	0.363943	1.515152
62766	-3984.115	-4244.296	260.181	1.818677	0.4824457	0.70791	0.29209	1.515152
62772	-4000.689	-4260.989	260.3001	1.931642	0.445695	0.693114	0.306886	1.386894
62778	-3997.615	-4257.893	260.2774	1.931642	0.4961647	0.669503	0.330497	1.33605
62784	-3992.761	-4252.913	260.1521	1.931642	0.589929	0.630379	0.369621	1.319094
62790	-3989.096	-4249.348	260.2522	1.931642	0.5267961	0.630379	0.369621	1.316276
62796	-3990.864	-4250.774	259.9107	1.931642	0.6759585	0.553262	0.446738	1.414381
62802	-3982.812	-4243.137	260.3252	1.887449	0.487104	0.735654	0.264346	1.345254
62808	-3988.69	-4248.942	260.2524	1.887449	0.4548959	0.764113	0.235887	1.445333
62814	-3977.548	-4238.067	260.5198	1.926779	0.4180976	0.71519	0.28481	1.254648
62820	-3980.966	-4241.173	260.2075	1.954184	0.525188	0.679449	0.320551	1.336143
62826	-3986.005	-4246.435	260.4293	1.954184	0.525188	0.785772	0.214228	1.150431
62832	-3983.054	-4243.277	260.2224	1.954184	0.5254283	0.720124	0.279876	1.323845
62838	-3987.712	-4247.959	260.2465	2.006388	0.5254283	0.727652	0.272348	1.261648
62844	-3985.041	-4245.279	260.238	2.032405	0.4797343	0.693369	0.306631	1.308942
62850	-3976.28	-4236.613	260.3326	2.0185	0.4588184	0.707722	0.292278	1.272608
62856	-3983.937	-4244.468	260.5308	2.045523	0.4748377	0.595862	0.404138	1.049892
62862	-3990.069	-4250.344	260.2747	2.021666	0.5424667	0.634496	0.365504	1.202407
62868	-3991.807	-4252.074	260.2673	1.939028	0.5424667	0.634496	0.365504	1.277831
62874	-3994.59	-4254.763	260.1729	1.907366	0.531099	0.668216	0.331784	1.392945
62880	-3982.534	-4242.934	260.4	1.99269	0.4450056	0.66315	0.33685	1.258485
62886	-3986.953	-4247.256	260.3029	2.002799	0.4868804	0.541226	0.458774	1.270285
62892	-3999.858	-4260.078	260.2199	2.021579	0.526035	0.635366	0.364634	1.270285
62898	-3995.624	-4255.96	260.3357	1.998849	0.4991887	0.563215	0.436785	1.229064
62904	-3991.22	-4251.476	260.2555	1.952323	0.5719681	0.69389	0.30611	1.239138
62910	-4004.403	-4264.307	259.9042	1.83078	0.5029062	0.671512	0.328488	1.682939
62916	-4013.547	-4273.445	259.8987	1.810196	0.4370569	0.685755	0.314245	1.781225
62922	-4009.104	-4268.673	259.5697	1.739517	0.5137265	0.685755	0.314245	1.964273
62928	-4012.602	-4272.387	259.7849	1.75874	0.4515161	0.664411	0.335589	1.877092
62934	-3996.444	-4256.318	259.8744	1.898089	0.487991	0.751357	0.248643	1.673859
62940	-3988.359	-4248.46	260.1007	1.842443	0.4052469	0.727525	0.272475	1.657824
62946	-3985.343	-4245.386	260.0437	1.842443	0.3963255	0.727525	0.272475	1.710583
62952	-3987.983	-4248.063	260.0806	1.809297	0.4178209	0.727525	0.272475	1.678831
62958	-3995.715	-4255.524	259.8087	1.837947	0.4489472	0.56982	0.43018	1.809575
62964	-3988.169	-4248.645	260.4757	1.913929	0.3843344	0.781745	0.218255	1.353536
62970	-3987.134	-4247.341	260.2073	1.964588	0.5053623	0.594227	0.405773	1.353536
62976	-3992.49	-4252.752	260.2622	1.979171	0.5053623	0.74359	0.25641	1.297784
62982	-3982.033	-4242.191	260.1574	2.012109	0.5504693	0.702283	0.297717	1.297784
62988	-3976.646	-4236.645	259.9997	2.019043	0.5688928	0.616462	0.383538	1.395319
62994	-3969.028	-4229.265	260.2372	2.013971	0.458892	0.616462	0.383538	1.353172
63000	-4006.463	-4265.858	259.3954	1.813943	0.5336833	0.687888	0.312112	2.009624
63006	-4002.777	-4262.492	259.7148	1.757996	0.551545	0.602477	0.397523	1.812275
63012	-3984.294	-4244.691	260.397	2.10884	0.4652531	0.605804	0.394196	1.130304
63018	-3978.792	-4239.177	260.3844	2.10884	0.4935624	0.605804	0.394196	1.098006
63024	-3983.554	-4243.842	260.2881	2.211283	0.496823	0.707424	0.292576	1.087408
63030	-3978.247	-4238.742	260.4952	2.227192	0.4265992	0.708887	0.291113	0.9907183
63036	-3989.515	-4249.863	260.3478	2.24891	0.4839948	0.708887	0.291113	1.015051
63042	-3985.377	-4245.482	260.1049	1.909022	0.4802435	0.718026	0.281974	1.507312
63048	-4017.14	-4277.254	260.1135	1.92175	0.4678434	0.714833	0.285167	1.507242
63054	-4002.535	-4262.928	260.3938	2.208207	0.4923278	0.614383	0.385617	0.9958684
63060	-3985.635	-4245.957	260.3225	2.222929	0.5686267	0.722355	0.277645	0.9285635
63066	-3983.871	-4244.248	260.377	2.244606	0.5686267	0.666942	0.333058	0.8408542
63072	-3989.091	-4249.474	260.3833	2.293088	0.5330293	0.756708	0.243292	0.8411907
63078	-3987.826	-4248.184	260.3582	2.293088	0.5836868	0.682438	0.317562	0.7722088
63084	-3994.335	-4254.646	260.3116	2.251293	0.5769548	0.639371	0.360629	0.8953558
63090	-3986.043	-4246.455	260.412	2.150924	0.5769548	0.746312	0.253688	0.8953558
63096	-3989.298	-4249.588	260.2893	2.208061	0.5955198	0.655699	0.344301	0.9372844
63102	-3995.787	-4255.892	260.1045	2.181055	0.6611798	0.737339	0.262661	1.057222
63108	-3996.362	-4256.761	260.3994	2.132308	0.5305979	0.785757	0.214243	1.003823
63114	-3990.462	-4250.909	260.4468	2.137838	0.5098761	0.670236	0.329764	0.9841365
63120	-4007.475	-4267.75	260.2741	2.038324	0.5112668	0.729744	0.270256	1.231037
63126	-3995.506	-4255.836	260.3296	2.115154	0.4930402	0.643015	0.356985	1.142609
63132	-3986.155	-4246.548	260.3935	2.067275	0.4918988	0.699248	0.300752	1.130021
63138	-3988.396	-4248.617	260.221	2.007273	0.4991579	0.705802	0.294198	1.316624
63144	-3996.502	-4256.653	260.1513	1.915236	0.4887049	0.711177	0.288823	1.456823
63150	-4000.918	-4261.272	260.3541	1.995723	0.5212944	0.659756	0.340244	1.18525
63156	-3992.036	-4252.275	260.2383	2.052129	0.5951194	0.736843	0.263157	1.138125
63162	-3996.233	-4256.743	260.5098	2.072865	0.4652545	0.659031	0.340969	1.059594
63168	-3988.195	-4248.621	260.4259	2.183706	0.5013887	0.704797	0.295203	0.9728362
63174	-3989.255	-4249.681	260.4259	2.183706	0.5013887	0.668076	0.331924	0.9728362
63180	-3993.288	-4253.763	260.4751	2.174946	0.5278091	0.668076	0.331924	0.8824648
63186	-3992.676	-4253.111	260.4348	2.215195	0.5278091	0.597567	0.402433	0.8824648
63192	-3993.253	-4253.55	260.2967	2.205231	0.5431412	0.620641	0.379359	1.013796
63198	-3985.948	-4246.286	260.3377	2.111589	0.5431412	0.65806	0.34194	1.064526
63204	-3993.478	-4253.683	260.2047	2.051447	0.550397	0.653369	0.346631	1.226157
63210	-3980.425	-4240.694	260.2691	2.012518	0.53123	0.580328	0.419672	1.229918
63216	-3990.407	-4250.784	260.3775	1.904999	0.4723108	0.700086	0.299914	1.309472
63222	-3986.801	-4246.803	260.0017	1.820121	0.450557	0.787724	0.212276	1.684816
63228	-3981.615	-4241.432	259.817	1.848061	0.448257	0.708668	0.291332	1.797656
63234	-3980.087	-4240.028	259.9402	1.898939	0.6145167	0.672744	0.327256	1.48165
63240	-3981.375	-4241.421	260.0457	1.898939	0.5243643	0.698559	0.301441	1.504761
63246	-4006.515	-4266.459	259.944	1.823648	0.4923456	0.583341	0.416659	1.672128
63252	-4003.479	-4263.476	259.9969	1.782986	0.4549604	0.631919	0.368081	1.709059
63258	-3998.076	-4258.065	259.989	1.749345	0.4195213	0.665612	0.334388	1.783206
63264	-3997.833	-4257.08	259.2468	1.575986	0.5337257	0.626222	0.373778	2.262021
63270	-3989.104	-4248.152	259.0478	1.608397	0.6040191	0.626222	0.373778	2.300697
63276	-3988.578	-4248.296	259.718	1.640545	0.4355031	0.592547	0.407453	2.020926
63282	-3999.517	-4259.511	259.9945	1.87673	0.5921001	0.608137	0.391863	1.481966
63288	-3993.795	-4253.974	260.1789	1.979182	0.4943771	0.737181	0.262819	1.378779
63294	-4009.327	-4269.604	260.277	1.941467	0.5058917	0.705893	0.294107	1.315635
63300	-4000.803	-4260.945	260.1428	1.999242	0.5305665	0.751841	0.248159	1.344956
63306	-4003.427	-4263.581	260.154	2.014329	0.5207066	0.654728	0.345272	1.33652
63312	-4005.762	-4265.762	260.0001	1.871087	0.479084	0.748497	0.251503	1.6138
63318	-3999.898	-4259.854	259.9557	1.905355	0.5634384	0.704335	0.295665	1.521641
63324	-4004.492	-4264.213	259.7205	1.905355	0.4377695	0.665416	0.334584	1.837702
63330	-3995.193	-4254.998	259.8055	1.764474	0.4568323	0.675692	0.324308	1.852664
63336	-4001.355	-4261.097	259.7427	1.729747	0.487035	0.685376	0.314624	1.883771
63342	-4003.279	-4263.678	260.3986	1.98653	0.4693658	0.666458	0.333542	1.228937
63348	-4005.463	-4265.814	260.3505	2.010035	0.4693658	0.710747	0.289253	1.249571
63354	-3992.377	-4252.705	260.328	2.032568	0.4693658	0.710747	0.289253	1.249571
63360	-3998.943	-4259.356	260.4132	2.032568	0.4814559	0.589195	0.410805	1.158919
63366	-3995.52	-4255.916	260.3955	2.05032	0.4814559	0.611334	0.388666	1.158919
63372	-3985.598	-4246.105	260.5069	2.05032	0.4606805	0.639183	0.360817	1.090871
63378	-3980.315	-4240.445	260.1299	1.998916	0.5529361	0.738271	0.261729	1.327578
63384	-3974.743	-4235.114	260.3718	1.951628	0.4512096	0.738271	0.261729	1.306189
63390	-3980.35	-4240.597	260.2469	1.94708	0.4292785	0.676869	0.323131	1.439198
63396	-3972.093	-4232.51	260.4171	1.94708	0.4606582	0.730476	0.269524	1.259122
63402	-3985.822	-4246.095	260.2732	1.884341	0.5162151	0.730476	0.269524	1.350943
63408	-3994.152	-4254.461	260.3096	2.038471	0.6090558	0.814445	0.185555	1.066925
63414	-3997.648	-4258.172	260.5234	2.119583	0.4936124	0.724429	0.275571	0.9515245
63420	-3996.143	-4256.434	260.2908	2.145206	0.4891552	0.630526	0.369474	1.156152
63426	-3978.558	-4238.727	260.1691	2.091682	0.5683642	0.674792	0.325208	1.198852
63432	-3982.24	-4242.621	260.3808	2.108805	0.4485486	0.719096	0.280904	1.170667
63438	-3978.671	-4238.928	260.2568	2.052239	0.5580263	0.669404	0.330596	1.170667
63444	-3989.409	-4249.821	260.4117	2.01592	0.4372288	0.694045	0.305955	1.241047
63450	-3988.771	-4249.18	260.4084	2.086634	0.4875165	0.694045	0.305955	1.105651
63456	-3987.32	-4247.595	260.2748	1.991312	0.5323698	0.753118	0.246882	1.241465
63462	-3987.394	-4247.632	260.2381	1.991312	0.5442112	0.700593	0.299407	1.256562
63468	-3977.697	-4237.984	260.2874	2.044258	0.5067979	0.676728	0.323272	1.220897
63474	-3983.625	-4243.988	260.3635	1.969845	0.5067979	0.751946	0.248054	1.219503
63480	-3983.237	-4243.431	260.1941	1.823362	0.5514894	0.596819	0.403181	1.416986
63486	-3987.798	-4248.07	260.2724	1.959264	0.4972743	0.669156	0.330844	1.316432
63492	-4008.528	-4268.866	260.3374	1.967054	0.4972743	0.758734	0.241266	1.256922
63498	-4006.457	-4266.864	260.407	1.967054	0.3845716	0.721282	0.278718	1.365463
63504	-4004.893	-4265.402	260.5094	2.227424	0.454046	0.678624	0.321376	0.9237266
63510	-3997.756	-4258.184	260.428	2.108545	0.4836231	0.712466	0.287534	1.073356
63516	-3985.817	-4246.274	260.4571	2.108545	0.4708773	0.710889	0.289111	1.066503
63522	-3983.24	-4243.617	260.3778	2.0772	0.4924723	0.710889	0.289111	1.134292
63528	-3980.567	-4240.864	260.2967	1.985521	0.5135503	0.727397	0.272603	1.253199
63534	-3983.174	-4243.592	260.4185	1.985521	0.4732467	0.737171	0.262829	1.207257
63540	-3979.443	-4239.792	260.3489	1.945752	0.4759252	0.678038	0.321962	1.294512
63546	-3983.056	-4243.207	260.1508	1.978785	0.5013107	0.678038	0.321962	1.392061
63552	-3975.03	-4235.207	260.1766	1.926194	0.5291962	0.786476	0.213524	1.37771
63558	-3977.574	-4237.705	260.1302	1.933817	0.5307215	0.54802	0.45198	1.406051
63564	-3966.591	-4226.887	260.2956	1.917375	0.4118214	0.685844	0.314156	1.449513
63570	-3977.731	-4237.944	260.2129	1.905466	0.4116351	0.652469	0.347531	1.521096
63576	-3983.476	-4243.762	260.2864	1.885207	0.4160763	0.652469	0.347531	1.474886
63582	-3968.468	-4228.626	260.1586	1.966898	0.5326533	0.652469	0.347531	1.355501
63588	-3973.339	-4233.339	260	1.966898	0.5418269	0.652469	0.347531	1.467124
63594	-3995.843	-4256.107	260.2641	2.086181	0.5323214	0.815778	0.184222	1.169599
63600	-3997.724	-4258.158	260.4344	2.086181	0.4539119	0.660727	0.339273	1.134975
63606	-3995.059	-4255.311	260.2527	2.084965	0.5250368	0.649603	0.350397	1.190605
63612	-3994.236	-4254.761	260.5248	2.00781	0.4491318	0.706177	0.293823	1.13172
63618	-3977.63	-4238.015	260.3853	2.04882	0.5250674	0.579866	0.420134	1.105041
63624	-3984.152	-4244.418	260.2662	2.075733	0.5087535	0.68646	0.31354	1.209456
63630	-3973.317	-4233.505	260.1884	2.077179	0.5087535	0.68646	0.31354	1.273444
63636	-3987.764	-4247.931	260.1679	2.012616	0.5168522	0.748191	0.251809	1.331734
63642	-4003.708	-4263.637	259.9292	1.815118	0.4705687	0.680894	0.319106	1.714932
63648	-4019.002	-4278.714	259.7123	1.815118	0.5745426	0.680894	0.319106	1.749982
63654	-4024.248	-4283.877	259.6296	1.819725	0.5745426	0.748859	0.251141	1.804354
63660	-4000.198	-4260.634	260.436	1.956702	0.3981777	0.722582	0.277418	1.329444
63666	-4001.838	-4261.999	260.1611	1.96415	0.4729345	0.722582	0.277418	1.432391
63672	-3981.573	-4241.761	260.1884	2.037774	0.45577	0.734713	0.265287	1.377279
63678	-3976.615	-4236.951	260.336	2.025942	0.4993967	0.734713	0.265287	1.20552
63684	-3976.389	-4236.721	260.3319	2.008864	0.5122941	0.766799	0.233201	1.20552
63690	-3990.723	-4250.803	260.0804	2.008864	0.4965375	0.636882	0.363118	1.429451
63696	-3977.727	-4238.038	260.3118	2.016115	0.5216117	0.703525	0.296475	1.203707
63702	-3986.52	-4246.742	260.2224	1.929099	0.5561006	0.78765	0.21235	1.305343
63708	-3980.128	-4240.233	260.1046	1.938293	0.5568432	0.682924	0.317076	1.390801
63714	-3988.698	-4248.931	260.2326	1.938293	0.4776666	0.786926	0.213074	1.390801
63720	-3974.876	-4235.151	260.2748	2.100232	0.5502733	0.727803	0.272197	1.122759
63726	-3999.844	-4260.166	260.3218	2.127708	0.5045911	0.685488	0.314512	1.121196
63732	-3977.194	-4237.546	260.3522	2.127708	0.5125246	0.723314	0.276686	1.081476
63738	-3972.43	-4232.79	260.3606	2.127708	0.5074053	0.678729	0.321271	1.081476
63744	-3971.767	-4232.269	260.5019	2.173273	0.4557274	0.697091	0.302909	0.9853479
63750	-3989.214	-4249.639	260.425	2.121604	0.4523128	0.748615	0.251385	1.114054
63756	-3999.202	-4259.646	260.4439	2.121604	0.480342	0.766839	0.233161	1.051238
63762	-3993.75	-4254.192	260.4427	2.049231	0.4589276	0.769149	0.230851	1.152577
63768	-3972.25	-4232.533	260.2827	2.049231	0.4894308	0.735454	0.264546	1.244912
63774	-3981.386	-4241.647	260.2614	2.049231	0.5084822	0.697232	0.302768	1.236341
63780	-3976.217	-4236.483	260.2657	1.969145	0.5131682	0.666731	0.333269	1.292684
63786	-3990.855	-4250.982	260.1264	1.902494	0.4739093	0.695994	0.304006	1.504231
63792	-3978.622	-4238.485	259.8628	1.891418	0.5134292	0.739942	0.260058	1.656921
63798	-3983.906	-4244.374	260.4685	1.912373	0.3788447	0.643316	0.356684	1.369089
63804	-3982.474	-4242.474	259.9994	1.833974	0.4169137	0.743249	0.256751	1.720123
63810	-3985.654	-4245.889	260.2349	1.89681	0.444151	0.647986	0.352014	1.466047
63816	-3994.105	-4253.961	259.8552	1.877509	0.5467836	0.603073	0.396927	1.634305
63822	-3992.481	-4252.525	260.0434	1.821625	0.3827623	0.811198	0.188802	1.744183
63828	-3993.146	-4253.248	260.1026	1.821625	0.4752788	0.705442	0.294558	1.579929
63834	-3985.887	-4245.971	260.0834	1.8678	0.4596773	0.631634	0.368366	1.579929
63840	-3986.984	-4246.994	260.0099	1.887358	0.4244801	0.653143	0.346857	1.664802
63846	-3987.799	-4247.948	260.1496	1.868031	0.4086464	0.605537	0.394463	1.599403
63852	-3983.17	-4243.323	260.1533	1.879749	0.5057845	0.605537	0.394463	1.460709
63858	-3984.018	-4244.087	260.0688	1.894935	0.6160427	0.64551	0.35449	1.384257
63864	-3971.519	-4231.808	260.2893	1.975182	0.5058814	0.745354	0.254646	1.278162
63870	-3980.004	-4240.237	260.2336	2.034566	0.5066608	0.794928	0.205072	1.274095
63876	-3975.211	-4235.427	260.2152	2.025813	0.5334947	0.707255	0.292745	1.260841
63882	-3984.785	-4244.99	260.2054	1.996648	0.5057798	0.609305	0.390695	1.32897
63888	-4000.916	-4261.422	260.5058	1.983613	0.4309796	0.751145	0.248855	1.198356
63894	-3998.027	-4258.149	260.1216	1.836772	0.4969428	0.745362	0.254638	1.527793
63900	-4008.523	-4268.919	260.396	1.815978	0.4636001	0.719596	0.280404	1.377638
63906	-4001.119	-4261.268	260.1484	1.878178	0.5787642	0.652366	0.347634	1.377638
63912	-3999.486	-4259.878	260.3911	1.953986	0.4689846	0.740063	0.259937	1.262914
63918	-3985.513	-4245.612	260.0982	1.982615	0.570962	0.732659	0.267341	1.344021
63924	-3979.859	-4240.036	260.1772	1.996454	0.5030893	0.715074	0.284926	1.355119
63930	-3986.048	-4246.363	260.3148	1.877749	0.4916943	0.715074	0.284926	1.355119
63936	-3976.683	-4236.964	260.281	1.911512	0.4916943	0.721584	0.278416	1.355119
63942	-3976.516	-4236.797	260.281	1.9741	0.5257483	0.753306	0.246694	1.259435
63948	-3985.127	-4245.322	260.195	2.081254	0.5257483	0.687957	0.312043	1.241752
63954	-3983.731	-4243.599	259.8681	2.072813	0.6266455	0.655688	0.344312	1.390332
63960	-3991.996	-4252.104	260.1085	1.986026	0.5567891	0.722721	0.277279	1.350195
63966	-3988.971	-4249.085	260.1139	1.973188	0.5938642	0.676071	0.323929	1.311679
63972	-3980.734	-4240.723	259.9886	1.915317	0.5488581	0.751851	0.248149	1.506358
63978	-3998.297	-4258.241	259.9442	1.902937	0.585405	0.662624	0.337376	1.50748
63984	-3990.741	-4250.876	260.1356	1.902937	0.4911413	0.707939	0.292061	1.47493
63990	-4007.325	-4267.476	260.151	1.978195	0.5583611	0.697859	0.302141	1.320606
63996	-4001.634	-4262.106	260.4726	1.979607	0.4813366	0.738296	0.261704	1.153475
64002	-4001.045	-4261.326	260.2808	2.032736	0.5341042	0.650105	0.349895	1.198934
64008	-3987.89	-4248.228	260.3383	2.041778	0.4621307	0.638022	0.361978	1.243738
64014	-3991.698	-4252.025	260.3265	2.040299	0.4298626	0.638022	0.361978	1.302244
64020	-3982.226	-4242.486	260.2595	2.062264	0.5371426	0.675075	0.324925	1.187738
64026	-3985.61	-4246.01	260.4002	2.062264	0.5046038	0.71388	0.28612	1.109428
64032	-3980.903	-4241.131	260.2278	2.062264	0.4894122	0.755707	0.244293	1.279582
64038	-3972.732	-4233.235	260.5026	2.062264	0.4115762	0.646849	0.353151	1.16422
64044	-3974.938	-4235.146	260.2081	1.988937	0.4909308	0.59705	0.40295	1.352571
64050	-3976.862	-4237.22	260.3579	1.988937	0.4502709	0.592038	0.407962	1.288513
64056	-3980.082	-4240.335	260.2522	1.988937	0.4796408	0.806549	0.193451	1.332632
64062	-3980.725	-4240.983	260.2586	2.011188	0.491916	0.812846	0.187154	1.292767
64068	-3987.793	-4248.161	260.3689	2.003573	0.492645	0.7429	0.2571	1.206143
64074	-3992.811	-4251.782	258.971	1.56422	0.4727559	0.642787	0.357213	2.507529
64080	-3996.656	-4255.609	258.953	1.614386	0.4543435	0.65829	0.34171	2.507529
64086	-3991.616	-4250.667	259.0508	1.632447	0.5035924	0.744111	0.255889	2.381933
64092	-3994.614	-4253.49	258.8765	1.554324	0.5164806	0.720697	0.279303	2.527226
64098	-4002.86	-4261.87	259.0099	1.583878	0.4223436	0.720697	0.279303	2.527226
64104	-3992.685	-4252.934	260.249	1.94843	0.4901803	0.69917	0.30083	1.353301
64110	-3992.062	-4252.42	260.3584	1.94843	0.484551	0.69917	0.30083	1.272575
64116	-4001.556	-4261.816	260.2602	1.988314	0.484551	0.628675	0.371325	1.320043
64122	-4018.588	-4278.88	260.2918	2.049771	0.5464781	0.803279	0.196721	1.157748
64128	-4008.048	-4268.098	260.0501	2.041791	0.6179544	0.624282	0.375718	1.279508
64134	-4016.96	-4277.281	260.3206	2.0389	0.521171	0.738243	0.261757	1.177094
64140	-4015.432	-4275.814	260.3817	2.214868	0.521171	0.713013	0.286987	0.9528875
64146	-4000.092	-4260.481	260.3895	2.258225	0.5352756	0.768513	0.231487	0.8713324
64152	-3985.513	-4246.099	260.586	2.272361	0.4110169	0.635165	0.364835	0.8754584
64158	-3989.693	-4250.069	260.3757	2.187319	0.588569	0.743099	0.256901	0.8754584
64164	-4005.968	-4266.264	260.2956	2.216521	0.588569	0.693622	0.306378	0.9324232
64170	-4028.106	-4288.162	260.0569	1.871482	0.5550361	0.6864	0.3136	1.480817
64176	-4020.853	-4280.916	260.0629	1.809858	0.4489571	0.753981	0.246019	1.650495
64182	-4013.914	-4273.9	259.9853	1.86361	0.4158292	0.745077	0.254923	1.710586
64188	-4009.619	-4269.519	259.8999	1.86361	0.5787422	0.704723	0.295277	1.576657
64194	-3999.076	-4259.094	260.0188	1.773549	0.5679898	0.701512	0.298488	1.567361
64200	-3999.147	-4259.072	259.9256	1.749358	0.5618413	0.692598	0.307402	1.659165
64206	-3992.865	-4252.772	259.907	1.776473	0.5028525	0.692598	0.307402	1.71949
64212	-3993.408	-4253.344	259.9364	1.749122	0.5516268	0.7118	0.2882	1.662854
64218	-3992.258	-4252.45	260.1915	1.886845	0.5516268	0.76587	0.23413	1.369324
64224	-3991.354	-4251.282	259.9284	1.865921	0.5427516	0.705357	0.294643	1.594273
64230	-3983.701	-4244.055	260.3531	1.865921	0.4294822	0.702689	0.297311	1.419596
64236	-3992.977	-4252.888	259.9107	1.861119	0.6506823	0.802567	0.197433	1.494213
64242	-3994.243	-4254.228	259.9849	1.897577	0.5982575	0.756367	0.243633	1.466577
64248	-3988.424	-4248.486	260.0623	1.914791	0.5357974	0.692282	0.307718	1.466577
64254	-3985.435	-4245.609	260.1746	1.979255	0.5755391	0.63852	0.36148	1.279413
64260	-3993.073	-4253.435	260.3612	1.959233	0.4794689	0.63852	0.36148	1.268431
64266	-3991.288	-4251.371	260.0822	1.959233	0.5703952	0.707797	0.292203	1.375812
64272	-3996.35	-4256.594	260.2443	1.953558	0.5246333	0.598768	0.401232	1.307758
64278	-3998.997	-4259.182	260.1843	2.017475	0.497915	0.577701	0.422299	1.339572
64284	-3990.358	-4250.543	260.1848	2.017475	0.5125691	0.715354	0.284646	1.319839
64290	-3995.505	-4255.523	260.0185	1.96883	0.5759556	0.673528	0.326472	1.411533
64296	-3999.887	-4259.904	260.0171	1.973548	0.6064728	0.673528	0.326472	1.373935
64302	-3992.012	-4252.315	260.3029	2.283262	0.5947696	0.670055	0.329945	0.8366775
64308	-4006.244	-4266.789	260.545	2.139041	0.4763244	0.736977	0.263023	0.9388904
64314	-3998.299	-4258.64	260.3412	2.162353	0.4832449	0.627387	0.372613	1.104497
64320	-3996.881	-4257.257	260.3763	2.131461	0.5130921	0.708618	0.291382	1.054456
64326	-3994.493	-4254.843	260.3502	2.061509	0.5392351	0.710292	0.289708	1.105096
64332	-4012.548	-4272.538	259.9902	1.854939	0.567078	0.595585	0.404415	1.529399
64338	-4026.145	-4286.172	260.0264	2.008648	0.5959716	0.534409	0.465591	1.350886
64344	-4013.314	-4273.475	260.1603	1.903627	0.4200959	0.686359	0.313641	1.549657
64350	-4002.75	-4262.746	259.9961	1.872113	0.7182428	0.758558	0.241442	1.350886
64356	-3996.086	-4256.051	259.9653	1.879965	0.5441567	0.616339	0.383661	1.55532
64362	-3983.604	-4243.688	260.0841	1.834123	0.5178449	0.616339	0.383661	1.532229
64368	-4009.58	-4269.676	260.096	1.834123	0.4289103	0.679122	0.320878	1.635361
64374	-4002.885	-4263.218	260.3328	2.085501	0.5046578	0.68398	0.31602	1.149023
64380	-3999.757	-4260.274	260.5171	2.255629	0.4785472	0.66834	0.33166	0.8326115
64386	-4006.068	-4266.654	260.5857	2.312309	0.406965	0.643931	0.356069	0.8370442
64392	-4002.902	-4263.322	260.4202	2.28457	0.5439337	0.702667	0.297333	0.7819299
64398	-3988.067	-4248.269	260.2024	2.276566	0.6623667	0.691607	0.308393	0.851513
64404	-4002.713	-4263.068	260.3557	2.276566	0.5863395	0.733081	0.266919	0.7930802
64410	-3994.152	-4254.664	260.5126	2.047157	0.4206909	0.666831	0.333169	1.153677
64416	-3987.686	-4247.987	260.3003	2.067542	0.5327164	0.62182	0.37818	1.153677
64422	-3981.832	-4242.355	260.5226	2.235888	0.4618944	0.675266	0.324734	0.8840367
64428	-4000.32	-4260.496	260.1766	2.157651	0.5982794	0.760371	0.239629	1.094321
64434	-3994.749	-4255.026	260.2772	2.109003	0.57687	0.716579	0.283421	1.075435
64440	-3978.863	-4239.169	260.3067	2.050587	0.5378591	0.73758	0.26242	1.155805
64446	-3988.145	-4248.623	260.4774	2.050587	0.4797172	0.723666	0.276334	1.087514
64452	-3973.991	-4234.287	260.2967	2.140244	0.5858046	0.670782	0.329218	1.014033
64458	-3985.161	-4245.497	260.336	2.209026	0.5858046	0.731732	0.268268	0.9007418
64464	-3975.174	-4235.663	260.4886	2.169338	0.4749491	0.679871	0.320129	0.9687773
64470	-3974.752	-4235.133	260.3817	2.101169	0.4966228	0.648711	0.351289	1.102847
64476	-3987.875	-4248.309	260.4346	2.101169	0.5169497	0.725512	0.274488	1.021437
64482	-3994.38	-4254.731	260.3513	2.097547	0.5242116	0.695997	0.304003	1.092834
64488	-3974.688	-4234.997	260.3085	2.089609	0.4951786	0.681566	0.318434	1.180463
64494	-3977.478	-4237.835	260.3564	2.114625	0.4527432	0.750031	0.249969	1.180391
64500	-3989.115	-4249.449	260.334	2.114625	0.5026765	0.763447	0.236553	1.124837
64506	-3973.154	-4233.475	260.3212	2.142325	0.4704072	0.743253	0.256747	1.159963
64512	-3982.594	-4243.063	260.4689	2.110705	0.4677864	0.643248	0.356752	1.058383
64518	-3972.348	-4232.584	260.2364	2.164739	0.5744485	0.697316	0.302684	1.064823
64524	-3975.148	-4235.396	260.2477	2.178442	0.5675118	0.741121	0.258879	1.050954
64530	-3986.018	-4246.412	260.3942	2.203615	0.5380457	0.656646	0.343354	0.9228118
64536	-3982.18	-4242.52	260.3401	2.287523	0.5380457	0.665324	0.334676	0.8895392
64542	-3991.331	-4251.791	260.4599	2.313842	0.4701638	0.689533	0.310467	0.8490985
64548	-3983.614	-4244.002	260.3879	2.313842	0.4835412	0.689533	0.310467	0.9061998
64554	-3999.104	-4259.558	260.4539	2.276685	0.4666826	0.796886	0.203114	0.9061998
64560	-3994.473	-4254.876	260.4031	2.307872	0.5391247	0.731005	0.268995	0.783716
64566	-4004.975	-4265.377	260.4019	2.276514	0.5262996	0.731645	0.268355	0.8517577
64572	-4001.42	-4261.866	260.4457	2.19717	0.5489376	0.711714	0.288286	0.8517577
64578	-3996.853	-4257.239	260.386	2.294134	0.5368525	0.664604	0.335396	0.8289735
64584	-4007.972	-4268.181	260.2085	1.915542	0.5206456	0.522335	0.477665	1.371699
64590	-3993.206	-4253.467	260.261	2.000303	0.512872	0.790412	0.209588	1.271421
64596	-3993.275	-4253.684	260.4093	1.948581	0.4557925	0.665841	0.334159	1.271421
64602	-3982.091	-4242.493	260.402	1.924838	0.4035167	0.70491	0.29509	1.373572
64608	-3991.639	-4251.521	259.8817	1.9284	0.5672588	0.630803	0.369197	1.555116
64614	-3984.651	-4245.064	260.4128	1.988432	0.4086507	0.677969	0.322031	1.306437
64620	-3983.997	-4244.173	260.1757	2.049637	0.595076	0.628827	0.371173	1.195167
64626	-3986.977	-4247.37	260.3923	2.013964	0.4452644	0.633946	0.366054	1.246768
64632	-3991.665	-4252.06	260.3949	2.023205	0.5102648	0.740667	0.259333	1.141006
64638	-3982.624	-4242.943	260.3192	2.061953	0.5333336	0.661491	0.338509	1.141006
64644	-3984.609	-4245.023	260.414	2.061953	0.4202021	0.678018	0.321982	1.226759
64650	-3985.976	-4246.296	260.3207	1.950659	0.4850608	0.762925	0.237075	1.300883
64656	-3992.483	-4252.75	260.2671	1.957948	0.4341282	0.700998	0.299002	1.408411
64662	-3986.322	-4246.627	260.3051	2.014686	0.3750452	0.700998	0.299002	1.42258
64668	-3978.03	-4238.296	260.2653	1.932346	0.484672	0.644651	0.355349	1.360445
64674	-3982.951	-4242.919	259.9678	1.799418	0.4980172	0.667546	0.332454	1.66572
64680	-3982.888	-4242.918	260.0308	1.843146	0.4980172	0.759773	0.240227	1.588668
64686	-3985.236	-4245.689	260.4528	1.903399	0.4396902	0.628344	0.371656	1.296329
64692	-3994.216	-4254.29	260.0739	1.93211	0.6194535	0.744189	0.255811	1.347083
64698	-3980.016	-4240.107	260.0908	1.948158	0.5347412	0.744189	0.255811	1.420551
64704	-3991.198	-4251.156	259.9571	1.971454	0.6573809	0.708737	0.291263	1.366668
64710	-3994.017	-4254.439	260.4216	2.288943	0.4810401	0.682806	0.317194	0.9011018
64716	-3989.463	-4249.918	260.4552	2.288943	0.4810401	0.722768	0.277232	0.8622512
64722	-4017.813	-4278.051	260.2381	2.100823	0.5980033	0.67461	0.32539	1.090339
64728	-4009.812	-4270.039	260.2276	2.150811	0.5980033	0.67461	0.32539	1.053354
64734	-3998.093	-4258.292	260.1989	2.292256	0.6468908	0.756057	0.243943	0.8622512
64740	-4005.32	-4265.277	259.9571	1.979432	0.7226502	0.701538	0.298462	1.291397
64746	-3984.05	-4244.384	260.3342	2.043072	0.4429302	0.641169	0.358831	1.274316
64752	-3983.465	-4243.534	260.0687	2.139439	0.6892654	0.605076	0.394924	1.09444
64758	-3987.189	-4247.715	260.5251	2.080329	0.4202412	0.605076	0.394924	1.113515
64764	-3981.824	-4242.155	260.3308	2.080329	0.533722	0.607193	0.392807	1.113515
64770	-3999.061	-4259.482	260.4213	2.130179	0.535718	0.754565	0.245435	0.9756743
64776	-3998.081	-4258.511	260.4298	2.126697	0.4800817	0.580309	0.419691	1.060238
64782	-3990.687	-4251.175	260.4881	2.136483	0.4447597	0.694414	0.305586	1.054138
64788	-3994.547	-4254.476	259.9293	2.083472	0.6554749	0.695687	0.304313	1.301378
64794	-3989.713	-4249.826	260.1132	2.088457	0.5975837	0.65988	0.34012	1.212257
64800	-3991.268	-4251.406	260.138	2.088457	0.6618038	0.594414	0.405586	1.111313
64806	-4005.785	-4266.134	260.3498	2.097877	0.5393644	0.594414	0.405586	1.071596
64812	-3995.69	-4255.979	260.2885	1.966093	0.5419968	0.714359	0.285641	1.2384
64818	-3993.65	-4253.702	260.0525	1.966093	0.5462967	0.712192	0.287808	1.422263
64824	-3998.105	-4258.168	260.0633	1.966093	0.5394089	0.598704	0.401296	1.422263
64830	-4008.756	-4269.293	260.5373	2.063807	0.3810199	0.55084	0.44916	1.184266
64836	-4013.249	-4273.524	260.2751	2.063049	0.5293009	0.704004	0.295996	1.184266
64842	-3997.389	-4257.666	260.2766	2.039129	0.4874241	0.659126	0.340874	1.261205
64848	-4002.361	-4262.751	260.3897	2.01287	0.501162	0.627204	0.372796	1.167908
64854	-3982.808	-4243.213	260.4044	2.10716	0.4332855	0.693305	0.306695	1.175538
64860	-3992.009	-4252.378	260.3691	2.091678	0.4617177	0.750568	0.249432	1.175538
64866	-3988.23	-4248.508	260.2779	2.091076	0.5078012	0.732988	0.267012	1.187581
64872	-3983.511	-4244.042	260.5306	2.121963	0.4659937	0.788857	0.211143	0.9901185
64878	-3993.653	-4254.079	260.4259	2.093188	0.4554654	0.708684	0.291316	1.13384
64884	-3977.762	-4238.208	260.4464	2.076327	0.4763058	0.708684	0.291316	1.097752
64890	-3990.355	-4250.883	260.5278	2.12237	0.4674445	0.647985	0.352015	0.9899582
64896	-4010.946	-4271.226	260.2791	2.205368	0.6326166	0.713756	0.286244	0.8930711
64902	-3987.928	-4248.28	260.352	2.25943	0.5382397	0.706211	0.293789	0.9075135
64908	-3985.795	-4246.082	260.2877	2.25943	0.5802602	0.635199	0.364801	0.9075135
64914	-3982.57	-4242.979	260.4094	2.25943	0.5025332	0.732983	0.267017	0.9075135
64920	-3992.828	-4253.234	260.4062	2.233426	0.5025332	0.775223	0.224777	0.9393576
64926	-3990.978	-4251.268	260.2905	2.233426	0.594569	0.769231	0.230769	0.9098974
64932	-3993.319	-4253.662	260.3435	2.275996	0.5317762	0.619562	0.380438	0.9098974
64938	-3986.161	-4246.323	260.1614	2.2927	0.6437987	0.684448	0.315552	0.9096595
64944	-4001.31	-4261.53	260.2195	2.172051	0.6418358	0.696805	0.303195	0.9790287
64950	-3994.169	-4254.726	260.5568	2.142103	0.4458844	0.629678	0.370322	0.9790287
64956	-3989.735	-4250.227	260.4919	2.142103	0.4721954	0.714839	0.285161	0.9979859
64962	-4003.113	-4263.62	260.5065	2.127532	0.4721954	0.687816	0.312184	0.9979859
64968	-4006.684	-4267.003	260.3187	2.236403	0.571605	0.653642	0.346358	0.9130682
64974	-4004.324	-4264.712	260.3882	2.140544	0.5275141	0.688336	0.311664	1.011618
64980	-4008.407	-4268.454	260.0473	1.843568	0.4748961	0.664095	0.335905	1.604689
64986	-4023.376	-4283.25	259.8742	1.793635	0.3893183	0.621909	0.378091	1.871532
64992	-4018.834	-4279.288	260.4542	2.108387	0.4917469	0.702966	0.297034	1.03557
64998	-4012.656	-4272.861	260.2054	2.003018	0.6136246	0.702966	0.297034	1.186618
65004	-3995.137	-4255.582	260.4449	2.003018	0.4550063	0.702966	0.297034	1.196881
65010	-3989.766	-4249.833	260.0677	1.847668	0.5465261	0.656299	0.343701	1.50046
65016	-3983.329	-4243.638	260.3094	2.029415	0.556319	0.683663	0.316337	1.146795
65022	-3973.441	-4233.482	260.0406	1.990724	0.556319	0.611296	0.388704	1.400475
65028	-3987.548	-4247.887	260.3395	1.990724	0.4813959	0.707851	0.292149	1.257648
65034	-3984.829	-4244.982	260.1533	1.990724	0.5599706	0.590713	0.409287	1.306613
65040	-3998.185	-4258.193	260.0073	2.062312	0.6631453	0.647942	0.352058	1.246
65046	-3995.779	-4255.967	260.1885	2.062312	0.5331876	0.693156	0.306844	1.253188
65052	-3975.693	-4235.859	260.1658	2.062312	0.5743641	0.649769	0.350231	1.218959
65058	-3989.918	-4249.984	260.0663	2.062312	0.5956439	0.757742	0.242258	1.275766
65064	-4000.74	-4261.087	260.3467	2.062312	0.4907843	0.617455	0.382545	1.177321
65070	-3989.198	-4249.74	260.5418	2.025087	0.4135392	0.692182	0.307818	1.159215
65076	-3997.387	-4257.793	260.4063	2.059354	0.4166786	0.65787	0.34213	1.240904
65082	-3990.445	-4250.639	260.194	1.927697	0.5709105	0.65787	0.34213	1.311269
65088	-3987.852	-4247.992	260.1401	1.942195	0.5170794	0.751188	0.248812	1.408835
65094	-3985.988	-4246.119	260.1304	1.91667	0.5775984	0.751188	0.248812	1.362879
65100	-3982.468	-4242.615	260.1471	1.91667	0.6008917	0.653742	0.346258	1.322256
65106	-3995.718	-4256.203	260.4853	1.926011	0.452219	0.722921	0.277079	1.232182
65112	-3995.966	-4256.118	260.1527	1.934951	0.5415846	0.611774	0.388226	1.374241
65118	-3983.605	-4243.749	260.144	1.897844	0.5757888	0.792475	0.207525	1.369151
65124	-3993.888	-4254.158	260.2695	1.900387	0.4946154	0.72893	0.27107	1.369151
65130	-3997.818	-4258.024	260.2058	1.971596	0.6047041	0.717638	0.282362	1.224062
65136	-3986.392	-4246.425	260.0333	1.973262	0.6948703	0.687511	0.312489	1.263349
65142	-3995.958	-4256.339	260.3813	1.973262	0.4632587	0.627781	0.372219	1.263349
65148	-3997.053	-4257.462	260.4096	1.940836	0.4632587	0.718957	0.281043	1.26674
65154	-3997.547	-4257.266	259.7192	1.733678	0.5138337	0.644728	0.355272	1.86691
65160	-3996.061	-4255.637	259.5767	1.70663	0.5138337	0.637633	0.362367	1.981504
65166	-3980.562	-4239.874	259.3128	1.690624	0.477989	0.708462	0.291538	2.204601
65172	-4001.143	-4260.112	258.969	1.695794	0.5510574	0.794378	0.205622	2.34565
65178	-3984.159	-4243.645	259.4865	1.740228	0.4926886	0.587391	0.412609	2.042266
65184	-3991.176	-4250.72	259.5435	1.867732	0.6690963	0.604521	0.395479	1.737395
65190	-3988.481	-4248.493	260.012	1.880662	0.6066579	0.604521	0.395479	1.44959
65196	-3981.807	-4241.888	260.0812	1.880662	0.5599951	0.718203	0.281797	1.44959
65202	-3997.063	-4256.999	259.9364	2.05294	0.6477211	0.796518	0.203482	1.328866
65208	-3993.088	-4253.303	260.2153	1.983336	0.5856686	0.676102	0.323898	1.229637
65214	-3981.118	-4241.381	260.2629	1.906604	0.4956933	0.707355	0.292645	1.368049
65220	-3972.935	-4232.731	259.7961	1.844463	0.5363899	0.707355	0.292645	1.711661
65226	-3982.682	-4242.636	259.9543	1.807122	0.4949838	0.744478	0.255522	1.673403
65232	-3981.277	-4241.286	260.0088	1.864115	0.4543708	0.744478	0.255522	1.643473
65238	-3982.451	-4242.336	259.8854	1.834221	0.4814795	0.740823	0.259177	1.719206
65244	-3992.166	-4252.085	259.9182	1.834221	0.6517893	0.603738	0.396262	1.507614
65250	-3998.382	-4258.699	260.317	1.8841	0.4834554	0.661494	0.338506	1.359319
65256	-4009.618	-4269.544	259.9265	1.8841	0.5939148	0.740389	0.259611	1.525378
65262	-4002.955	-4263.165	260.2093	1.868926	0.4205581	0.740389	0.259611	1.538498
65268	-3986.117	-4246.129	260.0118	1.894981	0.5499128	0.73041	0.26959	1.50298
65274	-3991.846	-4251.997	260.1515	1.894981	0.5392581	0.73041	0.26959	1.409222
65280	-3982.321	-4242.774	260.4535	1.894981	0.4047458	0.59336	0.40664	1.354686
65286	-3979.925	-4240.155	260.2298	1.960094	0.4470375	0.59336	0.40664	1.417539
65292	-3979.595	-4239.965	260.3703	2.032396	0.4359023	0.712898	0.287102	1.263824
65298	-3980.008	-4240.27	260.2623	2.015639	0.485198	0.640037	0.359963	1.295331
65304	-3981.341	-4241.658	260.3176	2.014785	0.485198	0.640037	0.359963	1.250519
65310	-3978.507	-4238.782	260.2744	2.002323	0.5415309	0.717529	0.282471	1.220429
65316	-3982.163	-4242.53	260.367	2.064949	0.5845605	0.662174	0.337826	1.02066
65322	-3981.564	-4241.904	260.3406	2.064949	0.4809717	0.662174	0.337826	1.194606
65328	-3985.699	-4245.939	260.2406	2.082388	0.5717813	0.793497	0.206503	1.139973
65334	-3986.214	-4246.698	260.4843	2.01987	0.4600258	0.618057	0.381943	1.139973
65340	-3988.076	-4248.154	260.078	1.986326	0.5454773	0.61721	0.38279	1.387753
65346	-3982.282	-4242.422	260.1399	1.959122	0.5992264	0.706815	0.293185	1.295685
65352	-4004.696	-4264.772	260.0763	1.920772	0.5447958	0.720779	0.279221	1.440642
65358	-3993.771	-4253.762	259.9914	1.902655	0.6020076	0.720779	0.279221	1.453664
65364	-3983.228	-4243.242	260.0132	1.96355	0.5737548	0.633076	0.366924	1.422194
65370	-3986.962	-4246.941	259.979	1.839906	0.5138517	0.657386	0.342614	1.60984
65376	-3996.846	-4256.812	259.9656	1.82493	0.5315077	0.692213	0.307787	1.60984
65382	-3987.324	-4247.396	260.0724	1.843442	0.4268249	0.737295	0.262705	1.648372
65388	-4003.389	-4263.21	259.8215	1.908629	0.5359504	0.664231	0.335769	1.648372
65394	-3989.139	-4249.019	259.8797	1.810949	0.4683019	0.718128	0.281872	1.755357
65400	-4006.477	-4266.373	259.8965	1.785961	0.5301349	0.712167	0.287833	1.688973
65406	-4020.766	-4280.147	259.3812	1.823705	0.7120242	0.788283	0.211717	1.841418
65412	-3983.618	-4243.638	260.0205	1.899596	0.5199473	0.767803	0.232197	1.528337
65418	-4017.915	-4277.712	259.7975	1.792664	0.4733408	0.617312	0.382688	1.819067
65424	-4003.729	-4263.57	259.8415	1.722621	0.6264741	0.629201	0.370799	1.670718
65430	-3994.355	-4254.612	260.2573	1.965951	0.4549048	0.703453	0.296547	1.380782
65436	-3999.334	-4259.583	260.2488	1.944427	0.5855235	0.663488	0.336512	1.234396
65442	-3998.021	-4258.262	260.2412	1.828086	0.4939157	0.612908	0.387092	1.448067
65448	-4003.686	-4263.832	260.1468	1.828086	0.5433739	0.638428	0.361572	1.459256
65454	-3997.586	-4257.598	260.0117	1.840471	0.5736317	0.656646	0.343354	1.516773
65460	-3995.698	-4256.093	260.3949	2.079682	0.4673216	0.680977	0.319023	1.154902
65466	-3983.732	-4244.025	260.2931	2.101459	0.4987483	0.677476	0.322524	1.178366
65472	-3993.422	-4253.635	260.2129	2.078753	0.5261871	0.702509	0.297491	1.228275
65478	-4005.385	-4265.459	260.0742	1.914017	0.5021738	0.703454	0.296546	1.499057
65484	-3993.367	-4253.53	260.1633	1.875897	0.5145105	0.743606	0.256394	1.445211
65490	-3992.072	-4252.067	259.9947	1.875897	0.5540555	0.673759	0.326241	1.525202
65496	-3991.299	-4251.275	259.9753	1.835984	0.5418481	0.567511	0.432489	1.582915
65502	-3985.88	-4246.158	260.2776	1.945508	0.4955823	0.632448	0.367552	1.325565
65508	-3986.031	-4246.208	260.177	1.956841	0.478869	0.632448	0.367552	1.417948
65514	-3979.538	-4239.548	260.0099	1.956841	0.5750483	0.632448	0.367552	1.428416
65520	-3980.45	-4240.439	259.9888	1.931679	0.6095446	0.627487	0.372513	1.425088
65526	-3972.389	-4232.251	259.8617	1.873536	0.5720278	0.693617	0.306383	1.604586
65532	-3977.245	-4237.088	259.8425	1.873536	0.5720278	0.684182	0.315818	1.618492
65538	-3970.1	-4230.382	260.2822	1.943602	0.4054711	0.702497	0.297503	1.448949
65544	-3972.795	-4233.211	260.4165	1.969872	0.4054711	0.682401	0.317599	1.323307
65550	-3985.775	-4246.113	260.3374	2.024776	0.4735191	0.732821	0.267179	1.242257
65556	-3999.278	-4259.653	260.3746	1.995789	0.4703667	0.732821	0.267179	1.239874
65562	-3992.538	-4252.608	260.0706	1.966024	0.652936	0.686071	0.313929	1.284755
65568	-3994.256	-4254.461	260.2051	1.973748	0.5563434	0.597806	0.402194	1.282753
65574	-4003.892	-4263.992	260.1006	1.972462	0.5700766	0.793517	0.206483	1.3512
65580	-3985.599	-4245.944	260.3446	2.005014	0.4883328	0.727061	0.272939	1.231621
65586	-3988.784	-4249.051	260.2673	1.947695	0.4628253	0.665958	0.334042	1.376318
65592	-4007.714	-4267.669	259.955	1.885875	0.6759553	0.722086	0.277914	1.415566
65598	-4008.334	-4268.411	260.0769	1.90156	0.5128604	0.764633	0.235367	1.49326
65604	-4014.31	-4274.535	260.2244	1.965682	0.3936457	0.568882	0.431118	1.49326
65610	-4011.447	-4271.624	260.1776	1.975643	0.4362338	0.740516	0.259484	1.460581
65616	-4011.408	-4271.487	260.0785	1.879042	0.5397784	0.717596	0.282404	1.476668
65622	-3993.843	-4254.178	260.3352	1.901371	0.4190039	0.674301	0.325699	1.421035
65628	-3994.651	-4254.884	260.2324	1.902244	0.4403589	0.684584	0.315416	1.469051
65634	-3983.105	-4243.292	260.1875	1.902244	0.4483905	0.752946	0.247054	1.492011
65640	-3981.601	-4241.665	260.0646	1.874014	0.4694859	0.669514	0.330486	1.576688
65646	-3997.561	-4257.43	259.8691	1.809678	0.5488884	0.826639	0.173361	1.670635
65652	-4003.84	-4264.327	260.4864	2.143237	0.5075808	0.662754	0.337246	0.9412399
65658	-3997.782	-4258.149	260.3671	2.143237	0.5075808	0.754757	0.245243	1.060567
65664	-4007.734	-4267.68	259.946	1.846775	0.5174177	0.73643	0.26357	1.624578
65670	-3995.972	-4255.277	259.3059	1.56954	0.3360937	0.728576	0.271424	2.459073
65676	-3989.781	-4249.14	259.3588	1.671067	0.4497527	0.690028	0.309972	2.219306
65682	-3993.374	-4253.366	259.9922	1.749077	0.4701636	0.681872	0.318128	1.717583
65688	-3981.823	-4241.738	259.915	1.761561	0.434316	0.766044	0.233956	1.807098
65694	-3982.494	-4242.382	259.8881	1.75483	0.5531729	0.752233	0.247767	1.691491
65700	-3989.728	-4250.238	260.5101	2.27001	0.4555862	0.770146	0.229854	0.8718322
65706	-3990.189	-4250.6	260.4113	2.227922	0.5395002	0.770146	0.229854	0.8735374
65712	-3993.668	-4254.101	260.4325	2.227922	0.4687528	0.724228	0.275772	0.9772868
65718	-3985.711	-4246.163	260.4521	2.299065	0.4708722	0.748943	0.251057	0.8745538
65724	-3979.037	-4239.452	260.4145	2.299065	0.4930166	0.748943	0.251057	0.8745538
65730	-3978.388	-4238.774	260.3863	2.321877	0.5253307	0.644827	0.355173	0.8165583
65736	-3972.676	-4233.154	260.4772	2.31204	0.4852839	0.669267	0.330733	0.796332
65742	-3987.252	-4247.649	260.3969	2.234905	0.5303181	0.615979	0.384021	0.8987277
65748	-3993.012	-4253.515	260.5026	2.218312	0.4380103	0.684306	0.315694	0.9710126
65754	-3996.188	-4256.731	260.5432	2.218312	0.4380103	0.684306	0.315694	0.9281037
65760	-3972.448	-4232.779	260.3305	2.253048	0.5235927	0.676251	0.323749	0.9624715
65766	-3968.724	-4229.125	260.401	2.253048	0.5235927	0.584558	0.415442	0.8855804
65772	-3980.72	-4241.052	260.3325	2.28477	0.5469112	0.778633	0.221367	0.8855804
65778	-3978.553	-4238.854	260.3014	2.314079	0.5480403	0.768564	0.231436	0.8855804
65784	-3973.049	-4233.452	260.4026	2.314079	0.5283239	0.624695	0.375305	0.7990659
65790	-3985.672	-4245.752	260.0801	1.937326	0.6936688	0.683135	0.316865	1.255608
65796	-3987.175	-4247.386	260.2112	1.798729	0.4954955	0.638315	0.361685	1.49106
65802	-3989.299	-4249.845	260.5459	2.373224	0.4323053	0.773209	0.226791	0.7437647
65808	-3976.375	-4236.738	260.3629	2.373224	0.5304139	0.749151	0.250849	0.7675777
65814	-3970.1	-4230.561	260.4613	2.374912	0.4707212	0.677314	0.322686	0.7655861
65820	-3965.781	-4226.08	260.2989	2.35661	0.5678481	0.731107	0.268893	0.7989767
65826	-3970.816	-4231.085	260.2693	2.282955	0.6179384	0.745812	0.254188	0.8372987
65832	-3970.468	-4230.868	260.4002	2.282955	0.504968	0.737076	0.262924	0.8867783
65838	-3977.985	-4238.413	260.4284	2.167517	0.5099173	0.654536	0.345464	0.9724882
65844	-3971.993	-4232.369	260.376	2.167517	0.5427938	0.654536	0.345464	0.9724882
65850	-3967.34	-4227.632	260.292	2.201693	0.5753856	0.657275	0.342725	0.9724882
65856	-3956.078	-4216.449	260.3714	2.193062	0.5113416	0.680554	0.319446	1.00205
65862	-3971.749	-4232.177	260.428	2.193062	0.509795	0.676509	0.323491	0.9464166
65868	-3976.355	-4236.581	260.2264	2.218787	0.5733674	0.673126	0.326874	1.024132
65874	-3977.121	-4237.415	260.2941	2.130021	0.5733674	0.761852	0.238148	1.044512
65880	-3980.741	-4240.931	260.1893	2.130021	0.5591878	0.643443	0.356557	1.160083
65886	-3979.21	-4239.558	260.3481	2.130021	0.4619274	0.798293	0.201707	1.160083
65892	-3987.451	-4247.867	260.4162	2.173771	0.4383814	0.644609	0.355391	1.097216
65898	-3987.221	-4247.525	260.3038	2.025445	0.5217948	0.771357	0.228643	1.202297
65904	-3975.731	-4236.207	260.4753	2.143735	0.4468805	0.732881	0.267119	1.055816
65910	-3977.615	-4237.813	260.1983	2.032385	0.6171837	0.743523	0.256477	1.162829
65916	-3981.907	-4242.292	260.3856	2.148473	0.4974372	0.696728	0.303272	1.053891
65922	-3982.126	-4242.669	260.5429	1.950188	0.4080443	0.690978	0.309022	1.23157
65928	-3987.356	-4247.877	260.5206	1.841737	0.4475302	0.695252	0.304748	1.279749
65934	-3987.837	-4248.135	260.2984	1.937691	0.4437014	0.699819	0.300181	1.386349
65940	-3997.873	-4258.06	260.1871	1.90741	0.586409	0.708222	0.291778	1.314543
65946	-4003.261	-4263.526	260.2652	1.966917	0.4984077	0.736239	0.263761	1.314543
65952	-3999.026	-4259.327	260.3006	2.00073	0.4984077	0.763333	0.236667	1.257918
65958	-4001.708	-4261.729	260.0214	1.859885	0.6218727	0.680425	0.319575	1.441646
65964	-4000.138	-4259.979	259.8405	1.881474	0.5828537	0.712	0.288	1.602487
65970	-3987.051	-4247.131	260.08	1.756244	0.4540463	0.732947	0.267053	1.670145
65976	-3988.646	-4248.614	259.9685	1.763446	0.4486362	0.705464	0.294536	1.750656
65982	-4003.126	-4262.403	259.2768	1.700713	0.5528578	0.705464	0.294536	2.142615
65988	-3982.944	-4242.494	259.5501	1.681198	0.4883292	0.618654	0.381346	2.044127
65994	-3982.316	-4242.233	259.9163	1.731114	0.5152299	0.671925	0.328075	1.730643
66000	-3969.306	-4229.457	260.1513	1.902691	0.4741516	0.682174	0.317826	1.485034
66006	-3978.762	-4238.813	260.0509	1.899578	0.5454532	0.711964	0.288036	1.4753
66012	-3976.248	-4236.439	260.1909	1.93106	0.4554185	0.703328	0.296672	1.45821
66018	-3984.424	-4244.664	260.2401	1.944374	0.4780767	0.703328	0.296672	1.379656
66024	-4005.922	-4265.087	259.1643	1.668432	0.4374505	0.644516	0.355484	2.359538
66030	-3995.984	-4255.601	259.6165	1.818791	0.4943321	0.644516	0.355484	1.900751
66036	-4002.318	-4262.225	259.9066	1.818791	0.6513713	0.74309	0.25691	1.528232
66042	-3994.507	-4254.514	260.0073	1.782806	0.4021632	0.66306	0.33694	1.770071
66048	-3987.686	-4247.495	259.8087	1.705926	0.4254351	0.638469	0.361531	1.928814
66054	-3993.615	-4253.509	259.8942	1.792893	0.4939874	0.640579	0.359421	1.727231
66060	-3999.212	-4259.468	260.2562	1.97348	0.4830841	0.709334	0.290666	1.337143
66066	-4008.641	-4268.82	260.1794	1.97348	0.5698636	0.682218	0.317782	1.287253
66072	-3991.055	-4251.211	260.156	2.000916	0.5795503	0.72984	0.27016	1.271971
66078	-3991.834	-4252.201	260.3662	2.000916	0.4849723	0.669905	0.330095	1.221612
66084	-3986.477	-4246.883	260.406	1.955532	0.4176642	0.680893	0.319107	1.324715
66090	-3990.481	-4250.571	260.0897	1.954474	0.5929895	0.679523	0.320477	1.347105
66096	-3999.843	-4259.995	260.1515	1.895537	0.5197203	0.628337	0.371663	1.432775
66102	-3993.828	-4254.19	260.3616	1.986962	0.4290248	0.680135	0.319865	1.318247
66108	-3980.006	-4240.35	260.3444	2.004152	0.4290248	0.680135	0.319865	1.318247
66114	-3968.285	-4228.586	260.3005	2.016426	0.493362	0.699302	0.300698	1.251986
66120	-3975.919	-4236.217	260.2975	1.842053	0.5008483	0.743963	0.256037	1.384855
66126	-3976.867	-4237.156	260.2895	1.900518	0.4747768	0.643407	0.356593	1.37973
66132	-3991.318	-4251.254	259.9366	1.900518	0.5690695	0.643407	0.356593	1.533088
66138	-3992.004	-4251.937	259.9328	1.900518	0.5982246	0.643407	0.356593	1.50367
66144	-3996.601	-4256.819	260.218	1.846758	0.521565	0.7457	0.2543	1.41679
66150	-3985.578	-4245.71	260.1316	1.846758	0.531931	0.64313	0.35687	1.470277
66156	-3991.369	-4251.221	259.852	1.945852	0.555823	0.64313	0.35687	1.576883
66162	-3983.047	-4243	259.9529	1.966736	0.6623039	0.643154	0.356846	1.368408
66168	-4000.005	-4260.1	260.0945	1.962527	0.5662927	0.726253	0.273747	1.368408
66174	-3988.37	-4248.76	260.39	1.994001	0.4610198	0.777519	0.222481	1.24205
66180	-3981.69	-4241.899	260.2087	1.994001	0.5730505	0.592471	0.407529	1.24205
66186	-3969.469	-4229.943	260.4742	2.027536	0.4523395	0.699309	0.300691	1.154114
66192	-3971.803	-4232.193	260.3905	2.010382	0.4817773	0.699309	0.300691	1.197441
66198	-3986.034	-4246.169	260.1341	1.879483	0.5862962	0.699309	0.300691	1.379047
66204	-3995.187	-4255.295	260.1072	1.887922	0.4901637	0.699309	0.300691	1.508816
66210	-3982.934	-4242.944	260.0101	1.862234	0.5584461	0.650009	0.349991	1.518955
66216	-3972.255	-4232.377	260.122	1.855512	0.4519499	0.565464	0.434536	1.570695
66222	-3982.36	-4242.476	260.1163	1.778084	0.5004938	0.727009	0.272991	1.570695
66228	-3985.821	-4245.864	260.0425	1.882806	0.4931357	0.715988	0.284012	1.556956
66234	-3999.059	-4258.977	259.9182	1.849092	0.577357	0.547957	0.452043	1.575426
66240	-3987.661	-4247.615	259.9544	1.849092	0.5837988	0.665755	0.334245	1.541685
66246	-3996.143	-4256.075	259.9316	1.871521	0.5840462	0.635483	0.364517	1.541685
66252	-3988.855	-4248.886	260.0309	1.888188	0.5997822	0.604492	0.395508	1.437026
66258	-3988.18	-4248.063	259.883	1.880002	0.6336113	0.691137	0.308863	1.518513
66264	-3985.028	-4245.08	260.052	1.818472	0.4938383	0.564132	0.435868	1.596243
66270	-3996.168	-4256.432	260.264	1.981803	0.5329249	0.742719	0.257281	1.257628
66276	-4008.431	-4268.831	260.4008	1.978422	0.4604114	0.693851	0.306149	1.246976
66282	-3981.847	-4241.885	260.0379	1.826133	0.522759	0.661403	0.338597	1.566419
66288	-3987.078	-4247.367	260.2896	1.732231	0.4305713	0.558314	0.441686	1.566419
66294	-3976.653	-4236.675	260.0221	1.882168	0.5036048	0.558314	0.441686	1.559688
66300	-3967.017	-4227.243	260.2264	1.901743	0.5036048	0.584337	0.415663	1.39021
66306	-3983.462	-4243.755	260.2927	1.895908	0.4540111	0.643723	0.356277	1.408948
66312	-3991.857	-4251.854	259.9973	1.895908	0.5692027	0.643723	0.356277	1.491035
66318	-3978.097	-4238.24	260.1426	1.880596	0.487209	0.48187	0.51813	1.491495
66324	-3984.364	-4244.466	260.102	1.921273	0.487209	0.50654	0.49346	1.491495
66330	-3993.052	-4253.158	260.1056	1.9551	0.5582572	0.591636	0.408364	1.375162
66336	-4000.431	-4260.409	259.9782	1.9551	0.5995149	0.451262	0.548738	1.426416
66342	-4009.521	-4269.469	259.948	1.766387	0.4467806	0.603665	0.396335	1.76523
66348	-3998.249	-4258.071	259.8217	1.756499	0.3967743	0.660199	0.339801	1.922482
66354	-3980.704	-4240.472	259.7682	1.756499	0.6134785	0.709474	0.290526	1.711803
66360	-3983.599	-4243.503	259.9039	1.756499	0.4891751	0.761517	0.238483	1.751631
66366	-3983.946	-4243.927	259.9806	1.867965	0.5469189	0.706842	0.293158	1.549718
66372	-3985.639	-4245.954	260.3149	1.831197	0.5259178	0.711891	0.288109	1.347642
66378	-3980.228	-4240.421	260.193	1.95303	0.5259178	0.738173	0.261827	1.347642
66384	-3979.371	-4239.818	260.4467	1.95303	0.4754542	0.703134	0.296866	1.207647
66390	-3978.582	-4238.977	260.3946	1.866022	0.4820928	0.662583	0.337417	1.31366
66396	-3978.813	-4238.971	260.1581	2.036824	0.5915832	0.741588	0.258412	1.225421
66402	-3977.453	-4237.763	260.3102	2.180342	0.4770508	0.78073	0.21927	1.125816
66408	-3992.889	-4253.012	260.1228	2.199679	0.6920048	0.626792	0.373208	0.9805238
66414	-3985.447	-4245.81	260.3629	2.199679	0.5356421	0.665675	0.334325	0.9643762
66420	-3986.604	-4246.939	260.3345	2.290305	0.5356421	0.76679	0.23321	0.8970513
66426	-3997.793	-4258.023	260.2299	2.227255	0.597613	0.732624	0.267376	0.9762019
66432	-3977.708	-4237.945	260.2374	2.248388	0.597613	0.75226	0.24774	0.9464474
66438	-3983.045	-4243.285	260.2406	2.192242	0.6084814	0.790706	0.209294	0.9849996
66444	-3991.422	-4251.654	260.2317	2.178497	0.5815186	0.5982	0.4018	1.046182
66450	-3999.309	-4259.644	260.335	1.924761	0.4662577	0.739073	0.260927	1.336121
66456	-3997.922	-4258.184	260.2621	1.987622	0.5460405	0.691291	0.308709	1.237258
66462	-4003.836	-4263.907	260.0712	2.094641	0.6744181	0.691291	0.308709	1.150355
66468	-4004.711	-4265.107	260.3961	2.094641	0.4531597	0.713362	0.286638	1.162548
66474	-3999.402	-4259.827	260.4248	2.107906	0.4531597	0.785755	0.214245	1.125296
66480	-3992.827	-4253.266	260.4388	2.273043	0.4711378	0.712477	0.287523	0.9183916
66486	-3997.778	-4258.124	260.3455	2.20937	0.5751566	0.649261	0.350739	0.907418
66492	-4001.845	-4261.875	260.0299	2.015764	0.5780415	0.72429	0.27571	1.363439
66498	-3988.953	-4249.295	260.3412	2.111465	0.4674215	0.69972	0.30028	1.173997
66504	-3986.927	-4247.293	260.3659	2.109265	0.5577955	0.69972	0.30028	1.017871
66510	-3992.848	-4253.207	260.3588	2.108214	0.5712804	0.653096	0.346904	1.005709
66516	-3990.834	-4251.148	260.3145	2.21827	0.5287187	0.635071	0.364929	1.005709
66522	-3991.189	-4251.383	260.1941	2.102083	0.5448252	0.666071	0.333929	1.199444
66528	-3981.287	-4241.498	260.2109	2.102083	0.5448252	0.666071	0.333929	1.184936
66534	-3983.381	-4243.747	260.366	2.102722	0.4316143	0.648494	0.351506	1.214964
66540	-4002.363	-4262.467	260.104	1.907557	0.4924515	0.60397	0.39603	1.493637
66546	-4006.713	-4266.968	260.2553	1.949325	0.4989095	0.519956	0.480044	1.335924
66552	-3980.76	-4241.014	260.2545	2.052919	0.4862104	0.698452	0.301548	1.269761
66558	-3984.633	-4244.753	260.1195	2.052919	0.5622714	0.698452	0.301548	1.280666
66564	-3976.291	-4236.635	260.3444	2.056186	0.4668657	0.698452	0.301548	1.219561
66570	-3993.402	-4253.843	260.4403	2.012946	0.4686381	0.663016	0.336984	1.171651
66576	-4001.718	-4262.261	260.5435	2.160298	0.3880895	0.693776	0.306224	1.07969
66582	-4003.62	-4264.083	260.4631	2.228221	0.4623982	0.667241	0.332759	0.9567038
66588	-3996.269	-4256.818	260.5488	2.391332	0.4099361	0.726441	0.273559	0.7741244
66594	-3988.07	-4248.544	260.4735	2.111678	0.5048732	0.66347	0.33653	0.9918829
66600	-3988.765	-4249.249	260.4843	2.266257	0.4972909	0.724244	0.275756	0.8207693
66606	-3998.947	-4259.154	260.2065	2.379461	0.6250984	0.724244	0.275756	0.7798306
66612	-3991.115	-4251.397	260.2815	2.339702	0.5707134	0.721222	0.278778	0.8375328
66618	-3983.213	-4243.709	260.4965	2.263381	0.4972407	0.721222	0.278778	0.8088391
66624	-3981.748	-4242.035	260.2868	2.268907	0.5791088	0.729491	0.270509	0.8999061
66630	-3977.034	-4237.419	260.3854	2.188902	0.5139566	0.701123	0.298877	0.9878273
66636	-3991.903	-4252.377	260.4733	2.204732	0.4846666	0.769206	0.230794	0.9301062
66642	-3979.104	-4239.523	260.4192	2.204732	0.4846666	0.582153	0.417847	0.9867478
66648	-3976.065	-4236.396	260.331	2.144386	0.567684	0.653493	0.346507	1.002708
66654	-3984.251	-4244.646	260.3951	2.222827	0.4990681	0.758323	0.241677	0.9682121
66660	-3993.564	-4254.014	260.4497	2.128497	0.5165353	0.754322	0.245678	0.9796308
66666	-3987.788	-4248.136	260.3477	2.128497	0.4767782	0.709372	0.290628	1.13904
66672	-3994.05	-4254.429	260.3794	2.004612	0.5195065	0.716851	0.283149	1.157951
66678	-4005.546	-4265.767	260.2212	1.909278	0.5320443	0.716851	0.283149	1.352298
66684	-3991.634	-4251.687	260.0529	1.938153	0.6027797	0.63899	0.36101	1.377845
66690	-3987.509	-4247.612	260.1031	1.962	0.5531942	0.729284	0.270716	1.377845
66696	-3988.049	-4248.125	260.0757	1.962	0.571184	0.626575	0.373425	1.377845
66702	-3984.461	-4244.774	260.3123	1.975995	0.4817393	0.614791	0.385209	1.291617
66708	-3984.061	-4244.168	260.1073	1.982017	0.5337603	0.581794	0.418206	1.382615
66714	-3994.189	-4254.402	260.2136	1.86571	0.5209338	0.643694	0.356306	1.406321
66720	-3995.208	-4255.386	260.1779	2.086856	0.5508772	0.641149	0.358851	1.218201
66726	-3995.113	-4255.505	260.3917	2.079684	0.5202058	0.712377	0.287623	1.07784
66732	-4002.939	-4263.388	260.4496	2.043755	0.5085164	0.659465	0.340535	1.075033
66738	-3997.938	-4258.293	260.3558	2.043755	0.5103336	0.640168	0.359832	1.157371
66744	-4002.613	-4263.036	260.4237	2.043755	0.4675797	0.71516	0.28484	1.160851
66750	-3998.685	-4258.957	260.2716	2.032813	0.5190639	0.659957	0.340043	1.227102
66756	-3990.13	-4250.288	260.1576	2.032813	0.5933374	0.691436	0.308564	1.227102
66762	-3982.362	-4242.675	260.313	2.079264	0.5315853	0.691436	0.308564	1.133542
66768	-3988.529	-4248.728	260.1988	2.056807	0.5315853	0.664413	0.335587	1.251229
66774	-3977.926	-4238.197	260.2708	2.088188	0.5811701	0.706997	0.293003	1.094655
66780	-3991.227	-4251.379	260.1524	2.130104	0.5902299	0.706997	0.293003	1.151577
66786	-3986.896	-4247.397	260.5007	2.171288	0.4181555	0.670956	0.329044	1.055416
66792	-4010.776	-4270.054	259.2783	1.641307	0.4816269	0.567263	0.432737	2.254647
66798	-4013.462	-4273.006	259.5439	1.641932	0.4764551	0.630764	0.369236	2.087345
66804	-3992.211	-4252.494	260.283	1.944729	0.4459036	0.741847	0.258153	1.389766
66810	-3981.644	-4241.829	260.1852	1.885711	0.5571238	0.63148	0.36852	1.368516
66816	-3988.469	-4248.362	259.8931	1.910611	0.5435917	0.682494	0.317506	1.586428
66822	-3990.791	-4250.696	259.9051	1.914636	0.6060873	0.756429	0.243571	1.505306
66828	-3982.718	-4242.709	259.9908	1.946554	0.6357781	0.654253	0.345747	1.383125
66834	-3989.984	-4250.192	260.2082	2.039094	0.5101231	0.6342	0.3658	1.286603
66840	-3996.62	-4257.044	260.4243	2.023844	0.4415208	0.645713	0.354287	1.217157
66846	-3990.78	-4251.039	260.2585	2.060262	0.4772514	0.64063	0.35937	1.272908
66852	-3991.145	-4251.373	260.2275	2.090542	0.5652846	0.62964	0.37036	1.153094
66858	-3985.182	-4245.398	260.2156	2.083654	0.5652846	0.625108	0.374892	1.16959
66864	-3979.107	-4239.491	260.3836	2.126457	0.5064755	0.625108	0.374892	1.062461
66870	-3978.647	-4239.247	260.6002	2.139529	0.4055007	0.699726	0.300274	1.012968
66876	-3982.736	-4243.306	260.5702	2.123569	0.4055007	0.656933	0.343067	1.057473
66882	-3981.946	-4242.313	260.3665	2.101248	0.5685277	0.724108	0.275892	1.00901
66888	-3971.58	-4231.961	260.3819	2.101248	0.5428008	0.707254	0.292746	1.032714
66894	-3980.154	-4240.577	260.4231	2.101248	0.5168108	0.618503	0.381497	1.032714
66900	-3981.397	-4241.755	260.3579	2.101248	0.5234311	0.550644	0.449356	1.084417
66906	-3998.212	-4258.776	260.5635	2.101248	0.4174433	0.764091	0.235909	1.063542
66912	-3994.935	-4255.378	260.4434	2.095674	0.4088131	0.660676	0.339324	1.19118
66918	-3990.429	-4250.612	260.1836	2.080394	0.5902775	0.660676	0.339324	1.167779
66924	-3981.135	-4241.447	260.3117	2.026936	0.5053203	0.753682	0.246318	1.217034
66930	-3977.403	-4237.682	260.2788	2.14729	0.5625616	0.584953	0.415047	1.058157
66936	-3975.869	-4236.42	260.5512	2.14729	0.4774361	0.618819	0.381181	0.9212484
66942	-3972.979	-4233.387	260.4084	2.176171	0.5194422	0.641401	0.358599	0.968266
66948	-3983.136	-4243.605	260.4692	2.176171	0.4243984	0.780079	0.219921	1.069608
66954	-3978.214	-4238.584	260.3698	2.179977	0.5340813	0.661347	0.338653	0.9800124
66960	-3984.746	-4245.099	260.3523	2.123599	0.5259348	0.635527	0.364473	1.06502
66966	-3983.351	-4243.644	260.2928	2.123599	0.555713	0.634228	0.365772	1.077136
66972	-3984.98	-4245.189	260.209	2.123599	0.6122	0.666797	0.333203	1.077136
66978	-3991.516	-4251.873	260.3568	2.042286	0.5453346	0.666797	0.333203	1.107915
66984	-3981.494	-4242.02	260.5257	2.042286	0.4919421	0.7369	0.2631	1.030037
66990	-3994.12	-4254.522	260.402	2.364267	0.5115492	0.729144	0.270856	0.7678403
66996	-3995.267	-4255.73	260.4632	2.364267	0.4771306	0.728275	0.271725	0.7623219
67002	-3982.438	-4242.798	260.3592	2.260245	0.5508142	0.728902	0.271098	0.8760765
67008	-3986.492	-4246.957	260.4658	2.062555	0.5292555	0.723118	0.276882	1.009265
67014	-3989.356	-4249.749	260.3928	2.071524	0.5066944	0.743851	0.256149	1.104608
67020	-3982.526	-4242.852	260.3261	2.107936	0.5254473	0.730603	0.269397	1.104608
67026	-3970.766	-4231.299	260.5326	2.143271	0.4687484	0.740595	0.259405	0.9612994
67032	-3973.08	-4233.439	260.3596	2.123181	0.5272831	0.5851	0.4149	1.056457
67038	-3978.38	-4238.751	260.3716	2.123181	0.5094622	0.682678	0.317322	1.072298
67044	-3983.325	-4243.753	260.4284	2.123181	0.5095202	0.665779	0.334221	1.017672
67050	-3984.084	-4244.538	260.4539	2.185164	0.4616115	0.722901	0.277099	1.011252
67056	-3982.964	-4243.195	260.2305	2.172254	0.5705658	0.676886	0.323114	1.068752
67062	-3998.379	-4258.684	260.305	2.090612	0.5268052	0.698016	0.301984	1.137334
67068	-3986.386	-4246.675	260.2896	2.082479	0.5121227	0.727077	0.272923	1.178813
67074	-3991.467	-4251.761	260.2941	2.082479	0.5121227	0.722714	0.277286	1.174884
67080	-3995.326	-4255.719	260.3926	2.025442	0.4875003	0.686275	0.313725	1.174292
67086	-3999.23	-4259.576	260.3466	1.998529	0.4875003	0.761072	0.238928	1.23661
67092	-3993.309	-4253.574	260.2651	1.934375	0.5150044	0.68925	0.31075	1.318937
67098	-3984.86	-4245.252	260.3925	2.095508	0.4437869	0.609628	0.390372	1.179468
67104	-3984.779	-4245.089	260.3101	1.91287	0.4520306	0.749561	0.250439	1.384977
67110	-3993.773	-4254.039	260.2661	2.272661	0.6282832	0.545235	0.454765	0.8358163
67116	-3999.942	-4260.158	260.2158	2.324228	0.6294169	0.604035	0.395965	0.8322336
67122	-3996.8	-4256.872	260.0721	1.967784	0.5729272	0.692207	0.307793	1.374032
67128	-3997.094	-4257.35	260.2562	1.98643	0.4248162	0.738968	0.261032	1.408042
67134	-3994.305	-4254.496	260.1914	1.909916	0.5926484	0.643938	0.356062	1.301584
67140	-3994.107	-4254.363	260.2561	1.957403	0.4847714	0.643938	0.356062	1.347764
67146	-3988.252	-4248.509	260.2574	1.963387	0.4847194	0.63745	0.36255	1.341986
67152	-3993.704	-4254.13	260.4265	2.19109	0.4851105	0.714695	0.285305	0.9923514
67158	-4002.345	-4262.876	260.531	2.156373	0.4663536	0.753941	0.246059	0.9535548
67164	-4009.042	-4269.449	260.4076	2.132299	0.4940056	0.604615	0.395385	1.053761
67170	-3993.303	-4253.717	260.4141	2.095055	0.5126907	0.75552	0.24448	1.053761
67176	-3985.423	-4245.638	260.215	2.093403	0.595639	0.710771	0.289229	1.121351
67182	-3975.498	-4235.864	260.3657	2.086866	0.4954206	0.747527	0.252473	1.132114
67188	-3985.294	-4245.739	260.4444	2.039392	0.414272	0.599278	0.400722	1.229516
67194	-3975.649	-4235.968	260.3195	2.039392	0.5193712	0.633124	0.366876	1.18006
67200	-3987.746	-4247.921	260.175	2.039392	0.5471165	0.62991	0.37009	1.26528
