Iteration	Posterior	Likelihood	Prior	rate_log_sd	rate_neo	root_freqs[1]	root_freqs[2]	tree_length
0	-3992.495	-4252.395	259.8997	1.777526	0.5126533	0.582138	0.417862	1.712535
6	-3990.614	-4250.276	259.6619	1.755661	0.577626	0.748803	0.251197	1.823051
12	-3993.609	-4254.108	260.4984	2.226183	0.4988016	0.670964	0.329036	0.8500195
18	-3996.678	-4257.256	260.578	2.237464	0.4334981	0.656977	0.343023	0.8767456
24	-3992.312	-4252.663	260.3514	2.268017	0.5514464	0.656977	0.343023	0.8750164
30	-3994.934	-4255.331	260.3965	2.163582	0.5563121	0.744471	0.255529	0.9330151
36	-3997.941	-4258.351	260.4094	2.154362	0.521192	0.700185	0.299815	0.9866653
42	-3975.023	-4235.501	260.4784	2.123554	0.4842468	0.682096	0.317904	1.009424
48	-3986.48	-4247.02	260.5395	2.15742	0.4842468	0.688991	0.311009	0.9101732
54	-4004.775	-4265.43	260.6548	2.25636	0.3800622	0.744142	0.255858	0.8839722
60	-3981.46	-4242.051	260.5907	2.222329	0.4073797	0.744142	0.255858	0.9338433
66	-3992.447	-4252.909	260.4613	2.16518	0.5207501	0.674456	0.325544	0.9215531
72	-3997.071	-4257.434	260.3623	2.16518	0.472949	0.572719	0.427281	1.09862
78	-4011.697	-4271.905	260.2084	2.166833	0.5818782	0.572719	0.427281	1.078642
84	-4016.536	-4277.019	260.483	2.093758	0.4386625	0.617563	0.382437	1.108908
90	-3983.395	-4244.009	260.6141	2.13415	0.3976689	0.654706	0.345294	1.019454
96	-3984.509	-4244.91	260.4009	2.142461	0.5055735	0.679219	0.320781	1.03202
102	-3989.616	-4250.108	260.4926	2.088692	0.4840309	0.640813	0.359187	1.030084
108	-3979.414	-4239.666	260.2522	2.012109	0.5826721	0.695702	0.304298	1.177294
114	-3985.481	-4245.667	260.186	1.960685	0.4821713	0.613623	0.386377	1.403716
120	-3995.576	-4255.477	259.9013	2.086837	0.7487308	0.710505	0.289495	1.221373
126	-3979.244	-4239.503	260.2591	2.086837	0.5835073	0.710505	0.289495	1.103493
132	-3980.647	-4240.671	260.0243	2.158309	0.6776388	0.66387	0.33613	1.131592
138	-3976.645	-4237.085	260.4396	2.079909	0.4566173	0.670612	0.329388	1.131592
144	-3986.377	-4246.804	260.4272	2.079909	0.4566173	0.686306	0.313694	1.142709
150	-3991.333	-4251.607	260.2739	2.1832	0.5889863	0.675868	0.324132	0.9891531
156	-3992.498	-4252.798	260.2998	2.1832	0.5716187	0.675868	0.324132	0.9891531
162	-3989.504	-4249.883	260.379	2.15214	0.5737761	0.663534	0.336466	0.9356828
168	-3984.94	-4245.378	260.4375	2.21867	0.4946041	0.641844	0.358156	0.9356828
174	-3978.438	-4238.823	260.3854	2.21161	0.5684258	0.641844	0.358156	0.8708239
180	-3977.031	-4237.43	260.3993	2.145603	0.5684258	0.669377	0.330623	0.9295126
186	-3993.239	-4253.847	260.6076	2.218091	0.4150704	0.708721	0.291279	0.9040973
192	-3999.75	-4260.217	260.4663	2.21038	0.5408105	0.714417	0.285583	0.8254826
198	-3994.19	-4254.517	260.3268	2.271142	0.5622674	0.599045	0.400955	0.8806991
204	-3984.544	-4244.963	260.419	2.252523	0.5413108	0.655066	0.344934	0.8310633
210	-3997.202	-4257.65	260.4489	2.216853	0.5438809	0.655066	0.344934	0.8332438
216	-3997.4	-4257.739	260.3392	2.266017	0.5438809	0.614477	0.385523	0.9045605
222	-3994.417	-4254.963	260.5464	2.233551	0.4868634	0.694867	0.305133	0.8051385
228	-4004.819	-4265.234	260.4156	2.18272	0.5103991	0.696208	0.303792	0.9691856
234	-4005.543	-4265.086	259.5424	1.662026	0.5096805	0.768645	0.231355	2.038471
240	-3992.805	-4252.583	259.7772	1.783874	0.5518507	0.646282	0.353718	1.750613
246	-3986.051	-4246.085	260.0337	1.832075	0.4903256	0.676785	0.323215	1.603942
252	-3991.162	-4251.159	259.9973	1.832075	0.5724314	0.669742	0.330258	1.535092
258	-3993.082	-4253.017	259.9345	1.872779	0.5724314	0.682852	0.317148	1.551433
264	-3988.871	-4248.756	259.8848	1.839746	0.5035997	0.739542	0.260458	1.689545
270	-3992.079	-4252.129	260.0499	1.844553	0.4559466	0.641311	0.358689	1.625948
276	-3994.35	-4254.436	260.0855	1.881035	0.5573034	0.713395	0.286605	1.449167
282	-3976.367	-4236.557	260.1898	1.893736	0.5372975	0.713395	0.286605	1.38279
288	-3981.654	-4241.907	260.2525	1.945407	0.4531474	0.710595	0.289405	1.40291
294	-3979.988	-4240.339	260.3508	1.857416	0.4429921	0.650537	0.349463	1.409039
300	-3983.349	-4243.226	259.8775	1.798731	0.479281	0.653409	0.346591	1.752252
306	-3982.281	-4242.273	259.9913	1.702896	0.4389264	0.703998	0.296002	1.78908
312	-3981.413	-4241.501	260.0882	1.760089	0.4681393	0.666489	0.333511	1.643875
318	-3980.311	-4240.432	260.1209	1.760089	0.483246	0.609545	0.390455	1.601584
324	-3987.047	-4247.317	260.2701	1.930137	0.4922773	0.609545	0.390455	1.348255
330	-3990.655	-4250.883	260.2284	1.977311	0.5478714	0.609545	0.390455	1.271489
336	-3996.111	-4256.373	260.2623	1.943383	0.5478714	0.688541	0.311459	1.271489
342	-3994.871	-4255.089	260.2185	1.969171	0.554885	0.560335	0.439665	1.277377
348	-3988.711	-4248.908	260.1965	1.969171	0.5572505	0.560335	0.439665	1.292454
354	-3981.317	-4241.627	260.3101	1.964848	0.4890634	0.664965	0.335035	1.292454
360	-3991.678	-4252.004	260.3266	1.964848	0.5232295	0.707691	0.292309	1.232411
366	-3996.392	-4256.484	260.092	1.964848	0.5424444	0.733227	0.266773	1.397334
372	-4002.218	-4262.156	259.9386	1.933778	0.5424444	0.723692	0.276308	1.537264
378	-3990.879	-4251.096	260.2167	1.923829	0.5424444	0.612051	0.387949	1.33123
384	-4011.852	-4271.985	260.1334	1.923829	0.4638417	0.565387	0.434613	1.496034
390	-3999.741	-4259.687	259.9455	1.856301	0.4909237	0.631758	0.368242	1.649374
396	-3989.802	-4249.747	259.9446	1.856301	0.5367738	0.785225	0.214775	1.596307
402	-3985.772	-4245.629	259.8567	1.825888	0.6157834	0.76529	0.23471	1.596307
408	-4001.445	-4261.26	259.8146	1.84407	0.5805384	0.609799	0.390201	1.650655
414	-4004.952	-4264.922	259.9701	1.972466	0.5715228	0.673632	0.326368	1.450976
420	-3981.262	-4241.322	260.0605	1.964045	0.5318953	0.673632	0.326368	1.435082
426	-3990.163	-4250.359	260.1958	1.964045	0.5272446	0.681492	0.318508	1.334961
432	-3995.473	-4255.883	260.4098	1.993125	0.4472741	0.659289	0.340711	1.246544
438	-3984.368	-4244.673	260.3049	1.96258	0.5359854	0.696629	0.303371	1.23551
444	-4015.271	-4275.498	260.2269	1.874258	0.5359854	0.632087	0.367913	1.37051
450	-3997.019	-4257.037	260.0177	1.890043	0.6170255	0.64174	0.35826	1.42668
456	-3992.146	-4252.291	260.1449	1.858844	0.5522296	0.656736	0.343264	1.42668
462	-3998.898	-4258.947	260.0485	1.793333	0.511309	0.749091	0.250909	1.596124
468	-3989.398	-4249.748	260.3497	1.85209	0.4351876	0.714623	0.285377	1.424866
474	-3981.606	-4241.652	260.0454	1.85209	0.4553819	0.769973	0.230027	1.624503
480	-3995.178	-4255.298	260.1197	1.8171	0.4894383	0.650406	0.349594	1.55307
486	-3988.32	-4248.35	260.0302	1.8171	0.4851335	0.680476	0.319524	1.623652
492	-3997.759	-4257.504	259.7445	1.779137	0.5250196	0.724691	0.275309	1.80597
498	-3993.79	-4253.671	259.881	1.80858	0.5521495	0.741458	0.258542	1.659316
504	-3999.75	-4259.669	259.9192	1.80858	0.5278025	0.784235	0.215765	1.659316
510	-3992.513	-4252.208	259.6946	1.931141	0.7581358	0.674622	0.325378	1.499305
516	-3991.921	-4251.499	259.5776	1.947015	0.6991888	0.613984	0.386016	1.628441
522	-3986.479	-4246.51	260.0309	1.932269	0.4186756	0.665647	0.334353	1.625167
528	-3987.284	-4247.234	259.9496	1.882525	0.514887	0.729617	0.270383	1.599
534	-3984.21	-4244.133	259.9226	1.783977	0.5709078	0.729617	0.270383	1.626598
540	-3998.573	-4258.614	260.0415	1.947625	0.5456488	0.789661	0.210339	1.4457
546	-3986.552	-4246.7	260.1487	1.85004	0.4823695	0.628237	0.371763	1.515944
552	-3980.295	-4240.383	260.088	1.85004	0.4674458	0.642116	0.357884	1.579659
558	-3998.499	-4258.47	259.9707	1.885671	0.5237185	0.704601	0.295399	1.570871
564	-3983.142	-4243.203	260.0609	1.83638	0.4925198	0.727592	0.272408	1.578312
570	-3986.271	-4246.365	260.0949	1.988566	0.5666236	0.719669	0.280331	1.347142
576	-3985.077	-4245.318	260.2405	1.941466	0.5526061	0.657154	0.342846	1.284968
582	-3982.048	-4242.069	260.021	2.02861	0.6585909	0.712043	0.287957	1.267754
588	-3992.752	-4252.942	260.1898	1.974922	0.5419117	0.72444	0.27556	1.312478
594	-3999.674	-4260.02	260.3466	1.926145	0.3887292	0.72444	0.27556	1.437817
600	-3978.116	-4238.354	260.2385	1.963573	0.4698905	0.620532	0.379468	1.376847
606	-3987.016	-4247.28	260.2642	1.937872	0.4698905	0.737901	0.262099	1.376847
612	-3978.544	-4238.664	260.1202	1.91006	0.4698905	0.674732	0.325268	1.50835
618	-3982.81	-4243.147	260.3365	1.91006	0.5179436	0.640412	0.359588	1.276769
624	-3983.675	-4243.835	260.1597	1.861723	0.5179436	0.764676	0.235324	1.454524
630	-3988.669	-4248.731	260.0616	1.861723	0.5932261	0.592312	0.407688	1.441092
636	-4000.412	-4260.395	259.9823	1.830198	0.5077965	0.643959	0.356041	1.621578
642	-3999.269	-4259.173	259.9038	1.902416	0.5522716	0.785916	0.214084	1.574795
648	-3984.48	-4244.596	260.1167	1.998779	0.5246759	0.645453	0.354547	1.373388
654	-3982.701	-4243.087	260.3858	2.146711	0.5170672	0.645453	0.354547	1.024384
660	-3985.344	-4245.848	260.5041	2.146711	0.4480908	0.663236	0.336764	1.023116
666	-3987.617	-4248.093	260.4763	2.1533	0.445351	0.724343	0.275657	1.048348
672	-3972.669	-4233.138	260.4693	2.1533	0.445351	0.700968	0.299032	1.055055
678	-4000.464	-4260.596	260.1326	2.13843	0.6839784	0.700968	0.299032	1.041947
684	-3978.216	-4238.449	260.2334	2.133796	0.636295	0.700968	0.299032	1.01128
690	-3979.366	-4239.851	260.4845	2.195706	0.4442869	0.698156	0.301844	1.00084
696	-3985.268	-4245.811	260.5427	2.163284	0.4442869	0.616191	0.383809	0.9747146
702	-3987.98	-4248.478	260.4973	2.163284	0.4442869	0.633484	0.366516	1.020212
708	-3998.845	-4259.167	260.3224	2.099014	0.6024116	0.655542	0.344458	1.005252
714	-3991.358	-4251.74	260.382	2.152621	0.5265651	0.657571	0.342429	1.007288
720	-3993.036	-4253.433	260.3963	2.152621	0.522525	0.717664	0.282336	0.9995154
726	-4001.747	-4262.24	260.4929	2.093373	0.4663442	0.709554	0.290446	1.054363
732	-4001.228	-4261.544	260.3159	2.091873	0.5489685	0.536749	0.463251	1.094806
738	-3988.32	-4248.415	260.0946	2.090395	0.6115761	0.711138	0.288862	1.209267
744	-3967.962	-4228.058	260.0952	2.01036	0.6115761	0.711138	0.288862	1.275702
750	-3980.301	-4240.423	260.1221	2.062623	0.6151757	0.760718	0.239282	1.205121
756	-3969.403	-4229.662	260.2595	2.162365	0.5247271	0.63417	0.36583	1.116704
762	-3974.256	-4234.536	260.2805	2.102762	0.5492984	0.63417	0.36583	1.116704
768	-3978.725	-4239.171	260.4469	1.994908	0.4546804	0.63417	0.36583	1.202624
774	-3981.857	-4241.961	260.1042	2.003379	0.6219462	0.63417	0.36583	1.261868
780	-3976.756	-4237.096	260.3398	2.115438	0.53159	0.711925	0.288075	1.076028
786	-3971.691	-4231.882	260.1909	2.187704	0.5552053	0.689183	0.310817	1.112663
792	-3979.895	-4240.316	260.4212	2.114838	0.459166	0.73803	0.26197	1.112663
798	-3974.378	-4234.602	260.2238	2.068289	0.6011028	0.709014	0.290986	1.12891
804	-3971.982	-4232.338	260.3559	2.10695	0.4914177	0.714489	0.285511	1.12891
810	-3986.202	-4246.698	260.4962	2.066936	0.4452589	0.655034	0.344966	1.110407
816	-3979.393	-4239.742	260.3484	2.052251	0.5425384	0.631403	0.368597	1.110407
822	-3999.574	-4259.988	260.4139	2.166606	0.4560231	0.731605	0.268395	1.076841
828	-3998.117	-4258.539	260.4215	2.057058	0.4464852	0.573076	0.426924	1.183476
834	-3981.304	-4241.723	260.4187	2.057058	0.4464852	0.629566	0.370434	1.185921
840	-3986.498	-4246.694	260.1955	2.06381	0.5793657	0.682215	0.317785	1.185921
846	-3984.132	-4244.443	260.3104	2.123366	0.5583152	0.733148	0.266852	1.057032
852	-3991.074	-4251.331	260.2576	2.201353	0.5262479	0.72327	0.27673	1.080445
858	-3996.838	-4257.185	260.3476	2.256565	0.5353279	0.697343	0.302657	0.9205581
864	-3978.239	-4238.819	260.58	2.170914	0.4470669	0.674944	0.325056	0.9219398
870	-3987.345	-4247.859	260.5145	2.143512	0.4470669	0.577494	0.422506	1.017835
876	-3980.413	-4240.763	260.3498	2.162052	0.519511	0.615764	0.384236	1.040594
882	-3988.816	-4249.292	260.4757	2.169137	0.4787744	0.769923	0.230077	0.9755529
888	-3985.044	-4245.401	260.3568	2.134225	0.5421987	0.773863	0.226137	1.025934
894	-4004.504	-4264.853	260.349	2.135439	0.5409172	0.658482	0.341518	1.03424
900	-3996.3	-4256.612	260.3119	2.143073	0.5646154	0.658482	0.341518	1.027407
906	-3991.376	-4251.577	260.2008	2.117274	0.578974	0.712131	0.287869	1.134734
912	-3999.513	-4260.027	260.5139	2.054493	0.4184533	0.619979	0.380021	1.149724
918	-3978.482	-4238.847	260.3655	2.054493	0.490234	0.690347	0.309653	1.168571
924	-3980.873	-4241.164	260.2908	2.066822	0.490234	0.726883	0.273117	1.222155
930	-3978.371	-4238.43	260.0588	2.062618	0.6594333	0.675012	0.324988	1.206495
936	-3998.08	-4258.447	260.3665	2.075963	0.5243551	0.736331	0.263669	1.098496
942	-3995.677	-4255.876	260.1985	2.13926	0.5966161	0.745936	0.254064	1.093261
948	-3993.115	-4253.535	260.4196	2.13926	0.4983535	0.655348	0.344652	1.028571
954	-3992.918	-4253.288	260.3705	2.184431	0.5618845	0.670724	0.329276	0.9294207
960	-3987.916	-4248.36	260.444	2.209824	0.4995664	0.733188	0.266812	0.9294207
966	-3992.244	-4252.604	260.3602	2.212212	0.5067173	0.642079	0.357921	1.001664
972	-3987.181	-4247.552	260.3709	2.212212	0.5261193	0.704133	0.295867	0.9586915
978	-3992.937	-4253.287	260.3509	2.212212	0.5261193	0.678091	0.321909	0.9793743
984	-3998.998	-4259.414	260.416	2.205987	0.5261193	0.678091	0.321909	0.9170204
990	-4009.328	-4269.735	260.4066	2.207509	0.4984246	0.728873	0.271127	0.973221
996	-3999.555	-4260.055	260.4997	2.207509	0.4371648	0.728873	0.271127	0.9865482
1002	-3999.246	-4259.561	260.3148	2.222055	0.5677918	0.727288	0.272712	0.9391332
1008	-3993.137	-4253.668	260.5309	2.103241	0.4830544	0.559043	0.440957	0.9790909
1014	-3994.899	-4255.446	260.5474	2.103241	0.4753449	0.653259	0.346741	0.9756779
1020	-3999.391	-4259.762	260.3706	2.122473	0.5789764	0.612528	0.387472	0.9675717
1026	-4005.384	-4265.862	260.4781	2.124502	0.4540342	0.659368	0.340632	1.059319
1032	-3989.473	-4249.957	260.4838	2.118523	0.4599088	0.788363	0.211637	1.049765
1038	-3992.023	-4252.281	260.2579	2.171667	0.5692614	0.706087	0.293913	1.04517
1044	-3980.292	-4240.564	260.2725	2.075762	0.5692614	0.663799	0.336201	1.120686
1050	-3975.886	-4236.238	260.352	2.075762	0.4880556	0.663799	0.336201	1.164998
1056	-3976.742	-4237.165	260.4229	2.060069	0.4405079	0.611568	0.388432	1.188974
1062	-3980.513	-4240.736	260.2238	2.041762	0.5728114	0.679145	0.320855	1.188974
1068	-3981.113	-4241.344	260.231	2.083598	0.5787618	0.718548	0.281452	1.138108
1074	-3989.143	-4249.445	260.3015	2.083598	0.4609652	0.715703	0.284297	1.241227
1080	-3985.276	-4245.536	260.2596	2.075708	0.565036	0.715703	0.284297	1.138054
1086	-3988.822	-4249.234	260.4123	2.075708	0.4939637	0.661553	0.338447	1.102227
1092	-4005.654	-4265.797	260.1429	1.926708	0.5129555	0.785931	0.214069	1.423751
1098	-3999.208	-4259.099	259.8909	1.913664	0.5559942	0.746103	0.253897	1.571822
1104	-3976.187	-4236.28	260.0927	1.86973	0.47962	0.668994	0.331006	1.546386
1110	-3992.759	-4252.898	260.1386	1.86973	0.453187	0.668994	0.331006	1.546386
1116	-3995.034	-4255.201	260.1667	1.795997	0.453187	0.627975	0.372025	1.579902
1122	-3976.847	-4236.868	260.0213	1.880829	0.533303	0.662276	0.337724	1.525849
1128	-3980.392	-4240.551	260.1585	1.837612	0.4819428	0.719719	0.280281	1.518458
1134	-3995.504	-4255.446	259.9415	1.837612	0.4804968	0.682521	0.317479	1.678172
1140	-3978.628	-4238.519	259.891	1.847405	0.50486	0.60452	0.39548	1.678172
1146	-3973.81	-4233.792	259.9819	1.772452	0.50486	0.66331	0.33669	1.666856
1152	-3994.724	-4254.152	259.4282	1.794295	0.6275171	0.693516	0.306484	1.906889
1158	-3988.34	-4248.355	260.0141	1.798291	0.430278	0.648166	0.351834	1.717436
1164	-3989.106	-4248.831	259.7248	1.82558	0.5903041	0.661771	0.338229	1.717436
1170	-3988.798	-4249.139	260.3415	1.908034	0.5136851	0.632059	0.367941	1.280036
1176	-3981.599	-4241.82	260.2204	1.860447	0.4954599	0.673515	0.326485	1.43724
1182	-3989.062	-4249.391	260.3291	1.95778	0.4954599	0.706996	0.293004	1.273916
1188	-4008.525	-4268.524	259.9995	1.955514	0.5790355	0.765206	0.234794	1.432848
1194	-4002.875	-4262.928	260.0526	1.926985	0.5627624	0.586235	0.413765	1.432848
1200	-4002.379	-4262.533	260.1542	1.853085	0.5159092	0.687976	0.312024	1.467761
1206	-3992.035	-4252.185	260.1499	1.773572	0.4853699	0.64512	0.35488	1.567884
1212	-3984.116	-4244.1	259.9845	1.763856	0.4853699	0.70555	0.29445	1.694175
1218	-3984.324	-4244.1	259.7759	1.763856	0.5792141	0.643385	0.356615	1.736484
1224	-3977.071	-4236.897	259.8262	1.811669	0.5844289	0.644327	0.355673	1.661427
1230	-3991.178	-4251.177	259.9987	1.740637	0.4257905	0.691862	0.308138	1.774416
1236	-3983.29	-4243.381	260.0905	1.717223	0.396193	0.650789	0.349211	1.765793
1242	-3984.878	-4245.192	260.314	1.773793	0.396193	0.685955	0.314045	1.565596
1248	-3975.467	-4235.417	259.9508	1.773541	0.6159505	0.674153	0.325847	1.565596
1254	-3979.015	-4239.123	260.1075	1.858319	0.3920717	0.599999	0.400001	1.659806
1260	-3995.09	-4255.002	259.9125	1.824145	0.3920717	0.771722	0.228278	1.820649
1266	-3995.538	-4255.284	259.7462	1.824145	0.5284787	0.646886	0.353114	1.769681
1272	-3986.615	-4246.688	260.0722	1.824145	0.4780955	0.646886	0.353114	1.596726
1278	-3983.25	-4243.166	259.9159	1.862799	0.4780955	0.675037	0.324963	1.68143
1284	-3983.031	-4243.126	260.0951	1.884139	0.4909207	0.654164	0.345836	1.519723
1290	-3986.178	-4246.402	260.224	1.977653	0.4909207	0.603323	0.396677	1.348918
1296	-3985.907	-4246.094	260.1871	1.96111	0.5225975	0.748635	0.251365	1.350174
1302	-3988.412	-4248.719	260.3072	1.96111	0.451361	0.772382	0.227618	1.350174
1308	-3998.963	-4259.31	260.3469	1.956447	0.5427655	0.622058	0.377942	1.196034
1314	-4005.391	-4265.756	260.3654	2.030982	0.4935456	0.715827	0.284173	1.18432
1320	-4004.714	-4264.901	260.1864	1.87649	0.5322428	0.744863	0.255137	1.40504
1326	-4000.387	-4260.342	259.9552	1.776713	0.5004553	0.744863	0.255137	1.688004
1332	-4006.833	-4266.557	259.7241	1.732998	0.5215263	0.599834	0.400166	1.85556
1338	-3989.752	-4249.657	259.9045	1.753578	0.5215263	0.695196	0.304804	1.715967
1344	-3979.744	-4239.68	259.9361	1.759525	0.483471	0.666749	0.333251	1.733664
1350	-3979.696	-4239.677	259.9809	1.81176	0.4623359	0.822518	0.177482	1.690826
1356	-3974.859	-4234.893	260.0348	1.869602	0.5289781	0.602727	0.397273	1.529222
1362	-3967.304	-4227.278	259.9738	1.810852	0.4777806	0.701868	0.298132	1.677538
1368	-3972.596	-4232.58	259.9835	1.831028	0.5119866	0.676801	0.323199	1.615142
1374	-3985.536	-4245.861	260.3249	1.971747	0.4608318	0.759623	0.240377	1.314114
1380	-3991.238	-4251.223	259.9844	1.856784	0.4608318	0.663398	0.336602	1.658082
1386	-3985.51	-4245.333	259.823	1.856784	0.6663766	0.695783	0.304217	1.546868
1392	-3984.582	-4244.612	260.0305	1.856075	0.49171	0.665825	0.334175	1.587083
1398	-3989.292	-4249.764	260.4728	1.966979	0.4269523	0.730574	0.269426	1.246548
1404	-3989.326	-4249.573	260.2473	2.063471	0.5882577	0.703522	0.296478	1.129012
1410	-3991.807	-4252.147	260.3394	2.119573	0.5466482	0.642279	0.357721	1.050157
1416	-3991.075	-4251.467	260.3921	1.948856	0.5466482	0.71304	0.28696	1.158101
1422	-3987.623	-4247.906	260.2822	2.033423	0.5641096	0.736815	0.263185	1.156812
1428	-3991.129	-4251.39	260.2609	2.033423	0.5751071	0.68582	0.31418	1.160933
1434	-3995.056	-4255.29	260.2343	2.020596	0.6018331	0.678004	0.321996	1.160933
1440	-3989.082	-4249.525	260.4438	2.007523	0.4768789	0.640201	0.359799	1.160933
1446	-3996.699	-4257.044	260.3453	2.033354	0.5533525	0.7741	0.2259	1.115152
1452	-3981.813	-4242.125	260.312	2.066662	0.5533525	0.61009	0.38991	1.115152
1458	-3975.763	-4236.247	260.4843	2.098055	0.5089324	0.740259	0.259741	0.9879866
1464	-3970.744	-4231.122	260.3778	2.153569	0.5490448	0.647254	0.352746	0.9749447
1470	-3984.933	-4245.497	260.5638	2.153569	0.3928357	0.647254	0.352746	1.058281
1476	-3972.283	-4232.761	260.4778	2.176454	0.5059714	0.69637	0.30363	0.9174476
1482	-3997.229	-4257.689	260.4605	2.232076	0.447883	0.754441	0.245559	0.9818653
1488	-3995.213	-4255.749	260.5362	2.148856	0.4553427	0.649923	0.350077	0.9759622
1494	-4012.323	-4272.543	260.2202	2.301334	0.6048388	0.714931	0.285069	0.8958181
1500	-3998.119	-4258.472	260.3533	2.106097	0.5173239	0.746858	0.253142	1.093312
1506	-3992.899	-4253.285	260.3864	2.051054	0.4431411	0.760271	0.239729	1.223767
1512	-3983.86	-4244.284	260.4237	2.055443	0.4431411	0.767915	0.232085	1.188169
1518	-3993.744	-4254.288	260.5439	2.055443	0.4133271	0.699654	0.300346	1.13072
1524	-3981.024	-4241.145	260.1209	1.923731	0.5520129	0.588318	0.411682	1.395253
1530	-3988.139	-4248.26	260.1215	1.87016	0.5392643	0.704017	0.295983	1.451389
1536	-3986.024	-4246.222	260.1979	2.01568	0.532561	0.753245	0.246755	1.284672
1542	-3985.88	-4246.184	260.3038	2.074376	0.532561	0.649297	0.350703	1.144684
1548	-3991.643	-4252.003	260.3602	2.074376	0.4887956	0.674902	0.325098	1.157861
1554	-3991.952	-4252.257	260.3054	2.074376	0.6026022	0.674902	0.325098	1.045659
1560	-3987.145	-4247.487	260.3422	2.124714	0.473569	0.759143	0.240857	1.152185
1566	-3975.55	-4235.913	260.3633	2.158272	0.4831762	0.699726	0.300274	1.088024
1572	-3985.044	-4245.4	260.3557	2.020653	0.4831762	0.699726	0.300274	1.216348
1578	-3983.367	-4243.701	260.3343	2.042081	0.4831762	0.699726	0.300274	1.216348
1584	-3990.491	-4250.706	260.2151	2.118974	0.5746183	0.699726	0.300274	1.126285
1590	-3996.496	-4256.807	260.3104	2.086798	0.5144597	0.821308	0.178692	1.153492
1596	-3987.999	-4248.233	260.2334	2.073132	0.6346577	0.61508	0.38492	1.071882
1602	-3986.818	-4247.108	260.29	2.060833	0.5558067	0.669063	0.330937	1.13681
1608	-3979.097	-4239.406	260.309	2.028801	0.5997359	0.740616	0.259384	1.089044
1614	-3987.131	-4247.242	260.1116	2.130018	0.6818792	0.652462	0.347538	1.072488
1620	-3992.696	-4252.939	260.2424	2.078528	0.5138674	0.652462	0.347538	1.220302
1626	-3983.977	-4244.09	260.1129	1.936792	0.5685378	0.623389	0.376611	1.371556
1632	-3972.492	-4232.793	260.3008	1.915364	0.465659	0.69476	0.30524	1.371556
1638	-3996.237	-4256.414	260.1769	1.915364	0.5017153	0.69476	0.30524	1.420475
1644	-3995.854	-4256.053	260.1991	1.892041	0.4806834	0.607602	0.392398	1.448381
1650	-3996.887	-4257.242	260.3549	1.967611	0.4842209	0.707109	0.292891	1.260041
1656	-3987.958	-4248.136	260.1782	1.997586	0.5927328	0.768453	0.231547	1.240096
1662	-3985.526	-4245.793	260.2666	2.024611	0.552744	0.736862	0.263138	1.193188
1668	-3992.6	-4252.946	260.3464	2.024611	0.552744	0.640714	0.359286	1.122887
1674	-4001.476	-4261.565	260.0893	2.013833	0.608201	0.640613	0.359387	1.28168
1680	-3997.773	-4257.857	260.0835	2.036348	0.6628155	0.626131	0.373869	1.203948
1686	-3991.221	-4251.467	260.2455	2.093101	0.4928758	0.699017	0.300983	1.234486
1692	-3989.498	-4249.647	260.1487	2.016622	0.5593065	0.699017	0.300983	1.290163
1698	-3992.548	-4252.942	260.3942	2.03526	0.4825337	0.735077	0.264923	1.171601
1704	-3988.391	-4248.773	260.3817	2.084826	0.5992641	0.668848	0.331152	0.9640576
1710	-3981.298	-4241.558	260.2602	2.069797	0.5432201	0.66397	0.33603	1.172382
1716	-3993.038	-4253.42	260.3819	2.075945	0.5432201	0.657015	0.342985	1.056304
1722	-3989.276	-4249.52	260.2446	2.075945	0.5798819	0.650571	0.349429	1.13134
1728	-3994.113	-4254.494	260.3802	2.111279	0.5565982	0.579517	0.420483	1.003517
1734	-3999.408	-4259.672	260.2636	2.05983	0.5565982	0.599841	0.400159	1.160036
1740	-4005.925	-4266.229	260.3047	2.116158	0.5998027	0.646661	0.353339	1.00963
1746	-4012.378	-4272.7	260.3223	2.166639	0.5998027	0.536305	0.463695	0.9396813
1752	-4009.75	-4269.919	260.1686	2.145548	0.6335781	0.633815	0.366185	1.066088
1758	-4016.681	-4277.151	260.4702	2.124741	0.4897275	0.570236	0.429764	1.007238
1764	-4009.88	-4270.35	260.4702	2.124741	0.4897275	0.662806	0.337194	1.007238
1770	-4011.353	-4271.853	260.4998	2.098475	0.4897275	0.608279	0.391721	1.003916
1776	-4004.257	-4264.746	260.4884	2.186834	0.5280049	0.597906	0.402094	0.8523322
1782	-4004.837	-4265.486	260.649	2.140063	0.4160373	0.763637	0.236363	0.9420092
1788	-3991.214	-4251.714	260.5	2.139937	0.4695328	0.752075	0.247925	0.9966043
1794	-4005.282	-4265.674	260.3923	2.138997	0.4931701	0.754173	0.245827	1.063194
1800	-3983.648	-4244.133	260.4858	2.063972	0.4397283	0.738415	0.261585	1.131515
1806	-3990.046	-4250.442	260.396	2.079782	0.4777312	0.671127	0.328873	1.137983
1812	-3985.523	-4245.849	260.3264	2.061952	0.517294	0.684353	0.315647	1.157253
1818	-3988.993	-4249.288	260.2948	2.054995	0.5649787	0.653898	0.346102	1.12515
1824	-3983.977	-4244.178	260.2013	2.188946	0.548919	0.653898	0.346102	1.110906
1830	-3997.305	-4257.612	260.3064	2.174537	0.548919	0.653898	0.346102	1.025568
1836	-3988.198	-4248.652	260.4539	2.085149	0.49644	0.609899	0.390101	1.05068
1842	-3995.472	-4255.527	260.0548	2.158368	0.6616454	0.736935	0.263065	1.123512
1848	-3989.448	-4249.817	260.3689	2.158368	0.5401278	0.732288	0.267712	0.9932118
1854	-3981.64	-4242.123	260.4831	2.157411	0.4481715	0.70131	0.29869	1.033008
1860	-3997.449	-4257.987	260.5383	2.153301	0.4692159	0.625265	0.374735	0.9439008
1866	-3996.452	-4256.909	260.4571	2.15207	0.486707	0.654071	0.345929	0.9981189
1872	-3983.979	-4244.404	260.4248	2.131976	0.486605	0.638203	0.361797	1.049538
1878	-3998.137	-4258.602	260.4644	2.127877	0.4968537	0.63888	0.36112	0.9979905
1884	-4014.281	-4274.754	260.4728	2.096362	0.4968537	0.659186	0.340814	1.020938
1890	-4000.643	-4260.928	260.2847	2.125242	0.6115301	0.714822	0.285178	1.003646
1896	-3987.692	-4248.003	260.3109	2.120177	0.5464939	0.723197	0.276803	1.076704
1902	-3998.404	-4258.701	260.2968	2.14973	0.578318	0.704386	0.295614	1.015529
1908	-3998.33	-4258.671	260.3415	2.193254	0.4925456	0.704386	0.295614	1.060965
1914	-3996.23	-4256.652	260.4221	2.247187	0.486164	0.704386	0.295614	0.9368324
1920	-3993.478	-4253.822	260.3433	2.220826	0.5513989	0.701042	0.298958	0.9368324
1926	-3997.88	-4258.204	260.3234	2.299164	0.5513989	0.664774	0.335226	0.8713904
1932	-4010.184	-4270.346	260.1624	2.296877	0.6049141	0.619689	0.380311	0.9631088
1938	-4001.506	-4261.275	259.7685	2.259319	0.7896244	0.707771	0.292229	1.143954
1944	-3985.385	-4245.797	260.4122	2.192638	0.5075676	0.644155	0.355845	0.967271
1950	-3994.034	-4254.276	260.2427	2.306503	0.5763653	0.726453	0.273547	0.9116773
1956	-3987.564	-4248.033	260.4689	2.176955	0.5386	0.682365	0.317635	0.8673743
1962	-3995.983	-4256.496	260.5122	2.176955	0.4740544	0.780923	0.219077	0.9376288
1968	-4002.693	-4262.892	260.1988	2.176955	0.6361129	0.750914	0.249086	1.003029
1974	-3995.789	-4256.123	260.3334	2.094418	0.5561033	0.612598	0.387402	1.065839
1980	-3996.083	-4256.437	260.354	2.094418	0.5561033	0.705861	0.294139	1.046297
1986	-3993.635	-4253.944	260.3095	2.09015	0.5561033	0.728719	0.271281	1.092126
1992	-4002.711	-4263.048	260.3373	2.054911	0.5448746	0.690013	0.309987	1.114776
1998	-4010.891	-4271.285	260.3935	2.054911	0.5448746	0.690013	0.309987	1.062858
2004	-4004.012	-4264.369	260.3562	2.072095	0.5052807	0.62531	0.37469	1.139234
2010	-4009.133	-4269.427	260.2942	2.072095	0.5414132	0.627019	0.372981	1.142905
2016	-3993.779	-4254.074	260.2942	2.072095	0.5414132	0.695731	0.304269	1.142905
2022	-3997.288	-4257.46	260.1723	1.997124	0.5684391	0.695731	0.304269	1.27539
2028	-4002.691	-4263.023	260.3317	2.013157	0.5362181	0.695731	0.304269	1.168941
2034	-3983.665	-4244.018	260.3527	1.984532	0.4519132	0.695731	0.304269	1.293973
2040	-3991.479	-4251.64	260.1604	2.081856	0.5057487	0.695731	0.304269	1.29651
2046	-3994.635	-4254.799	260.1639	2.125569	0.551204	0.797312	0.202688	1.196662
2052	-4011.13	-4271.448	260.3183	1.991239	0.4724015	0.670771	0.329229	1.287356
2058	-4013.112	-4273.242	260.1299	1.998352	0.5862486	0.767743	0.232257	1.287356
2064	-4002.677	-4262.982	260.3046	1.986628	0.4851102	0.68691	0.31309	1.284601
2070	-4014.821	-4274.98	260.1584	1.997855	0.5322089	0.576747	0.423253	1.331499
2076	-3986.754	-4246.895	260.1417	2.063216	0.535826	0.660474	0.339526	1.28752
2082	-3985.615	-4245.978	260.3625	1.986653	0.397189	0.709035	0.290965	1.365643
2088	-3990.44	-4250.84	260.3999	1.996657	0.4235439	0.709035	0.290965	1.287532
2094	-3996.135	-4256.559	260.4241	2.016117	0.4374004	0.722093	0.277907	1.230238
2100	-3996.075	-4256.331	260.256	1.925982	0.4992672	0.665776	0.334224	1.353497
2106	-3980.469	-4240.763	260.2937	1.99918	0.4560986	0.671165	0.328835	1.323829
2112	-3991.112	-4251.257	260.1454	2.018837	0.512016	0.671165	0.328835	1.351029
2118	-3984.735	-4244.867	260.1318	2.088064	0.5591043	0.695275	0.304725	1.245325
2124	-3979.107	-4239.608	260.5014	2.060345	0.4532899	0.722404	0.277596	1.098685
2130	-3969.126	-4229.579	260.4536	2.074554	0.4321224	0.731887	0.268113	1.162921
2136	-3991.015	-4251.422	260.4071	2.044968	0.4751339	0.739461	0.260539	1.162921
2142	-3979.843	-4240.081	260.2379	2.044968	0.5860759	0.715207	0.284793	1.156668
2148	-3983.527	-4243.734	260.2062	2.07747	0.5860759	0.646289	0.353711	1.155953
2154	-3988.779	-4249.143	260.3642	2.024425	0.4954521	0.710169	0.289831	1.188249
2160	-3990.459	-4250.878	260.4188	2.047676	0.4954521	0.682673	0.317327	1.119552
2166	-4001.034	-4261.25	260.2164	2.04486	0.4954521	0.682673	0.317327	1.294882
2172	-3993.59	-4254.009	260.4184	2.161779	0.5370547	0.715167	0.284833	0.9434711
2178	-3978.561	-4238.942	260.3812	2.172239	0.5215334	0.741873	0.258127	0.9966161
2184	-3971.488	-4231.952	260.4647	2.169165	0.4917264	0.785137	0.214863	0.9643323
2190	-3978.225	-4238.725	260.4997	2.169165	0.4646849	0.691374	0.308626	0.9758543
2196	-3976.31	-4236.733	260.4231	2.169165	0.5228674	0.740949	0.259051	0.9545282
2202	-3974.642	-4235.129	260.4868	2.169165	0.4841925	0.740949	0.259051	0.9545282
2208	-3977.153	-4237.506	260.3531	2.161011	0.5332881	0.664459	0.335541	1.017066
2214	-3969.625	-4229.982	260.3568	2.205576	0.5332881	0.691992	0.308008	0.9683807
2220	-3980.689	-4241.034	260.3444	2.244549	0.5332881	0.691992	0.308008	0.9404908
2226	-3987.82	-4248.366	260.5463	2.229472	0.4804315	0.691992	0.308008	0.8246308
2232	-3992.218	-4252.61	260.3924	2.34968	0.4804315	0.722326	0.277674	0.8658988
2238	-3972.499	-4232.817	260.318	2.34968	0.5762331	0.722326	0.277674	0.764517
2244	-3981	-4241.275	260.2749	2.334397	0.5858434	0.693191	0.306809	0.824105
2250	-3976.908	-4237.373	260.4647	2.334397	0.467134	0.710034	0.289966	0.824105
2256	-3978.117	-4238.545	260.4284	2.259539	0.5494822	0.724312	0.275688	0.7931207
2262	-3976.647	-4237.092	260.4453	2.36485	0.4631201	0.73651	0.26349	0.8188247
2268	-3981.491	-4242.021	260.5292	2.396468	0.4000935	0.73651	0.26349	0.8188247
2274	-3964.21	-4224.695	260.4848	2.25765	0.5030993	0.737108	0.262892	0.8188247
2280	-3972.984	-4233.459	260.4747	2.28255	0.4654692	0.684343	0.315657	0.8783347
2286	-3974.586	-4234.953	260.3666	2.248378	0.5476797	0.708565	0.291435	0.8868568
2292	-3976.126	-4236.478	260.3513	2.264169	0.5001826	0.708565	0.291435	0.9688514
2298	-3973.454	-4233.692	260.2387	2.340471	0.5890988	0.708565	0.291435	0.8554288
2304	-3972.234	-4232.506	260.2712	2.353735	0.5940195	0.709975	0.290025	0.7876061
2310	-3984.106	-4244.298	260.1913	2.327038	0.6207864	0.725184	0.274816	0.8732152
2316	-3974.526	-4235.006	260.4801	2.216763	0.4842587	0.675791	0.324209	0.9102465
2322	-3983.531	-4243.825	260.2946	2.19359	0.5295531	0.708308	0.291692	1.047882
2328	-3982.364	-4242.579	260.2153	2.249344	0.5521376	0.652158	0.347842	1.036579
2334	-3982.098	-4242.329	260.231	2.248103	0.5957629	0.774972	0.225028	0.9563325
2340	-3991.123	-4251.276	260.153	2.196495	0.5957629	0.639131	0.360869	1.083597
2346	-3987.894	-4248.342	260.4483	2.177574	0.4639637	0.742276	0.257724	1.020161
2352	-3985.939	-4246.59	260.651	2.168911	0.3690584	0.5482	0.4518	1.004678
2358	-3992.55	-4252.866	260.3154	2.113433	0.4817303	0.566936	0.433064	1.173403
2364	-4036.342	-4295.657	259.3149	1.59398	0.3867168	0.641699	0.358301	2.372049
2370	-4042.45	-4301.57	259.1203	1.65367	0.7372587	0.702635	0.297365	2.108634
2376	-4015.879	-4275.599	259.7206	1.79088	0.5542094	0.710598	0.289402	1.78266
2382	-4013.214	-4273.221	260.0062	1.841434	0.5878821	0.710598	0.289402	1.504301
2388	-4004.659	-4264.67	260.0117	1.84685	0.5878821	0.710598	0.289402	1.496165
2394	-4010.287	-4270.276	259.989	1.916402	0.5206834	0.803581	0.196419	1.538368
2400	-3990.3	-4250.404	260.1039	1.961918	0.5206834	0.631471	0.368529	1.417093
2406	-3997.2	-4257.347	260.1467	1.977352	0.4902115	0.631471	0.368529	1.410689
2412	-3984.994	-4245.069	260.0743	1.986544	0.4902115	0.662156	0.337844	1.459224
2418	-3991.102	-4251.221	260.1187	1.999361	0.489852	0.657183	0.342817	1.415842
2424	-3994.635	-4255.069	260.4342	2.04783	0.4509074	0.614559	0.385441	1.173678
2430	-3986.274	-4246.518	260.2442	2.049173	0.5484487	0.665627	0.334373	1.197027
2436	-3984.647	-4244.967	260.3209	2.098007	0.5131154	0.731667	0.268333	1.136211
2442	-3990.498	-4250.582	260.0843	1.976053	0.5131154	0.687084	0.312916	1.430731
2448	-3988.287	-4248.661	260.3744	2.123664	0.5298288	0.687084	0.312916	1.037962
2454	-4001.933	-4261.919	259.9867	2.0802	0.6767588	0.700234	0.299766	1.232918
2460	-3986.929	-4247.485	260.5552	2.056372	0.423062	0.725504	0.274496	1.10314
2466	-3984.023	-4244.462	260.4394	2.110116	0.4701992	0.607489	0.392511	1.082643
2472	-3983.235	-4243.644	260.4091	2.383125	0.4793324	0.707809	0.292191	0.8058234
2478	-3974.089	-4234.603	260.5139	2.383125	0.4296139	0.707809	0.292191	0.7829971
2484	-3986.861	-4247.2	260.3391	2.409984	0.5634867	0.730565	0.269435	0.6597007
2490	-3979.074	-4239.423	260.3489	2.416238	0.5231763	0.650157	0.349843	0.7417888
2496	-3981.887	-4242.508	260.621	2.363596	0.3769105	0.761734	0.238266	0.801348
2502	-3978.216	-4238.488	260.2719	2.43043	0.5538521	0.649459	0.350541	0.7635737
2508	-3973.594	-4233.879	260.2844	2.472852	0.5189354	0.674563	0.325437	0.7635737
2514	-3974.821	-4235.104	260.2835	2.360923	0.5887371	0.624516	0.375484	0.7712875
2520	-3990.827	-4251.282	260.455	2.360923	0.4802784	0.723145	0.276855	0.7712875
2526	-3983.77	-4244.313	260.5427	2.214325	0.4464098	0.67291	0.32709	0.9164729
2532	-3989.617	-4249.768	260.1513	2.159936	0.5521814	0.750644	0.249356	1.176564
2538	-3990.059	-4250.418	260.3592	2.159936	0.5182171	0.760793	0.239207	1.035547
2544	-4005.138	-4265.494	260.3565	2.180932	0.5344509	0.740065	0.259935	0.9919653
2550	-3989.596	-4249.959	260.3634	2.179798	0.5344509	0.706969	0.293031	0.9861791
2556	-3980.716	-4241.088	260.372	2.048437	0.4516942	0.614265	0.385735	1.22527
2562	-3996.357	-4256.684	260.3266	2.015614	0.4546297	0.683217	0.316783	1.285951
2568	-3998.14	-4258.483	260.3423	2.159915	0.4695732	0.683217	0.316783	1.126881
2574	-3986.324	-4246.655	260.3305	2.092228	0.5076474	0.620342	0.379658	1.14075
2580	-4000.792	-4260.793	260.0012	2.092228	0.6200758	0.677516	0.322484	1.275702
2586	-4005.768	-4266.312	260.5445	2.015073	0.3483908	0.692392	0.307608	1.275702
2592	-3990.295	-4250.747	260.4518	2.015073	0.4577273	0.681126	0.318874	1.176306
2598	-3994.98	-4255.333	260.3535	2.015073	0.4915022	0.615651	0.384349	1.21105
2604	-3983.586	-4243.779	260.1938	2.007314	0.4915022	0.649481	0.350519	1.348547
2610	-3990.703	-4250.951	260.2474	2.007314	0.5313887	0.64616	0.35384	1.252231
2616	-3992.429	-4252.484	260.0547	1.895318	0.6208453	0.586846	0.413154	1.389642
2622	-3996.004	-4256.011	260.0068	1.97765	0.5166633	0.586846	0.413154	1.484135
2628	-4000.557	-4260.558	260.0008	1.84645	0.4878667	0.610416	0.389584	1.620372
2634	-3985.495	-4245.509	260.0147	1.84645	0.5051716	0.719485	0.280515	1.589411
2640	-3990.822	-4250.766	259.9439	1.795878	0.4828557	0.680389	0.319611	1.703296
2646	-3988.162	-4248.272	260.1096	1.795878	0.3916712	0.733	0.267	1.703296
2652	-3978.857	-4238.699	259.8418	1.795878	0.5442888	0.659371	0.340629	1.704918
2658	-3990.335	-4250.124	259.7886	1.80117	0.4989936	0.591506	0.408494	1.789467
2664	-3985.486	-4245.387	259.9001	1.811429	0.4989936	0.835334	0.164666	1.704167
2670	-3989.229	-4249.124	259.8957	1.811429	0.5016346	0.725715	0.274285	1.704167
2676	-3988.829	-4248.646	259.8173	1.749461	0.4816521	0.71115	0.28885	1.82545
2682	-3996.439	-4256.232	259.793	1.744256	0.4816521	0.733031	0.266969	1.845724
2688	-3992.744	-4252.372	259.6279	1.717838	0.6562671	0.695174	0.304826	1.795185
2694	-3982.897	-4242.644	259.7475	1.717838	0.5607902	0.720187	0.279813	1.807643
2700	-3984.732	-4244.915	260.1824	1.760365	0.4896174	0.720187	0.279813	1.548448
2706	-3984.672	-4244.868	260.1964	1.8457	0.3834184	0.757677	0.242323	1.6172
2712	-3976.891	-4236.714	259.8232	1.791408	0.4444336	0.751195	0.248805	1.837167
2718	-3983.641	-4243.517	259.8758	1.894017	0.5516123	0.73911	0.26089	1.60207
2724	-3971.626	-4231.718	260.0926	1.976018	0.5558824	0.633676	0.366324	1.371829
2730	-3991.657	-4251.817	260.16	1.973076	0.4970335	0.666798	0.333202	1.394892
2736	-3985.207	-4245.362	260.1553	1.915025	0.5365579	0.792442	0.207558	1.393976
2742	-3993.878	-4254.014	260.1366	1.872961	0.5365579	0.733648	0.266352	1.440931
2748	-3991.09	-4251.201	260.1116	1.963052	0.5315113	0.692893	0.307107	1.396817
2754	-3992.073	-4252.452	260.3786	2.004103	0.4394012	0.678321	0.321679	1.275036
2760	-3991.838	-4251.914	260.0757	1.88667	0.4239376	0.62024	0.37976	1.618651
2766	-3994.924	-4255.342	260.4177	1.865667	0.4041942	0.69921	0.30079	1.4065
2772	-3984.581	-4244.893	260.3115	1.935973	0.445221	0.753202	0.246798	1.375221
2778	-3977.628	-4237.888	260.2598	1.878543	0.4175929	0.631177	0.368823	1.497795
2784	-3983.602	-4243.654	260.0521	1.89806	0.5267037	0.751422	0.248578	1.497795
2790	-3999.868	-4259.575	259.7072	1.880491	0.5512288	0.661643	0.338357	1.732605
2796	-3973.911	-4233.786	259.8755	1.991861	0.5512288	0.726876	0.273124	1.530869
2802	-3978.972	-4238.871	259.8988	2.034753	0.6218802	0.820474	0.179526	1.401349
2808	-3994.107	-4254.367	260.26	2.034753	0.458206	0.593221	0.406779	1.319381
2814	-3970.586	-4230.712	260.1264	2.034753	0.5387149	0.685556	0.314444	1.319381
2820	-3986.83	-4246.949	260.1194	2.003041	0.5045167	0.672201	0.327799	1.393533
2826	-3981.577	-4241.798	260.2205	2.049823	0.5079947	0.656664	0.343336	1.270533
2832	-3981.395	-4241.707	260.3124	2.049823	0.4740902	0.683608	0.316392	1.24133
2838	-3983.802	-4244.021	260.2197	2.053703	0.5347177	0.678335	0.321665	1.232243
2844	-3997.156	-4257.299	260.1428	2.053703	0.5347177	0.694945	0.305055	1.295876
2850	-3997.733	-4257.844	260.1111	2.043324	0.5785197	0.667097	0.332903	1.275334
2856	-4008.339	-4268.396	260.0571	2.058348	0.5546962	0.707479	0.292521	1.336136
2862	-3998.902	-4259.104	260.2018	1.983836	0.4298854	0.69112	0.30888	1.44474
2868	-3994.667	-4255.007	260.3398	2.005661	0.4256396	0.750516	0.249484	1.325736
2874	-3983.493	-4243.82	260.3267	1.988924	0.4688702	0.671114	0.328886	1.287316
2880	-3985.448	-4245.469	260.0212	2.011309	0.4528855	0.671114	0.328886	1.528833
2886	-3981.169	-4241.421	260.2514	1.941286	0.5113133	0.653898	0.346102	1.329242
2892	-3979.809	-4239.857	260.0479	1.988166	0.5952578	0.684614	0.315386	1.350953
2898	-3975.31	-4235.354	260.0442	1.988166	0.5293595	0.684614	0.315386	1.432176
2904	-3968.491	-4228.684	260.193	1.95423	0.4654004	0.672841	0.327159	1.425495
2910	-3968.917	-4229.108	260.1913	1.95423	0.4663946	0.710448	0.289552	1.425495
2916	-3989.929	-4250.041	260.112	1.932231	0.5443513	0.583989	0.416011	1.404834
2922	-3985.035	-4245.233	260.1984	1.899649	0.5105431	0.639229	0.360771	1.404834
2928	-3995.127	-4255.036	259.909	1.935678	0.5775709	0.729143	0.270857	1.518004
2934	-3981.432	-4241.418	259.986	1.917247	0.6508117	0.617171	0.382829	1.393562
2940	-3993.665	-4253.711	260.0464	1.928627	0.5660678	0.636253	0.363747	1.432509
2946	-3978.562	-4238.645	260.0826	1.886317	0.5700461	0.664936	0.335064	1.432509
2952	-3985.055	-4245.325	260.27	1.897868	0.5901424	0.779665	0.220335	1.249923
2958	-3985.65	-4245.884	260.2336	1.935754	0.5001804	0.59647	0.40353	1.362285
2964	-3970.384	-4230.594	260.21	1.971104	0.4516432	0.658425	0.341575	1.418038
2970	-3984.523	-4244.603	260.0806	1.887818	0.4751788	0.732999	0.267001	1.547549
2976	-3974.603	-4234.638	260.0356	1.878375	0.5077196	0.745485	0.254515	1.547549
2982	-3974.907	-4234.854	259.9465	1.825426	0.5999195	0.626585	0.373415	1.547549
2988	-3974.275	-4234.352	260.077	1.86285	0.4967896	0.625155	0.374845	1.541701
2994	-3961.81	-4222.021	260.2114	1.853309	0.4254836	0.674205	0.325795	1.541701
3000	-3968.599	-4228.901	260.3019	1.853309	0.3846124	0.732743	0.267257	1.532558
3006	-3972.214	-4232.422	260.2078	1.948578	0.4992022	0.621625	0.378375	1.373844
3012	-3982.922	-4243.173	260.2506	1.948578	0.4860237	0.62944	0.37056	1.357407
3018	-3984.701	-4244.852	260.1518	2.072502	0.5251343	0.678278	0.321722	1.285563
3024	-3970.042	-4230.412	260.3703	2.135916	0.5334878	0.654515	0.345485	1.024452
3030	-3985.215	-4245.621	260.4057	2.025763	0.4892154	0.717514	0.282486	1.160045
3036	-3982.72	-4243.103	260.3828	2.030741	0.4869282	0.709593	0.290407	1.179042
3042	-3998.111	-4258.301	260.1899	2.036016	0.5668785	0.775607	0.224393	1.23038
3048	-3982.614	-4242.963	260.3495	2.075605	0.5517722	0.563215	0.436785	1.074674
3054	-3988.836	-4249.178	260.342	2.092144	0.5517722	0.564374	0.435626	1.066168
3060	-3995.211	-4255.368	260.157	2.080801	0.5517722	0.686477	0.313523	1.23977
3066	-3984.595	-4244.544	259.9487	1.899486	0.5460628	0.686477	0.313523	1.550986
3072	-3980.757	-4240.951	260.1945	1.899486	0.5460628	0.673645	0.326355	1.3638
3078	-3972.886	-4233.327	260.4407	1.979021	0.3695637	0.655075	0.344925	1.353181
3084	-3977.066	-4237.184	260.1186	2.019156	0.5267574	0.761563	0.238437	1.353181
3090	-4000.165	-4260.17	260.0052	1.900673	0.4205432	0.737933	0.262067	1.663818
3096	-3990.317	-4250.357	260.0398	1.787778	0.428995	0.617462	0.382538	1.708391
3102	-3999.88	-4259.264	259.3844	1.727658	0.5499695	0.617462	0.382538	2.057267
3108	-3993.879	-4254.001	260.1222	1.727658	0.4296698	0.617462	0.382538	1.691743
3114	-3997.56	-4257.596	260.0363	1.730536	0.4345651	0.745077	0.254923	1.743984
3120	-3998.161	-4257.349	259.1878	1.659637	0.5329431	0.716884	0.283116	2.247005
3126	-3997.738	-4257.252	259.5147	1.652244	0.5734726	0.670233	0.329767	1.997047
3132	-3997.394	-4255.8	258.4063	1.575032	0.6421431	0.755453	0.244547	2.689156
3138	-3988.511	-4247.236	258.7248	1.517023	0.4624933	0.755453	0.244547	2.700164
3144	-3994.438	-4253.679	259.2407	1.687773	0.4624933	0.667837	0.332163	2.270069
3150	-3986.181	-4245.8	259.6191	1.648515	0.4624933	0.733877	0.266123	2.049359
3156	-3977.365	-4237.13	259.7647	1.7424	0.4624933	0.640896	0.359104	1.888815
3162	-4000.239	-4260.276	260.0366	1.754543	0.4316831	0.61914	0.38086	1.730591
3168	-4005.867	-4265.865	259.9979	1.702303	0.437131	0.616834	0.383166	1.787169
3174	-4010.418	-4269.962	259.5443	1.671037	0.455252	0.619586	0.380414	2.09219
3180	-3984.941	-4244.532	259.5905	1.674102	0.4983296	0.652508	0.347492	2.010922
3186	-3987.023	-4246.634	259.6113	1.720508	0.5462352	0.652508	0.347492	1.914249
3192	-4002.322	-4261.739	259.4171	1.689	0.5598978	0.578245	0.421755	2.051125
3198	-3993.98	-4253.52	259.54	1.696011	0.5058999	0.753963	0.246037	2.021621
3204	-4001.244	-4260.636	259.3916	1.696011	0.5515215	0.753963	0.246037	2.071833
3210	-3981.729	-4241.247	259.5179	1.700907	0.5515215	0.729842	0.270158	1.984758
3216	-3985.978	-4245.693	259.7147	1.758274	0.5515215	0.629264	0.370736	1.812162
3222	-3993.766	-4253.461	259.6944	1.734329	0.5775171	0.629264	0.370736	1.815472
3228	-3983.79	-4243.607	259.8167	1.734329	0.5487777	0.65558	0.34442	1.76094
3234	-4000.25	-4259.966	259.7161	1.734329	0.5558394	0.666897	0.333103	1.823155
3240	-4000.631	-4260.109	259.4775	1.733403	0.5554308	0.666897	0.333103	1.985976
3246	-4007.556	-4267.592	260.0355	1.831898	0.5629203	0.666897	0.333103	1.517528
3252	-4011.491	-4271.657	260.1655	1.907502	0.4527911	0.660397	0.339603	1.498777
3258	-4005.283	-4265.533	260.2505	1.964926	0.4469631	0.71259	0.28741	1.39784
3264	-3994.03	-4254.388	260.3577	1.957553	0.4950416	0.671582	0.328418	1.251044
3270	-3997.729	-4258.024	260.2945	1.949673	0.5633652	0.671582	0.328418	1.219485
3276	-3988.891	-4249.257	260.366	1.977554	0.4762642	0.680661	0.319339	1.253829
3282	-3984.013	-4244.315	260.3014	1.984736	0.4762642	0.739156	0.260844	1.301007
3288	-3987.748	-4248.146	260.3983	1.997511	0.4544604	0.669363	0.330637	1.241849
3294	-3986.477	-4246.86	260.3838	1.919157	0.4604275	0.780076	0.219924	1.309576
3300	-3991.323	-4251.853	260.5307	1.990208	0.4604275	0.779764	0.220236	1.124316
3306	-3990.332	-4250.581	260.2493	1.990208	0.5291899	0.597876	0.402124	1.267785
3312	-3986.84	-4247.096	260.2559	1.990208	0.4982297	0.742547	0.257453	1.303509
3318	-3980.437	-4240.799	260.3617	2.011161	0.5182388	0.742547	0.257453	1.169569
3324	-3984.761	-4244.959	260.1982	2.011161	0.5010115	0.742547	0.257453	1.329392
3330	-3967.439	-4227.72	260.2808	2.08289	0.5010115	0.719222	0.280778	1.201785
3336	-3973.731	-4233.984	260.2529	2.073908	0.5125623	0.664128	0.335872	1.217034
3342	-3972.784	-4233.047	260.263	2.073908	0.486895	0.697196	0.302804	1.244289
3348	-3963.746	-4224.084	260.3378	2.09694	0.4952216	0.678353	0.321647	1.148305
3354	-3981.065	-4241.477	260.4123	2.14819	0.450013	0.712907	0.287093	1.105089
3360	-3973.801	-4234.095	260.2938	1.997984	0.4720404	0.712907	0.287093	1.302291
3366	-3982.403	-4242.449	260.0454	1.990975	0.5640394	0.713402	0.286598	1.387329
3372	-3997.608	-4257.524	259.9158	2.072755	0.6339531	0.644151	0.355849	1.344712
3378	-3976.023	-4236.178	260.1553	1.944192	0.5580497	0.731117	0.268883	1.344712
3384	-3979.736	-4239.94	260.2041	2.015487	0.5055262	0.72873	0.27127	1.315223
3390	-3986.774	-4246.857	260.0828	2.001011	0.4738837	0.69874	0.30126	1.462819
3396	-3975.77	-4235.834	260.0634	2.022286	0.5914457	0.656484	0.343516	1.315711
3402	-3975.449	-4235.468	260.0189	1.993545	0.6091121	0.711026	0.288974	1.353688
3408	-3981.41	-4241.596	260.1857	2.129251	0.5728761	0.620003	0.379997	1.145701
3414	-3979.104	-4239.559	260.455	2.102836	0.4726677	0.573188	0.426812	1.070944
3420	-3979.416	-4239.618	260.2016	2.102836	0.6671797	0.766244	0.233756	1.031332
3426	-3988.881	-4249.163	260.2826	2.137468	0.5850582	0.766244	0.233756	1.031568
3432	-3993.893	-4254.097	260.2041	2.109952	0.6014156	0.637745	0.362255	1.108585
3438	-3993.808	-4254.055	260.2473	2.129599	0.5272648	0.637745	0.362255	1.153321
3444	-3998.621	-4258.985	260.3638	2.214005	0.5176876	0.637745	0.362255	0.9781622
3450	-3996.972	-4257.224	260.2518	2.213502	0.5907949	0.761775	0.238225	0.9781622
3456	-3983.795	-4244.077	260.2828	2.199707	0.5623801	0.685308	0.314692	1.003703
3462	-3979.366	-4239.653	260.2873	2.208047	0.5513594	0.685308	0.314692	1.007646
3468	-3980.52	-4240.823	260.3033	2.208047	0.5883119	0.671304	0.328696	0.933647
3474	-3991.506	-4251.611	260.105	2.262302	0.6734152	0.738118	0.261882	0.959678
3480	-3995.38	-4255.759	260.3784	2.311719	0.5206011	0.680901	0.319099	0.848571
3486	-3979.589	-4239.964	260.3753	2.35952	0.5013776	0.742231	0.257769	0.8320896
3492	-3971.633	-4231.923	260.2892	2.323719	0.5920087	0.749351	0.250649	0.8077342
3498	-3995.582	-4256.108	260.5266	2.323719	0.4499389	0.736096	0.263904	0.7966626
3504	-3978.341	-4238.729	260.3881	2.330735	0.5174672	0.640505	0.359495	0.8191168
3510	-3976.964	-4237.323	260.3592	2.221797	0.5655839	0.715524	0.284476	0.8942727
3516	-3974.657	-4235.002	260.3455	2.219519	0.5561369	0.617184	0.382816	0.927919
3522	-3978.15	-4238.677	260.527	2.219519	0.4848617	0.597586	0.402414	0.8516702
3528	-3988.86	-4249.306	260.4459	2.215428	0.5228531	0.757366	0.242634	0.8785117
3534	-3995.343	-4255.536	260.1933	2.232155	0.6160726	0.64499	0.35501	0.9814531
3540	-3981.023	-4241.304	260.2817	2.232155	0.5875414	0.723459	0.276541	0.932199
3546	-3986.09	-4246.413	260.3232	2.244758	0.5691194	0.739015	0.260985	0.9029282
3552	-3981.16	-4241.49	260.3294	2.272242	0.5691194	0.660945	0.339055	0.8641591
3558	-3978.597	-4238.956	260.3589	2.287465	0.5691194	0.709911	0.290089	0.8084691
3564	-3984.655	-4244.987	260.3319	2.335763	0.5691194	0.708738	0.291262	0.7797805
3570	-3996.15	-4256.603	260.4534	2.318137	0.4830421	0.617856	0.382144	0.8243963
3576	-4003.8	-4264.238	260.4387	2.389639	0.4830421	0.74371	0.25629	0.7461156
3582	-3989.1	-4249.277	260.1769	2.418731	0.6297285	0.734356	0.265644	0.7565538
3588	-3990.618	-4250.818	260.2005	2.448588	0.6027573	0.749475	0.250525	0.7337264
3594	-3985.37	-4245.693	260.3235	2.392634	0.5470091	0.66236	0.33764	0.7589052
3600	-3983.117	-4243.277	260.1597	2.413436	0.6515636	0.662309	0.337691	0.7448662
3606	-3990.486	-4250.679	260.1935	2.388605	0.6718464	0.810915	0.189085	0.6840763
3612	-3996.034	-4256.473	260.439	2.289436	0.5355541	0.609706	0.390294	0.7670625
3618	-3990.622	-4250.983	260.3617	2.340385	0.5355541	0.705425	0.294575	0.8033549
3624	-3994.356	-4254.544	260.1876	2.399849	0.6303248	0.653798	0.346202	0.767301
3630	-3987.42	-4247.798	260.3777	2.364564	0.5266885	0.639855	0.360145	0.767301
3636	-3986.884	-4247.247	260.3635	2.364564	0.5266885	0.776384	0.223616	0.7873078
3642	-3991.159	-4251.682	260.5237	2.126994	0.4572095	0.568876	0.431124	1.007351
3648	-3988.732	-4249.207	260.4753	2.247515	0.4681615	0.764088	0.235912	0.9119931
3654	-3990.697	-4251.064	260.3674	2.247515	0.4934192	0.68282	0.31718	0.9809752
3660	-3991.409	-4251.85	260.4414	2.218124	0.4900724	0.757134	0.242866	0.9402762
3666	-3976.449	-4236.837	260.3875	2.218124	0.5273683	0.702362	0.297638	0.9327095
3672	-3985.081	-4245.202	260.1207	2.290471	0.6831851	0.637719	0.362281	0.8981531
3678	-3983.763	-4244.217	260.4543	2.333697	0.4724938	0.628592	0.371408	0.8264574
3684	-3990.164	-4250.262	260.0979	2.333697	0.7136461	0.791074	0.208926	0.8264574
3690	-3987.431	-4247.545	260.1132	2.350011	0.6790301	0.711172	0.288828	0.8434438
3696	-3981.991	-4242.278	260.2868	2.23587	0.635353	0.697947	0.302053	0.8434438
3702	-3981.063	-4241.368	260.3046	2.23443	0.5941813	0.7314	0.2686	0.8936061
3708	-3987.84	-4248.388	260.5489	2.183104	0.4592894	0.700038	0.299962	0.9189506
3714	-3977.645	-4237.926	260.2808	2.200241	0.6018646	0.719712	0.280288	0.9448729
3720	-3975.254	-4235.533	260.2796	2.323057	0.6094859	0.656163	0.343837	0.7874958
3726	-3968.54	-4228.967	260.4268	2.323057	0.5080825	0.653237	0.346763	0.7983676
3732	-3984.422	-4244.531	260.1089	2.323057	0.6317702	0.715004	0.284996	0.9517294
3738	-3969.553	-4229.927	260.3735	2.323057	0.5219342	0.64803	0.35197	0.8380372
3744	-3971.326	-4231.673	260.3462	2.368466	0.5122617	0.754903	0.245097	0.8350157
3750	-3973.805	-4234.158	260.3529	2.37046	0.5122617	0.718685	0.281315	0.8240462
3756	-3983.001	-4243.454	260.4531	2.282472	0.5048083	0.595927	0.404073	0.8240462
3762	-3977.855	-4238.242	260.3867	2.232105	0.5021059	0.695663	0.304337	0.962097
3768	-3979.476	-4239.863	260.3874	2.232105	0.5021059	0.665418	0.334582	0.9613421
3774	-3996.304	-4256.41	260.1063	2.289325	0.637323	0.614322	0.385678	0.9813015
3780	-4018.581	-4278.934	260.3535	2.176373	0.5789372	0.737777	0.262223	0.9286721
3786	-4004.654	-4264.779	260.1252	2.176373	0.5789372	0.598797	0.401203	1.149484
3792	-3997.502	-4257.846	260.3437	2.156795	0.5680517	0.557096	0.442904	0.9767784
3798	-3998.214	-4258.843	260.6284	2.156795	0.3993417	0.673794	0.326206	0.9792089
3804	-4006.045	-4266.227	260.1821	2.0777	0.4891543	0.758234	0.241766	1.304684
3810	-4004.579	-4264.98	260.4003	2.019703	0.4120928	0.744505	0.255495	1.285878
3816	-4012.893	-4273.273	260.3802	2.048305	0.420952	0.684548	0.315452	1.265199
3822	-4000.844	-4261.374	260.5299	2.094909	0.3984118	0.704977	0.295023	1.133447
3828	-3992.714	-4253.176	260.4624	2.119613	0.4154462	0.76939	0.23061	1.142688
3834	-3991.566	-4251.759	260.1933	2.101358	0.5632366	0.663481	0.336519	1.176325
3840	-4002.126	-4262.561	260.4353	2.138017	0.3998902	0.757967	0.242033	1.176325
3846	-4007.681	-4268.044	260.363	2.05311	0.4747684	0.692921	0.307079	1.19468
3852	-4004.43	-4264.682	260.2517	2.079071	0.5095545	0.792342	0.207658	1.217869
3858	-4003.62	-4264.028	260.4076	2.00995	0.5078959	0.799985	0.200015	1.144981
3864	-3996.96	-4257.341	260.3809	1.964711	0.448177	0.704362	0.295638	1.292482
3870	-3992.088	-4252.391	260.3038	1.950378	0.4717699	0.724949	0.275051	1.33301
3876	-4006.438	-4266.867	260.429	1.885297	0.3555806	0.626217	0.373783	1.457325
3882	-4004.892	-4264.905	260.0132	1.766097	0.4322457	0.627912	0.372088	1.738198
3888	-4000.91	-4260.54	259.63	1.839837	0.6257271	0.694748	0.305252	1.738198
3894	-4010.38	-4269.956	259.5759	1.863968	0.6277538	0.694748	0.305252	1.757165
3900	-3984.32	-4244.384	260.0638	1.863968	0.4617459	0.809584	0.190416	1.594442
3906	-3994.168	-4254.2	260.0327	1.84609	0.5468838	0.822878	0.177122	1.527349
3912	-4007.122	-4267.383	260.2615	2.06034	0.5625759	0.733981	0.266019	1.153335
3918	-3994.331	-4254.924	260.5925	2.092594	0.4157787	0.656272	0.343728	1.047123
3924	-3979.242	-4239.37	260.1285	1.907269	0.5529075	0.626772	0.373228	1.40108
3930	-3981.21	-4241.374	260.1636	1.918403	0.5529075	0.659546	0.340454	1.364863
3936	-3986.176	-4246.508	260.3321	1.954134	0.5039202	0.696159	0.303841	1.262893
3942	-3992.254	-4252.616	260.3624	2.019157	0.5337733	0.679101	0.320899	1.140019
3948	-3999.337	-4259.8	260.4621	1.978374	0.5123589	0.668902	0.331098	1.117889
3954	-3995.777	-4255.902	260.1252	2.192082	0.6837555	0.660487	0.339513	0.9968046
3960	-3992.867	-4253.139	260.2723	2.128557	0.5874018	0.669129	0.330871	1.046738
3966	-3992.722	-4253.121	260.3986	2.097038	0.5053674	0.695341	0.304659	1.077704
3972	-3976.095	-4236.493	260.3986	2.097038	0.5053674	0.67562	0.32438	1.077704
3978	-3986.427	-4246.621	260.1939	2.140584	0.6104944	0.75186	0.24814	1.077704
3984	-3984.61	-4244.862	260.2515	2.140584	0.5798911	0.701638	0.298362	1.065651
3990	-3991.062	-4251.468	260.4068	2.140584	0.536377	0.717941	0.282059	0.9787862
3996	-3978.945	-4239.501	260.556	2.183892	0.4635811	0.683244	0.316756	0.9018425
4002	-3980.554	-4241.084	260.5306	2.175271	0.4635811	0.683244	0.316756	0.9390669
4008	-3981.241	-4241.521	260.2804	2.175271	0.5755534	0.683244	0.316756	1.010593
4014	-3988.832	-4249.065	260.2332	2.119352	0.6302997	0.621817	0.378183	1.033818
4020	-3984.718	-4245.116	260.3978	2.034068	0.4773028	0.666574	0.333426	1.177251
4026	-4003.508	-4263.993	260.4844	2.038739	0.4518026	0.487325	0.512675	1.135995
4032	-3997.09	-4257.563	260.4728	2.038739	0.4267502	0.601304	0.398696	1.185963
4038	-4002.21	-4262.749	260.5393	2.019868	0.4019151	0.764593	0.235407	1.185195
4044	-3972.446	-4232.722	260.276	2.22803	0.5327144	0.718305	0.281695	1.027754
4050	-3974.655	-4235.153	260.498	2.131553	0.4574093	0.647982	0.352018	1.027754
4056	-3977.124	-4237.399	260.2753	2.133773	0.5885701	0.64278	0.35722	1.037232
4062	-3973.878	-4234.119	260.2405	2.133773	0.5483557	0.674389	0.325611	1.126119
4068	-3988.243	-4248.508	260.2646	2.132232	0.573705	0.660973	0.339027	1.069909
4074	-3994.859	-4255.264	260.4048	2.193767	0.5389649	0.674541	0.325459	0.9203926
4080	-3987.92	-4248.21	260.2899	2.193767	0.5389649	0.708041	0.291959	1.037995
4086	-3983.935	-4244.18	260.245	2.102568	0.5349846	0.734113	0.265887	1.168321
4092	-3984.803	-4245.029	260.2267	2.127143	0.5309998	0.734113	0.265887	1.168321
4098	-3986.368	-4246.787	260.4186	1.992036	0.515488	0.676402	0.323598	1.140149
4104	-3978.373	-4238.832	260.4596	1.992036	0.4328844	0.737912	0.262088	1.227531
4110	-3971.462	-4231.795	260.3329	2.033578	0.4847149	0.634115	0.365885	1.222593
4116	-3970.277	-4230.279	260.0016	2.037285	0.5904367	0.726053	0.273947	1.35429
4122	-3985.498	-4245.587	260.089	2.075347	0.5768551	0.748061	0.251939	1.26917
4128	-3982.185	-4242.375	260.1898	2.062598	0.5150969	0.670708	0.329292	1.275753
4134	-3977.025	-4237.284	260.2589	2.062598	0.5150969	0.689442	0.310558	1.218125
4140	-3987.484	-4247.63	260.146	2.001157	0.5374713	0.675937	0.324063	1.332195
4146	-3985.228	-4245.327	260.0997	1.924357	0.5229885	0.698739	0.301261	1.446291
4152	-3988.034	-4248.043	260.0092	1.923284	0.4523319	0.615115	0.384885	1.60308
4158	-3986.91	-4247.086	260.1762	1.856557	0.4523319	0.670366	0.329634	1.529424
4164	-3996.959	-4257.249	260.2904	1.864414	0.3869565	0.7473	0.2527	1.529424
4170	-3993.355	-4253.299	259.944	1.855875	0.5097297	0.738108	0.261892	1.628411
4176	-4008.251	-4268.124	259.8727	1.825503	0.5097297	0.738108	0.261892	1.701077
4182	-4006.278	-4266.244	259.9654	1.846927	0.3854135	0.647342	0.352658	1.777297
4188	-3986.341	-4246.513	260.1721	1.957046	0.4791778	0.69009	0.30991	1.421192
4194	-3987.556	-4247.758	260.2021	1.842885	0.4518531	0.659858	0.340142	1.520948
4200	-3984.691	-4244.788	260.0976	1.805934	0.4907384	0.633098	0.366902	1.575935
4206	-3983.565	-4243.475	259.9108	1.811119	0.5404201	0.633098	0.366902	1.649231
4212	-3981.893	-4242.01	260.1164	1.975453	0.5195063	0.792222	0.207778	1.398387
4218	-3992.324	-4252.477	260.1537	2.06389	0.5502894	0.667587	0.332413	1.258528
4224	-3987.203	-4247.423	260.2193	1.984497	0.5502894	0.676385	0.323615	1.269965
4230	-4002.59	-4262.727	260.1376	2.067338	0.5405899	0.617482	0.382518	1.281424
4236	-3992.004	-4252.224	260.2201	2.021726	0.5223765	0.630483	0.369517	1.274823
4242	-3990.872	-4251.224	260.3524	2.021726	0.5069571	0.630483	0.369517	1.184352
4248	-3985.734	-4246.132	260.3982	2.093831	0.4583595	0.618268	0.381732	1.153286
4254	-3997.03	-4257.254	260.2245	2.145223	0.5835057	0.618268	0.381732	1.081527
4260	-3987.72	-4248.215	260.4948	2.129495	0.434854	0.7386	0.2614	1.071298
4266	-3988.301	-4248.785	260.4838	2.129495	0.4844645	0.7386	0.2614	0.9978107
4272	-3986.93	-4247.086	260.1567	2.068704	0.5633984	0.753266	0.246734	1.235244
4278	-3994.038	-4254.57	260.5324	2.038068	0.4507045	0.668241	0.331759	1.094832
4284	-3989.259	-4249.61	260.3502	2.025261	0.5039612	0.696894	0.303106	1.187466
4290	-3999.771	-4259.977	260.2059	1.941656	0.4583998	0.687972	0.312028	1.434685
4296	-3988.557	-4248.202	259.6451	1.820275	0.5998838	0.659775	0.340225	1.767227
4302	-3992.732	-4252.963	260.2308	1.833711	0.4223491	0.675411	0.324589	1.546181
4308	-3993.362	-4253.338	259.9759	1.809125	0.3818423	0.598493	0.401507	1.801149
4314	-3988.593	-4248.265	259.6718	1.808695	0.6496061	0.63604	0.36396	1.707263
4320	-4002.226	-4262.076	259.8502	1.854594	0.6496061	0.766155	0.233845	1.545257
4326	-3981.062	-4241.042	259.9803	1.85988	0.4925829	0.77837	0.22163	1.619791
4332	-3980.999	-4241.076	260.0774	1.909738	0.4205981	0.668938	0.331062	1.605221
4338	-3988.12	-4248.082	259.9621	1.82302	0.4944182	0.702068	0.297932	1.657206
4344	-3991.004	-4251.054	260.0506	1.82302	0.5084397	0.634525	0.365475	1.576363
4350	-3998.693	-4258.641	259.9481	1.916608	0.5084397	0.634525	0.365475	1.582882
4356	-3992.484	-4252.774	260.29	2.02371	0.4866266	0.640831	0.359169	1.263967
4362	-3991.421	-4251.662	260.2407	2.18988	0.4866266	0.661366	0.338634	1.164581
4368	-4003.53	-4264.131	260.6016	2.007352	0.3648588	0.667085	0.332915	1.20563
4374	-3990.16	-4250.752	260.5921	2.055885	0.3461448	0.708273	0.291727	1.20563
4380	-3998.637	-4259.009	260.3722	2.08057	0.4066777	0.758759	0.241241	1.267368
4386	-3990.203	-4250.205	260.0018	1.995961	0.5014001	0.626207	0.373793	1.49284
4392	-3988.631	-4248.714	260.0835	2.029081	0.5081509	0.628482	0.371518	1.39659
4398	-3987.578	-4247.703	260.1254	2.001311	0.5101628	0.636002	0.363998	1.382959
4404	-3986.859	-4246.997	260.1384	1.877821	0.4099063	0.669278	0.330722	1.598702
4410	-3994.743	-4254.655	259.9116	1.877821	0.4461213	0.669278	0.330722	1.713398
4416	-3986.986	-4246.845	259.8585	1.78027	0.4637085	0.685524	0.314476	1.79699
4422	-3988.258	-4248.039	259.7808	1.816315	0.3987086	0.685524	0.314476	1.907143
4428	-4004.014	-4263.859	259.8444	1.773248	0.3481463	0.685524	0.314476	1.962166
4434	-3989.092	-4248.837	259.7448	1.65361	0.3656117	0.620354	0.379646	2.083691
4440	-3991.672	-4251.11	259.4383	1.690324	0.4357967	0.765732	0.234268	2.171623
4446	-3985.581	-4245.582	260.0011	1.76217	0.4737591	0.73402	0.26598	1.697645
4452	-4001.637	-4261.049	259.4111	1.76473	0.4737591	0.770207	0.229793	2.096989
4458	-3991.843	-4251.745	259.9014	1.76473	0.4458523	0.659253	0.340747	1.799882
4464	-3986.533	-4246.334	259.8011	1.771364	0.4675631	0.648801	0.351199	1.838137
4470	-3997.682	-4257.769	260.0867	1.815989	0.4206982	0.630813	0.369187	1.665918
4476	-3996.623	-4256.623	259.9993	1.815989	0.4819786	0.699493	0.300507	1.650533
4482	-4010.357	-4270.385	260.0274	1.909712	0.4684233	0.668872	0.331128	1.579131
4488	-3995.802	-4256.028	260.2257	1.938714	0.5060284	0.660086	0.339914	1.358584
4494	-3996.294	-4256.573	260.2789	2.029509	0.5060284	0.804836	0.195164	1.241528
4500	-4004.118	-4264.624	260.5051	2.066086	0.3693896	0.586375	0.413625	1.229755
4506	-4003.692	-4264.203	260.511	2.066086	0.4063031	0.830027	0.169973	1.162277
4512	-3999.909	-4260.315	260.4061	2.132628	0.4544861	0.654104	0.345896	1.117704
4518	-4002.897	-4263.367	260.4704	2.132628	0.4555271	0.713242	0.286758	1.056496
4524	-3996.408	-4256.73	260.322	2.137567	0.5379385	0.645228	0.354772	1.062499
4530	-3991.961	-4252.21	260.2488	2.067158	0.5950383	0.64314	0.35686	1.115354
4536	-4009.79	-4270.119	260.3291	2.080458	0.4602372	0.668866	0.331134	1.221694
4542	-4006.362	-4266.824	260.4616	2.137628	0.4342585	0.75049	0.24951	1.095646
4548	-4025.85	-4286.354	260.5043	2.137628	0.431666	0.645626	0.354374	1.060237
4554	-4018.013	-4278.294	260.2801	2.091624	0.5423548	0.632958	0.367042	1.136789
4560	-4009.399	-4269.663	260.2642	2.245535	0.5416514	0.70554	0.29446	1.00837
4566	-3988.769	-4249.123	260.3541	2.226365	0.5643846	0.618162	0.381838	0.8970016
4572	-3981.159	-4241.59	260.4311	2.226365	0.4882596	0.53374	0.46626	0.9456848
4578	-4007.115	-4267.518	260.4031	2.024812	0.5408398	0.653531	0.346469	1.087863
4584	-3996.173	-4256.726	260.5531	2.024812	0.3890565	0.661895	0.338105	1.190581
4590	-4002.838	-4262.936	260.0973	2.126834	0.5914245	0.643776	0.356224	1.200814
4596	-3996.966	-4257.361	260.3952	2.125153	0.4847257	0.659707	0.340293	1.086704
4602	-4002.093	-4262.448	260.3548	2.125153	0.5090799	0.669925	0.330075	1.086704
4608	-4003.546	-4263.93	260.3832	2.125153	0.4298843	0.643137	0.356863	1.18373
4614	-4007.09	-4267.593	260.503	2.171887	0.4987403	0.579237	0.420763	0.9078026
4620	-4002.023	-4262.292	260.2684	2.171887	0.5918508	0.690236	0.309764	1.001863
4626	-3992.337	-4252.758	260.4212	2.171887	0.413508	0.629369	0.370631	1.136021
4632	-4010.469	-4270.888	260.4192	2.137715	0.4284999	0.634455	0.365545	1.143386
4638	-4004.009	-4264.352	260.3424	2.114124	0.4933916	0.701145	0.298855	1.131596
4644	-4005.126	-4265.474	260.3473	2.114124	0.4933916	0.753757	0.246243	1.127192
4650	-3990.622	-4250.782	260.1599	2.106878	0.5958579	0.672888	0.327112	1.158179
4656	-3988.193	-4248.635	260.4419	2.059128	0.4501388	0.692299	0.307701	1.158179
4662	-3993.539	-4253.896	260.3573	1.967645	0.4501388	0.689445	0.310555	1.306502
4668	-3992.215	-4252.229	260.0144	1.967645	0.5561114	0.611861	0.388139	1.438703
4674	-3988.842	-4249.122	260.2801	1.888264	0.4812073	0.611861	0.388139	1.388041
4680	-3983.517	-4243.595	260.0784	1.974693	0.5656184	0.569165	0.430835	1.372343
4686	-3993.797	-4254.046	260.249	1.914956	0.5452568	0.714136	0.285864	1.308838
4692	-3999.555	-4259.824	260.2695	1.946007	0.4860067	0.714136	0.285864	1.344518
4698	-3977.766	-4237.901	260.1352	1.946007	0.4162379	0.646851	0.353149	1.54228
4704	-3994.278	-4254.08	259.8029	1.865605	0.4914064	0.601479	0.398521	1.743332
4710	-3999.485	-4259.465	259.9795	1.934435	0.4257979	0.729424	0.270576	1.651092
4716	-3993.076	-4253.399	260.3225	2.021708	0.4257979	0.686845	0.313155	1.32647
4722	-3987.384	-4247.564	260.18	2.021708	0.4762825	0.741034	0.258966	1.368455
4728	-3984.907	-4245.094	260.1864	2.032853	0.5919549	0.721383	0.278617	1.204319
4734	-3973.394	-4233.571	260.177	1.973769	0.4462172	0.715106	0.284894	1.448748
4740	-3990.792	-4251.02	260.2276	1.990917	0.44465	0.607326	0.392674	1.398662
4746	-3989.645	-4249.59	259.9456	1.765714	0.5417132	0.750618	0.249382	1.655387
4752	-3985.488	-4245.287	259.7985	1.750717	0.4484904	0.637009	0.362991	1.876959
4758	-3999.324	-4259.022	259.6989	1.659566	0.3755275	0.637009	0.362991	2.096711
4764	-3993.222	-4252.831	259.6093	1.644786	0.4577369	0.637009	0.362991	2.063784
4770	-3999.49	-4259.004	259.5136	1.720939	0.5002811	0.656943	0.343057	2.028744
4776	-3996.665	-4256.455	259.7904	1.760526	0.353322	0.804784	0.195216	1.999514
4782	-3982.978	-4243.106	260.128	1.785788	0.4122534	0.729404	0.270596	1.669268
4788	-3985.833	-4245.963	260.1299	1.905157	0.5587849	0.638492	0.361508	1.394615
4794	-3983.04	-4243.332	260.292	1.957399	0.4379295	0.657428	0.342572	1.384056
4800	-3999.114	-4259.271	260.1564	1.937522	0.5092499	0.6787	0.3213	1.409639
4806	-3985.057	-4245.128	260.0711	1.955802	0.5161662	0.6787	0.3213	1.452546
4812	-3991.525	-4251.553	260.0284	2.023632	0.5561192	0.671758	0.328242	1.384504
4818	-4005.103	-4265.18	260.0764	1.969803	0.4956205	0.671758	0.328242	1.463465
4824	-3992.789	-4253.134	260.3451	1.964111	0.4956205	0.806267	0.193733	1.255273
4830	-3981.666	-4241.862	260.1957	1.964111	0.5132227	0.708795	0.291205	1.352946
4836	-3993.631	-4253.962	260.3311	1.964111	0.5132227	0.685063	0.314937	1.242809
4842	-3987.305	-4247.662	260.3579	2.000595	0.475099	0.605835	0.394165	1.243066
4848	-3999.313	-4259.603	260.2902	2.14759	0.5950599	0.722917	0.277083	0.9996193
4854	-4000.669	-4260.961	260.292	2.14759	0.5243102	0.763798	0.236202	1.101159
4860	-3985.826	-4246.091	260.2656	2.145962	0.6268925	0.604068	0.395932	0.979952
4866	-3982.026	-4242.315	260.2894	2.145962	0.4930171	0.757561	0.242439	1.151009
4872	-3986.19	-4246.631	260.4407	2.125449	0.4930171	0.736891	0.263109	1.030116
4878	-3979.712	-4240.063	260.3515	2.214627	0.4930171	0.736891	0.263109	1.030116
4884	-3990.379	-4250.741	260.3628	2.214627	0.4862795	0.752383	0.247617	1.030116
4890	-3975.571	-4235.98	260.4093	2.214627	0.4700952	0.666968	0.333032	1.011631
4896	-3980.184	-4240.614	260.4307	2.0503	0.4607367	0.666968	0.333032	1.159342
4902	-3984.023	-4244.391	260.3681	2.131576	0.4858126	0.739868	0.260132	1.104075
4908	-3987.796	-4248.291	260.4955	2.159564	0.4067649	0.688108	0.311892	1.091367
4914	-3979.12	-4239.449	260.3288	2.159564	0.5394448	0.656641	0.343359	1.032666
4920	-3963.833	-4224.151	260.3185	2.135509	0.4828891	0.691927	0.308073	1.149509
4926	-3991.249	-4251.587	260.3383	2.135509	0.4947539	0.773213	0.226787	1.113994
4932	-3986.959	-4247.356	260.397	2.135221	0.4937679	0.698322	0.301678	1.061439
4938	-3996.758	-4257.125	260.3668	2.135221	0.470346	0.638881	0.361119	1.125838
4944	-4014.098	-4274.379	260.2803	2.149354	0.4970775	0.640548	0.359452	1.150015
4950	-4009.955	-4270.181	260.2259	2.287232	0.4970775	0.741604	0.258396	1.074182
4956	-3984.416	-4244.902	260.4866	2.262186	0.4279776	0.653484	0.346516	0.9610433
4962	-3977.249	-4237.725	260.4761	2.120157	0.4862231	0.653484	0.346516	1.011768
4968	-3978.796	-4239.231	260.435	2.151838	0.4907204	0.782335	0.217665	1.013613
4974	-3980.447	-4240.997	260.5493	2.211542	0.4610596	0.691594	0.308406	0.8830881
4980	-3989.937	-4250.473	260.5357	2.27305	0.4610596	0.691594	0.308406	0.8252777
4986	-3989.012	-4249.484	260.4714	2.289567	0.4889455	0.72572	0.27428	0.8252777
4992	-3985.661	-4246.117	260.4562	2.325406	0.4767423	0.742265	0.257735	0.8252777
4998	-3983.389	-4243.917	260.5287	2.325406	0.4726573	0.790611	0.209389	0.733725
5004	-3981.495	-4241.841	260.3452	2.325406	0.5589717	0.76409	0.23591	0.7967565
5010	-3986.603	-4246.817	260.2145	2.248383	0.6164423	0.649438	0.350562	0.9419202
5016	-3978.354	-4238.762	260.408	2.248383	0.5280408	0.649438	0.350562	0.8746183
5022	-3985.847	-4246.19	260.3426	2.248383	0.532425	0.721867	0.278133	0.9398191
5028	-3989.576	-4249.824	260.2472	2.175673	0.6322379	0.748008	0.251992	0.9605928
5034	-3987.887	-4248.551	260.6642	2.172988	0.3908524	0.787435	0.212565	0.9422335
5040	-3985.401	-4245.856	260.4543	2.132461	0.483621	0.663033	0.336967	1.025456
5046	-3989.746	-4250.074	260.3275	2.076389	0.4428453	0.734303	0.265697	1.252376
5052	-3994.508	-4255.027	260.5195	2.21142	0.399296	0.568793	0.431207	1.033251
5058	-3984.625	-4245.084	260.459	2.21142	0.4769458	0.77086	0.22914	0.9522105
5064	-4004.285	-4264.74	260.4553	2.204146	0.4769458	0.643105	0.356895	0.9637253
5070	-4002.534	-4262.844	260.31	2.204146	0.5829176	0.682754	0.317246	0.9392013
5076	-3994.272	-4254.686	260.4143	2.179064	0.5456278	0.601386	0.398614	0.9146952
5082	-3992.63	-4252.936	260.3063	2.125607	0.5461124	0.6573	0.3427	1.076484
5088	-3987.581	-4248.008	260.4266	2.151348	0.5218854	0.713275	0.286725	0.9710923
5094	-3992.315	-4252.762	260.4469	2.082232	0.4878846	0.650091	0.349909	1.073601
5100	-4003.854	-4264.318	260.4642	2.018421	0.5137048	0.703033	0.296967	1.077191
5106	-3988.222	-4248.464	260.2418	2.127135	0.5137048	0.56399	0.43601	1.179301
5112	-3990.332	-4250.721	260.3885	2.174421	0.5137048	0.578153	0.421847	0.9997615
5118	-3989.195	-4249.549	260.354	2.176172	0.4910069	0.769996	0.230004	1.067721
5124	-3997.883	-4258.248	260.3645	2.176172	0.5010779	0.651351	0.348649	1.041805
5130	-3993.777	-4254.248	260.4715	2.176172	0.5010779	0.655756	0.344244	0.9332645
5136	-3976.391	-4236.772	260.3813	2.096771	0.5477319	0.72104	0.27896	1.030138
5142	-3976.401	-4236.787	260.3861	2.148646	0.5450887	0.72104	0.27896	0.9778142
5148	-3975.613	-4235.779	260.1669	2.138933	0.6007587	0.73111	0.26889	1.116956
5154	-3978.421	-4238.666	260.2447	2.092124	0.579682	0.653807	0.346193	1.116956
5160	-3968.041	-4228.173	260.1326	2.092124	0.579682	0.603854	0.396146	1.215107
5166	-3972.326	-4232.668	260.3412	2.081779	0.4942155	0.700487	0.299513	1.160082
5172	-3986.167	-4246.488	260.3214	2.101624	0.4942155	0.73153	0.26847	1.160082
5178	-3982.169	-4242.568	260.399	2.060811	0.4942155	0.69099	0.30901	1.127428
5184	-3988.342	-4248.713	260.3708	2.070361	0.5040715	0.771901	0.228099	1.129522
5190	-3973.442	-4233.873	260.4308	2.176329	0.521012	0.648397	0.351603	0.9419484
5196	-3991.895	-4252.494	260.5991	2.1711	0.4516174	0.674263	0.325737	0.8913313
5202	-3982.144	-4242.684	260.5404	2.282537	0.4596203	0.601378	0.398622	0.8101564
5208	-3979.996	-4240.531	260.5355	2.232075	0.4514584	0.601378	0.398622	0.8946702
5214	-3996.622	-4256.885	260.2638	2.232075	0.6371981	0.720168	0.279832	0.8724903
5220	-3986.752	-4247.054	260.302	2.279572	0.5886586	0.72317	0.27683	0.8533331
5226	-3980.526	-4241.151	260.6252	2.22076	0.433869	0.666566	0.333434	0.8394017
5232	-3983.736	-4244.119	260.3837	2.315688	0.531214	0.62779	0.37221	0.8157518
5238	-3978.763	-4239.084	260.3207	2.31856	0.5769366	0.658318	0.341682	0.8024125
5244	-3987.376	-4247.836	260.4602	2.292258	0.491836	0.738574	0.261426	0.8298862
5250	-3978.424	-4238.644	260.2207	2.379008	0.6328938	0.738574	0.261426	0.7438835
5256	-3991.489	-4251.825	260.3363	2.364855	0.5667707	0.648862	0.351138	0.7357496
5262	-3989.033	-4249.25	260.2171	2.364855	0.6402375	0.731004	0.268996	0.7550417
5268	-3995.053	-4255.622	260.5695	2.364855	0.4150833	0.753611	0.246389	0.7685082
5274	-3999.308	-4259.675	260.3672	2.364855	0.510557	0.771114	0.228886	0.81642
5280	-3984.461	-4245.004	260.5425	2.245259	0.4380705	0.639739	0.360261	0.8989493
5286	-3995.07	-4255.481	260.4109	2.222516	0.5102356	0.639739	0.360261	0.9325263
5292	-3989.04	-4249.442	260.4017	2.252242	0.5158404	0.714956	0.285044	0.8998263
5298	-3998.266	-4258.695	260.4298	2.262129	0.4927754	0.714956	0.285044	0.8998263
5304	-3997.819	-4258.298	260.4783	2.245233	0.4740849	0.770137	0.229863	0.8998263
5310	-3999.729	-4260.073	260.3438	2.149128	0.5578294	0.770137	0.229863	1.00014
5316	-4000.12	-4260.462	260.3425	2.235291	0.5043447	0.770137	0.229863	1.00014
5322	-3998.771	-4259.119	260.3476	2.235291	0.5571901	0.606351	0.393649	0.9065261
5328	-4004.641	-4265.074	260.4335	2.283417	0.5147138	0.642331	0.357669	0.8272371
5334	-3982.994	-4243.389	260.3945	2.27208	0.5329699	0.700878	0.299122	0.8532221
5340	-3992.066	-4252.325	260.2585	2.312686	0.563868	0.641346	0.358654	0.9081928
5346	-3985.579	-4246.135	260.5563	2.148845	0.4139359	0.772752	0.227248	1.031186
5352	-3977.435	-4237.974	260.539	1.953021	0.4546661	0.772752	0.227248	1.159053
5358	-3988.205	-4248.59	260.3853	2.106701	0.4546661	0.619897	0.380103	1.159053
5364	-3997.689	-4258.079	260.3907	2.124123	0.500948	0.733533	0.266467	1.066619
5370	-3982.481	-4242.941	260.4607	2.027521	0.4735998	0.643916	0.356084	1.133167
5376	-4004.075	-4264.463	260.3888	1.981804	0.4781561	0.545685	0.454315	1.228497
5382	-3986.834	-4247.107	260.2723	1.892864	0.4781561	0.802193	0.197807	1.394631
5388	-3993.358	-4253.828	260.4702	1.941266	0.439864	0.674001	0.325999	1.250518
5394	-3983.668	-4243.953	260.2849	1.924837	0.4504447	0.68455	0.31545	1.397442
5400	-4001.008	-4261.113	260.105	1.85833	0.501785	0.697991	0.302009	1.518145
5406	-3991.869	-4252.013	260.1438	1.859626	0.501785	0.690716	0.309284	1.488139
5412	-4004.974	-4264.868	259.8933	1.935014	0.5552019	0.70712	0.29288	1.555211
5418	-3991.77	-4252.277	260.507	1.958635	0.4104787	0.737344	0.262656	1.250712
5424	-3980.711	-4241.053	260.3426	2.070856	0.5316151	0.68251	0.31749	1.114417
5430	-3985.415	-4245.763	260.3479	2.017929	0.5238834	0.755811	0.244189	1.167743
5436	-3987.349	-4247.543	260.1943	1.974386	0.4938446	0.707359	0.292641	1.371098
5442	-3991.376	-4251.642	260.2662	1.974386	0.5215053	0.594326	0.405674	1.277014
5448	-3991.587	-4251.642	260.0552	1.956003	0.5284554	0.77187	0.22813	1.449462
5454	-3989.892	-4249.523	259.6307	1.856971	0.5613415	0.651865	0.348135	1.791603
5460	-3992.286	-4252.441	260.155	1.850298	0.4642639	0.647116	0.352884	1.534194
5466	-3996.097	-4256.071	259.9737	1.893876	0.5439818	0.659438	0.340562	1.539077
5472	-3984.88	-4245.066	260.1856	1.93936	0.5185273	0.659438	0.340562	1.373716
5478	-3993.105	-4253.289	260.1839	1.93936	0.5185273	0.737335	0.262665	1.375009
5484	-3986.113	-4246.21	260.097	1.94067	0.6049956	0.737335	0.262665	1.338416
5490	-3994.493	-4254.83	260.3373	1.94067	0.3918243	0.750605	0.249395	1.429136
5496	-3992.811	-4253.038	260.2271	1.937836	0.5789483	0.732786	0.267214	1.266077
5502	-4004.071	-4264.483	260.4118	1.937836	0.4808843	0.7012	0.2988	1.24214
5508	-3995.462	-4255.525	260.0625	1.858869	0.5390471	0.627138	0.372862	1.504738
5514	-4009.302	-4268.95	259.6479	1.79645	0.5182479	0.627138	0.372862	1.867871
5520	-4013.054	-4273.134	260.0803	1.806622	0.4585032	0.700479	0.299521	1.628123
5526	-4009.584	-4269.569	259.985	1.919518	0.398326	0.700479	0.299521	1.694801
5532	-4003.405	-4263.278	259.873	1.849516	0.398326	0.651976	0.348024	1.821987
5538	-3993.716	-4253.517	259.8002	1.784108	0.4989294	0.774067	0.225933	1.793277
5544	-3999.138	-4258.644	259.5056	1.706841	0.5104388	0.745899	0.254101	2.032372
5550	-3996.75	-4256.497	259.7466	1.749237	0.4306119	0.745899	0.254101	1.935081
5556	-3993.191	-4253.007	259.8158	1.779589	0.3897815	0.711394	0.288606	1.920102
5562	-3986.861	-4246.909	260.0481	1.779534	0.4459394	0.641859	0.358141	1.686584
5568	-3993.741	-4254.118	260.3769	1.925215	0.4459394	0.611525	0.388475	1.330905
5574	-4008.136	-4268.03	259.894	1.893906	0.4753063	0.792415	0.207585	1.678263
5580	-3994.27	-4254.199	259.9289	1.872117	0.4677027	0.684196	0.315804	1.678263
5586	-3994.693	-4254.825	260.1311	1.99758	0.4078472	0.757038	0.242962	1.518737
5592	-4010.914	-4271.061	260.147	2.088596	0.6042113	0.751852	0.248148	1.174837
5598	-3990.55	-4250.795	260.2451	2.085968	0.5111313	0.691858	0.308142	1.215414
5604	-3992.063	-4252.291	260.2281	2.095006	0.4772451	0.702457	0.297543	1.269345
5610	-4016.112	-4276.042	259.9298	1.938696	0.6680243	0.754316	0.245684	1.402376
5616	-4011.085	-4271.288	260.2035	1.96347	0.4712818	0.612432	0.387568	1.402376
5622	-4009.246	-4269.337	260.0907	1.96347	0.5531156	0.786938	0.213062	1.386445
5628	-3992.728	-4253.081	260.3533	2.109877	0.5248621	0.786938	0.213062	1.078614
5634	-3990.63	-4250.905	260.2754	2.145988	0.5380551	0.700129	0.299871	1.097872
5640	-3997.482	-4258.014	260.5319	2.142167	0.4544818	0.700129	0.299871	0.9886959
5646	-3999.523	-4260.13	260.6075	2.142167	0.4521644	0.740302	0.259698	0.9133424
5652	-4012.583	-4272.944	260.3606	2.10723	0.4521644	0.740302	0.259698	1.184016
5658	-3988.16	-4248.583	260.4234	2.011409	0.4521644	0.668565	0.331435	1.212342
5664	-3989.931	-4250.478	260.5472	1.984069	0.3650245	0.671161	0.328839	1.270502
5670	-3982.006	-4242.467	260.4609	2.035657	0.3749369	0.648133	0.351867	1.282448
5676	-3986.225	-4246.484	260.2589	2.020585	0.5826718	0.656043	0.343957	1.16406
5682	-4001.95	-4262.324	260.374	2.020585	0.5426047	0.750488	0.249512	1.115797
5688	-3999.578	-4260.159	260.5817	1.954771	0.4180705	0.628093	0.371907	1.178314
5694	-3995.218	-4255.709	260.4909	1.963549	0.4635545	0.665062	0.334938	1.178314
5700	-3999.434	-4259.877	260.4427	2.004205	0.4906692	0.567794	0.432206	1.144191
5706	-3991.974	-4252.32	260.3454	2.041965	0.4906692	0.608351	0.391649	1.196235
5712	-3995.476	-4255.713	260.2372	2.041965	0.5957064	0.639323	0.360677	1.147398
5718	-3983.556	-4243.847	260.2912	2.024558	0.5443019	0.577911	0.422089	1.183269
5724	-3985.207	-4245.566	260.3592	2.024558	0.4718867	0.666437	0.333563	1.226435
5730	-3997.657	-4258.106	260.4484	2.024558	0.4260563	0.774624	0.225376	1.220078
5736	-3995.421	-4255.69	260.2694	2.03069	0.5780792	0.655037	0.344963	1.151967
5742	-3997.779	-4258.163	260.3846	2.004488	0.4956353	0.738131	0.261869	1.187617
5748	-3979.433	-4239.484	260.0513	2.004488	0.5230719	0.684618	0.315382	1.421851
5754	-3987.471	-4247.773	260.3026	2.004488	0.453717	0.748207	0.251793	1.315816
5760	-3975.785	-4236.069	260.2841	1.925381	0.453717	0.708723	0.291277	1.393179
5766	-3989.869	-4250.177	260.308	1.925381	0.4403195	0.708723	0.291277	1.393179
5772	-3990.233	-4250.434	260.2007	1.937949	0.54082	0.70134	0.29866	1.334765
5778	-3976.486	-4236.761	260.2751	2.018731	0.4598228	0.70134	0.29866	1.317802
5784	-3989.958	-4250.008	260.0497	2.004163	0.6259138	0.712988	0.287012	1.301274
5790	-3980.888	-4241.195	260.3072	2.004163	0.512489	0.712988	0.287012	1.230269
5796	-3982.371	-4242.386	260.015	2.004163	0.5717886	0.690927	0.309073	1.391631
5802	-4001.577	-4261.536	259.9596	1.850817	0.5329361	0.727179	0.272821	1.59379
5808	-3992.164	-4252.292	260.1284	1.850817	0.5225508	0.656383	0.343617	1.480915
5814	-3993.475	-4253.441	259.9656	1.868308	0.5460702	0.672556	0.327444	1.561516
5820	-3982.132	-4242.139	260.0067	1.763247	0.474977	0.648078	0.351922	1.691448
5826	-3982.881	-4242.787	259.9063	1.863576	0.474977	0.725859	0.274141	1.691448
5832	-3987.549	-4247.358	259.8092	1.846901	0.5398567	0.745471	0.254529	1.696779
5838	-4001.48	-4261.721	260.2415	1.88205	0.4894802	0.654932	0.345068	1.412039
5844	-3993.079	-4253.263	260.1847	1.910352	0.4477735	0.596468	0.403532	1.488903
5850	-3995.476	-4255.491	260.0153	1.86925	0.531674	0.592123	0.407877	1.540817
5856	-4003.046	-4263.228	260.1818	1.904365	0.5199072	0.668106	0.331894	1.402263
5862	-3995.746	-4255.846	260.0996	1.970247	0.5301333	0.64126	0.35874	1.402263
5868	-3989.367	-4249.679	260.3114	1.97339	0.4751931	0.64126	0.35874	1.303616
5874	-3972.685	-4232.854	260.1692	1.95172	0.4751931	0.728334	0.271666	1.432736
5880	-3982.557	-4242.79	260.2333	1.959694	0.4855315	0.779468	0.220532	1.362932
5886	-3991.506	-4251.666	260.1597	2.09757	0.5587319	0.631493	0.368507	1.214357
5892	-3989.582	-4249.814	260.2314	2.028218	0.4971033	0.676309	0.323691	1.294027
5898	-3986.15	-4246.36	260.2097	2.043094	0.512916	0.676309	0.323691	1.278391
5904	-3979.569	-4239.832	260.2632	2.026088	0.512916	0.754182	0.245818	1.248141
5910	-3982.711	-4242.967	260.2559	2.023576	0.512916	0.702891	0.297109	1.256285
5916	-3983.501	-4243.719	260.2174	2.062099	0.512916	0.702891	0.297109	1.256285
5922	-4004.754	-4264.991	260.2373	2.130162	0.5505532	0.776539	0.223461	1.129143
5928	-4001.886	-4262.384	260.4977	2.130162	0.4546854	0.650048	0.349952	1.034029
5934	-3995.989	-4256.254	260.2658	2.130162	0.5770856	0.650048	0.349952	1.065902
5940	-3990.68	-4250.799	260.1189	2.130162	0.573144	0.760547	0.239453	1.202731
5946	-3995.687	-4256.202	260.5153	2.148112	0.3958911	0.600457	0.399543	1.102911
5952	-4006.494	-4266.687	260.1929	2.196526	0.6494578	0.72695	0.27305	0.9704861
5958	-4000.832	-4261.269	260.437	2.041399	0.5484116	0.632721	0.367279	1.028787
5964	-3986.4	-4246.595	260.1946	2.007879	0.5965674	0.615856	0.384144	1.212857
5970	-3977.685	-4238.092	260.4072	2.032919	0.4530959	0.733506	0.266494	1.206442
5976	-3985.727	-4246.093	260.3661	2.083203	0.4171798	0.662792	0.337208	1.253762
5982	-3988.999	-4249.32	260.3209	2.108404	0.4350723	0.701647	0.298353	1.242928
5988	-3985.992	-4246.36	260.3683	2.125146	0.5073261	0.784636	0.215364	1.076797
5994	-3988.619	-4249.127	260.5083	2.13715	0.4793156	0.719856	0.280144	0.9740019
6000	-3990.42	-4250.976	260.5557	2.13715	0.4464735	0.640835	0.359165	0.984088
6006	-3984.422	-4244.884	260.4614	2.225275	0.4562317	0.719564	0.280436	0.9726838
6012	-3984.581	-4244.987	260.4062	2.325768	0.5466914	0.677756	0.322244	0.7357415
6018	-3980.368	-4240.828	260.4609	2.325768	0.4786758	0.711606	0.288394	0.8146013
6024	-3997.256	-4257.633	260.3773	2.325768	0.5302167	0.739953	0.260047	0.8131145
6030	-3995.998	-4256.556	260.5588	2.258531	0.4675128	0.70231	0.29769	0.7995046
6036	-3975.204	-4235.638	260.4339	2.263364	0.5201104	0.804309	0.195691	0.8408513
6042	-3976.375	-4236.763	260.388	2.208118	0.5201104	0.530676	0.469324	0.955168
6048	-3989.846	-4250.274	260.4283	2.14047	0.4859012	0.530676	0.469324	1.03912
6054	-4011.81	-4272.22	260.4098	2.104846	0.5187459	0.530676	0.469324	1.03912
6060	-3983.211	-4243.555	260.3441	2.201081	0.4930469	0.691468	0.308532	1.050222
6066	-3994.418	-4254.623	260.205	2.080586	0.641853	0.673106	0.326894	1.082072
6072	-3986.54	-4246.895	260.3552	2.080586	0.5168478	0.673106	0.326894	1.1156
6078	-3993.803	-4254.202	260.3992	2.052221	0.4995615	0.591645	0.408355	1.127
6084	-3974.744	-4234.901	260.1561	2.052221	0.5232548	0.727466	0.272534	1.301044
6090	-3974.416	-4234.739	260.3228	2.074873	0.5068639	0.730048	0.269952	1.163958
6096	-3969.238	-4229.512	260.2734	2.053734	0.5512693	0.666008	0.333992	1.163958
6102	-3975.237	-4235.608	260.3708	2.053734	0.490653	0.581005	0.418995	1.163958
6108	-3972.235	-4232.561	260.3255	2.091121	0.5149865	0.66536	0.33464	1.135483
6114	-3975.386	-4235.737	260.3511	2.168767	0.5149865	0.667316	0.332684	1.039946
6120	-3963.925	-4224.33	260.4055	2.16836	0.5196013	0.739016	0.260984	0.9790692
6126	-3976.853	-4237.28	260.4268	2.180038	0.4863401	0.676646	0.323354	1.001074
6132	-3986.312	-4246.841	260.529	2.193672	0.4209168	0.735115	0.264885	1.001074
6138	-3989.371	-4249.726	260.3547	2.193672	0.4825048	0.779964	0.220036	1.064073
6144	-3988.975	-4249.386	260.4114	2.231405	0.4976809	0.779964	0.220036	0.9444803
6150	-3989.93	-4250.254	260.3231	2.184817	0.4800668	0.76687	0.23313	1.105394
6156	-3978.059	-4238.441	260.3819	2.148606	0.463522	0.652404	0.347596	1.11079
6162	-3983.18	-4243.576	260.3955	2.441023	0.4422004	0.816633	0.183367	0.8323772
6168	-3982.072	-4242.328	260.2556	2.501251	0.5586863	0.691599	0.308401	0.6589209
6174	-3988.366	-4248.764	260.398	2.498359	0.4680518	0.717006	0.282994	0.6744797
6180	-3977.564	-4237.764	260.1995	2.498359	0.5884663	0.682939	0.317061	0.6866143
6186	-3968.686	-4229.204	260.518	2.36271	0.4414451	0.593543	0.406457	0.7757225
6192	-3975.592	-4235.974	260.3817	2.36271	0.520865	0.688812	0.311188	0.7774508
6198	-3982.388	-4242.895	260.5075	2.221774	0.4904191	0.730363	0.269637	0.8611734
6204	-3975.855	-4236.219	260.3641	2.221774	0.5812988	0.710541	0.289459	0.8611734
6210	-3986.282	-4246.649	260.3675	2.254162	0.547681	0.610431	0.389569	0.8791393
6216	-3990.319	-4250.825	260.5062	2.100086	0.4680338	0.695719	0.304281	1.032396
6222	-3990.717	-4251.119	260.4018	2.121715	0.4934281	0.635403	0.364597	1.070129
6228	-3993.044	-4253.558	260.5138	2.094821	0.4442371	0.62306	0.37694	1.070129
6234	-4005.724	-4265.844	260.12	2.078969	0.6307751	0.773384	0.226616	1.173741
6240	-3995.839	-4256.321	260.4822	2.078969	0.427619	0.676582	0.323418	1.141025
6246	-3981.529	-4242	260.4709	2.078969	0.5095214	0.690692	0.309308	1.019419
6252	-3979.556	-4239.93	260.3739	2.214236	0.5095214	0.680192	0.319808	0.9810984
6258	-3982.939	-4243.344	260.4054	2.214236	0.5095214	0.680192	0.319808	0.9484951
6264	-3969.362	-4229.707	260.3456	2.210079	0.5095214	0.692675	0.307325	1.013637
6270	-3985.407	-4245.883	260.4758	2.172389	0.5095214	0.736906	0.263094	0.9176394
6276	-3983.314	-4243.644	260.3295	2.162858	0.5178231	0.738845	0.261155	1.061836
6282	-3975.248	-4235.582	260.3338	2.162858	0.5147358	0.665788	0.334212	1.062484
6288	-3983.959	-4244.124	260.1649	2.162858	0.6240893	0.665788	0.334212	1.065827
6294	-3980.595	-4240.957	260.3622	2.076178	0.5056948	0.661104	0.338896	1.129583
6300	-3974.548	-4234.834	260.2867	2.076178	0.5374527	0.736529	0.263471	1.151387
6306	-3980.113	-4240.342	260.2289	2.094144	0.5673103	0.75331	0.24669	1.145973
6312	-3995.815	-4256.249	260.4346	1.987697	0.5023533	0.684886	0.315114	1.148846
6318	-3985.888	-4246.343	260.4548	2.10557	0.48095	0.678146	0.321854	1.055146
6324	-3981.036	-4241.55	260.5143	2.167532	0.4482594	0.63654	0.36346	0.9919968
6330	-3975.136	-4235.518	260.3819	2.192897	0.511111	0.788393	0.211607	0.9919968
6336	-3974.313	-4234.665	260.3517	2.190026	0.4827073	0.622859	0.377141	1.069949
6342	-4007.92	-4268.295	260.3748	2.21897	0.4178941	0.823145	0.176855	1.128067
6348	-4002.177	-4262.443	260.2659	2.148524	0.5908554	0.769944	0.230056	1.028727
6354	-3996.232	-4256.628	260.396	2.207084	0.5028019	0.757268	0.242732	0.9771407
6360	-3992.755	-4253.126	260.3706	2.207084	0.4789109	0.675637	0.324363	1.041965
6366	-3982.136	-4242.561	260.4254	2.207084	0.5195502	0.675637	0.324363	0.9170513
6372	-3998.653	-4258.793	260.1395	2.207084	0.5900139	0.605776	0.394224	1.094102
6378	-3979.079	-4239.57	260.4901	2.244492	0.4544612	0.598104	0.401896	0.9253735
6384	-3975.989	-4236.349	260.36	2.246694	0.5194451	0.717287	0.282713	0.9451401
6390	-3988.552	-4248.74	260.1878	2.246694	0.6343954	0.637115	0.362885	0.9451401
6396	-3981.45	-4241.746	260.2961	2.279426	0.5671926	0.735528	0.264472	0.8977387
6402	-3977.019	-4237.384	260.3645	2.279426	0.5664085	0.735528	0.264472	0.8170153
6408	-3984.436	-4244.756	260.32	2.330386	0.551776	0.653939	0.346061	0.8370974
6414	-3984.543	-4244.705	260.1615	2.330386	0.6615155	0.682303	0.317697	0.8370974
6420	-3995.536	-4255.902	260.3655	2.286101	0.5384915	0.663558	0.336442	0.8607604
6426	-3981.893	-4242.447	260.5534	2.277061	0.4327167	0.616418	0.383582	0.8607604
6432	-3977.737	-4238.266	260.5287	2.301784	0.4327167	0.648448	0.351552	0.8607604
6438	-3988.57	-4248.859	260.2897	2.301784	0.5554856	0.718357	0.281643	0.8998572
6444	-3980.348	-4240.785	260.4367	2.301784	0.5112011	0.634772	0.365228	0.8067314
6450	-3975.362	-4235.725	260.3636	2.209256	0.5112011	0.711268	0.288732	0.9938433
6456	-3975.434	-4235.886	260.4525	2.228154	0.4495106	0.672978	0.327022	0.9909487
6462	-3984.501	-4244.8	260.2995	2.194984	0.5642506	0.793048	0.206952	0.9888262
6468	-3993.65	-4253.956	260.3063	2.18818	0.5642506	0.540869	0.459131	0.9888262
6474	-3998.292	-4258.779	260.4874	2.212644	0.4398646	0.731096	0.268904	0.9888262
6480	-4004.807	-4264.91	260.1032	2.212644	0.6908172	0.763663	0.236337	0.9888262
6486	-3987.206	-4247.572	260.3666	2.213634	0.5097392	0.695013	0.304987	0.9888262
6492	-3976.219	-4236.641	260.4227	2.174426	0.5112604	0.695013	0.304987	0.9690378
6498	-3976.962	-4237.527	260.5654	2.1878	0.4516833	0.71827	0.28173	0.9103754
6504	-3979.894	-4240.231	260.3371	2.1878	0.5795351	0.681294	0.318706	0.9330962
6510	-3969.191	-4229.677	260.4854	2.177084	0.482339	0.726442	0.273558	0.9508847
6516	-3986.679	-4247.251	260.5715	2.258572	0.4286692	0.610786	0.389214	0.8700479
6522	-3978.865	-4239.23	260.3646	2.375826	0.5235855	0.758152	0.241848	0.77694
6528	-3990.624	-4251.012	260.3887	2.366555	0.5235855	0.653512	0.346488	0.7556873
6534	-4005.316	-4265.707	260.3907	2.20487	0.5773449	0.685567	0.314433	0.8566223
6540	-3995.998	-4256.322	260.3246	2.215383	0.5648765	0.685567	0.314433	0.9405537
6546	-3988.244	-4248.685	260.4413	2.19494	0.5105235	0.611135	0.388865	0.9288963
6552	-3975.363	-4235.822	260.4596	2.207895	0.52282	0.645185	0.354815	0.8714384
6558	-3985.428	-4245.821	260.3938	2.143417	0.5438159	0.701124	0.298876	0.9772922
6564	-3975.491	-4235.988	260.497	2.109454	0.4852106	0.701097	0.298903	1.0033
6570	-3992.792	-4253.308	260.5159	2.144711	0.4630745	0.717458	0.282542	0.9870689
6576	-3988.624	-4249.046	260.4221	2.040574	0.5178962	0.686676	0.313324	1.089406
6582	-3971.376	-4231.669	260.2936	2.108777	0.5583776	0.686676	0.313324	1.086377
6588	-3992.004	-4252.225	260.2209	2.115061	0.5583776	0.686676	0.313324	1.146521
6594	-3990.76	-4251.088	260.3276	2.106331	0.5593844	0.685408	0.314592	1.055298
6600	-3986.753	-4247.059	260.3068	2.071289	0.4966175	0.617517	0.382483	1.195693
6606	-3985.241	-4245.595	260.3535	1.955305	0.4783119	0.669438	0.330562	1.279638
6612	-3993.224	-4253.651	260.4264	1.955305	0.4402603	0.763855	0.236145	1.274573
6618	-3988.1	-4248.229	260.1289	2.017553	0.584465	0.625184	0.374816	1.274573
6624	-3987.212	-4247.373	260.1609	2.017553	0.5631758	0.625184	0.374816	1.274573
6630	-3994.376	-4254.363	259.9867	1.98253	0.6120541	0.725417	0.274583	1.384417
6636	-3985.839	-4246.068	260.2288	1.914548	0.4856001	0.725127	0.274873	1.401797
6642	-3992.026	-4252.262	260.2363	1.844015	0.4516221	0.597731	0.402269	1.494788
6648	-3997.448	-4257.512	260.0635	1.852261	0.582874	0.68899	0.31101	1.458506
6654	-4003.331	-4263.323	259.9918	1.914183	0.5894605	0.628503	0.371497	1.458506
6660	-3990.881	-4250.911	260.0295	1.798275	0.5778398	0.754525	0.245475	1.530285
6666	-3992.013	-4251.91	259.8974	1.798275	0.4691467	0.786854	0.213146	1.750844
6672	-3989.478	-4249.454	259.9755	1.798275	0.5070982	0.70769	0.29231	1.650266
6678	-3990.161	-4250.308	260.1472	1.745836	0.4394743	0.690592	0.309408	1.648156
6684	-4002.041	-4262.006	259.965	1.745836	0.4095154	0.670218	0.329782	1.815243
6690	-3998.603	-4258.265	259.6625	1.66445	0.4443628	0.670218	0.329782	2.031321
6696	-4007.768	-4267.576	259.8082	1.833551	0.5693859	0.668432	0.331568	1.674696
6702	-3991.622	-4251.851	260.2287	1.833551	0.4172317	0.67313	0.32687	1.554844
6708	-3977.205	-4237.402	260.1973	1.917153	0.5639771	0.703127	0.296873	1.325562
6714	-3980.857	-4240.961	260.1036	1.882225	0.5520546	0.726754	0.273246	1.440608
6720	-3993.612	-4253.759	260.1477	1.925491	0.5294829	0.742422	0.257578	1.40045
6726	-3981.416	-4241.751	260.3348	1.862182	0.4323563	0.769261	0.230739	1.432569
6732	-3995.032	-4255.078	260.0459	1.823498	0.4961139	0.667392	0.332608	1.594249
6738	-3989.201	-4249.271	260.0709	1.889576	0.4779076	0.719851	0.280149	1.549973
6744	-3980.214	-4240.333	260.1189	1.889576	0.461159	0.719851	0.280149	1.535902
6750	-3987.456	-4247.786	260.3301	1.891372	0.456658	0.723445	0.276555	1.379755
6756	-3986.485	-4246.633	260.148	1.942694	0.5220328	0.664973	0.335027	1.396124
6762	-3989.877	-4250.113	260.2362	1.942694	0.5220328	0.761111	0.238889	1.326398
6768	-3991.297	-4251.7	260.4032	1.942589	0.4642688	0.725722	0.274278	1.269127
6774	-3982.327	-4242.703	260.3758	1.84106	0.4879473	0.725722	0.274278	1.340809
6780	-3978.99	-4239.228	260.2377	2.045428	0.5825805	0.617778	0.382222	1.160939
6786	-3980.57	-4240.803	260.2336	2.0496	0.5825805	0.702931	0.297069	1.160939
6792	-3972.62	-4232.939	260.3183	2.013588	0.5652276	0.695196	0.304804	1.140876
6798	-3978.184	-4238.398	260.214	2.055404	0.5652276	0.728337	0.271663	1.19547
6804	-3974.695	-4234.79	260.0949	1.962828	0.5759087	0.622032	0.377968	1.356479
6810	-3979.322	-4239.515	260.1937	1.934669	0.4938846	0.664947	0.335053	1.402638
6816	-3993.563	-4253.645	260.0817	2.074522	0.5706149	0.768676	0.231324	1.283547
6822	-3988.3	-4248.632	260.3326	1.982276	0.4719702	0.5963	0.4037	1.283547
6828	-3982.844	-4243.165	260.3214	1.982276	0.4785344	0.72754	0.27246	1.283547
6834	-3981.583	-4241.643	260.0597	1.982276	0.6140132	0.66813	0.33187	1.32452
6840	-3986.034	-4246.582	260.5479	1.982276	0.3960521	0.697557	0.302443	1.219694
6846	-3988.467	-4248.669	260.2027	1.945752	0.5220098	0.697557	0.302443	1.350734
6852	-3985.469	-4245.576	260.1068	1.88172	0.4561927	0.670998	0.329002	1.557066
6858	-3997.362	-4257.502	260.1403	1.874983	0.460125	0.619792	0.380208	1.532153
6864	-3988.42	-4248.684	260.2642	1.880776	0.4937128	0.635208	0.364792	1.38993
6870	-3995.632	-4255.624	259.9921	1.967934	0.5878887	0.715739	0.284261	1.418874
6876	-3999.539	-4259.806	260.2669	1.949808	0.4835878	0.772064	0.227936	1.346799
6882	-3984.679	-4244.769	260.0896	1.968787	0.4865532	0.760722	0.239278	1.465802
6888	-3999.391	-4259.569	260.1774	2.110204	0.5219816	0.719616	0.280384	1.237299
6894	-3991.214	-4251.724	260.5098	2.120576	0.4555183	0.637236	0.362764	1.030201
6900	-3985.207	-4245.605	260.3976	2.120576	0.5203203	0.613218	0.386782	1.03321
6906	-3996.212	-4256.6	260.3884	2.113265	0.5449419	0.699854	0.300146	1.011256
6912	-3985.537	-4245.901	260.3637	2.137659	0.5141246	0.723497	0.276503	1.058983
6918	-3983.308	-4243.878	260.5697	2.137659	0.4141383	0.593981	0.406019	1.028627
6924	-3987.938	-4248.161	260.2233	2.137659	0.6231885	0.743044	0.256956	1.03535
6930	-3995.839	-4256.406	260.5668	2.159069	0.4311487	0.765273	0.234727	0.9787627
6936	-3984.078	-4244.443	260.3646	2.161828	0.494105	0.670386	0.329614	1.066347
6942	-3977.074	-4237.331	260.2571	2.043131	0.551501	0.670386	0.329614	1.187053
6948	-3979.751	-4240.072	260.3216	2.062733	0.551501	0.670386	0.329614	1.112576
6954	-3971.374	-4231.698	260.3239	2.038474	0.5429775	0.629781	0.370219	1.144231
6960	-3983.307	-4243.75	260.443	2.005444	0.4575274	0.810177	0.189823	1.192555
6966	-3973.85	-4234.304	260.4542	1.957483	0.4344573	0.744087	0.255913	1.258517
6972	-3976.725	-4237.153	260.4276	1.890843	0.4248518	0.744087	0.255913	1.348508
6978	-3984.2	-4244.499	260.2989	1.890843	0.4713874	0.630892	0.369108	1.384501
6984	-3980.977	-4241.238	260.2609	1.927391	0.4722044	0.604551	0.395449	1.384501
6990	-3993.121	-4253.416	260.2948	1.927391	0.5327364	0.701428	0.298572	1.277412
6996	-3995.207	-4255.697	260.4897	1.927391	0.4150412	0.701428	0.298572	1.283663
7002	-4001.595	-4261.267	259.6723	1.639612	0.5309122	0.752128	0.247872	1.943928
7008	-4006.845	-4266.402	259.5572	1.603917	0.5309122	0.729814	0.270186	2.044584
7014	-4016.09	-4275.513	259.423	1.597261	0.5994181	0.724755	0.275245	2.06892
7020	-3997.233	-4256.626	259.3925	1.621664	0.48679	0.724755	0.275245	2.187991
7026	-4009.044	-4268.147	259.1034	1.548102	0.5526823	0.718576	0.281424	2.352504
7032	-3991.574	-4251.117	259.5435	1.670046	0.5058784	0.718576	0.281424	2.036586
7038	-4001.35	-4260.711	259.3604	1.580784	0.4495453	0.745959	0.254041	2.276534
7044	-4004.718	-4264.605	259.8873	1.845637	0.465642	0.619663	0.380337	1.728967
7050	-3997.759	-4257.879	260.1208	1.877432	0.3288163	0.745052	0.254948	1.729654
7056	-3985.32	-4245.353	260.0331	1.807322	0.4265043	0.718136	0.281864	1.702556
7062	-3992.299	-4252.155	259.8555	1.798332	0.4566271	0.717695	0.282305	1.795145
7068	-3993.251	-4253.427	260.1758	1.823441	0.437486	0.698113	0.301887	1.573776
7074	-3993.565	-4253.565	260.0002	1.854385	0.4687247	0.724704	0.275296	1.638654
7080	-3998.299	-4258.518	260.2192	1.850311	0.4687247	0.691723	0.308277	1.480408
7086	-3997.179	-4257.341	260.1629	1.870767	0.4897198	0.634271	0.365729	1.480408
7092	-4015.468	-4275.503	260.035	1.892662	0.6240959	0.701257	0.298743	1.403507
7098	-4001.283	-4261.473	260.1901	1.938535	0.4930044	0.71116	0.28884	1.403507
7104	-3986.771	-4247.045	260.2747	1.995375	0.5629794	0.617182	0.382818	1.197868
7110	-3993.344	-4253.437	260.0926	2.037711	0.5629794	0.720339	0.279661	1.313997
7116	-3993.899	-4254.224	260.3249	2.076573	0.4615526	0.676544	0.323456	1.226576
7122	-3995.026	-4255.393	260.367	2.111129	0.5134548	0.685263	0.314737	1.081741
7128	-3994.635	-4254.993	260.3582	2.111129	0.518906	0.644189	0.355811	1.081741
7134	-3983.204	-4243.448	260.2447	2.098198	0.518906	0.613597	0.386403	1.194556
7140	-3974.308	-4234.666	260.3581	2.114006	0.4779303	0.714166	0.285834	1.140959
7146	-3984.108	-4244.538	260.4293	2.042839	0.4779303	0.693251	0.306749	1.140959
7152	-4015.883	-4276.042	260.1593	1.929928	0.5268496	0.682509	0.317491	1.391218
7158	-4000.349	-4260.308	259.9584	1.929928	0.5939111	0.673314	0.326686	1.466989
7164	-4006.089	-4266.484	260.3954	1.929992	0.3622987	0.732799	0.267201	1.438204
7170	-4012.881	-4273.05	260.1689	1.830416	0.3999066	0.723616	0.276384	1.624768
7176	-4000.644	-4260.78	260.1354	1.797439	0.4651629	0.723616	0.276384	1.586377
7182	-4006.561	-4266.567	260.0055	1.820913	0.4421434	0.782786	0.217214	1.69223
7188	-4003.736	-4263.944	260.2071	1.869092	0.4223391	0.697761	0.302239	1.537524
7194	-4001.788	-4261.906	260.1179	1.869092	0.4223391	0.714708	0.285292	1.602952
7200	-4004.442	-4264.772	260.3298	2.045892	0.5505648	0.699514	0.300486	1.121723
7206	-4002.923	-4263.529	260.6067	2.140852	0.4072801	0.730232	0.269768	1.001868
7212	-3993.458	-4253.804	260.346	2.155679	0.5337005	0.780605	0.219395	1.028556
7218	-4000.543	-4260.886	260.3434	2.206017	0.4785593	0.695425	0.304575	1.069382
7224	-3991.118	-4251.397	260.2785	2.196582	0.492709	0.695425	0.304575	1.115875
7230	-3983.424	-4243.688	260.2643	2.281375	0.4982845	0.631672	0.368328	1.041401
7236	-3991.926	-4252.28	260.3543	2.281375	0.4982845	0.605586	0.394414	0.9509878
7242	-3986.136	-4246.5	260.3637	2.115054	0.4982845	0.666515	0.333485	1.104116
7248	-3987.483	-4247.762	260.2793	2.136927	0.5056601	0.670411	0.329589	1.149392
7254	-3987.717	-4247.918	260.2006	2.054036	0.5705684	0.691188	0.308812	1.201233
7260	-3988.1	-4248.244	260.1441	2.054036	0.5705684	0.696642	0.303358	1.248946
7266	-3984.647	-4244.686	260.0395	1.904624	0.5954514	0.653107	0.346893	1.422602
7272	-3983.433	-4243.517	260.0843	1.966473	0.5167115	0.702575	0.297425	1.433635
7278	-3986.712	-4246.87	260.1579	1.97698	0.4984628	0.748247	0.251753	1.391592
7284	-3991.087	-4251.283	260.1959	2.044349	0.5047528	0.653051	0.346949	1.299459
7290	-3989.486	-4249.71	260.2245	2.015793	0.5047528	0.62257	0.37743	1.299459
7296	-3973.683	-4234.051	260.3685	2.015793	0.5047528	0.728104	0.271896	1.17872
7302	-3981.134	-4241.544	260.4101	2.015793	0.4150287	0.719997	0.280003	1.276466
7308	-3981.926	-4242.18	260.2539	2.016098	0.5196143	0.615722	0.384278	1.255197
7314	-3983.78	-4244.215	260.435	2.066349	0.4227626	0.710047	0.289953	1.201084
7320	-3991.933	-4252.405	260.4724	2.066349	0.4227626	0.743264	0.256736	1.168738
7326	-3991.836	-4252.23	260.3937	2.111126	0.5286095	0.713462	0.286538	1.033328
7332	-4000.381	-4260.809	260.4282	2.126618	0.4018365	0.657881	0.342119	1.189082
7338	-3984.981	-4245.35	260.3687	2.077244	0.4061069	0.795792	0.204208	1.273904
7344	-3991.821	-4252.023	260.2016	2.054339	0.4560341	0.731588	0.268412	1.353431
7350	-3983.712	-4243.743	260.0315	2.067344	0.5303459	0.70513	0.29487	1.379373
7356	-3991.087	-4251.106	260.0183	1.986312	0.5951011	0.629365	0.370635	1.375978
7362	-3995.35	-4255.792	260.4422	2.163171	0.4392107	0.629365	0.370635	1.081614
7368	-3985.878	-4246.35	260.4719	2.051121	0.4870229	0.640555	0.359445	1.080633
7374	-3983.395	-4243.8	260.4056	2.068704	0.4981864	0.748385	0.251615	1.108286
7380	-3972.621	-4233.013	260.3923	2.020957	0.4492117	0.612172	0.387828	1.234996
7386	-3987.472	-4247.999	260.5275	2.054083	0.4668374	0.611785	0.388215	1.057999
7392	-3979.729	-4240.268	260.5396	2.054083	0.4668374	0.63812	0.36188	1.046513
7398	-3979.332	-4239.563	260.2307	2.177748	0.6002165	0.744002	0.255998	1.021223
7404	-3985.788	-4246.213	260.4244	2.114396	0.5614842	0.598826	0.401174	0.947292
7410	-3987.218	-4247.551	260.3332	2.034321	0.5614842	0.649559	0.350441	1.113969
7416	-3984.676	-4245.204	260.5279	2.034321	0.4567037	0.680782	0.319218	1.092682
7422	-3997.815	-4258.133	260.3173	2.008722	0.589978	0.598318	0.401682	1.112938
7428	-4004.157	-4264.412	260.2549	2.029763	0.491496	0.713887	0.286113	1.281181
7434	-3996.696	-4257.07	260.3736	2.120322	0.491496	0.673266	0.326734	1.100617
7440	-3981.779	-4242.022	260.243	2.120322	0.5553245	0.612828	0.387172	1.126282
7446	-3977.378	-4237.504	260.1266	2.074922	0.5196146	0.712728	0.287272	1.311276
7452	-3994.616	-4254.878	260.2619	2.071898	0.5196146	0.65665	0.34335	1.201375
7458	-3980.46	-4240.731	260.2704	1.986371	0.5196146	0.643181	0.356819	1.266177
7464	-3995.67	-4255.981	260.3106	1.962983	0.4351962	0.644771	0.355229	1.368973
7470	-4010.384	-4270.699	260.3159	2.010109	0.49691	0.701047	0.298953	1.239455
7476	-3995.913	-4256.288	260.3748	2.010109	0.5061982	0.622612	0.377388	1.176062
7482	-4005.354	-4265.673	260.3191	2.048896	0.4510569	0.721465	0.278535	1.269922
7488	-3984.358	-4244.443	260.0856	2.053761	0.6701068	0.633974	0.366026	1.178635
7494	-3988.214	-4248.38	260.1663	2.0821	0.6321852	0.633974	0.366026	1.128291
7500	-3987.21	-4247.69	260.4802	2.155425	0.441057	0.702242	0.297758	1.049982
7506	-3986.917	-4247.146	260.2292	2.155425	0.6143632	0.721067	0.278933	1.024538
7512	-3989.59	-4249.856	260.2668	2.162443	0.5779859	0.595202	0.404798	1.032824
7518	-3993.174	-4253.393	260.2185	2.187327	0.598916	0.602874	0.397126	1.025601
7524	-3987.174	-4247.515	260.341	2.153686	0.5401005	0.712452	0.287548	1.025601
7530	-3987.803	-4248.16	260.357	2.157733	0.5894393	0.752065	0.247935	0.9282508
7536	-3997.53	-4257.67	260.1401	2.157733	0.6131654	0.689419	0.310581	1.107903
7542	-3982.739	-4243.106	260.3675	2.157733	0.5276205	0.740671	0.259329	1.014927
7548	-3981.882	-4242.145	260.263	2.157733	0.5888112	0.740671	0.259329	1.025538
7554	-3995.782	-4256.081	260.2995	2.157733	0.5940172	0.642654	0.357346	0.9815777
7560	-3984.798	-4245.166	260.3676	2.157733	0.513635	0.604405	0.395595	1.036782
7566	-3995.377	-4255.721	260.3433	2.151312	0.533839	0.688579	0.311421	1.03525
7572	-3986.322	-4246.498	260.1768	2.282591	0.5925684	0.678566	0.321434	0.9815118
7578	-3978.725	-4239.122	260.3971	2.282591	0.5224839	0.725062	0.274938	0.8575974
7584	-3985.737	-4246.157	260.4196	2.27937	0.5224839	0.736927	0.263073	0.8340184
7590	-3981.224	-4241.593	260.3683	2.342832	0.5224839	0.623033	0.376967	0.8185503
7596	-4002.581	-4263.086	260.5052	2.223986	0.5132629	0.675606	0.324394	0.8145169
7602	-3994.544	-4254.845	260.3013	2.124917	0.524435	0.624698	0.375302	1.113217
7608	-3981.933	-4242.287	260.354	2.124917	0.5535772	0.731227	0.268773	1.020538
7614	-3985.769	-4246.091	260.3212	2.132232	0.5535772	0.607657	0.392343	1.04525
7620	-3997.033	-4257.379	260.3463	2.088866	0.5654898	0.52625	0.47375	1.04525
7626	-3994.105	-4254.524	260.4187	2.20437	0.5374585	0.754884	0.245116	0.8957819
7632	-3985.522	-4245.777	260.2557	2.153986	0.5325386	0.664136	0.335864	1.116494
7638	-3981.257	-4241.288	260.0315	2.110785	0.6461661	0.664136	0.335864	1.204179
7644	-3992.107	-4252.478	260.3707	2.047902	0.4719417	0.740937	0.259063	1.196667
7650	-3980.978	-4241.192	260.2145	2.088572	0.5705668	0.701228	0.298772	1.159255
7656	-3984.958	-4245.259	260.3006	2.067862	0.5282755	0.677295	0.322705	1.159255
7662	-3987.216	-4247.208	259.9923	2.066416	0.6231831	0.711946	0.288054	1.300472
7668	-3978.887	-4239.296	260.4083	2.054526	0.4630215	0.523169	0.476831	1.171785
7674	-3978.666	-4238.826	260.1603	1.964115	0.4761475	0.735653	0.264347	1.428798
7680	-3993.208	-4253.335	260.1269	1.954711	0.6032834	0.68464	0.31536	1.305068
7686	-4000.86	-4260.668	259.8077	1.954711	0.7044183	0.755329	0.244671	1.447129
7692	-4002.271	-4262.15	259.8795	1.90544	0.7083152	0.697832	0.302168	1.425935
7698	-3988.504	-4248.441	259.937	1.84712	0.5731404	0.746028	0.253972	1.567705
7704	-3996.317	-4256.282	259.9654	1.922141	0.5321727	0.576575	0.423425	1.538003
7710	-3989.735	-4249.675	259.94	1.922141	0.6498102	0.635549	0.364451	1.426413
7716	-3989.538	-4249.648	260.1101	1.963724	0.5414279	0.683386	0.316614	1.385277
7722	-4001.953	-4262.191	260.2377	1.963724	0.5648976	0.557157	0.442843	1.253355
7728	-4000.841	-4261.009	260.1687	1.895646	0.5422792	0.550247	0.449753	1.391673
7734	-3998.597	-4258.793	260.1951	1.793487	0.5422792	0.759398	0.240602	1.450086
7740	-3996.174	-4256.484	260.3102	1.900965	0.4335621	0.603702	0.396298	1.419901
7746	-3992.415	-4252.589	260.1732	1.911569	0.5629697	0.63087	0.36913	1.350511
7752	-3998.983	-4259.006	260.0228	1.911569	0.5288578	0.701961	0.298039	1.507017
7758	-4009.649	-4269.534	259.8851	2.076019	0.7033329	0.626358	0.373642	1.29158
7764	-3995.743	-4255.935	260.1911	1.948236	0.5753235	0.65673	0.34327	1.29158
7770	-4001.101	-4261.14	260.039	1.88476	0.4516529	0.653924	0.346076	1.610266
7776	-3990.937	-4250.881	259.9448	1.88476	0.4672522	0.664507	0.335493	1.658443
7782	-3986.009	-4245.997	259.9877	1.825848	0.4546658	0.711753	0.288247	1.685505
7788	-3972.348	-4232.471	260.1231	1.811326	0.4971262	0.641511	0.358489	1.545342
7794	-3991.867	-4252.192	260.3255	1.889533	0.4162313	0.641511	0.358489	1.441572
7800	-3993.783	-4253.488	259.7051	1.719578	0.4137231	0.726474	0.273526	2.003769
7806	-3980.61	-4240.014	259.4035	1.719578	0.5282774	0.670943	0.329057	2.072434
7812	-3978.841	-4238.603	259.7615	1.8128	0.4371973	0.67813	0.32187	1.87373
7818	-3989.409	-4249.253	259.8441	1.730242	0.4371973	0.664252	0.335748	1.873701
7824	-3989.282	-4248.375	259.0932	1.69288	0.5606877	0.643846	0.356154	2.258709
7830	-3991.896	-4250.983	259.0874	1.601091	0.5577468	0.74041	0.25959	2.324021
7836	-3983.161	-4242.581	259.4204	1.608628	0.4265746	0.738581	0.261419	2.246861
7842	-3983.04	-4242.613	259.5738	1.642203	0.4957662	0.729559	0.270441	2.04597
7848	-3982.775	-4242.459	259.684	1.678892	0.4542347	0.729559	0.270441	1.995731
7854	-3984.348	-4243.822	259.4739	1.678892	0.5490234	0.668729	0.331271	2.03125
7860	-3979.218	-4238.908	259.6906	1.757544	0.5490234	0.72608	0.27392	1.831963
7866	-3997.609	-4257.578	259.9693	1.781588	0.5413	0.638651	0.361349	1.627405
7872	-3984.505	-4244.068	259.5632	1.743614	0.5591183	0.624199	0.375801	1.917754
7878	-4008.076	-4267.855	259.7798	1.921217	0.5038993	0.650603	0.349397	1.705882
7884	-3999.997	-4259.848	259.8509	1.881205	0.4852148	0.744123	0.255877	1.705882
7890	-4016.967	-4277.195	260.2283	1.964403	0.5074514	0.680111	0.319889	1.334232
7896	-4019.141	-4279.678	260.5375	1.904538	0.4028357	0.705872	0.294128	1.282229
7902	-3988.524	-4248.821	260.2964	1.916102	0.474598	0.648403	0.351597	1.36228
7908	-3996.177	-4256.22	260.0434	1.882462	0.5484632	0.751115	0.248885	1.490363
7914	-3990.915	-4251.031	260.1157	1.870624	0.4667925	0.720578	0.279422	1.54504
7920	-4016.992	-4277.205	260.2132	1.896832	0.4667925	0.720578	0.279422	1.452155
7926	-4011.999	-4272.079	260.0805	1.970778	0.5015521	0.737268	0.262732	1.452155
7932	-3987.461	-4247.402	259.9407	1.882562	0.5015521	0.744418	0.255582	1.621239
7938	-3996.217	-4256.308	260.0913	1.882562	0.51964	0.673193	0.326807	1.488457
7944	-3989.855	-4250.079	260.2246	1.888114	0.448514	0.670984	0.329016	1.474575
7950	-3980.21	-4240.422	260.2123	1.888114	0.4429392	0.670984	0.329016	1.491368
7956	-3996.505	-4256.759	260.2539	1.894083	0.442827	0.706634	0.293366	1.455536
7962	-4001.441	-4261.723	260.2822	1.866412	0.4402855	0.706634	0.293366	1.458483
7968	-3993.921	-4254.234	260.3124	1.880733	0.3845924	0.729006	0.270994	1.504321
7974	-3992.834	-4251.825	258.9909	1.567882	0.4443411	0.69017	0.30983	2.524002
7980	-3981.724	-4241.288	259.5638	1.565359	0.5567774	0.704976	0.295024	2.039019
7986	-3984.868	-4244.171	259.3029	1.554275	0.5332767	0.570092	0.429908	2.240393
7992	-3972.635	-4232.155	259.5195	1.643218	0.5032873	0.776109	0.223891	2.072975
7998	-3969.047	-4228.214	259.1668	1.595872	0.5367211	0.689772	0.310228	2.297524
8004	-3991.115	-4250.165	259.0505	1.597306	0.5338567	0.722767	0.277233	2.373491
8010	-3995.531	-4255.022	259.4909	1.673518	0.4628633	0.622997	0.377003	2.116839
8016	-3987.348	-4247.133	259.7859	1.658926	0.4176773	0.817212	0.182788	1.985357
8022	-3970.638	-4230.244	259.6064	1.730516	0.4781149	0.713559	0.286441	1.985357
8028	-3980.214	-4239.654	259.44	1.751201	0.6380531	0.713559	0.286441	1.918129
8034	-3980.048	-4239.784	259.7356	1.785365	0.5025054	0.61328	0.38672	1.832935
8040	-3980.262	-4240.143	259.8804	1.725738	0.44522	0.641613	0.358387	1.842041
8046	-3980.449	-4239.908	259.459	1.69925	0.5193576	0.632236	0.367764	2.058679
8052	-3990.235	-4249.523	259.2883	1.69287	0.5026573	0.699194	0.300806	2.192243
8058	-3991.594	-4251.46	259.8661	1.786715	0.6219825	0.470095	0.529905	1.611519
8064	-3994.41	-4254.479	260.0697	1.749222	0.4875211	0.535794	0.464206	1.641241
8070	-3982.361	-4242.149	259.7881	1.749222	0.4875211	0.667119	0.332881	1.838888
8076	-3977.428	-4237.42	259.9923	1.805824	0.4875211	0.742197	0.257803	1.65617
8082	-3987.613	-4247.39	259.7777	1.805824	0.5175456	0.722994	0.277006	1.772715
8088	-4000.675	-4260.437	259.7616	1.855582	0.6168184	0.688964	0.311036	1.642504
8094	-3995.84	-4255.67	259.8302	1.826705	0.6173112	0.70592	0.29408	1.613319
8100	-3986.274	-4245.856	259.5816	1.776746	0.5664178	0.70592	0.29408	1.87523
8106	-3996.562	-4256.027	259.4648	1.781537	0.5447778	0.681899	0.318101	1.973334
8112	-3997.988	-4257.937	259.949	1.755923	0.5067991	0.786054	0.213946	1.699722
8118	-4000.864	-4260.651	259.7879	1.729954	0.4455844	0.689726	0.310274	1.90182
8124	-3995.159	-4254.111	258.9515	1.661499	0.5521088	0.681287	0.318713	2.377458
8130	-4005.537	-4264.938	259.4006	1.661499	0.5521088	0.714425	0.285575	2.087999
8136	-3993.033	-4252.57	259.5375	1.619411	0.4796323	0.704967	0.295033	2.102821
8142	-3993.965	-4253.284	259.3191	1.560531	0.4199067	0.638296	0.361704	2.350272
8148	-3979.571	-4238.47	258.8987	1.512939	0.5279072	0.676982	0.323018	2.527739
8154	-3990.988	-4250.109	259.1204	1.591507	0.5672102	0.708972	0.291028	2.29988
8160	-3989.994	-4249.557	259.5623	1.725505	0.4916646	0.686044	0.313956	2.002897
8166	-3988.474	-4248.063	259.589	1.696424	0.5052046	0.602447	0.397553	1.989499
8172	-3980.087	-4239.618	259.5317	1.738575	0.5236833	0.689997	0.310003	1.979596
8178	-3993.11	-4252.903	259.793	1.867717	0.5236833	0.635037	0.364963	1.711627
8184	-3990.796	-4250.863	260.0668	1.823329	0.4016649	0.703502	0.296498	1.700438
8190	-3988.29	-4248.217	259.9268	1.832898	0.5436854	0.693661	0.306339	1.618338
8196	-3988.719	-4248.591	259.872	1.81382	0.5977252	0.632193	0.367807	1.612887
8202	-3992.009	-4251.877	259.8674	1.881917	0.4849451	0.63271	0.36729	1.693992
8208	-3990.919	-4250.86	259.9409	1.903399	0.543766	0.746615	0.253385	1.556494
8214	-3990.825	-4251.073	260.248	1.923554	0.543766	0.553475	0.446525	1.304612
8220	-3988.884	-4249.247	260.3632	1.991282	0.4061527	0.645592	0.354408	1.347719
8226	-3980.343	-4240.665	260.3217	2.022402	0.4808291	0.695039	0.304961	1.246892
8232	-3986.049	-4246.28	260.2309	1.944539	0.5702124	0.72056	0.27944	1.268275
8238	-3986.659	-4246.645	259.9858	1.855317	0.5045366	0.72056	0.27944	1.604756
8244	-3980.408	-4240.458	260.0504	1.824366	0.4942394	0.694604	0.305396	1.592643
8250	-3989.255	-4248.88	259.6248	1.761279	0.6335702	0.694604	0.305396	1.788961
8256	-3994.731	-4254.263	259.5319	1.761279	0.5326807	0.646479	0.353521	1.954616
8262	-3986.234	-4245.498	259.2638	1.729658	0.630876	0.780037	0.219963	2.056933
8268	-3989.1	-4248.531	259.4317	1.714463	0.604933	0.782522	0.217478	1.980016
8274	-3988.788	-4248.028	259.2401	1.656969	0.5533004	0.569997	0.430003	2.194476
8280	-3981.221	-4241.078	259.8572	1.655819	0.4461036	0.617616	0.382384	1.904498
8286	-3990.516	-4250.459	259.9433	1.66537	0.4461036	0.617616	0.382384	1.83918
8292	-3982.047	-4241.882	259.8345	1.774184	0.4461036	0.71498	0.28502	1.83918
8298	-3988.905	-4248.736	259.831	1.74534	0.5965961	0.622897	0.377103	1.692545
8304	-3999.172	-4258.917	259.745	1.687509	0.5125927	0.812935	0.187065	1.88221
8310	-3985.746	-4245.139	259.3938	1.694239	0.5125927	0.652576	0.347424	2.11201
8316	-3995.767	-4254.842	259.0747	1.61694	0.6416415	0.66589	0.33411	2.243861
8322	-3999.14	-4258.183	259.0426	1.559863	0.5219444	0.783476	0.216524	2.414135
8328	-4001.052	-4260.493	259.4409	1.626688	0.4694765	0.672567	0.327433	2.172494
8334	-3991.114	-4250.383	259.2697	1.640273	0.4694765	0.555888	0.444112	2.274126
8340	-3978.668	-4238.173	259.5051	1.742248	0.50479	0.648419	0.351581	2.015319
8346	-3976.719	-4236.856	260.1369	1.799121	0.497281	0.668481	0.331519	1.544
8352	-3995.992	-4255.733	259.741	1.811413	0.6213578	0.639553	0.360447	1.684205
8358	-4000.2	-4260.059	259.8588	1.798477	0.6213578	0.667698	0.332302	1.60891
8364	-4005.876	-4266.115	260.2389	1.841945	0.4399545	0.667698	0.332302	1.51004
8370	-4001.822	-4262.144	260.3222	1.84477	0.4199538	0.752199	0.247801	1.472881
8376	-3991.955	-4252.289	260.3341	1.940887	0.4013812	0.781843	0.218157	1.417198
8382	-3980.472	-4240.663	260.1913	1.881371	0.4677375	0.729952	0.270048	1.479288
8388	-3988.865	-4248.828	259.9637	1.904706	0.585663	0.707204	0.292796	1.491208
8394	-3983.657	-4243.786	260.1297	1.882092	0.5497637	0.644971	0.355029	1.423428
8400	-3980.836	-4240.999	260.1624	1.882092	0.5514944	0.750954	0.249046	1.395962
8406	-3990.352	-4250.56	260.2078	1.868813	0.5365791	0.595007	0.404993	1.389055
8412	-3994.331	-4254.611	260.2794	2.027633	0.552045	0.737598	0.262402	1.180404
8418	-3981.742	-4242.057	260.3146	2.073651	0.552045	0.693661	0.306339	1.108246
8424	-3991.193	-4251.488	260.2942	2.085876	0.5573813	0.74589	0.25411	1.108246
8430	-3992.02	-4252.289	260.2689	2.111846	0.5415801	0.744708	0.255292	1.129758
8436	-3996.158	-4256.507	260.3496	2.085742	0.5074128	0.603174	0.396826	1.129758
8442	-4009.986	-4270.294	260.3076	2.146732	0.5317843	0.603174	0.396826	1.076516
8448	-4000.404	-4260.718	260.3136	2.134574	0.5591792	0.635348	0.364652	1.042054
8454	-4010.958	-4271.273	260.3142	2.033311	0.5557315	0.730615	0.269385	1.139908
8460	-3983.807	-4244.242	260.4354	2.066651	0.419091	0.626946	0.373054	1.206321
8466	-3995.651	-4256.174	260.5233	2.02088	0.4156328	0.584084	0.415916	1.175612
8472	-3981.115	-4241.402	260.2876	2.089117	0.5058033	0.731075	0.268925	1.183718
8478	-3994.759	-4255.203	260.4443	2.121589	0.4218873	0.656479	0.343521	1.146293
8484	-3985.927	-4246.289	260.3614	2.113047	0.484855	0.656479	0.343521	1.128368
8490	-3997.718	-4258.04	260.3219	2.109803	0.484855	0.656479	0.343521	1.166273
8496	-3995.099	-4255.591	260.4926	2.139376	0.518123	0.627484	0.372516	0.9201294
8502	-4001.505	-4262.023	260.5174	2.317474	0.437819	0.704715	0.295285	0.8442603
8508	-3994.335	-4254.951	260.6161	2.306527	0.4127958	0.751146	0.248854	0.7908602
8514	-3996.095	-4256.343	260.248	2.27399	0.5992202	0.751146	0.248854	0.9045322
8520	-3990.319	-4250.617	260.2979	2.254855	0.5974608	0.751146	0.248854	0.8722198
8526	-4001.37	-4261.594	260.2244	2.193649	0.6236424	0.741874	0.258126	0.9780214
8532	-3992.122	-4252.499	260.3772	2.206128	0.5339846	0.772564	0.227436	0.9453594
8538	-3984.145	-4244.5	260.3557	2.23963	0.5339846	0.686471	0.313529	0.9325101
8544	-3977.826	-4238.268	260.4423	2.23963	0.5201066	0.699684	0.300316	0.8594764
8550	-3983.603	-4243.948	260.3446	2.239198	0.5176422	0.699684	0.300316	0.9720508
8556	-3996.431	-4256.793	260.3614	2.225929	0.5243056	0.737016	0.262984	0.9572714
8562	-3990.556	-4250.837	260.2802	2.173519	0.564407	0.670977	0.329023	1.028939
8568	-3997.408	-4257.81	260.4017	2.096431	0.4841086	0.679865	0.320135	1.108092
8574	-3990.285	-4250.733	260.4476	2.265685	0.4660361	0.608714	0.391286	0.9265286
8580	-3992.036	-4252.391	260.3552	2.277385	0.5617542	0.687988	0.312012	0.8402686
8586	-3977.393	-4237.686	260.2937	2.277385	0.5809399	0.710706	0.289294	0.8792155
8592	-3983.017	-4243.4	260.3823	2.277385	0.5069453	0.725285	0.274715	0.9096261
8598	-3990.117	-4250.544	260.4265	2.287724	0.4888363	0.774743	0.225257	0.8818694
8604	-3975.083	-4235.481	260.3983	2.270045	0.4888363	0.741817	0.258183	0.9329868
8610	-3986.657	-4247.122	260.4648	2.249699	0.4915666	0.751152	0.248848	0.8763275
8616	-3978.004	-4238.343	260.3385	2.231688	0.5613314	0.73338	0.26662	0.9136333
8622	-3999.106	-4259.519	260.4128	2.224046	0.5355675	0.693409	0.306591	0.8834909
8628	-3976.943	-4237.345	260.4029	2.132259	0.543621	0.596104	0.403896	0.9796827
8634	-3997.033	-4257.358	260.3253	2.141379	0.5770694	0.717242	0.282758	0.9973492
8640	-4005.231	-4265.665	260.4344	2.141379	0.4674334	0.752964	0.247036	1.062547
8646	-3995.364	-4255.622	260.2587	1.984049	0.5072927	0.648868	0.351132	1.294061
8652	-4008.14	-4268.288	260.1481	1.95616	0.5321635	0.675017	0.324983	1.372823
8658	-4000.96	-4261.24	260.2806	1.95616	0.4529937	0.717774	0.282226	1.372823
8664	-4020.37	-4280.086	259.7162	1.79193	0.4126705	0.694047	0.305953	1.949219
8670	-4002.011	-4261.556	259.5443	1.737654	0.3732474	0.581027	0.418973	2.149771
8676	-3990.5	-4250.875	260.3751	1.815313	0.3732474	0.571751	0.428249	1.523281
8682	-3996.169	-4256.335	260.1667	1.851993	0.4760574	0.538584	0.461416	1.509103
8688	-3982.067	-4242.074	260.0072	1.834307	0.4785414	0.728664	0.271336	1.635917
8694	-3981.658	-4241.839	260.1813	1.875102	0.4785414	0.728664	0.271336	1.477541
8700	-3987.984	-4248.243	260.2589	1.828648	0.4605234	0.671652	0.328348	1.477541
8706	-3988.322	-4248.469	260.1468	1.828648	0.4219984	0.678174	0.321826	1.611847
8712	-3990.704	-4250.872	260.1687	1.835018	0.4792223	0.617054	0.382946	1.516256
8718	-4004.683	-4264.958	260.2749	1.920162	0.4913524	0.659467	0.340533	1.353612
8724	-4004	-4264.329	260.3287	1.908808	0.5222825	0.716189	0.283811	1.278521
8730	-4004.965	-4265.09	260.1251	1.855234	0.4988884	0.710234	0.289766	1.509036
8736	-4001.614	-4262.02	260.4062	1.855234	0.3848381	0.642182	0.357818	1.452353
8742	-4003.065	-4262.755	259.6899	1.910461	0.7852927	0.779297	0.220703	1.493591
8748	-3991.261	-4251.249	259.9878	1.861755	0.4558444	0.685712	0.314288	1.658389
8754	-3990.936	-4251.124	260.1876	1.832269	0.4558444	0.669738	0.330262	1.534343
8760	-3989.068	-4249.315	260.2475	1.852096	0.4001011	0.760019	0.239981	1.551316
8766	-3989.137	-4249.265	260.1281	1.852096	0.4001011	0.760019	0.239981	1.638302
8772	-3986.433	-4246.285	259.8517	1.844067	0.365449	0.746969	0.253031	1.885103
8778	-4003.347	-4263.168	259.8209	1.78973	0.4998311	0.710482	0.289518	1.773986
8784	-3992.247	-4251.589	259.342	1.567295	0.4627809	0.706375	0.293625	2.282063
8790	-3988.552	-4247.799	259.2466	1.56576	0.3673316	0.745335	0.254665	2.457438
8796	-3985.917	-4245.697	259.78	1.65063	0.5143113	0.647813	0.352187	1.881558
8802	-3982.588	-4242.447	259.859	1.695843	0.5292627	0.647813	0.352187	1.779602
8808	-3990.585	-4250.617	260.0316	1.699821	0.4022839	0.540148	0.459852	1.810616
8814	-3985.063	-4244.95	259.8874	1.75447	0.4778229	0.7121	0.2879	1.777981
8820	-3988.693	-4248.726	260.0335	1.756031	0.3965382	0.662255	0.337745	1.777981
8826	-3986.726	-4246.372	259.6462	1.790489	0.6090363	0.705324	0.294676	1.777981
8832	-3992.045	-4251.766	259.7213	1.866675	0.6090363	0.672462	0.327538	1.671418
8838	-3974.882	-4234.886	260.0031	1.855573	0.4392561	0.623149	0.376851	1.673009
8844	-3987.383	-4246.842	259.459	1.782066	0.7002498	0.678652	0.321348	1.827019
8850	-3995.688	-4255.176	259.4878	1.717276	0.5013733	0.737447	0.262553	2.047054
8856	-3996.062	-4255.619	259.5565	1.729423	0.5173346	0.757265	0.242735	1.975978
8862	-3986.535	-4246.217	259.6821	1.655236	0.486166	0.651469	0.348531	1.975978
8868	-3976.782	-4236.48	259.6981	1.66471	0.5180424	0.651469	0.348531	1.923506
8874	-3976.606	-4236.296	259.6899	1.677917	0.4422949	0.628483	0.371517	2.006623
8880	-3991.553	-4250.469	258.9161	1.567994	0.6098549	0.628483	0.371517	2.404655
8886	-3998.773	-4258.178	259.4058	1.6642	0.5407559	0.628483	0.371517	2.094409
8892	-3988.186	-4247.81	259.6238	1.799541	0.5407559	0.628483	0.371517	1.85783
8898	-3996.394	-4256.04	259.6457	1.796131	0.5407559	0.798776	0.201224	1.845101
8904	-3987.288	-4246.81	259.5224	1.765982	0.5781644	0.798776	0.201224	1.910713
8910	-3992.637	-4252.602	259.9651	1.700121	0.3924841	0.556815	0.443185	1.869064
8916	-3991.849	-4252.234	260.3848	1.818655	0.3924841	0.642274	0.357726	1.484884
8922	-3988.414	-4248.82	260.4054	2.017959	0.4764198	0.717681	0.282319	1.18601
8928	-3993.945	-4254.223	260.2779	2.107233	0.499141	0.59458	0.40542	1.18601
8934	-3993.225	-4253.498	260.2733	2.107233	0.5748922	0.818631	0.181369	1.083484
8940	-4002.521	-4263.057	260.5364	2.107233	0.4092685	0.686197	0.313803	1.097478
8946	-4000.343	-4260.682	260.3385	2.107233	0.4978177	0.797237	0.202763	1.134668
8952	-4003.716	-4264.227	260.5106	2.080541	0.4475923	0.761171	0.238829	1.080819
8958	-4022.261	-4282.721	260.4598	2.186411	0.489631	0.721225	0.278775	0.955063
8964	-4018.062	-4278.378	260.315	2.119923	0.5760261	0.696519	0.303481	1.030157
8970	-3993.85	-4254.369	260.5191	2.108044	0.4573895	0.789629	0.210371	1.030157
8976	-3989.787	-4250.072	260.285	2.061163	0.5536725	0.708039	0.291961	1.14385
8982	-3987.752	-4248.154	260.4025	2.050509	0.5536725	0.653689	0.346311	1.04549
8988	-3987.433	-4247.827	260.3935	2.083693	0.5093229	0.662407	0.337593	1.088872
8994	-3984.816	-4245.028	260.2111	2.083693	0.6299416	0.5812	0.4188	1.088872
9000	-3996.201	-4256.6	260.3987	2.126356	0.4805852	0.766854	0.233146	1.088872
9006	-3992.789	-4253.041	260.2517	2.097957	0.5917748	0.764492	0.235508	1.088872
9012	-3994.266	-4254.434	260.1688	2.108019	0.5917748	0.69358	0.30642	1.154604
9018	-3988.908	-4249.161	260.2533	1.993873	0.5483083	0.609338	0.390662	1.236428
9024	-3976.764	-4237.169	260.4049	2.132472	0.4175328	0.674835	0.325165	1.178393
9030	-3980.889	-4241.331	260.4418	2.015628	0.3795558	0.697864	0.302136	1.306832
9036	-3980.667	-4240.875	260.208	1.914926	0.4303195	0.731772	0.268228	1.491637
9042	-3988.175	-4248.616	260.4417	1.928849	0.4115312	0.670072	0.329928	1.326802
9048	-3993.575	-4253.714	260.139	1.836626	0.4718034	0.765907	0.234093	1.546492
9054	-3987.821	-4247.698	259.8774	1.856803	0.4718034	0.67346	0.32654	1.720571
9060	-3992.251	-4251.922	259.6709	1.803052	0.4657041	0.754213	0.245787	1.907541
9066	-4006.314	-4266.126	259.8113	1.702147	0.4433243	0.563047	0.436953	1.907541
9072	-3994.205	-4253.833	259.6281	1.694152	0.5588411	0.755502	0.244498	1.907541
9078	-3987.622	-4247.596	259.9736	1.775509	0.4541188	0.634022	0.365978	1.7318
9084	-4000.64	-4260.11	259.4697	1.692448	0.4434475	0.658057	0.341943	2.140799
9090	-3997.325	-4256.914	259.5894	1.63862	0.4077678	0.745969	0.254031	2.140799
9096	-3997.476	-4257.539	260.0632	1.698527	0.4924237	0.737355	0.262645	1.676289
9102	-3988.821	-4248.333	259.5124	1.603119	0.4836177	0.726759	0.273241	2.12546
9108	-3984.584	-4244.135	259.5511	1.591674	0.5608979	0.726759	0.273241	2.025798
9114	-3990.628	-4250.273	259.645	1.687659	0.5808904	0.716968	0.283032	1.877903
9120	-3993.804	-4253.8	259.9959	1.691101	0.5026016	0.650478	0.349522	1.717281
9126	-3985.092	-4244.857	259.7651	1.612351	0.438877	0.672223	0.327777	2.004308
9132	-4004.131	-4263.767	259.636	1.651395	0.4722354	0.675275	0.324725	2.025057
9138	-4002.233	-4261.5	259.2672	1.603449	0.5393688	0.631608	0.368392	2.225511
9144	-3999.104	-4258.592	259.4883	1.603449	0.6186462	0.665464	0.334536	2.00321
9150	-3993.059	-4252.978	259.9195	1.794091	0.4443419	0.677656	0.322344	1.768789
9156	-4000.142	-4259.59	259.448	1.794091	0.8586047	0.741876	0.258124	1.692974
9162	-3991.362	-4251.122	259.7602	1.793316	0.6593299	0.751853	0.248147	1.645795
9168	-3978.453	-4238.536	260.0831	1.802687	0.5223076	0.790224	0.209776	1.550915
9174	-3993.696	-4253.784	260.0881	1.783934	0.6060657	0.676355	0.323645	1.465967
9180	-3984.707	-4244.687	259.9798	1.880206	0.6060657	0.676355	0.323645	1.475078
9186	-3986.932	-4247.024	260.0918	1.959071	0.6448022	0.639162	0.360838	1.282227
9192	-4001.816	-4262.038	260.2218	2.016453	0.5292099	0.673223	0.326777	1.268746
9198	-3995.67	-4255.965	260.2951	1.990702	0.5292099	0.776666	0.223334	1.229119
9204	-3995.612	-4255.652	260.04	1.990702	0.6960041	0.640784	0.359216	1.242043
9210	-3996.363	-4256.57	260.2075	2.028982	0.5508511	0.772727	0.227273	1.242043
9216	-3990.132	-4250.427	260.2955	2.028982	0.55057	0.755986	0.244014	1.167197
9222	-3983.517	-4243.805	260.2875	2.028982	0.5557568	0.737711	0.262289	1.167197
9228	-3978.237	-4238.3	260.0626	1.817755	0.5557568	0.719124	0.280876	1.516022
9234	-3977.297	-4237.376	260.0788	1.863646	0.5163037	0.7004	0.2996	1.516022
9240	-3970.429	-4230.617	260.188	1.982369	0.5163037	0.7004	0.2996	1.340624
9246	-3992.35	-4252.676	260.3258	1.915591	0.5163037	0.7004	0.2996	1.283236
9252	-3986.272	-4246.404	260.1321	1.871884	0.4776075	0.7004	0.2996	1.518075
9258	-3990.977	-4251.284	260.3076	1.871884	0.4415648	0.793271	0.206729	1.433178
9264	-3990.313	-4250.595	260.2813	1.920485	0.4415648	0.680127	0.319873	1.415933
9270	-4000.815	-4260.943	260.1276	1.929868	0.5166865	0.731542	0.268458	1.428483
9276	-4004.026	-4264.248	260.2217	1.929868	0.5166865	0.754008	0.245992	1.355048
9282	-4009.424	-4269.693	260.2685	1.923048	0.4227672	0.633824	0.366176	1.45025
9288	-4004.814	-4264.833	260.0187	1.923048	0.5198134	0.665922	0.334078	1.512328
9294	-3996.402	-4256.519	260.1169	1.933467	0.5022676	0.679414	0.320586	1.45196
9300	-3972.2	-4232.317	260.1173	1.847119	0.4824054	0.690767	0.309233	1.541384
9306	-3981.289	-4241.445	260.1559	1.877864	0.4850177	0.657636	0.342364	1.486376
9312	-4011.901	-4272.173	260.2716	1.877864	0.4850177	0.617424	0.382576	1.397743
9318	-4007.528	-4267.575	260.0473	1.803253	0.5058686	0.6052	0.3948	1.596264
9324	-3983.825	-4244.004	260.1787	1.824123	0.5058686	0.624307	0.375693	1.483509
9330	-3987.749	-4247.852	260.1026	1.802529	0.5679283	0.624307	0.375693	1.483509
9336	-3988.032	-4248.35	260.3188	1.94785	0.5232741	0.73037	0.26963	1.253108
9342	-3983.086	-4243.075	259.9895	1.94785	0.6255477	0.60838	0.39162	1.394348
9348	-3980.022	-4240.248	260.2265	1.865619	0.5225492	0.712156	0.287844	1.394348
9354	-3971.391	-4231.603	260.212	1.87422	0.4495241	0.653123	0.346877	1.493197
9360	-3989.697	-4249.691	259.9939	1.81686	0.5055716	0.798792	0.201208	1.625483
9366	-3987.336	-4247.421	260.0852	1.808701	0.5055716	0.700196	0.299804	1.564943
9372	-3996.55	-4256.359	259.8094	1.661742	0.4172623	0.695677	0.304323	1.96828
9378	-3992.588	-4252.268	259.68	1.75536	0.5439666	0.575665	0.424335	1.846141
9384	-3989.467	-4248.642	259.1746	1.690726	0.5487419	0.617629	0.382371	2.219543
9390	-3992.255	-4251.55	259.2945	1.690726	0.5188763	0.613156	0.386844	2.172448
9396	-4006.332	-4265.873	259.5411	1.690726	0.5339315	0.613156	0.386844	1.99439
9402	-4000.094	-4259.812	259.7182	1.666907	0.5121007	0.67266	0.32734	1.914938
9408	-4000.018	-4259.346	259.3278	1.701052	0.7160477	0.611033	0.388967	1.9574
9414	-3988.269	-4247.892	259.6233	1.680755	0.5052955	0.767035	0.232965	1.976955
9420	-3988.422	-4248.257	259.835	1.746796	0.5052955	0.7189	0.2811	1.787782
9426	-3996.136	-4255.967	259.8306	1.769572	0.4941728	0.807737	0.192263	1.787782
9432	-3996.457	-4255.324	258.8671	1.688842	0.6159105	0.710524	0.289476	2.353655
9438	-3998.339	-4257.819	259.4798	1.605998	0.4550805	0.673415	0.326585	2.176946
9444	-3999.516	-4258.545	259.0292	1.564434	0.5431479	0.673415	0.326585	2.398515
9450	-3999.59	-4258.54	258.9497	1.621761	0.5893248	0.664342	0.335658	2.368241
9456	-4007.466	-4266.989	259.5233	1.623952	0.5450099	0.728918	0.271082	2.039086
9462	-4002.766	-4262.129	259.3627	1.720001	0.4837109	0.66832	0.33168	2.146832
9468	-4008.02	-4267.609	259.5883	1.720001	0.5198156	0.606929	0.393071	1.958238
9474	-3989.501	-4249.155	259.6532	1.732296	0.5584291	0.629716	0.370284	1.864958
9480	-3989.893	-4249.805	259.9127	1.784367	0.3518935	0.772681	0.227319	1.903283
9486	-3988.371	-4248.229	259.8583	1.682215	0.3386417	0.630553	0.369447	2.027193
9492	-3991.312	-4250.954	259.6416	1.77244	0.4865944	0.693031	0.306969	1.923909
9498	-3996.053	-4256.033	259.9802	1.782182	0.4343377	0.804278	0.195722	1.747383
9504	-3985.142	-4245.146	260.0042	1.873202	0.5796916	0.685281	0.314719	1.491124
9510	-3995.929	-4255.771	259.8411	1.761509	0.5796916	0.773461	0.226539	1.691548
9516	-3981.436	-4241.598	260.1618	1.898169	0.4919643	0.672309	0.327691	1.457648
9522	-3994.991	-4255.09	260.0991	1.898169	0.5304984	0.699416	0.300584	1.457648
9528	-3988.941	-4249.082	260.1408	1.898169	0.5525906	0.594601	0.405399	1.398964
9534	-3991.979	-4252.054	260.0751	1.898169	0.4575917	0.748665	0.251335	1.566471
9540	-4007.901	-4268.022	260.1204	1.827412	0.4388205	0.730708	0.269292	1.609468
9546	-4007.436	-4267.387	259.9513	1.853498	0.4240326	0.74248	0.25752	1.730891
9552	-3992.771	-4252.817	260.0454	1.875922	0.4528593	0.708994	0.291006	1.610468
9558	-3981.271	-4241.448	260.1762	1.875922	0.4291275	0.685281	0.314719	1.546042
9564	-4001.892	-4262.106	260.2146	1.851235	0.4756187	0.696115	0.303885	1.474229
9570	-3990.28	-4250.231	259.9503	1.851235	0.406	0.800304	0.199696	1.756916
9576	-3994.387	-4254.172	259.7851	1.885859	0.5703862	0.629299	0.370701	1.652734
9582	-3995.008	-4254.894	259.8864	1.824212	0.4933035	0.763554	0.236446	1.711449
9588	-3985.357	-4245.197	259.8401	1.790255	0.5430995	0.694133	0.305867	1.711449
9594	-3997.016	-4256.865	259.8484	1.790255	0.5316054	0.697563	0.302437	1.718289
9600	-4003.403	-4263.24	259.8369	1.780403	0.5416045	0.707818	0.292182	1.7223
9606	-4007.813	-4267.082	259.2693	1.780403	0.4924635	0.707818	0.292182	2.158738
9612	-3988.532	-4248.404	259.8716	1.83328	0.4564339	0.718451	0.281549	1.759891
9618	-3994.417	-4254.397	259.9794	1.83328	0.4542949	0.566334	0.433666	1.686601
9624	-4013.417	-4273.578	260.1614	1.859664	0.4796445	0.584672	0.415328	1.5027
9630	-4001.653	-4261.662	260.0092	1.877593	0.4796445	0.627709	0.372291	1.601755
9636	-3985.588	-4245.797	260.2094	1.98022	0.4428974	0.76221	0.23779	1.423493
9642	-3977.815	-4238.108	260.293	2.044383	0.4429577	0.759335	0.240665	1.306812
9648	-3986.497	-4246.783	260.2861	1.957221	0.4714421	0.725048	0.274952	1.342064
9654	-3989.775	-4250.065	260.2895	1.989722	0.4840298	0.672091	0.327909	1.295875
9660	-3987.319	-4247.511	260.1918	1.978459	0.4099099	0.642872	0.357128	1.484641
9666	-3976.835	-4237.016	260.1805	1.828027	0.4099099	0.713343	0.286657	1.604267
9672	-3989.564	-4249.72	260.1552	1.828027	0.4518873	0.733746	0.266254	1.566554
9678	-3979.483	-4239.489	260.006	1.868737	0.4777744	0.762434	0.237566	1.612864
9684	-3985.674	-4245.697	260.0232	1.919303	0.5005304	0.654327	0.345673	1.535156
9690	-3983.398	-4243.494	260.0967	1.892722	0.4621829	0.68778	0.31222	1.54867
9696	-3997.789	-4257.539	259.7491	1.892722	0.6930884	0.672566	0.327434	1.54867
9702	-4002.632	-4262.479	259.8477	1.920166	0.594753	0.672566	0.327434	1.55612
9708	-4011.73	-4271.863	260.1334	1.931027	0.5359556	0.600693	0.399307	1.399321
9714	-4005.368	-4265.434	260.0657	1.931027	0.598546	0.657549	0.342451	1.378151
9720	-4006.873	-4267.295	260.4217	2.195498	0.5217974	0.783234	0.216766	0.9298322
9726	-4005.142	-4265.455	260.3128	2.234295	0.583309	0.628504	0.371496	0.9025833
9732	-4003.582	-4263.988	260.4062	2.26647	0.5617128	0.617012	0.382988	0.7884038
9738	-4002.908	-4263.279	260.3704	2.308627	0.5617128	0.667512	0.332488	0.7795892
9744	-3995.58	-4255.986	260.4061	2.23057	0.5617128	0.757329	0.242671	0.8352835
9750	-3985.485	-4245.834	260.3497	2.229166	0.4936798	0.703872	0.296128	1.016568
9756	-3974.207	-4234.656	260.4489	2.229166	0.4873526	0.704399	0.295601	0.9251686
9762	-3981.317	-4241.751	260.4344	2.24367	0.4873526	0.800487	0.199513	0.9251686
9768	-3972.763	-4233.219	260.4551	2.247868	0.4620716	0.661537	0.338463	0.9449751
9774	-3986.038	-4246.39	260.3524	2.211673	0.5745024	0.715949	0.284051	0.8982588
9780	-3993.034	-4253.358	260.3241	2.265913	0.5745024	0.715949	0.284051	0.8683512
9786	-3998.927	-4259.406	260.4792	2.205862	0.5084272	0.798559	0.201441	0.8780855
9792	-3988.802	-4248.929	260.1261	2.201289	0.6684001	0.736117	0.263883	1.00717
9798	-3994.535	-4254.699	260.1634	2.164016	0.6684001	0.71483	0.28517	1.00717
9804	-3996.907	-4257.336	260.4289	2.164016	0.5313741	0.617971	0.382029	0.9394745
9810	-3987.92	-4248.304	260.3845	2.162567	0.5373389	0.715058	0.284942	0.9775912
9816	-4010.117	-4270.35	260.2323	2.101801	0.634243	0.677198	0.322802	1.046241
9822	-3983.231	-4243.339	260.1082	2.101801	0.634243	0.726828	0.273172	1.159824
9828	-3979.709	-4240.173	260.4635	2.105311	0.4649834	0.726215	0.273785	1.073134
9834	-3982.309	-4242.506	260.1974	2.123173	0.5527194	0.753763	0.246237	1.167759
9840	-3974.828	-4235.254	260.4257	1.967681	0.5085677	0.771119	0.228881	1.165313
9846	-3984.012	-4244.284	260.272	2.078322	0.5353887	0.602012	0.397988	1.165313
9852	-3973.864	-4234.15	260.2862	2.038741	0.552436	0.674301	0.325699	1.164286
9858	-3978.173	-4238.426	260.2528	1.858697	0.605524	0.659034	0.340966	1.277992
9864	-3983.691	-4243.934	260.2435	1.938723	0.5579832	0.659034	0.340966	1.277992
9870	-4012.622	-4272.623	260.0013	1.913222	0.5433862	0.750791	0.249209	1.504791
9876	-4011.439	-4270.95	259.5113	1.693833	0.4940443	0.666472	0.333528	2.055108
9882	-3989.269	-4249.27	260.0011	2.020197	0.6135228	0.699935	0.300065	1.34169
9888	-3993.063	-4253.147	260.0832	2.020197	0.5497809	0.612665	0.387335	1.351781
9894	-4003.095	-4263.32	260.225	1.944028	0.5042571	0.623137	0.376863	1.357264
9900	-4004.648	-4264.863	260.2158	1.971412	0.5092118	0.681105	0.318895	1.336317
9906	-4005.44	-4265.489	260.0488	2.051133	0.6081184	0.729073	0.270927	1.284433
9912	-3991.8	-4252.209	260.4086	2.150552	0.4838366	0.752459	0.247541	1.051722
9918	-3979.381	-4239.695	260.314	1.993372	0.4919412	0.644146	0.355854	1.261852
9924	-3980.458	-4240.647	260.1889	1.955415	0.5352152	0.646916	0.353084	1.337294
9930	-4006.191	-4266.546	260.3546	1.956899	0.5120973	0.741846	0.258154	1.230682
9936	-3989.043	-4249.11	260.0665	1.961427	0.5391458	0.741846	0.258154	1.423718
9942	-4005.288	-4264.715	259.4274	1.88801	0.8593978	0.741846	0.258154	1.639969
9948	-3986.763	-4246.537	259.7737	1.88801	0.5639746	0.703885	0.296115	1.666338
9954	-3984.897	-4244.938	260.0409	1.851948	0.4747441	0.620295	0.379705	1.603486
9960	-3996.996	-4256.642	259.6463	1.851948	0.4747441	0.640179	0.359821	1.880452
9966	-3990.679	-4250.359	259.6805	1.821776	0.543754	0.619866	0.380134	1.80025
9972	-3980.529	-4240.446	259.9174	1.84368	0.543754	0.714504	0.285496	1.617255
9978	-3992.594	-4252.214	259.62	1.786612	0.6511785	0.563171	0.436829	1.75768
9984	-3985.66	-4245.248	259.5886	1.786612	0.6240092	0.63906	0.36094	1.805798
9990	-3973.485	-4233.54	260.055	1.815468	0.5072333	0.63906	0.36094	1.580074
9996	-3991.898	-4251.89	259.992	1.740023	0.449874	0.718922	0.281078	1.749008
10002	-3984.915	-4244.825	259.9099	1.765773	0.4823353	0.644344	0.355656	1.749008
10008	-3989.036	-4249.1	260.0643	1.744309	0.4447164	0.729426	0.270574	1.701593
10014	-3980.451	-4240.349	259.8989	1.73305	0.5616253	0.628318	0.371682	1.690068
10020	-3970.511	-4230.256	259.7457	1.784896	0.5628249	0.723335	0.276665	1.760121
10026	-3975.68	-4235.949	260.2689	1.927294	0.419596	0.653525	0.346475	1.451196
10032	-3969.858	-4230.025	260.1669	1.927294	0.5481028	0.731102	0.268898	1.361086
10038	-3973.518	-4233.581	260.0633	1.971875	0.6234248	0.701526	0.298474	1.319236
10044	-3992.765	-4252.795	260.0305	1.964299	0.6234248	0.594859	0.405141	1.35149
10050	-3983.938	-4244.089	260.1507	1.876918	0.4953245	0.778015	0.221985	1.477942
10056	-3988.209	-4248.341	260.1311	1.876918	0.4775189	0.588219	0.411781	1.515185
10062	-3984.538	-4244.379	259.8408	1.876918	0.6091639	0.637032	0.362968	1.577557
10068	-3992.067	-4252.063	259.9959	1.881038	0.5522624	0.637032	0.362968	1.522562
10074	-3990.692	-4251.004	260.3119	1.939861	0.4571982	0.606267	0.393733	1.355113
10080	-3999.546	-4259.922	260.3768	2.291713	0.4978553	0.648735	0.351265	0.9164142
10086	-3996.176	-4256.397	260.2216	2.247887	0.6173222	0.712959	0.287041	0.933515
10092	-3993.468	-4253.893	260.4249	2.247887	0.4117502	0.712959	0.287041	1.066027
10098	-3993.014	-4253.392	260.3775	2.186261	0.4722799	0.738949	0.261051	1.066027
10104	-3997.577	-4257.973	260.3964	2.186261	0.5224852	0.658798	0.341202	0.9652318
10110	-4005.083	-4265.158	260.0744	2.168171	0.6942998	0.604746	0.395254	1.056116
10116	-3989.622	-4249.873	260.2501	2.168171	0.5994674	0.740014	0.259986	1.012632
10122	-3993.57	-4253.824	260.2549	2.188649	0.5994674	0.677865	0.322135	0.9873558
10128	-3991.116	-4251.278	260.1617	2.140684	0.6693309	0.677865	0.322135	1.030523
10134	-3989.327	-4249.658	260.3301	2.059723	0.5003371	0.656318	0.343682	1.180197
10140	-3983.836	-4243.96	260.1239	2.068381	0.5585854	0.675709	0.324291	1.268912
10146	-3984.287	-4244.378	260.0911	2.021505	0.6691423	0.697871	0.302129	1.202831
10152	-3992.369	-4252.556	260.1874	2.157544	0.6148602	0.652734	0.347266	1.062015
10158	-3981.677	-4241.828	260.1513	2.153912	0.696587	0.722522	0.277478	0.9920264
10164	-3982.961	-4243.125	260.164	2.11713	0.6151513	0.54188	0.45812	1.120502
10170	-3989.549	-4249.506	259.9572	2.1496	0.7462262	0.696836	0.303164	1.120502
10176	-4001.87	-4262.023	260.1529	2.138667	0.6078585	0.620394	0.379606	1.120502
10182	-4020.033	-4280.343	260.3103	2.049766	0.5800419	0.721019	0.278981	1.095211
10188	-3993.536	-4253.971	260.4347	2.049766	0.4933918	0.67716	0.32284	1.106332
10194	-4006.871	-4267.24	260.3693	2.08125	0.4923403	0.778883	0.221117	1.1385
10200	-3997.324	-4257.609	260.2852	2.126726	0.5516226	0.692366	0.307634	1.087132
10206	-3982.677	-4243.172	260.4943	2.126726	0.4759919	0.715334	0.284666	1.004415
10212	-3980.718	-4241.266	260.5488	2.072258	0.4759919	0.715334	0.284666	1.004415
10218	-3990.263	-4250.674	260.4116	2.072258	0.4542887	0.710146	0.289854	1.166842
10224	-3990.467	-4250.855	260.3877	1.971207	0.5121875	0.634929	0.365071	1.190095
10230	-3985.509	-4245.842	260.3332	2.080034	0.5223117	0.697003	0.302997	1.127961
10236	-4001.867	-4262.169	260.302	2.004049	0.5362595	0.704	0.296	1.202432
10242	-4002.71	-4262.959	260.2491	2.083974	0.5193198	0.730627	0.269373	1.202432
10248	-3976.523	-4236.726	260.2024	1.990445	0.5193198	0.634877	0.365123	1.318707
10254	-3996.776	-4257.007	260.2313	1.990445	0.501584	0.625067	0.374933	1.318707
10260	-3983.456	-4243.403	259.9469	1.904282	0.683351	0.619119	0.380881	1.399917
10266	-3976.493	-4236.586	260.093	2.061483	0.4885898	0.617467	0.382533	1.389174
10272	-3984.771	-4244.973	260.2017	2.061483	0.5344058	0.617467	0.382533	1.241205
10278	-3992.142	-4252.297	260.1552	2.093109	0.5591021	0.764057	0.235943	1.221491
10284	-3987.069	-4247.393	260.3243	2.093109	0.4559521	0.723384	0.276616	1.221491
10290	-3988.906	-4248.922	260.0162	2.168684	0.6382698	0.684375	0.315625	1.176929
10296	-3981.325	-4241.745	260.4194	2.160149	0.5149389	0.684375	0.315625	0.9809504
10302	-4002.155	-4262.349	260.1939	2.221686	0.6373251	0.749735	0.250265	0.9607688
10308	-3989.177	-4249.416	260.2395	2.221686	0.6238432	0.712904	0.287096	0.9324019
10314	-3997.487	-4257.836	260.349	2.238874	0.5387308	0.776755	0.223245	0.9324019
10320	-3990.295	-4250.631	260.3357	2.225127	0.5698971	0.72715	0.27285	0.9096035
10326	-3985.939	-4246.309	260.3697	2.201706	0.582766	0.72715	0.27285	0.8756337
10332	-3998.25	-4258.444	260.194	2.252212	0.61832	0.672479	0.327521	0.9567128
10338	-4004.366	-4264.608	260.242	2.288214	0.6188219	0.621992	0.378008	0.862482
10344	-3980.572	-4240.821	260.2486	1.890915	0.4819869	0.612733	0.387267	1.409488
10350	-3988.047	-4248.277	260.2307	1.951517	0.5635083	0.684385	0.315615	1.271041
10356	-3998.333	-4258.462	260.1294	1.844657	0.5199166	0.742652	0.257348	1.487985
10362	-3992.218	-4252.385	260.1664	1.835129	0.4771983	0.706652	0.293348	1.520427
10368	-3985.23	-4245.472	260.2424	1.842996	0.4472106	0.634593	0.365407	1.496876
10374	-3978.502	-4238.212	259.7098	1.71521	0.5587779	0.748456	0.251544	1.837515
10380	-3980.478	-4240.111	259.6335	1.718627	0.5726212	0.670759	0.329241	1.873086
10386	-3972.652	-4232.404	259.7525	1.813437	0.514377	0.686638	0.313362	1.788469
10392	-3988.581	-4248.516	259.9352	1.827587	0.5109675	0.676617	0.323383	1.653647
10398	-3990.118	-4250.134	260.016	1.827587	0.4629881	0.716845	0.283155	1.653647
10404	-3988.816	-4248.56	259.7436	1.782561	0.5791365	0.716845	0.283155	1.746051
10410	-4002.027	-4262.275	260.2478	2.211669	0.569769	0.805604	0.194396	1.015369
10416	-3994.632	-4255.054	260.422	2.207839	0.4569051	0.67715	0.32285	1.028393
10422	-3981.914	-4242.34	260.4252	2.263803	0.4831809	0.67715	0.32285	0.9208915
10428	-3976.047	-4236.381	260.3338	2.19647	0.5362981	0.67715	0.32285	0.9962224
10434	-3971.36	-4231.807	260.4475	2.250595	0.5070254	0.705723	0.294277	0.8654903
10440	-3984.835	-4245.334	260.4988	2.284954	0.4741267	0.705723	0.294277	0.8281673
10446	-3993.081	-4253.434	260.3529	2.272845	0.559252	0.710579	0.289421	0.853192
10452	-3993.792	-4254.04	260.2481	2.272845	0.6339031	0.71709	0.28291	0.8480771
10458	-3982.303	-4242.696	260.3924	2.251892	0.5164472	0.639429	0.360571	0.9095188
10464	-3986.823	-4247.238	260.4147	2.220381	0.5164472	0.781447	0.218553	0.9197453
10470	-3999.003	-4259.445	260.442	2.064534	0.4706745	0.702135	0.297865	1.121222
10476	-4006.915	-4267.14	260.2251	2.038491	0.5612032	0.702135	0.297865	1.205732
10482	-3993.128	-4253.404	260.2756	1.990744	0.5593797	0.754139	0.245861	1.205732
10488	-3986.964	-4247.186	260.2221	2.029247	0.52764	0.724897	0.275103	1.260009
10494	-3983.197	-4243.546	260.3492	2.029247	0.4678871	0.640102	0.359898	1.236718
10500	-3994.823	-4254.842	260.0193	2.002448	0.6584884	0.640102	0.359898	1.290716
10506	-3994.421	-4254.506	260.0852	1.977728	0.6584884	0.612867	0.387133	1.256807
10512	-3978.038	-4238.151	260.1134	2.068969	0.6220308	0.658983	0.341017	1.198783
10518	-3988.72	-4249.015	260.2947	1.915988	0.5423124	0.552705	0.447295	1.274509
10524	-3993.502	-4253.786	260.284	1.964381	0.5147027	0.7314	0.2686	1.27959
10530	-3994.322	-4254.327	260.0046	1.90419	0.5802837	0.735335	0.264665	1.466705
10536	-4002.596	-4262.723	260.1266	1.859228	0.3986707	0.625313	0.374687	1.636229
10542	-3984.405	-4244.039	259.6349	1.941702	0.5790111	0.672342	0.327658	1.710693
10548	-3983.26	-4242.963	259.7029	1.866323	0.583992	0.63141	0.36859	1.710693
10554	-3970.619	-4230.384	259.7646	1.866323	0.5383641	0.668962	0.331038	1.716274
10560	-3980.216	-4240.056	259.8398	1.866323	0.6945683	0.696273	0.303727	1.499411
10566	-3979.418	-4239.354	259.9363	1.931076	0.579024	0.696273	0.303727	1.499411
10572	-3972.169	-4232.187	260.0183	1.943875	0.5306428	0.690044	0.309956	1.484042
10578	-3997	-4257.019	260.0189	1.85011	0.4700329	0.645346	0.354654	1.626579
10584	-4008.529	-4268.359	259.8292	1.85011	0.6016434	0.692149	0.307851	1.61345
10590	-3998.419	-4258.107	259.688	1.843032	0.705159	0.70601	0.29399	1.618173
10596	-3982.485	-4242.685	260.2002	1.843032	0.4496789	0.66829	0.33171	1.525118
10602	-4001.756	-4261.89	260.1335	1.839656	0.5085026	0.712147	0.287853	1.502563
10608	-3995.47	-4255.564	260.094	1.905163	0.4790952	0.720805	0.279195	1.519804
10614	-3989.523	-4249.549	260.0262	1.905163	0.4840054	0.720805	0.279195	1.563794
10620	-3971.856	-4232.068	260.2121	1.885282	0.4502622	0.696714	0.303286	1.483812
10626	-3983.162	-4243.172	260.0101	1.941677	0.4961695	0.716863	0.283137	1.533634
10632	-3973.593	-4233.624	260.0317	1.845649	0.4683879	0.658883	0.341117	1.622647
10638	-3987.725	-4248.05	260.325	1.902906	0.3820631	0.658883	0.341117	1.481978
10644	-3979.673	-4239.751	260.0784	1.902906	0.5325708	0.721262	0.278738	1.46724
10650	-3969.587	-4229.688	260.1014	1.889154	0.5325708	0.721262	0.278738	1.460252
10656	-3988.92	-4248.946	260.0266	1.963937	0.5325708	0.704819	0.295181	1.460252
10662	-3984.968	-4245.125	260.1565	1.91584	0.4842452	0.746336	0.253664	1.458116
10668	-3981.61	-4241.809	260.1985	1.91584	0.5545634	0.746336	0.253664	1.337172
10674	-3987.12	-4247.316	260.1965	1.984822	0.4990992	0.640653	0.359347	1.354271
10680	-3984.539	-4244.582	260.0427	1.974245	0.5702211	0.689696	0.310304	1.39519
10686	-3983.287	-4243.771	260.4839	2.012533	0.4164941	0.543003	0.456997	1.215226
10692	-3994.09	-4254.501	260.4103	2.002014	0.4601348	0.726699	0.273301	1.21954
10698	-4002.284	-4262.702	260.4184	2.04914	0.4768469	0.688099	0.311901	1.146646
10704	-3994.349	-4254.645	260.2957	2.04914	0.5092905	0.703022	0.296978	1.206281
10710	-3996.596	-4256.946	260.3504	2.014725	0.5233878	0.710403	0.289597	1.169031
10716	-3999.087	-4259.423	260.3354	2.078073	0.506646	0.724264	0.275736	1.150368
10722	-3985.488	-4245.763	260.2752	2.078073	0.542203	0.70145	0.29855	1.153308
10728	-3997.37	-4257.772	260.4017	2.104886	0.5001588	0.715881	0.284119	1.075495
10734	-3996.822	-4257.069	260.2472	2.104886	0.5958362	0.735433	0.264567	1.081108
10740	-3984.425	-4244.915	260.4901	2.188287	0.4560564	0.735433	0.264567	0.9815446
10746	-3982.679	-4243.09	260.4111	2.230352	0.5315094	0.643544	0.356456	0.8855369
10752	-3978.132	-4238.463	260.3308	2.284473	0.5371698	0.626648	0.373352	0.905035
10758	-3981.843	-4242.16	260.3162	2.284473	0.4763612	0.687785	0.312215	1.023877
10764	-3975.861	-4236.009	260.1489	2.38228	0.6202358	0.6103	0.3897	0.8589408
10770	-3981.799	-4242.404	260.6054	2.348693	0.3786674	0.704401	0.295599	0.8360122
10776	-3977.1	-4237.432	260.3313	2.343287	0.5604066	0.75627	0.24373	0.7884186
10782	-3977.771	-4238.087	260.3152	2.318983	0.5604066	0.719959	0.280041	0.84074
10788	-3984.525	-4244.775	260.2508	2.305437	0.5574998	0.712216	0.287784	0.93521
10794	-3983.024	-4243.277	260.253	2.305437	0.5574998	0.656732	0.343268	0.9327876
10800	-3994.24	-4254.475	260.2352	2.278715	0.5574998	0.752914	0.247086	0.9795096
10806	-3998.765	-4259.188	260.4234	2.299886	0.5066595	0.583636	0.416364	0.8356124
10812	-3988.845	-4248.985	260.14	2.334514	0.624916	0.706181	0.293819	0.9163292
10818	-3993.325	-4253.615	260.2896	2.328709	0.5351584	0.706181	0.293819	0.9051778
10824	-3989.004	-4249.391	260.3869	2.339928	0.5351584	0.706181	0.293819	0.7702674
10830	-3983.315	-4243.697	260.3814	2.363013	0.5210742	0.726891	0.273109	0.7770801
10836	-3984.483	-4244.904	260.4204	2.373108	0.4891554	0.7497	0.2503	0.781623
10842	-3997.623	-4258.132	260.5093	2.324523	0.465591	0.651648	0.348352	0.781623
10848	-3985.365	-4245.804	260.4392	2.233179	0.4957209	0.651648	0.348352	0.9161122
10854	-3988.204	-4248.538	260.3339	2.296405	0.5520782	0.745096	0.254904	0.8609817
10860	-3987.701	-4248.027	260.3259	2.220223	0.4815592	0.725143	0.274857	1.067659
10866	-3985.443	-4245.856	260.4137	2.242891	0.5077318	0.669636	0.330364	0.9115926
10872	-3980.461	-4240.861	260.3996	2.258207	0.558702	0.688015	0.311985	0.8142552
10878	-3988.953	-4249.315	260.3619	2.121109	0.4682698	0.785553	0.214447	1.146028
10884	-3978.751	-4239.232	260.4808	2.121109	0.4730735	0.570966	0.429034	1.028132
10890	-3998.715	-4259.003	260.288	2.21496	0.5629294	0.745968	0.254032	0.9822151
10896	-3984.7	-4245.29	260.5894	2.151202	0.399744	0.71933	0.28067	1.022992
10902	-3976.076	-4236.313	260.2375	2.151202	0.5790203	0.640871	0.359129	1.070093
10908	-3981.497	-4242.025	260.528	2.19705	0.4412193	0.70863	0.29137	0.9606492
10914	-3976.347	-4236.811	260.4641	2.24308	0.4843149	0.654922	0.345078	0.8986134
10920	-3983.696	-4244.134	260.438	2.05929	0.5319324	0.626687	0.373313	1.035561
10926	-3982.162	-4242.441	260.2794	2.144984	0.5268102	0.668125	0.331875	1.111437
10932	-3999.908	-4260.207	260.2994	2.086885	0.5252351	0.668125	0.331875	1.147824
10938	-3992.145	-4252.339	260.1939	2.124502	0.5843942	0.816128	0.183872	1.127234
10944	-3988.946	-4249.378	260.4323	2.114451	0.4177028	0.660696	0.339304	1.169948
10950	-3985.635	-4245.927	260.2918	2.114451	0.4975186	0.707048	0.292952	1.169948
10956	-3980.004	-4240.392	260.388	2.114451	0.4860888	0.662238	0.337762	1.101071
10962	-3993.904	-4254.108	260.2046	2.124174	0.5655337	0.719926	0.280074	1.143265
10968	-3977.734	-4237.94	260.2055	2.124174	0.5282509	0.661933	0.338067	1.19304
10974	-3982.526	-4242.869	260.343	2.124174	0.4497211	0.67907	0.32093	1.18835
10980	-3978.131	-4238.676	260.5447	2.131595	0.3903265	0.677154	0.322846	1.101081
10986	-3987.358	-4247.706	260.3474	2.114836	0.5103594	0.656292	0.343708	1.101081
10992	-3979.704	-4239.941	260.2376	2.119925	0.5587672	0.703377	0.296623	1.126755
10998	-3994.592	-4254.892	260.2999	2.093435	0.572906	0.712435	0.287565	1.074282
11004	-4004.571	-4264.876	260.3044	2.137643	0.5180977	0.657743	0.342257	1.108049
11010	-4004.248	-4264.737	260.4893	2.157859	0.4664969	0.716015	0.283985	0.9946614
11016	-4011.499	-4272.003	260.5038	2.169654	0.4664969	0.690356	0.309644	0.9678823
11022	-4000.88	-4261.28	260.4001	2.194715	0.5422018	0.632007	0.367993	0.918996
11028	-4007.222	-4267.755	260.5335	2.129291	0.4999272	0.680789	0.319211	0.918996
11034	-3998.604	-4259.074	260.4697	2.110099	0.458603	0.593818	0.406182	1.073279
11040	-4002.542	-4262.995	260.4534	2.110099	0.4820018	0.733916	0.266084	1.050533
11046	-3998.297	-4258.562	260.2651	2.096512	0.6116383	0.774163	0.225837	1.050533
11052	-4003.637	-4263.83	260.1935	2.096512	0.6116383	0.765863	0.234137	1.117025
11058	-4000.517	-4261.053	260.5354	2.146022	0.4056804	0.686862	0.313138	1.068757
11064	-3983.452	-4243.898	260.4457	2.146022	0.4677139	0.703646	0.296354	1.046977
11070	-3977.167	-4237.684	260.5173	2.146022	0.4038505	0.717336	0.282664	1.088895
11076	-3972.799	-4233.087	260.288	2.131693	0.498374	0.664718	0.335282	1.15692
11082	-3981.729	-4242.057	260.3288	2.061919	0.4973025	0.68343	0.31657	1.183797
11088	-3980.315	-4240.558	260.2428	2.019497	0.4764474	0.668389	0.331611	1.320007
11094	-3995.278	-4255.152	259.8735	1.888111	0.5373335	0.793173	0.206827	1.624135
11100	-3984.099	-4243.841	259.7416	1.820051	0.5485762	0.646703	0.353297	1.753709
11106	-3983.901	-4243.843	259.942	1.713351	0.5257647	0.719062	0.280938	1.713095
11112	-3988.16	-4247.939	259.7785	1.795243	0.6212913	0.72744	0.27256	1.669059
11118	-3993.786	-4253.775	259.9891	1.799947	0.4872944	0.598235	0.401765	1.662937
11124	-3987.897	-4247.862	259.9649	1.799947	0.523683	0.609619	0.390381	1.637393
11130	-3991.32	-4251.231	259.9111	1.799947	0.523683	0.567229	0.432771	1.675983
11136	-3984.509	-4244.337	259.8279	1.80844	0.50326	0.750314	0.249686	1.752083
11142	-3990.517	-4250.353	259.8357	1.80844	0.4985296	0.726171	0.273829	1.752083
11148	-4006.825	-4266.526	259.7014	1.771995	0.4985296	0.726171	0.273829	1.870033
11154	-3998.862	-4259.01	260.1476	1.768013	0.4980949	0.664083	0.335917	1.558018
11160	-4003.758	-4264.186	260.4287	2.124066	0.4273381	0.76492	0.23508	1.148972
11166	-3989.36	-4249.709	260.3494	2.044555	0.4988403	0.697071	0.302929	1.178726
11172	-3997.723	-4258.07	260.3471	2.10194	0.5083508	0.74022	0.25978	1.116067
11178	-3986.868	-4247.337	260.4686	2.036734	0.4317936	0.614998	0.385002	1.183349
11184	-3992.809	-4252.671	259.862	2.038609	0.7348615	0.730297	0.269703	1.308098
11190	-4003.713	-4263.435	259.7218	1.738117	0.5322411	0.675514	0.324486	1.841928
11196	-3991.019	-4250.822	259.8025	1.738117	0.4829559	0.659802	0.340198	1.841928
11202	-3995.931	-4256.162	260.2315	1.934503	0.4953991	0.643626	0.356374	1.371169
11208	-4001.692	-4261.904	260.2119	1.923127	0.5265847	0.57896	0.42104	1.355561
11214	-3999.42	-4259.627	260.207	1.983119	0.5567989	0.613939	0.386061	1.272965
11220	-3984.981	-4245.192	260.2106	2.068038	0.5950538	0.613939	0.386061	1.148705
11226	-3986.077	-4246.61	260.5328	2.204002	0.433066	0.673493	0.326507	0.9638114
11232	-4002.573	-4263.119	260.5469	2.209311	0.4239635	0.708013	0.291987	0.9611169
11238	-3992.35	-4252.782	260.4317	2.209311	0.4635204	0.708013	0.291987	1.005963
11244	-3987.118	-4247.487	260.3695	2.153129	0.5120579	0.720786	0.279214	1.041836
11250	-3989.443	-4249.666	260.223	2.059935	0.5323904	0.727986	0.272014	1.22729
11256	-3982.325	-4242.639	260.3139	2.060146	0.5211254	0.658391	0.341609	1.164407
11262	-3982.151	-4242.493	260.342	2.060146	0.503842	0.720715	0.279285	1.164407
11268	-3981.464	-4241.681	260.2168	2.077666	0.5062807	0.703758	0.296242	1.252892
11274	-3980.951	-4241.261	260.3104	1.984047	0.5062807	0.655454	0.344546	1.252892
11280	-3990.552	-4250.797	260.245	2.13613	0.4975365	0.673513	0.326487	1.191698
11286	-3993.201	-4253.515	260.3141	2.076113	0.4906064	0.652511	0.347489	1.193829
11292	-3989.05	-4249.489	260.4389	2.076113	0.4911303	0.740579	0.259421	1.081708
11298	-4002.107	-4262.489	260.3819	2.030176	0.5289021	0.742449	0.257551	1.119511
11304	-3986.78	-4247.162	260.3819	2.030176	0.5289021	0.663288	0.336712	1.119511
11310	-4009.423	-4268.954	259.5316	1.682973	0.6167833	0.640248	0.359752	1.922549
11316	-4010.927	-4270.2	259.2731	1.742274	0.67436	0.580664	0.419336	2.002933
11322	-3992.501	-4252.732	260.2308	2.030176	0.5378799	0.629139	0.370861	1.238487
11328	-3999.274	-4259.636	260.3623	2.033261	0.5094027	0.662571	0.337429	1.162214
11334	-4002.721	-4262.703	259.9822	1.965079	0.6335068	0.791259	0.208741	1.37782
11340	-3994.314	-4254.548	260.234	1.975125	0.5776383	0.740187	0.259813	1.230912
11346	-3989.792	-4249.824	260.0318	1.975125	0.605427	0.642908	0.357092	1.362267
11352	-3976.628	-4236.663	260.0353	1.995198	0.605427	0.582415	0.417585	1.343637
11358	-3991.443	-4251.594	260.1514	1.967442	0.6150271	0.68642	0.31358	1.260664
11364	-3991.111	-4251.317	260.2065	1.967442	0.4954787	0.68642	0.31358	1.364808
11370	-3982.655	-4242.732	260.077	1.906352	0.5832576	0.704988	0.295012	1.406161
11376	-3990.411	-4250.64	260.2296	1.965653	0.5341439	0.765087	0.234913	1.297567
11382	-3980.672	-4241.099	260.4274	1.976648	0.4241478	0.674978	0.325022	1.280448
11388	-3966.33	-4226.548	260.2182	1.972408	0.5500519	0.765684	0.234316	1.281135
11394	-3974.49	-4234.735	260.2453	2.020122	0.5031458	0.620334	0.379666	1.281135
11400	-3976.855	-4237.156	260.3008	1.994918	0.4997394	0.750841	0.249159	1.260767
11406	-3969.25	-4229.268	260.0177	1.994918	0.6192241	0.684697	0.315303	1.342097
11412	-3993.329	-4253.539	260.2093	2.079981	0.6192241	0.61147	0.38853	1.107888
11418	-3969.832	-4230.087	260.255	2.082336	0.5815061	0.61147	0.38853	1.11402
11424	-3987.757	-4248.202	260.4456	2.082336	0.4985109	0.708768	0.291232	1.058036
11430	-3989.39	-4249.702	260.3124	2.118421	0.6108325	0.719085	0.280915	0.9835899
11436	-3977.88	-4238.142	260.2624	2.118421	0.5577038	0.638615	0.361385	1.107134
11442	-3978.018	-4238.317	260.2984	2.175366	0.5300194	0.638615	0.361385	1.060909
11448	-3980.465	-4240.788	260.3234	2.094697	0.5441321	0.626544	0.373456	1.092214
11454	-3984.648	-4244.929	260.281	2.094697	0.4942244	0.626544	0.373456	1.201121
11460	-3977.447	-4237.785	260.3384	2.094697	0.4942244	0.626544	0.373456	1.151212
11466	-4002.444	-4262.867	260.4229	2.094697	0.4673926	0.585762	0.414238	1.116417
11472	-3995.644	-4256.076	260.4319	2.064151	0.4673926	0.680015	0.319985	1.135763
11478	-3991.661	-4251.916	260.2559	2.099805	0.5533979	0.680015	0.319985	1.135763
11484	-4002.164	-4262.461	260.2964	2.099805	0.4405484	0.680015	0.319985	1.262231
11490	-3988.934	-4248.939	260.0051	1.91636	0.5062987	0.608057	0.391943	1.543741
11496	-3989.832	-4249.772	259.94	1.91636	0.5168409	0.689506	0.310494	1.579032
11502	-3974.487	-4234.654	260.1671	1.949057	0.5288219	0.712921	0.287079	1.367625
11508	-3973.999	-4234.119	260.1198	1.938617	0.5453708	0.764715	0.235285	1.392519
11514	-3985.281	-4245.599	260.3179	2.033835	0.5078537	0.764715	0.235285	1.202411
11520	-3991.826	-4252.035	260.209	2.13336	0.540959	0.760313	0.239687	1.164619
11526	-3991.11	-4251.435	260.3246	2.067468	0.440907	0.698137	0.301863	1.265111
11532	-3984.137	-4244.518	260.3804	2.055324	0.440907	0.697024	0.302976	1.228636
11538	-3992.048	-4252.061	260.0132	1.968973	0.6297938	0.67804	0.32196	1.354387
11544	-4003.418	-4263.644	260.2257	2.003387	0.5435106	0.64928	0.35072	1.257707
11550	-4000.4	-4260.615	260.2146	2.005442	0.4389475	0.728942	0.271058	1.405463
11556	-4003	-4262.807	259.8067	1.98805	0.7001494	0.693083	0.306917	1.426516
11562	-4002.387	-4262.554	260.1674	2.040888	0.6164044	0.645655	0.354345	1.183273
11568	-4004.88	-4265.11	260.2305	2.198429	0.6164044	0.725522	0.274478	0.9774376
11574	-4005.516	-4265.751	260.2349	2.022114	0.4996688	0.705656	0.294344	1.29263
11580	-4018.53	-4278.998	260.4684	1.926762	0.3779359	0.702792	0.297208	1.359186
11586	-4004.835	-4264.966	260.1311	1.926762	0.4917876	0.702792	0.297208	1.459501
11592	-3973.26	-4233.355	260.0949	2.015653	0.5936375	0.67983	0.32017	1.292901
11598	-3984.419	-4244.611	260.1912	2.015653	0.4726967	0.67983	0.32017	1.369261
11604	-3972.508	-4232.828	260.3192	2.086858	0.4797265	0.621637	0.378363	1.195985
11610	-3977.415	-4237.8	260.3851	2.115267	0.4674165	0.621637	0.378363	1.131909
11616	-4003.131	-4263.5	260.3694	2.115267	0.5514437	0.77937	0.22063	1.018122
11622	-3989.453	-4249.869	260.4161	2.143543	0.4799018	0.642026	0.357974	1.057582
11628	-4004.136	-4264.529	260.3936	2.080814	0.4799018	0.665294	0.334706	1.135885
11634	-3989.848	-4250.117	260.2692	2.129726	0.5650441	0.623563	0.376437	1.080168
11640	-3984.899	-4245.263	260.3638	2.129726	0.5050727	0.700706	0.299294	1.080168
11646	-3993.733	-4254.074	260.3405	2.084302	0.5050727	0.718193	0.281807	1.142603
11652	-3984.431	-4244.742	260.3108	2.084302	0.5234175	0.708761	0.291239	1.142603
11658	-3989.11	-4249.441	260.3317	2.214798	0.5152241	0.739066	0.260934	1.013596
11664	-3990.319	-4250.709	260.3892	2.221699	0.5201478	0.71738	0.28262	0.9394316
11670	-4005.486	-4266.06	260.5736	2.066999	0.3610133	0.703067	0.296933	1.185202
11676	-3994.173	-4254.32	260.1472	2.066999	0.4934302	0.69527	0.30473	1.335588
11682	-4001.441	-4261.605	260.1645	2.066999	0.5864676	0.60983	0.39017	1.200766
11688	-3993.696	-4254.192	260.4956	2.068078	0.4672454	0.707499	0.292501	1.074227
11694	-3988.37	-4248.73	260.3591	2.068078	0.4697978	0.723631	0.276369	1.192463
11700	-3977.549	-4237.925	260.3758	2.015268	0.5063503	0.603021	0.396979	1.170482
11706	-3976.546	-4236.975	260.4298	2.044562	0.4347173	0.747033	0.252967	1.205366
11712	-3979.738	-4239.872	260.1344	2.044562	0.5718063	0.651063	0.348937	1.2634
11718	-3993.632	-4253.986	260.3541	2.005077	0.5140869	0.624402	0.375598	1.18723
11724	-3987.232	-4247.559	260.3274	1.959082	0.4803391	0.636095	0.363905	1.295063
11730	-4000.408	-4260.472	260.0645	2.015156	0.5623293	0.635617	0.364383	1.355274
11736	-4003.588	-4263.674	260.0868	2.004637	0.514652	0.635617	0.364383	1.404782
11742	-4006.358	-4266.676	260.3179	1.931557	0.4320055	0.773514	0.226486	1.392426
11748	-4001.38	-4261.636	260.2568	2.017852	0.5329206	0.792239	0.207761	1.233521
11754	-3990.167	-4250.367	260.1999	1.999631	0.5819723	0.722488	0.277512	1.233521
11760	-3987.718	-4247.85	260.1317	1.985476	0.5819723	0.704924	0.295076	1.301548
11766	-3986.852	-4246.999	260.1475	2.022218	0.5473842	0.673259	0.326741	1.301548
11772	-3996.198	-4256.46	260.2618	2.022218	0.4858197	0.734487	0.265513	1.289525
11778	-3995.13	-4255.29	260.1599	2.022218	0.5238145	0.777867	0.222133	1.321498
11784	-3993.381	-4253.64	260.259	1.946633	0.51999	0.739315	0.260685	1.307487
11790	-3995.456	-4255.452	259.9958	1.937203	0.5887385	0.716571	0.283429	1.438749
11796	-3993.848	-4253.987	260.1387	1.929509	0.5465375	0.736251	0.263749	1.383436
11802	-3984.782	-4244.892	260.1105	1.961508	0.6151815	0.633768	0.366232	1.298931
11808	-3991.277	-4251.382	260.1049	1.941941	0.6329728	0.694331	0.305669	1.298931
11814	-3992.419	-4252.808	260.389	1.956144	0.5219866	0.661548	0.338452	1.18838
11820	-3998.081	-4258.546	260.4655	1.952205	0.4519916	0.72011	0.27989	1.227101
11826	-3988.859	-4249.25	260.3912	1.968719	0.4798591	0.734874	0.265126	1.23504
11832	-3982.449	-4242.876	260.4272	1.968719	0.4798591	0.742652	0.257348	1.204505
11838	-3993.019	-4253.468	260.4496	1.963341	0.4699513	0.717309	0.282691	1.204505
11844	-4010.37	-4270.47	260.0996	1.844888	0.4570112	0.72474	0.27526	1.588286
11850	-4009.777	-4270.251	260.4739	2.040414	0.4956145	0.737146	0.262854	1.075348
11856	-3985.448	-4245.873	260.4251	2.150375	0.4956145	0.722692	0.277308	1.016753
11862	-3983.776	-4244.175	260.3988	2.123481	0.4804179	0.717132	0.282868	1.091722
11868	-4002.36	-4262.887	260.5272	2.135863	0.4157595	0.789461	0.210539	1.068078
11874	-3986.869	-4247.106	260.2369	2.135863	0.5993842	0.727521	0.272479	1.056797
11880	-3981.453	-4241.759	260.3068	2.163716	0.5348036	0.696837	0.303163	1.056797
11886	-3980.621	-4240.952	260.3311	2.039539	0.4942423	0.752511	0.247489	1.205401
11892	-3979.126	-4239.306	260.1805	2.005728	0.6019436	0.698318	0.301682	1.220012
11898	-3994.361	-4254.354	259.9924	1.962663	0.5683797	0.649629	0.350371	1.445082
11904	-3984.895	-4244.574	259.6788	1.683542	0.4893568	0.649629	0.350371	1.955559
11910	-4001.768	-4261.314	259.5463	1.683542	0.4893568	0.674299	0.325701	2.043953
11916	-3991.393	-4251.169	259.7761	1.683542	0.4650121	0.714487	0.285513	1.91802
11922	-3984.819	-4244.563	259.7448	1.683542	0.4870534	0.68501	0.31499	1.913673
11928	-3997.011	-4256.785	259.7735	1.694978	0.5069855	0.670003	0.329997	1.863865
11934	-4004.521	-4264.113	259.5924	1.747828	0.6211238	0.685029	0.314971	1.832707
11940	-3989.741	-4249.114	259.373	1.640294	0.556359	0.663003	0.336997	2.115764
11946	-3991.082	-4250.007	258.9252	1.698781	0.5281857	0.613752	0.386248	2.394255
11952	-3988.625	-4247.958	259.3332	1.674413	0.475711	0.692348	0.307652	2.204389
11958	-3992.297	-4251.285	258.9886	1.64053	0.4936187	0.58302	0.41698	2.426522
11964	-3997.971	-4256.803	258.8314	1.499908	0.6420627	0.683935	0.316065	2.472164
11970	-3991.371	-4250.319	258.9487	1.555398	0.5892145	0.683935	0.316065	2.410983
11976	-3995.86	-4255.479	259.6195	1.555398	0.4282827	0.683935	0.316065	2.150425
11982	-3992.463	-4251.882	259.4183	1.630838	0.6260002	0.672626	0.327374	2.024617
11988	-3994.872	-4254.423	259.5512	1.623376	0.541441	0.737088	0.262912	2.024617
11994	-3992.067	-4251.21	259.1432	1.66253	0.5388453	0.648003	0.351997	2.267794
12000	-3989.226	-4248.811	259.5851	1.64058	0.4115678	0.649181	0.350819	2.137675
12006	-3998.01	-4257.574	259.5641	1.749596	0.5870239	0.516921	0.483079	1.884612
12012	-3992.294	-4251.831	259.5366	1.75372	0.6101446	0.748476	0.251524	1.877592
12018	-3992.529	-4252.448	259.9191	1.708519	0.4763272	0.736939	0.263061	1.789681
12024	-3991.008	-4250.683	259.6759	1.729271	0.5231005	0.687837	0.312163	1.889274
12030	-3987.684	-4247.55	259.8661	1.856754	0.5065753	0.811477	0.188523	1.687285
12036	-3991.136	-4250.885	259.7483	1.822924	0.6430997	0.705984	0.294016	1.649058
12042	-3986.375	-4246.111	259.7365	1.862243	0.6588762	0.58897	0.41103	1.613626
12048	-3991.842	-4251.812	259.9698	1.853349	0.5101687	0.652724	0.347276	1.611067
12054	-3995.41	-4255.431	260.0206	1.842262	0.5101687	0.659034	0.340966	1.582157
12060	-3988.035	-4248.579	260.544	2.234848	0.4685139	0.656778	0.343222	0.8463336
12066	-3995.268	-4255.701	260.4328	2.288451	0.4876084	0.656778	0.343222	0.8761291
12072	-3988.031	-4248.416	260.3848	2.312042	0.5286061	0.774808	0.225192	0.8243847
12078	-3998.692	-4259.132	260.4402	2.312042	0.4922618	0.7729	0.2271	0.8291701
12084	-3991.348	-4251.894	260.5462	2.268661	0.4363662	0.661638	0.338362	0.8713804
12090	-3997.488	-4257.984	260.4968	2.149016	0.4631403	0.725467	0.274533	1.001853
12096	-3983.818	-4244.211	260.3933	2.176549	0.4799847	0.705874	0.294126	1.047661
12102	-3998.611	-4259.032	260.4204	2.197246	0.4791778	0.648841	0.351159	1.002416
12108	-3990.285	-4250.628	260.3435	2.205807	0.4924592	0.648841	0.351159	1.047265
12114	-3979.15	-4239.447	260.2966	2.157612	0.5841948	0.652926	0.347074	0.9991749
12120	-3992.382	-4252.781	260.3991	2.157612	0.5178687	0.640053	0.359947	0.9991749
12126	-4004.245	-4264.524	260.2792	2.194812	0.5937494	0.77241	0.22759	0.9646858
12132	-3998.779	-4258.887	260.1084	1.942438	0.3983839	0.748046	0.251954	1.589542
12138	-3996.317	-4256.757	260.4405	1.998248	0.4686865	0.679108	0.320892	1.18412
12144	-3980.96	-4241.464	260.5037	2.053728	0.380985	0.65567	0.34433	1.221719
12150	-3988.364	-4248.558	260.1944	2.061034	0.4801507	0.65567	0.34433	1.32046
12156	-3984.655	-4245.04	260.3849	2.061034	0.4483073	0.748714	0.251286	1.208701
12162	-3971.556	-4231.864	260.3085	2.024276	0.498158	0.675513	0.324487	1.232035
12168	-3995.452	-4255.952	260.5002	2.054841	0.3994882	0.608005	0.391995	1.192796
12174	-3987.567	-4247.992	260.4251	2.054841	0.4701516	0.647474	0.352526	1.145879
12180	-3985.926	-4246.165	260.2397	2.107171	0.4806682	0.748228	0.251772	1.244832
12186	-3970.42	-4230.724	260.3038	2.045008	0.4806682	0.739112	0.260888	1.243181
12192	-3992.179	-4252.634	260.455	2.093438	0.4930502	0.729854	0.270146	1.04712
12198	-3983.313	-4243.549	260.2355	2.093445	0.5586738	0.629376	0.370624	1.152333
12204	-3985.347	-4245.663	260.3157	2.093445	0.4975465	0.640984	0.359016	1.167354
12210	-3980.831	-4241.165	260.3341	2.072155	0.5450179	0.640984	0.359016	1.101796
12216	-3986.274	-4246.502	260.2271	1.915335	0.5000409	0.645339	0.354661	1.383624
12222	-3994.061	-4254.423	260.3625	2.12844	0.5535863	0.669211	0.330789	1.008631
12228	-3999.067	-4259.29	260.2231	2.127073	0.5535863	0.716717	0.283283	1.140408
12234	-3996.781	-4257.013	260.2316	2.127073	0.4650662	0.741219	0.258781	1.257334
12240	-3994.828	-4255.112	260.2841	2.003078	0.5074537	0.749706	0.250294	1.257334
12246	-3991.454	-4251.724	260.2709	2.022457	0.4746769	0.706552	0.293448	1.297317
12252	-3994.78	-4255.193	260.4126	2.031567	0.4003108	0.743993	0.256007	1.284482
12258	-3994.748	-4255.183	260.4345	2.05953	0.4535381	0.640786	0.359214	1.159043
12264	-3985.691	-4246.183	260.4915	2.05953	0.4535381	0.604336	0.395664	1.108056
12270	-3979.15	-4239.686	260.5352	2.056759	0.4651091	0.679439	0.320561	1.051017
12276	-3978.86	-4239.263	260.4026	2.090191	0.4233088	0.71601	0.28399	1.20757
12282	-3975.281	-4235.889	260.6085	2.070616	0.4170562	0.750124	0.249876	1.050627
12288	-3972.19	-4232.735	260.5454	2.206383	0.3821969	0.723625	0.276375	1.045402
12294	-3984.549	-4244.904	260.3549	2.206383	0.527542	0.698634	0.301366	0.9789201
12300	-3981.964	-4242.222	260.2573	2.243456	0.543996	0.785324	0.214676	1.013606
12306	-3997.636	-4258.132	260.4963	2.243456	0.5016822	0.66634	0.33366	0.825197
12312	-3990.064	-4250.578	260.5143	2.198116	0.5039982	0.66634	0.33366	0.8542782
12318	-3995.871	-4256.355	260.4839	2.276003	0.5019327	0.66634	0.33366	0.7984124
12324	-4009.025	-4269.324	260.2993	2.31304	0.575289	0.604696	0.395304	0.8400179
12330	-4001.326	-4261.745	260.419	2.189418	0.4990774	0.585987	0.414013	0.9780019
12336	-3990.2	-4250.608	260.4083	2.189418	0.4825452	0.75809	0.24191	1.016438
12342	-3978.608	-4238.921	260.3125	2.267299	0.5961554	0.716501	0.283499	0.842021
12348	-3979.679	-4240.135	260.456	2.260625	0.5075761	0.717596	0.282404	0.842021
12354	-3983.495	-4243.801	260.3055	2.252474	0.6253548	0.658875	0.341125	0.816736
12360	-3981.743	-4242.028	260.2851	2.37423	0.6096286	0.701267	0.298733	0.7005136
12366	-3987.282	-4247.669	260.387	2.344804	0.5272408	0.740884	0.259116	0.7808327
12372	-3995.038	-4255.451	260.4132	2.37471	0.5272408	0.6265	0.3735	0.6935225
12378	-3992.074	-4252.51	260.4369	2.37471	0.4813548	0.702223	0.297777	0.7747272
12384	-4002.771	-4263.201	260.4297	2.0249	0.4972457	0.773258	0.226742	1.127511
12390	-4001.142	-4261.524	260.3821	2.110164	0.4578759	0.655927	0.344073	1.153858
12396	-3998.201	-4258.486	260.285	2.030588	0.5663405	0.655927	0.344073	1.153858
12402	-3993.595	-4253.846	260.2513	2.030588	0.5222983	0.655927	0.344073	1.241714
12408	-3987.043	-4247.278	260.2348	2.119715	0.5222983	0.652583	0.347417	1.179806
12414	-3977.974	-4238.207	260.2323	2.169493	0.5917861	0.56444	0.43556	1.039659
12420	-3981.271	-4241.515	260.2442	2.130383	0.592984	0.688278	0.311722	1.063941
12426	-3996.903	-4257.225	260.3223	2.161739	0.592984	0.706414	0.293586	0.9554053
12432	-4012.531	-4272.756	260.2252	2.174645	0.6095782	0.686449	0.313551	1.016344
12438	-4002.669	-4263.218	260.5498	2.129949	0.4953868	0.686449	0.313551	0.9085918
12444	-3984.586	-4244.988	260.4018	2.13347	0.5014892	0.70506	0.29494	1.046343
12450	-3982.812	-4243.203	260.3912	2.127726	0.5068811	0.751418	0.248582	1.053459
12456	-3988.4	-4248.767	260.3672	2.127726	0.5383631	0.693097	0.306903	1.027986
12462	-3999.686	-4259.997	260.3108	2.150691	0.5599734	0.710212	0.289788	1.027986
12468	-4015.151	-4275.564	260.4133	2.126456	0.4938124	0.659971	0.340029	1.054226
12474	-4001.507	-4262.001	260.4945	2.079617	0.4447842	0.659971	0.340029	1.10123
12480	-3982.425	-4242.7	260.2749	2.080264	0.5633815	0.659971	0.340029	1.122497
12486	-3982.676	-4243.093	260.4168	2.080264	0.4407274	0.681504	0.318496	1.17643
12492	-3980.706	-4240.876	260.1697	2.08192	0.5695686	0.669808	0.330192	1.205099
12498	-3989.26	-4249.747	260.4868	2.125004	0.4287483	0.826637	0.173363	1.093367
12504	-3994.7	-4254.765	260.0653	2.113782	0.6680319	0.659363	0.340637	1.146258
12510	-3981.653	-4241.957	260.304	2.131215	0.615576	0.771537	0.228463	0.9721514
12516	-3992.396	-4252.644	260.2476	2.241779	0.6167103	0.735452	0.264548	0.9127774
12522	-3994.873	-4255.197	260.3238	2.257044	0.5495869	0.629997	0.370003	0.9216735
12528	-3976.164	-4236.474	260.3102	2.257044	0.5537711	0.73464	0.26536	0.9294836
12534	-3976.903	-4237.245	260.3413	2.019796	0.5537711	0.682628	0.317372	1.130433
12540	-3987.68	-4248.155	260.475	2.067065	0.475965	0.728064	0.271936	1.080396
12546	-3985.246	-4245.642	260.3959	2.108409	0.475965	0.703034	0.296966	1.115054
12552	-3979.936	-4240.205	260.2692	2.128781	0.4819955	0.774249	0.225751	1.199607
12558	-3991.825	-4252.219	260.3938	2.055271	0.417987	0.702159	0.297841	1.252752
12564	-3974.648	-4234.753	260.105	2.049682	0.5576838	0.604866	0.395134	1.300835
12570	-3968.678	-4228.903	260.2252	1.87739	0.5549245	0.713288	0.286712	1.346093
12576	-3982.402	-4242.507	260.1046	1.87739	0.5314696	0.577798	0.422202	1.468087
12582	-3987.798	-4247.955	260.1566	1.87739	0.5416279	0.689333	0.310667	1.416003
12588	-3995.874	-4255.998	260.1245	1.87739	0.5624619	0.683654	0.316346	1.416003
12594	-3986.064	-4246.238	260.174	1.924683	0.5188802	0.683654	0.316346	1.393789
12600	-3980.263	-4240.307	260.044	1.924683	0.5306953	0.683654	0.316346	1.479031
12606	-3988.975	-4249.077	260.1023	1.973911	0.5306953	0.690639	0.309361	1.39664
12612	-3984.12	-4244.06	259.9392	1.830762	0.5306953	0.657583	0.342417	1.625699
12618	-3975.211	-4235.163	259.952	1.87806	0.5449365	0.663817	0.336183	1.565589
12624	-3978.64	-4238.822	260.1816	1.866616	0.4456025	0.72526	0.27474	1.526834
12630	-3977.157	-4236.913	259.756	1.833045	0.5184799	0.72526	0.27474	1.767846
12636	-3993.114	-4252.144	259.0293	1.662067	0.4840832	0.571726	0.428274	2.397361
12642	-3996.25	-4255.262	259.012	1.679368	0.4840832	0.764934	0.235066	2.397361
12648	-3999.858	-4258.398	258.5399	1.431964	0.6507105	0.684475	0.315525	2.687736
12654	-3998.007	-4257.027	259.0203	1.552495	0.541793	0.664653	0.335347	2.413005
12660	-4008.677	-4268.437	259.7592	1.856448	0.6336294	0.713476	0.286524	1.626528
12666	-4003.649	-4263.2	259.551	1.779242	0.6104775	0.713476	0.286524	1.850011
12672	-3992.218	-4252.015	259.7975	1.78591	0.514388	0.661584	0.338416	1.776377
12678	-3990.132	-4250.148	260.0158	1.794708	0.514388	0.699568	0.300432	1.615231
12684	-3979.62	-4239.604	259.9843	1.794708	0.5172217	0.699568	0.300432	1.634726
12690	-3984.089	-4243.751	259.662	1.77447	0.5310475	0.782915	0.217085	1.859246
12696	-3993.015	-4252.827	259.8121	1.894748	0.6198344	0.650574	0.349426	1.574373
12702	-3985.492	-4245.674	260.1815	1.908478	0.5175227	0.691425	0.308575	1.402278
12708	-3998.002	-4257.873	259.871	1.912494	0.6647349	0.675336	0.324664	1.470986
12714	-3990.599	-4250.438	259.8386	1.912494	0.6561603	0.643887	0.356113	1.504133
12720	-3990.757	-4250.442	259.6849	1.964707	0.5960193	0.742885	0.257115	1.640772
12726	-3997.858	-4257.789	259.9305	1.814421	0.4630177	0.712965	0.287035	1.723695
12732	-3989.311	-4249.246	259.9351	1.804702	0.4630177	0.620668	0.379332	1.727354
12738	-3994.142	-4253.776	259.6335	1.811558	0.5624665	0.617188	0.382812	1.819854
12744	-3993.127	-4252.89	259.7628	1.793282	0.5624665	0.719116	0.280884	1.742699
12750	-3992.511	-4252.539	260.0286	1.871057	0.4772122	0.612133	0.387867	1.595437
12756	-3998.803	-4258.792	259.9888	2.00141	0.6000358	0.690026	0.309974	1.381604
12762	-3989.259	-4249.546	260.2862	2.067477	0.5125732	0.663327	0.336673	1.194104
12768	-3999.826	-4260.051	260.2255	2.120236	0.5694158	0.728538	0.271462	1.122793
12774	-3999.537	-4259.865	260.3283	2.060134	0.4914927	0.777771	0.222229	1.19414
12780	-4008.539	-4268.872	260.333	2.001219	0.5385538	0.620307	0.379693	1.175047
12786	-3993.538	-4253.833	260.2951	2.085012	0.5926174	0.624163	0.375837	1.059172
12792	-3989.098	-4249.502	260.404	2.085012	0.4971287	0.793692	0.206308	1.096459
12798	-3987.507	-4247.944	260.4373	2.118148	0.5139984	0.677714	0.322286	1.006688
12804	-3979.683	-4240.087	260.4045	2.069569	0.5690295	0.677714	0.322286	1.002051
12810	-3996.684	-4257.054	260.3702	1.848953	0.4319626	0.649628	0.350372	1.415982
12816	-3971.745	-4231.666	259.9213	1.848953	0.5623899	0.704974	0.295026	1.589705
12822	-3973.71	-4233.789	260.0797	1.961582	0.5305565	0.704974	0.295026	1.423815
12828	-3976.176	-4236.205	260.0286	1.938495	0.5305565	0.69516	0.30484	1.480455
12834	-3976.641	-4236.771	260.1297	1.972842	0.5303628	0.663018	0.336982	1.376406
12840	-3994.026	-4253.998	259.9716	1.928792	0.5383373	0.663018	0.336982	1.521235
12846	-4001.145	-4260.853	259.7086	1.928792	0.5877321	0.663018	0.336982	1.658318
12852	-3990.59	-4250.664	260.0741	1.928792	0.5675376	0.718397	0.281603	1.409242
12858	-3978.284	-4238.585	260.3014	1.95622	0.5137103	0.717553	0.282447	1.273366
12864	-3982.577	-4242.756	260.1789	1.972934	0.4819379	0.697532	0.302468	1.399952
12870	-3981.437	-4241.712	260.2742	1.977199	0.4551884	0.793468	0.206532	1.358215
12876	-3982.207	-4242.277	260.0699	1.965095	0.5464568	0.716637	0.283363	1.409398
12882	-3983.406	-4243.309	259.9035	1.856683	0.579685	0.754315	0.245685	1.578034
12888	-3992.653	-4252.704	260.0505	1.886436	0.5937845	0.659729	0.340271	1.430001
12894	-3997.134	-4257.212	260.078	1.907714	0.5209794	0.725953	0.274047	1.477943
12900	-3999.363	-4259.525	260.162	1.856583	0.4938171	0.677024	0.322976	1.486636
12906	-3992.195	-4252.095	259.8992	1.863059	0.5047841	0.677024	0.322976	1.661244
12912	-3974.723	-4234.631	259.9078	1.80408	0.4899422	0.721795	0.278205	1.714537
12918	-3991.026	-4251.198	260.1721	1.921653	0.5542547	0.737624	0.262376	1.353938
12924	-3994.232	-4254.301	260.0683	1.928462	0.4188818	0.78243	0.21757	1.60058
12930	-4001.294	-4261.342	260.0484	1.895863	0.4617495	0.685494	0.314506	1.582402
12936	-3995.401	-4255.025	259.6235	1.736825	0.6390321	0.736252	0.263748	1.801544
12942	-4004.862	-4264.463	259.6006	1.797786	0.5456729	0.730224	0.269776	1.869633
12948	-3996.988	-4256.934	259.9454	1.760384	0.5089593	0.682631	0.317369	1.696645
12954	-3989.296	-4249.077	259.7816	1.830617	0.6183734	0.682631	0.317369	1.644526
12960	-3989.813	-4249.608	259.7952	1.796312	0.6329981	0.681163	0.318837	1.644526
12966	-3993.444	-4253.341	259.8975	1.793526	0.4899734	0.700545	0.299455	1.729216
12972	-4006.95	-4266.641	259.6906	1.764725	0.5977907	0.736105	0.263895	1.776294
12978	-3980.503	-4240.543	260.0396	1.917299	0.568796	0.697984	0.302016	1.443196
12984	-3983.952	-4243.705	259.7526	1.875465	0.5181018	0.739813	0.260187	1.740924
12990	-3983.829	-4243.891	260.0618	1.875465	0.5782181	0.744671	0.255329	1.447387
12996	-3996.489	-4256.539	260.0503	1.875465	0.5224676	0.626351	0.373649	1.5211
13002	-3992.105	-4252.1	259.9945	1.871299	0.6599838	0.717665	0.282335	1.412903
13008	-3998.789	-4258.916	260.1272	1.851911	0.5555145	0.717665	0.282335	1.441655
13014	-4017.002	-4277.126	260.124	1.851911	0.4404251	0.583974	0.416026	1.58691
13020	-4007.908	-4268.032	260.124	1.851911	0.4404251	0.6677	0.3323	1.58691
13026	-4003.13	-4263.502	260.3723	1.943443	0.4404251	0.660271	0.339729	1.327957
13032	-4007.373	-4267.221	259.8477	1.943443	0.6008919	0.739238	0.260762	1.532291
13038	-4002.484	-4262.598	260.1139	1.897615	0.4922816	0.654028	0.345972	1.49392
13044	-3997.715	-4257.863	260.1485	1.897615	0.471884	0.756111	0.243889	1.49392
13050	-3996.565	-4256.654	260.0892	1.870351	0.4849208	0.733902	0.266098	1.541837
13056	-3998.203	-4258.297	260.0941	1.881363	0.3810586	0.774863	0.225137	1.668441
13062	-3983.023	-4243.008	259.9848	1.868079	0.579851	0.680811	0.319189	1.509358
13068	-3990.941	-4251.135	260.1938	1.953186	0.4471207	0.629482	0.370518	1.450376
13074	-3987.905	-4248.049	260.1439	1.970959	0.4994364	0.807391	0.192609	1.405927
13080	-3975.82	-4235.802	259.9817	1.893325	0.5016659	0.731078	0.268922	1.583482
13086	-3978.042	-4238.195	260.1521	1.856504	0.4696904	0.731078	0.268922	1.524801
13092	-3987.155	-4247.36	260.2045	1.812307	0.4541095	0.655947	0.344053	1.538871
13098	-4004.829	-4264.905	260.0757	1.943864	0.5763982	0.640946	0.359054	1.385929
13104	-3981.103	-4241.183	260.0802	1.943864	0.6005117	0.665368	0.334632	1.354377
13110	-3985.234	-4245.221	259.9872	1.745456	0.5366578	0.701292	0.298708	1.64574
13116	-3984.055	-4243.996	259.941	1.769953	0.5543049	0.705616	0.294384	1.641645
13122	-3983.42	-4242.69	259.2707	1.727769	0.5906212	0.712778	0.287222	2.091715
13128	-3982.622	-4242.25	259.6278	1.63043	0.4317571	0.686056	0.313944	2.091715
13134	-3985.152	-4245.046	259.8945	1.662107	0.4716303	0.694147	0.305853	1.844176
13140	-3993.671	-4253.188	259.5166	1.719044	0.5618005	0.717038	0.282962	1.962895
13146	-3978.117	-4237.998	259.8806	1.765971	0.4712019	0.676416	0.323584	1.782608
13152	-3992.579	-4252.577	259.9982	1.806946	0.5176398	0.689297	0.310703	1.615339
13158	-3986.873	-4246.863	259.99	1.822142	0.5176398	0.703142	0.296858	1.610262
13164	-3981.882	-4241.736	259.8537	1.835809	0.6718297	0.75271	0.24729	1.534273
13170	-3988.073	-4248.039	259.9653	1.835809	0.6718297	0.603364	0.396636	1.450338
13176	-3984.781	-4244.653	259.8717	1.835809	0.563588	0.784782	0.215218	1.633865
13182	-3991.737	-4251.828	260.0915	1.846463	0.4621741	0.629501	0.370499	1.586452
13188	-3974.49	-4234.616	260.1254	1.826845	0.4674588	0.681431	0.318569	1.569261
13194	-3982.316	-4242.223	259.9064	1.720307	0.4336567	0.709103	0.290897	1.842276
13200	-3981.661	-4241.114	259.4534	1.6979	0.5344251	0.675713	0.324287	2.047377
13206	-3993.144	-4252.843	259.6986	1.641413	0.4359494	0.714273	0.285727	2.03269
13212	-3995.087	-4254.679	259.5925	1.640374	0.4640947	0.701167	0.298833	2.070434
13218	-3988.641	-4248.088	259.4468	1.669875	0.468598	0.754071	0.245929	2.141541
13224	-3978.903	-4238.27	259.3671	1.759622	0.5429936	0.727678	0.272322	2.054719
13230	-3984.302	-4244.015	259.7127	1.731104	0.5242921	0.703572	0.296428	1.861592
13236	-3995.694	-4255.246	259.5517	1.731104	0.4893452	0.664086	0.335914	2.008815
13242	-4010.084	-4270.391	260.3072	2.057699	0.4231707	0.658737	0.341263	1.313809
13248	-4005.31	-4265.519	260.2094	2.081336	0.5247205	0.682895	0.317105	1.231023
13254	-3986.039	-4245.963	259.9239	1.841927	0.5148278	0.674914	0.325086	1.646956
13260	-4000.551	-4260.379	259.8278	1.796583	0.5059164	0.70124	0.29876	1.757372
13266	-4005.709	-4265.426	259.7168	1.823958	0.6333231	0.690565	0.309435	1.680538
13272	-3993.675	-4253.863	260.1882	1.917076	0.5779723	0.805449	0.194551	1.316027
13278	-3984.011	-4244.012	260.0014	1.971171	0.6036383	0.791029	0.208971	1.391305
13284	-3994.104	-4254.289	260.185	1.971171	0.6036383	0.614368	0.385632	1.243284
13290	-3983.249	-4243.32	260.071	1.971171	0.6036383	0.611221	0.388779	1.336365
13296	-3990.469	-4250.595	260.1259	2.028612	0.6036383	0.611221	0.388779	1.244663
13302	-3988.375	-4248.617	260.2422	1.995623	0.5345245	0.61286	0.38714	1.262185
13308	-3983.113	-4243.356	260.2422	1.995623	0.5345245	0.71186	0.28814	1.262185
13314	-3990.317	-4250.637	260.3206	1.995623	0.4864224	0.677444	0.322556	1.262185
13320	-3987.589	-4247.86	260.2711	1.971707	0.4893744	0.736482	0.263518	1.318055
13326	-3999.313	-4259.566	260.2534	1.885709	0.543165	0.69826	0.30174	1.331457
13332	-3993.691	-4253.795	260.1035	1.978348	0.5663939	0.699262	0.300738	1.348662
13338	-3993.507	-4253.446	259.9385	1.965284	0.600984	0.707474	0.292526	1.447355
13344	-3994.965	-4255.241	260.2754	1.830628	0.4727608	0.706704	0.293296	1.447355
13350	-3992.783	-4252.759	259.9757	1.930811	0.599153	0.762976	0.237024	1.447355
13356	-3993.93	-4254.254	260.3235	1.930811	0.4387104	0.645318	0.354682	1.379074
13362	-4004.899	-4264.715	259.816	1.91667	0.633619	0.666185	0.333815	1.541021
13368	-3991.23	-4251.379	260.1489	1.96339	0.6536338	0.709075	0.290925	1.22096
13374	-3997.225	-4257.519	260.294	2.000203	0.4630317	0.699402	0.300598	1.31295
13380	-3996.277	-4256.551	260.2742	1.932324	0.4941299	0.64434	0.35566	1.340747
13386	-4005.037	-4265.486	260.4482	1.997459	0.4634251	0.735163	0.264837	1.186124
13392	-4000.023	-4260.355	260.3318	2.081846	0.4580875	0.670523	0.329477	1.221468
13398	-3996.241	-4256.49	260.2496	2.052795	0.5332838	0.776787	0.223213	1.209623
13404	-3990.201	-4250.73	260.5293	2.052795	0.3788361	0.711226	0.288774	1.204366
13410	-3994.454	-4254.985	260.5308	2.052795	0.4399201	0.622794	0.377206	1.100499
13416	-3982.419	-4242.739	260.3194	2.102993	0.521564	0.78129	0.21871	1.120809
13422	-3975.23	-4235.627	260.3979	2.158242	0.4822305	0.672668	0.327332	1.057109
13428	-3987.931	-4248.286	260.3553	2.158242	0.5157229	0.761955	0.238045	1.0449
13434	-3990.646	-4251.011	260.3648	2.158242	0.5597041	0.733043	0.266957	0.9666685
13440	-3989.857	-4250.297	260.4403	2.213464	0.4992094	0.68582	0.31418	0.9300307
13446	-3998.028	-4258.457	260.4283	2.213473	0.5264874	0.669163	0.330837	0.8942717
13452	-3992.124	-4252.616	260.4922	2.213473	0.4731867	0.667212	0.332788	0.921356
13458	-3994.062	-4254.544	260.4814	2.158457	0.5125553	0.74724	0.25276	0.921356
13464	-3993.68	-4254.156	260.4753	2.147639	0.4953673	0.61907	0.38093	0.9693519
13470	-4001.693	-4261.981	260.288	2.045044	0.6152892	0.670087	0.329913	1.072657
13476	-4004.972	-4265.548	260.576	2.045044	0.4268478	0.724413	0.275587	1.087994
13482	-3995.624	-4256.249	260.625	2.045044	0.3757895	0.724413	0.275587	1.132831
13488	-3984.932	-4245.15	260.2182	2.018857	0.5361218	0.619779	0.380221	1.260712
13494	-3987.738	-4247.624	259.8859	2.018857	0.7247116	0.696023	0.303977	1.315099
13500	-3988.589	-4248.887	260.2984	2.005337	0.4561083	0.753366	0.246634	1.315099
13506	-3994.998	-4255.12	260.1219	1.98303	0.5789377	0.766902	0.233098	1.315099
13512	-3985.713	-4245.855	260.1422	1.962775	0.5789377	0.785823	0.214177	1.315099
13518	-3990.738	-4250.773	260.035	1.864091	0.5789377	0.648804	0.351196	1.475592
13524	-3996.102	-4255.765	259.6628	1.811377	0.6619423	0.604678	0.395322	1.699808
13530	-4002.198	-4262.294	260.0968	1.720141	0.4427943	0.693625	0.306375	1.69814
13536	-4006.714	-4266.556	259.8421	1.825055	0.579379	0.666596	0.333404	1.64583
13542	-3981.76	-4241.579	259.8184	1.879773	0.558853	0.618632	0.381368	1.64583
13548	-3988.991	-4249.018	260.0265	1.879773	0.6533931	0.720256	0.279744	1.388381
13554	-3989.485	-4249.309	259.8243	1.879773	0.6533931	0.770348	0.229652	1.541944
13560	-3985.79	-4245.858	260.0678	1.917253	0.5540976	0.672975	0.327025	1.438797
13566	-3994.68	-4254.971	260.2908	1.917253	0.4593136	0.7	0.3	1.386582
13572	-3985.414	-4245.425	260.0109	1.988491	0.5894317	0.659085	0.340915	1.386582
13578	-3995.502	-4255.631	260.1282	1.994338	0.5673204	0.659085	0.340915	1.314958
13584	-3976.312	-4236.514	260.2022	1.976573	0.4736737	0.684649	0.315351	1.389959
13590	-3980.497	-4240.757	260.2598	2.018032	0.4823129	0.825846	0.174154	1.299378
13596	-3972.99	-4233.149	260.159	2.02769	0.615276	0.763168	0.236832	1.203243
13602	-3970.248	-4230.384	260.1357	2.02769	0.523386	0.675396	0.324604	1.337054
13608	-3982.988	-4243.107	260.119	2.141383	0.5721968	0.613676	0.386324	1.194219
13614	-3984.258	-4244.522	260.2639	2.113873	0.5455156	0.700774	0.299226	1.126905
13620	-3985.862	-4246.072	260.2098	2.113873	0.6736477	0.739926	0.260074	1.003822
13626	-3988.942	-4249.36	260.4179	2.099738	0.5109736	0.739926	0.260074	1.048308
13632	-3983.205	-4243.623	260.4179	2.099738	0.5109736	0.563119	0.436881	1.048308
13638	-3970.9	-4231.364	260.4637	2.130119	0.4676541	0.727959	0.272041	1.045021
13644	-3981.016	-4241.232	260.2159	2.291105	0.5899963	0.689387	0.310613	0.9357226
13650	-3985.098	-4245.573	260.4747	2.145991	0.5156381	0.624839	0.375161	0.9367415
13656	-3986.361	-4246.627	260.2656	2.120456	0.5886873	0.821415	0.178585	1.059045
13662	-3989.892	-4250.341	260.4495	2.120456	0.4919961	0.687977	0.312023	1.028088
13668	-3980.052	-4240.278	260.2261	2.087287	0.5960654	0.628707	0.371293	1.116279
13674	-3980.781	-4241.037	260.2564	2.121608	0.5401368	0.691567	0.308433	1.134197
13680	-4004.907	-4265.352	260.445	2.122965	0.5130154	0.689963	0.310037	0.9958313
13686	-3986.824	-4247.388	260.5646	2.099183	0.4516296	0.749889	0.250111	1.004115
13692	-3976.404	-4236.644	260.24	2.126037	0.6580144	0.745421	0.254579	0.9823966
13698	-3984.761	-4244.911	260.1498	2.205103	0.6580144	0.640904	0.359096	0.9937103
13704	-3988.158	-4248.613	260.4552	2.277642	0.4905816	0.622144	0.377856	0.8565108
13710	-3998.046	-4258.255	260.2093	2.277642	0.6253628	0.737733	0.262267	0.9017892
13716	-3988.256	-4248.529	260.2726	2.277642	0.6375246	0.738774	0.261226	0.8045752
13722	-3985.87	-4246.21	260.3395	2.277642	0.5774569	0.738774	0.261226	0.8299784
13728	-4002.18	-4262.416	260.2368	2.274842	0.651208	0.653768	0.346232	0.8299784
13734	-4003.989	-4264.14	260.1512	2.259908	0.6350631	0.771041	0.228959	0.9686268
13740	-3985.719	-4246.057	260.338	2.256203	0.5268646	0.703295	0.296705	0.9457155
13746	-3967.1	-4227.618	260.5177	2.239678	0.4496277	0.664608	0.335392	0.9097814
13752	-3972.71	-4233.037	260.3275	2.23746	0.4745962	0.706095	0.293905	1.061103
13758	-3975.717	-4235.93	260.2129	2.29576	0.6206184	0.744396	0.255604	0.8847181
13764	-3986.876	-4247.161	260.2849	2.30876	0.5338763	0.524007	0.475993	0.9344585
13770	-3985.652	-4246.076	260.4245	2.30876	0.4859413	0.666967	0.333033	0.8653348
13776	-4005.452	-4265.802	260.3496	2.390266	0.5477624	0.771697	0.228303	0.7203667
13782	-4007.658	-4267.683	260.0247	2.501195	0.7290723	0.752394	0.247606	0.6473581
13788	-3981.35	-4241.749	260.3997	2.36971	0.4926719	0.665311	0.334689	0.806188
13794	-3991.44	-4251.809	260.3685	2.29177	0.5611512	0.666821	0.333179	0.806188
13800	-3999.038	-4259.573	260.5343	2.258162	0.4715529	0.703652	0.296348	0.8227731
13806	-4000.535	-4260.832	260.2974	2.387456	0.5369901	0.675383	0.324617	0.8227731
13812	-3988.402	-4248.597	260.195	2.018923	0.5366958	0.649938	0.350062	1.279085
13818	-3990.349	-4250.259	259.9091	2.019521	0.7173088	0.649938	0.350062	1.303374
13824	-3978.331	-4238.628	260.2976	2.064954	0.5035997	0.644756	0.355244	1.199075
13830	-3985.915	-4246.141	260.2257	2.064954	0.5332331	0.738364	0.261636	1.219677
13836	-3999.143	-4259.472	260.3289	2.021111	0.4965803	0.666729	0.333271	1.219677
13842	-3995.852	-4256.072	260.2204	2.149552	0.5830726	0.725713	0.274287	1.081895
13848	-3994.742	-4254.928	260.1851	2.280604	0.5786963	0.638035	0.361965	0.9958803
13854	-3988.55	-4248.896	260.3454	2.295263	0.5760267	0.643798	0.356202	0.8023934
13860	-3988.386	-4248.885	260.4995	2.286414	0.4589307	0.680043	0.319957	0.8580094
13866	-3994.787	-4255.176	260.3894	2.318605	0.504837	0.624942	0.375058	0.8580094
13872	-4006.278	-4266.664	260.3865	2.279607	0.5333521	0.689446	0.310554	0.8530876
13878	-3998.795	-4259.157	260.362	2.093217	0.4626105	0.669536	0.330464	1.179078
13884	-3995.919	-4256.249	260.3294	1.983901	0.5245845	0.672629	0.327371	1.212051
13890	-3976.682	-4236.956	260.2741	1.988026	0.4753999	0.706348	0.293652	1.321621
13896	-3977.876	-4238.319	260.4435	2.005155	0.4395108	0.706348	0.293652	1.219878
13902	-3985.224	-4245.56	260.3361	2.024577	0.4900147	0.715486	0.284514	1.219878
13908	-3998.509	-4258.978	260.4681	1.916807	0.4793282	0.794931	0.205069	1.21467
13914	-3995.266	-4255.633	260.3671	1.912745	0.4962886	0.65624	0.34376	1.278603
13920	-3999.581	-4259.795	260.2135	1.912745	0.5948591	0.695519	0.304481	1.278603
13926	-3992.597	-4252.717	260.1202	1.907497	0.5591892	0.699356	0.300644	1.39983
13932	-3991.413	-4251.294	259.8804	1.907497	0.629104	0.669651	0.330349	1.504633
13938	-3988.625	-4248.956	260.3309	1.985747	0.4526565	0.678611	0.321389	1.309547
13944	-3995.193	-4255.603	260.4104	1.907765	0.4667738	0.68499	0.31501	1.288258
13950	-3994.287	-4254.635	260.3486	1.907765	0.5033492	0.68499	0.31501	1.288258
13956	-3995.217	-4255.319	260.1012	1.898962	0.5360556	0.638938	0.361062	1.448688
13962	-3994.332	-4254.286	259.9533	1.927108	0.6160397	0.660842	0.339158	1.448688
13968	-3977.795	-4237.587	259.7914	1.899602	0.6764383	0.701959	0.298041	1.528541
13974	-3973.414	-4233.72	260.3065	1.912603	0.4920823	0.691811	0.308189	1.333495
13980	-3986.98	-4247.025	260.0451	1.912603	0.6442126	0.728659	0.271341	1.357895
13986	-3989.356	-4249.397	260.0412	1.912603	0.5650783	0.718979	0.281021	1.449862
13992	-3971.778	-4231.686	259.9082	1.83217	0.5391512	0.737176	0.262824	1.637387
13998	-3978.624	-4238.719	260.0959	1.916473	0.534589	0.593474	0.406526	1.441126
14004	-3979.691	-4239.853	260.1613	1.884002	0.5140498	0.664942	0.335058	1.441126
14010	-3983.448	-4242.955	259.5065	1.726735	0.5587441	0.694041	0.305959	1.967636
14016	-3978.674	-4238.944	260.2693	1.886606	0.511397	0.669826	0.330174	1.358377
14022	-3990.706	-4250.722	260.0162	1.875384	0.5715804	0.650908	0.349092	1.489599
14028	-3994.92	-4254.858	259.9381	1.836547	0.5715804	0.591461	0.408539	1.57633
14034	-3989.341	-4249.468	260.1271	1.828842	0.4597863	0.677523	0.322477	1.57633
14040	-3995.845	-4255.803	259.9584	1.828842	0.562084	0.70003	0.29997	1.577661
14046	-3980.253	-4240.344	260.0907	1.791801	0.4913148	0.565266	0.434734	1.590573
14052	-3977.111	-4237.089	259.9776	1.847515	0.5287237	0.626054	0.373946	1.587898
14058	-3980.619	-4240.826	260.2065	1.853083	0.5287237	0.560377	0.439623	1.411962
14064	-3980.973	-4241.138	260.1649	1.916047	0.5542195	0.562727	0.437273	1.364071
14070	-3987.769	-4248	260.231	1.894406	0.4821146	0.653148	0.346852	1.420202
14076	-3982.5	-4242.754	260.2537	1.960451	0.4821146	0.690504	0.309496	1.35083
14082	-3977.62	-4237.779	260.1589	1.960451	0.6222009	0.627829	0.372171	1.251766
14088	-3979.941	-4240.122	260.1806	2.008258	0.5563757	0.645126	0.354874	1.274566
14094	-3978.075	-4238.508	260.4325	2.008258	0.5058763	0.645126	0.354874	1.127162
14100	-3974.191	-4234.533	260.3426	2.008258	0.5058763	0.76041	0.23959	1.205885
14106	-3979.968	-4240.335	260.3671	1.983741	0.5058763	0.711381	0.288619	1.205885
14112	-3967.331	-4227.661	260.3299	1.983741	0.495731	0.69309	0.30691	1.251385
14118	-3978.743	-4238.881	260.1388	1.961802	0.5625504	0.631651	0.368349	1.338391
14124	-3971.395	-4231.59	260.1948	1.85155	0.5625504	0.706944	0.293056	1.381255
14130	-3997.721	-4257.663	259.9424	1.982806	0.5430285	0.67969	0.32031	1.497201
14136	-3991.434	-4251.509	260.0753	1.982806	0.5524753	0.597188	0.402812	1.384173
14142	-3993.753	-4253.786	260.0326	1.850262	0.5661503	0.730723	0.269277	1.502283
14148	-3998.094	-4258.222	260.1282	1.850262	0.5327472	0.725167	0.274833	1.469184
14154	-4000.347	-4260.434	260.087	1.850262	0.4294549	0.733808	0.266192	1.629438
14160	-3997.205	-4257.199	259.9947	1.889502	0.4294549	0.733808	0.266192	1.667515
14166	-3996.72	-4256.532	259.8118	1.81554	0.5105607	0.690455	0.309545	1.750015
14172	-3999.411	-4259.313	259.9018	1.742667	0.4608346	0.582685	0.417315	1.796523
14178	-4006.544	-4266.192	259.6481	1.742667	0.4794142	0.564977	0.435023	1.947803
14184	-3991.457	-4251.203	259.7456	1.782691	0.5541555	0.724495	0.275505	1.770986
14190	-3992.394	-4252.722	260.3282	1.89035	0.4376107	0.718642	0.281358	1.40853
14196	-3984.182	-4244.244	260.0622	1.929371	0.6092541	0.736521	0.263479	1.370041
14202	-3987.235	-4247.438	260.2036	1.929371	0.5168199	0.666853	0.333147	1.369534
14208	-3998.745	-4258.796	260.051	1.974712	0.6107045	0.639371	0.360629	1.341373
14214	-3995.983	-4256.36	260.3768	1.98294	0.4968346	0.714407	0.285593	1.211078
14220	-3990.733	-4250.616	259.8822	1.924608	0.6098816	0.623623	0.376377	1.510885
14226	-4003.424	-4263.504	260.0806	1.924608	0.6134127	0.59821	0.40179	1.354553
14232	-4000.885	-4261.226	260.3406	1.994461	0.4717182	0.641039	0.358961	1.26734
14238	-3985.189	-4245.548	260.359	1.942198	0.4779658	0.684605	0.315395	1.286391
14244	-3991.044	-4250.98	259.9361	1.892852	0.6213124	0.591156	0.408844	1.482045
14250	-3989.737	-4249.978	260.2405	1.934723	0.5347137	0.591156	0.408844	1.313133
14256	-3994.256	-4254.752	260.4965	1.925384	0.4163729	0.622986	0.377014	1.277675
14262	-4005.698	-4265.944	260.2461	2.033446	0.5223875	0.711153	0.288847	1.243517
14268	-3989.599	-4249.899	260.3003	2.025859	0.5223875	0.672493	0.327507	1.204133
14274	-3990.875	-4251.262	260.3875	2.023146	0.4561559	0.555261	0.444739	1.226863
14280	-3985.482	-4245.726	260.2442	1.96349	0.5847979	0.742416	0.257584	1.223137
14286	-3985.612	-4246.096	260.4841	2.022547	0.42615	0.67585	0.32415	1.191179
14292	-3974.9	-4235.152	260.2523	2.140916	0.5635145	0.625671	0.374329	1.087642
14298	-3969.173	-4229.482	260.3081	2.057196	0.5135249	0.717866	0.282134	1.182713
14304	-3988.305	-4248.717	260.4117	2.06384	0.4735155	0.665375	0.334625	1.144658
14310	-3987.316	-4247.521	260.2055	2.071155	0.5926635	0.737816	0.262184	1.153588
14316	-3995.328	-4255.675	260.3467	2.086984	0.4865172	0.627457	0.372543	1.16204
14322	-3991.409	-4251.758	260.349	2.113818	0.4865172	0.672082	0.327918	1.136231
14328	-4000.557	-4261.035	260.4786	2.099962	0.475592	0.713346	0.286654	1.046547
14334	-3996.718	-4257.049	260.3317	1.978146	0.475592	0.713346	0.286654	1.282584
14340	-3989.356	-4249.514	260.1581	1.971145	0.5856735	0.663117	0.336883	1.287222
14346	-3986.947	-4247.039	260.0913	2.054864	0.574324	0.710904	0.289096	1.287222
14352	-3972.472	-4232.524	260.0517	1.857126	0.4918808	0.674844	0.325156	1.570611
14358	-3968.767	-4228.774	260.0065	1.857126	0.506648	0.702012	0.297988	1.585777
14364	-3983.303	-4242.964	259.661	1.930297	0.543132	0.796239	0.203761	1.738876
14370	-3977.688	-4237.867	260.1786	2.010237	0.5901763	0.714605	0.285395	1.232284
14376	-3989.957	-4250.116	260.1592	1.987577	0.5577167	0.68763	0.31237	1.307228
14382	-3978.705	-4238.967	260.2622	1.974697	0.5145365	0.590471	0.409529	1.28923
14388	-3982.768	-4243.018	260.2501	2.024024	0.4919104	0.615764	0.384236	1.28923
14394	-3986.389	-4246.828	260.4386	2.053897	0.440071	0.615764	0.384236	1.181398
14400	-3987.143	-4247.522	260.379	2.05401	0.489254	0.616638	0.383362	1.15864
14406	-3992.854	-4253.405	260.5504	2.223598	0.4478756	0.651015	0.348985	0.8946566
14412	-3990.157	-4250.258	260.1012	2.223598	0.641404	0.735863	0.264137	1.04561
14418	-3977.913	-4238.09	260.1775	2.223598	0.6154615	0.665977	0.334023	1.006861
14424	-3988.739	-4248.902	260.1632	2.223598	0.6154615	0.673857	0.326143	1.020945
14430	-3986.88	-4246.956	260.0758	2.307573	0.6676873	0.673857	0.326143	0.9509749
14436	-3989.725	-4250.174	260.4485	2.352858	0.4648913	0.667534	0.332466	0.8261045
14442	-3987.063	-4247.462	260.3987	2.35063	0.4911021	0.688323	0.311677	0.8353364
14448	-3997.619	-4258.083	260.464	2.358692	0.4911021	0.692706	0.307294	0.7339589
14454	-4009.335	-4269.773	260.4379	2.325677	0.4911021	0.692706	0.307294	0.8172421
14460	-3996.054	-4256.44	260.3863	2.28984	0.5253877	0.679634	0.320366	0.8562879
14466	-4002.85	-4263.225	260.3749	2.337284	0.5253877	0.692923	0.307077	0.8111966
14472	-4001.13	-4261.606	260.4762	2.337284	0.4651283	0.678934	0.321066	0.8100516
14478	-3992.485	-4252.933	260.4485	2.337284	0.4763165	0.664725	0.335275	0.8209274
14484	-3990.838	-4251.245	260.407	2.337284	0.5207355	0.72794	0.27206	0.7780249
14490	-3976.54	-4236.865	260.3252	2.391634	0.5379685	0.658225	0.341775	0.7780249
14496	-3988.948	-4249.546	260.5982	2.345784	0.4293732	0.592702	0.407298	0.7127568
14502	-3991.976	-4252.424	260.4471	2.403082	0.4440629	0.668497	0.331503	0.8106774
14508	-3984.766	-4245.272	260.5053	2.366454	0.4579447	0.75628	0.24372	0.7459832
14514	-3985.996	-4246.373	260.3769	2.360741	0.5289301	0.733862	0.266138	0.7688
14520	-3978.978	-4239.217	260.2393	2.431488	0.5722157	0.657432	0.342568	0.7688
14526	-3991.652	-4251.91	260.2578	2.39577	0.6035751	0.69928	0.30072	0.7248675
14532	-3972.715	-4233.015	260.2997	2.150608	0.6035751	0.648879	0.351121	0.9743669
14538	-3969.077	-4229.346	260.269	2.072776	0.5690029	0.648879	0.351121	1.126888
14544	-3988.722	-4249.183	260.4606	2.094049	0.4398942	0.751194	0.248806	1.126888
14550	-3986.593	-4246.956	260.3633	2.094049	0.4670332	0.677771	0.322229	1.170509
14556	-3986.03	-4246.382	260.3522	2.148811	0.5058078	0.75909	0.24091	1.072055
14562	-3980.188	-4240.593	260.4045	2.148811	0.5001644	0.683984	0.316016	1.031087
14568	-3985.893	-4246.295	260.4018	2.112914	0.5001644	0.692359	0.307641	1.067878
14574	-3981.126	-4241.515	260.3882	2.146369	0.4863266	0.692359	0.307641	1.070955
14580	-3981.821	-4242.216	260.3955	2.132223	0.4971608	0.710597	0.289403	1.060337
14586	-3985.125	-4245.552	260.4275	2.111003	0.5137354	0.735553	0.264447	1.023778
14592	-3991.545	-4251.936	260.3918	2.116395	0.5366377	0.693697	0.306303	1.017661
14598	-3976.712	-4237.101	260.3892	2.058073	0.5016331	0.575318	0.424682	1.127613
14604	-3980.291	-4240.42	260.1291	2.047774	0.5016331	0.66246	0.33754	1.354443
14610	-3977.034	-4237.332	260.2983	2.080157	0.531052	0.67416	0.32584	1.146534
14616	-3973.45	-4233.744	260.2937	2.072816	0.531052	0.704093	0.295907	1.157154
14622	-3984.824	-4245.186	260.3624	2.031069	0.5325783	0.661847	0.338153	1.131066
14628	-3982.719	-4243.057	260.3377	2.03105	0.5504138	0.661082	0.338918	1.128185
14634	-3994.932	-4255.304	260.3713	2.007196	0.5318357	0.742769	0.257231	1.145448
14640	-4011.336	-4271.839	260.5031	2.069361	0.4139233	0.736259	0.263741	1.153631
14646	-4001.035	-4261.38	260.3458	2.072451	0.5396427	0.736259	0.263741	1.098485
14652	-3990.684	-4251.073	260.3889	2.072451	0.5396427	0.749133	0.250867	1.058259
14658	-3994.162	-4254.482	260.3201	2.152739	0.5396427	0.749133	0.250867	1.047392
14664	-3998.024	-4258.053	260.0288	2.152739	0.6465865	0.678321	0.321679	1.169806
14670	-3996.056	-4256.352	260.2957	2.152739	0.5596637	0.669314	0.330686	1.041046
14676	-3992.507	-4253.055	260.5481	2.152739	0.4245559	0.750029	0.249971	1.016024
14682	-3999.568	-4259.777	260.2087	2.2051	0.5943205	0.655385	0.344615	1.024406
14688	-3999.17	-4259.51	260.3409	2.142149	0.5483384	0.628564	0.371436	1.024406
14694	-4016.909	-4277.249	260.3399	2.191139	0.5275379	0.572551	0.427449	1.009378
14700	-3994.779	-4255.256	260.4773	2.162301	0.4697143	0.623867	0.376133	0.9966934
14706	-3989.657	-4250.072	260.4149	2.237729	0.494629	0.690002	0.309998	0.9395091
14712	-3985.203	-4245.546	260.3427	2.213634	0.5348849	0.690002	0.309998	0.9720557
14718	-3993.78	-4254.193	260.4131	2.262179	0.5283728	0.760354	0.239646	0.8515792
14724	-4002.763	-4263.289	260.5262	2.262179	0.4475736	0.698185	0.301815	0.8787354
14730	-3992.032	-4252.673	260.6411	2.297477	0.3962038	0.658048	0.341952	0.8118469
14736	-3998.164	-4258.469	260.3045	2.350578	0.5882701	0.630282	0.369718	0.7569243
14742	-3981.008	-4241.454	260.4462	2.341833	0.4935267	0.661534	0.338466	0.7790471
14748	-3985.449	-4245.793	260.3442	2.36488	0.5381624	0.727691	0.272309	0.7884022
14754	-3972.07	-4232.475	260.4054	2.366182	0.4984775	0.721583	0.278417	0.7903831
14760	-3977.088	-4237.573	260.4851	2.374942	0.4608701	0.721583	0.278417	0.7557577
14766	-3990.082	-4250.478	260.3962	2.361614	0.5214629	0.763695	0.236305	0.7568959
14772	-3999.041	-4259.254	260.2127	1.977646	0.6004558	0.664926	0.335074	1.218337
14778	-3998.401	-4258.803	260.4018	2.030654	0.5058936	0.666255	0.333745	1.134581
14784	-3991.551	-4251.961	260.4101	2.035957	0.4950715	0.694153	0.305847	1.138405
14790	-3994.067	-4254.245	260.1777	2.000429	0.5901291	0.674245	0.325755	1.241344
14796	-3996.585	-4256.93	260.3456	2.024596	0.5698567	0.640009	0.359991	1.099946
14802	-4001.112	-4261.527	260.4145	2.024596	0.5172093	0.816654	0.183346	1.112019
14808	-4000.71	-4261.088	260.3786	2.098143	0.4942681	0.632462	0.367538	1.112019
14814	-3988.992	-4249.332	260.3405	2.086188	0.5654259	0.634232	0.365768	1.053504
14820	-3985.531	-4245.918	260.3867	2.086188	0.5654259	0.646343	0.353657	1.00858
14826	-3978.093	-4238.713	260.6202	2.113218	0.4237695	0.694995	0.305005	0.9849125
14832	-3979.648	-4240.239	260.5909	2.043286	0.4237695	0.816691	0.183309	1.081099
14838	-3983.526	-4243.905	260.3786	2.074189	0.5689765	0.625321	0.374679	1.023117
14844	-3980.486	-4241.054	260.5673	2.074189	0.4355209	0.685601	0.314399	1.053967
14850	-3982.74	-4242.932	260.1927	2.020787	0.6033911	0.654551	0.345449	1.194962
14856	-3991.976	-4252.18	260.2043	1.855054	0.4286369	0.801234	0.198766	1.541357
14862	-4002.832	-4262.781	259.9486	1.807363	0.5830967	0.768813	0.231187	1.577459
14868	-3981.651	-4241.595	259.9436	1.812291	0.5830967	0.67595	0.32405	1.577459
14874	-3986.378	-4246.701	260.3224	1.869939	0.4865223	0.602008	0.397992	1.362162
14880	-3991.239	-4251.611	260.3724	1.985115	0.4637298	0.673983	0.326017	1.260234
14886	-3985.3	-4245.641	260.3407	1.94435	0.5399531	0.702472	0.297528	1.215444
14892	-3989.682	-4250.023	260.341	1.987246	0.5278313	0.763567	0.236433	1.194908
14898	-3982.92	-4243.215	260.2953	1.987246	0.5232756	0.527806	0.472194	1.239815
14904	-3982.147	-4242.214	260.0672	1.878408	0.6062307	0.609238	0.390762	1.409343
14910	-3977.759	-4237.897	260.1376	1.81683	0.4552753	0.623031	0.376969	1.583245
14916	-3977.21	-4237.331	260.1214	1.770554	0.4795431	0.715972	0.284028	1.598122
14922	-3980.303	-4240.396	260.0925	1.784733	0.4795431	0.614025	0.385975	1.608872
14928	-3981.95	-4241.776	259.826	1.789951	0.6049569	0.607694	0.392306	1.655648
14934	-3990.145	-4250.378	260.2331	1.798126	0.4878068	0.77966	0.22034	1.484741
14940	-3999.145	-4259.266	260.1208	1.904645	0.6318199	0.634228	0.365772	1.317546
14946	-3993.463	-4253.471	260.0083	1.967585	0.6065149	0.727438	0.272562	1.385445
14952	-3986.079	-4246.108	260.0287	1.967585	0.5657875	0.741481	0.258519	1.416432
14958	-3995.049	-4255.247	260.1979	1.997667	0.5657875	0.696649	0.303351	1.257143
14964	-4003.294	-4263.406	260.1116	1.850151	0.4864944	0.795808	0.204192	1.538257
14970	-3986.025	-4246.199	260.1745	1.850151	0.4886444	0.731788	0.268212	1.488617
14976	-3980.431	-4240.429	259.9978	1.850151	0.5637026	0.763148	0.236852	1.53111
14982	-3988.573	-4248.962	260.3892	1.906096	0.5287994	0.67332	0.32668	1.221631
14988	-3987.816	-4248.189	260.3735	1.935169	0.4018762	0.67332	0.32668	1.390327
14994	-3990.937	-4251.274	260.3371	1.881602	0.4505693	0.677323	0.322677	1.390327
15000	-3986.317	-4246.353	260.0358	1.825078	0.5469307	0.680346	0.319654	1.540647
15006	-3985.399	-4245.443	260.0441	1.825078	0.5610163	0.635001	0.364999	1.518325
15012	-3987.392	-4247.454	260.0618	1.825078	0.4977354	0.61055	0.38945	1.579548
15018	-4003.843	-4263.991	260.1475	1.870186	0.4839788	0.647591	0.352409	1.499782
15024	-3990.842	-4251.111	260.2691	1.870186	0.380525	0.652294	0.347706	1.550336
15030	-3985.9	-4246.162	260.2627	1.878205	0.438228	0.602123	0.397877	1.467172
15036	-3979.77	-4239.935	260.1652	1.878205	0.4944019	0.716657	0.283343	1.467172
15042	-3997.422	-4257.562	260.1401	1.88865	0.415243	0.728207	0.271793	1.582194
15048	-3989.382	-4249.428	260.0462	1.839725	0.483068	0.65259	0.34741	1.598188
15054	-3993.758	-4253.749	259.9918	1.807908	0.4542283	0.653085	0.346915	1.695917
15060	-4018.731	-4278.169	259.4381	1.726261	0.6930789	0.663839	0.336161	1.88591
15066	-3997.035	-4256.927	259.8923	1.810268	0.5187869	0.631641	0.368359	1.687553
15072	-3992.804	-4252.718	259.9143	1.824613	0.4633759	0.709498	0.290502	1.727514
15078	-3987.544	-4247.304	259.7599	1.777611	0.4633759	0.584434	0.415566	1.867066
15084	-3992.615	-4252.546	259.93	1.83785	0.3903381	0.665579	0.334421	1.801408
15090	-3989.834	-4249.975	260.1407	1.833287	0.4419023	0.747787	0.252213	1.586397
15096	-4004.548	-4264.716	260.1683	1.881737	0.4010076	0.688538	0.311462	1.586397
15102	-4002.19	-4262.409	260.2188	1.881737	0.4010076	0.735591	0.264409	1.549326
15108	-4020.062	-4280.057	259.9958	1.938388	0.3892862	0.709576	0.290424	1.686281
15114	-4014.284	-4274.198	259.9142	1.593664	0.3800517	0.732606	0.267394	1.991829
15120	-3991.781	-4251.431	259.6503	1.592522	0.4580692	0.662728	0.337272	2.070847
15126	-4002.624	-4262.125	259.501	1.535499	0.5202306	0.687649	0.312351	2.137676
15132	-4000.608	-4259.978	259.3701	1.622355	0.478244	0.686885	0.313115	2.211427
15138	-4004.438	-4263.161	258.7223	1.614897	0.991806	0.73365	0.26635	2.207416
15144	-4003.208	-4262.328	259.1203	1.715965	0.646921	0.676104	0.323896	2.145439
15150	-3997.167	-4256.315	259.1483	1.620308	0.7034455	0.671034	0.328966	2.140338
15156	-3996.169	-4255.838	259.6691	1.627153	0.5163581	0.71967	0.28033	1.970091
15162	-3991.261	-4250.845	259.5835	1.661679	0.5486174	0.706736	0.293264	1.970091
15168	-3994.044	-4253.064	259.0205	1.546979	0.5486174	0.779151	0.220849	2.409624
15174	-4001.437	-4259.661	258.2233	1.46544	0.5862984	0.624053	0.375947	2.915872
15180	-4012.832	-4271.753	258.921	1.501473	0.4105579	0.743618	0.256382	2.647068
15186	-3988.919	-4248.214	259.2946	1.592862	0.4837134	0.743618	0.256382	2.273012
15192	-3987.086	-4246.501	259.4148	1.628243	0.525323	0.686556	0.313444	2.128078
15198	-3985.932	-4245.563	259.6305	1.637064	0.4158874	0.740207	0.259793	2.104939
15204	-3998.904	-4258.676	259.7721	1.685416	0.4168625	0.65258	0.34742	1.977901
15210	-3998.561	-4258.677	260.1163	1.759694	0.4539786	0.696353	0.303647	1.641771
15216	-3983.323	-4243.129	259.8065	1.744396	0.5075977	0.708588	0.291412	1.806552
15222	-3992.93	-4252.933	260.0028	1.697474	0.4218754	0.708588	0.291412	1.806552
15228	-3995.928	-4255.608	259.6803	1.800599	0.5382523	0.733759	0.266241	1.82097
15234	-3984.599	-4244.591	259.9915	1.859065	0.4548417	0.785051	0.214949	1.658916
15240	-3975.345	-4234.848	259.5026	1.694021	0.5659993	0.710363	0.289637	1.984779
15246	-3980.148	-4239.633	259.4847	1.732654	0.5524612	0.684756	0.315244	1.984779
15252	-3988.512	-4248.021	259.5085	1.708776	0.5524612	0.723485	0.276515	1.984779
15258	-3991.042	-4250.665	259.6229	1.698878	0.4875672	0.723485	0.276515	1.984779
15264	-3987.664	-4247.175	259.5106	1.764729	0.5157322	0.695754	0.304246	1.984779
15270	-3993.483	-4253.052	259.5692	1.719077	0.5077813	0.707096	0.292904	1.984779
15276	-4003.031	-4262.664	259.6329	1.690663	0.4546947	0.60988	0.39012	2.021352
15282	-3995.064	-4254.427	259.363	1.747208	0.6479532	0.651032	0.348968	1.963417
15288	-4008.77	-4268.392	259.6222	1.781089	0.4586948	0.702657	0.297343	1.963417
15294	-4009.171	-4268.44	259.2684	1.734455	0.5824406	0.709122	0.290878	2.096791
15300	-3996.28	-4256.14	259.8602	1.783934	0.4958173	0.698397	0.301603	1.755224
15306	-3995.007	-4254.796	259.7889	1.701799	0.5657793	0.736894	0.263106	1.784827
15312	-3993.433	-4253.127	259.6943	1.821285	0.4447043	0.67117	0.32883	1.904405
15318	-3992.448	-4252.061	259.6135	1.701441	0.4447043	0.620014	0.379986	2.038867
15324	-3991.27	-4251.041	259.7712	1.701441	0.505882	0.676937	0.323063	1.862291
15330	-3991.784	-4251.315	259.5318	1.620905	0.4952745	0.644137	0.355863	2.088275
15336	-4004.409	-4263.467	259.0576	1.654236	0.5964777	0.704601	0.295399	2.272111
15342	-3999.38	-4258.854	259.4742	1.656023	0.4636235	0.704601	0.295399	2.138337
15348	-3984.472	-4243.767	259.2948	1.656023	0.5475612	0.726522	0.273478	2.165334
15354	-3985.808	-4245.156	259.3473	1.635099	0.520649	0.775211	0.224789	2.172419
15360	-4011.493	-4270.447	258.9533	1.656641	0.4371654	0.72811	0.27189	2.500139
15366	-3990.08	-4249.467	259.387	1.641413	0.4865493	0.72811	0.27189	2.178972
15372	-3990.381	-4249.768	259.3875	1.641413	0.4233955	0.686201	0.313799	2.250741
15378	-3992.151	-4251.001	258.8502	1.686881	0.6438241	0.726445	0.273555	2.340773
15384	-4002.532	-4261.649	259.1166	1.669279	0.4809753	0.671974	0.328026	2.340773
15390	-3989.601	-4249.12	259.5191	1.69505	0.4995034	0.701116	0.298884	2.04314
15396	-3991.279	-4251.059	259.7805	1.79058	0.4766399	0.643206	0.356794	1.82836
15402	-3997.368	-4257.269	259.9004	1.776956	0.4267652	0.66982	0.33018	1.816099
15408	-3985.338	-4244.943	259.6054	1.816966	0.6051086	0.66982	0.33018	1.791851
15414	-3994.034	-4254.2	260.1656	1.826677	0.4400764	0.645295	0.354705	1.575419
15420	-3998.087	-4257.839	259.7527	1.826677	0.4400764	0.645295	0.354705	1.866721
15426	-3981.897	-4241.736	259.8393	1.817179	0.5140242	0.718781	0.281219	1.725601
15432	-3991.327	-4251.349	260.0223	1.920414	0.4972277	0.713305	0.286695	1.539047
15438	-3981.518	-4241.558	260.0399	1.920414	0.4793799	0.713305	0.286695	1.548252
15444	-3994.083	-4254.159	260.0764	1.903927	0.5876789	0.605599	0.394401	1.403401
15450	-4000.855	-4260.808	259.9526	1.839987	0.5617332	0.675749	0.324251	1.574149
15456	-4004.833	-4264.48	259.6475	1.821242	0.6171347	0.631167	0.368833	1.747478
15462	-4003.627	-4263.2	259.5731	1.821242	0.6171347	0.740843	0.259157	1.799278
15468	-4003.772	-4263.681	259.909	1.82625	0.5586188	0.669329	0.330671	1.619364
15474	-3992.391	-4252.36	259.9692	1.887082	0.4833218	0.669329	0.330671	1.619364
15480	-3995.236	-4255.308	260.0721	1.887082	0.4788147	0.686492	0.313508	1.549779
15486	-3997.385	-4257.454	260.069	1.931488	0.5361114	0.741674	0.258326	1.448395
15492	-4004.28	-4264.521	260.241	1.921853	0.5250297	0.671869	0.328131	1.335424
15498	-3994.428	-4254.567	260.1386	2.011256	0.5801248	0.635841	0.364159	1.277058
15504	-3989.643	-4249.782	260.1396	2.027322	0.5497212	0.650881	0.349119	1.300879
15510	-3984.276	-4244.423	260.1469	2.045205	0.5894933	0.600511	0.399489	1.230384
15516	-3998.428	-4258.664	260.2364	1.954085	0.4401828	0.744314	0.255686	1.426607
15522	-3994.211	-4254.351	260.1396	1.951195	0.4978033	0.744314	0.255686	1.426607
15528	-3982.41	-4242.474	260.0644	1.893968	0.6025101	0.744314	0.255686	1.403593
15534	-3994.785	-4254.835	260.0497	1.882039	0.6025101	0.705065	0.294935	1.424261
15540	-3989.892	-4250.08	260.1878	1.838436	0.4376707	0.640583	0.359417	1.553693
15546	-3988.414	-4248.86	260.4464	2.00395	0.4376707	0.696063	0.303937	1.221198
15552	-3991.427	-4251.859	260.4321	1.996336	0.5067429	0.800474	0.199526	1.136985
15558	-3989.439	-4249.743	260.3038	2.046404	0.5416814	0.644312	0.355688	1.156748
15564	-3995.63	-4256.165	260.5357	2.066436	0.416881	0.709714	0.290286	1.122214
15570	-3989.937	-4250.148	260.211	2.123109	0.6346703	0.728377	0.271623	1.045738
15576	-3987.996	-4248.338	260.3422	2.166835	0.5183725	0.728377	0.271623	1.045043
15582	-3997.974	-4258.29	260.3163	2.166835	0.5976844	0.742257	0.257743	0.9491543
15588	-4003.493	-4263.776	260.2828	2.227409	0.5976844	0.683027	0.316973	0.9200002
15594	-3989.531	-4250.032	260.5004	2.227409	0.4865593	0.69741	0.30259	0.8705035
15600	-4001.998	-4262.415	260.4174	2.332518	0.4989319	0.696842	0.303158	0.8180708
15606	-3988.861	-4249.303	260.4414	2.313378	0.4989319	0.6681	0.3319	0.8118315
15612	-3988.284	-4248.601	260.3169	2.347837	0.5634343	0.632193	0.367807	0.7955041
15618	-3984.746	-4245.351	260.6052	2.275596	0.4221276	0.629462	0.370538	0.8229083
15624	-3980.72	-4241.119	260.399	2.329797	0.4956025	0.605183	0.394817	0.8513475
15630	-3994.575	-4254.904	260.3298	2.191916	0.5958747	0.65254	0.34746	0.9102436
15636	-3993.08	-4253.401	260.3205	2.318952	0.5406264	0.680261	0.319739	0.8712477
15642	-3991.936	-4252.308	260.3714	1.983719	0.4571659	0.645138	0.354862	1.271674
15648	-3981.729	-4241.855	260.1265	1.928379	0.557859	0.749758	0.250242	1.380219
15654	-3996.297	-4256.223	259.9267	1.784463	0.5079869	0.676999	0.323001	1.693897
15660	-3990.742	-4250.889	260.147	1.816451	0.4477261	0.6617	0.3383	1.586429
15666	-3992.61	-4252.83	260.2207	1.868427	0.4233268	0.699747	0.300253	1.526541
15672	-3984.976	-4245.01	260.0346	1.868427	0.5863955	0.703469	0.296531	1.464254
15678	-3992.519	-4252.359	259.8396	1.868427	0.5983113	0.698441	0.301559	1.596137
15684	-3994.179	-4254.243	260.0639	1.868427	0.457793	0.697415	0.302585	1.596137
15690	-3995.415	-4255.424	260.0094	1.816178	0.5528052	0.608947	0.391053	1.559922
15696	-3994.041	-4254.264	260.2234	1.852049	0.4587346	0.646304	0.353696	1.489048
15702	-3981.528	-4241.562	260.0338	1.870143	0.5078857	0.734991	0.265009	1.554784
15708	-3980.388	-4240.29	259.9019	1.870143	0.5931068	0.755106	0.244894	1.554784
15714	-3976.592	-4236.848	260.2554	2.405505	0.579785	0.647092	0.352908	0.7666295
15720	-3975.632	-4235.937	260.3051	2.405505	0.5820767	0.683558	0.316442	0.6806036
15726	-3984.981	-4245.408	260.4278	2.405505	0.4961396	0.683558	0.316442	0.7025929
15732	-3972.397	-4232.842	260.4447	2.408211	0.4961396	0.739054	0.260946	0.666234
15738	-3972.63	-4233.171	260.5407	2.408211	0.4294046	0.566618	0.433382	0.7042971
15744	-3978.075	-4238.111	260.0362	2.408211	0.7400783	0.694131	0.305869	0.764075
15750	-3969.395	-4229.83	260.4351	2.326226	0.4869826	0.694131	0.305869	0.8289918
15756	-3980.617	-4241.042	260.4248	2.326226	0.4869826	0.690668	0.309332	0.8417435
15762	-4001.916	-4262.215	260.2988	2.341885	0.5698495	0.657416	0.342584	0.814471
15768	-3976.832	-4237.184	260.3517	2.296144	0.5566232	0.734885	0.265115	0.8310082
15774	-3972.73	-4233.087	260.3564	2.296144	0.5363757	0.73714	0.26286	0.8636807
15780	-3973.515	-4233.985	260.4702	2.248756	0.4743894	0.736591	0.263409	0.9043934
15786	-3974.212	-4234.664	260.4523	2.248756	0.4442603	0.703106	0.296894	0.9798462
15792	-3979.29	-4239.709	260.4184	2.095514	0.4079955	0.645934	0.354066	1.214054
15798	-3969.7	-4229.817	260.1175	2.060243	0.606859	0.732067	0.267933	1.221175
15804	-4166.498	-4426.766	260.2675	2.017845	0.5154373	0.63856	0.36144	1.24801
15810	-3975.908	-4236.128	260.2196	1.973943	0.4717171	0.747521	0.252479	1.381072
15816	-3983.756	-4244.115	260.3585	1.892551	0.429878	0.848049	0.151951	1.394219
15822	-3978.122	-4238.151	260.0284	1.929993	0.5979655	0.696116	0.303884	1.408745
15828	-3963.789	-4224.079	260.2901	1.929993	0.4635191	0.655956	0.344044	1.371336
15834	-3971.03	-4231.259	260.2294	1.918752	0.5060889	0.655956	0.344044	1.371336
15840	-3974.285	-4234.692	260.4067	1.882182	0.4182021	0.775306	0.224694	1.38155
15846	-3974.291	-4234.412	260.1206	1.938729	0.5538649	0.775306	0.224694	1.38155
15852	-3976.364	-4236.566	260.2026	1.938729	0.4702284	0.727528	0.272472	1.423601
15858	-3983.831	-4243.986	260.1543	1.887387	0.4786633	0.720462	0.279538	1.488517
15864	-3987.888	-4247.957	260.0693	1.88557	0.5042124	0.701507	0.298493	1.521513
15870	-3979.905	-4239.937	260.0323	1.939196	0.5642762	0.652204	0.347796	1.437236
15876	-3990.746	-4250.989	260.243	1.939196	0.5420883	0.761146	0.238854	1.298062
15882	-3995.939	-4256.195	260.2564	1.939196	0.4739699	0.664168	0.335832	1.376381
15888	-3991.297	-4251.427	260.1308	2.020605	0.4739699	0.714487	0.285513	1.410903
15894	-3985.11	-4245.255	260.1449	2.052806	0.6138637	0.673071	0.326929	1.195599
15900	-3986.641	-4246.906	260.2651	2.128597	0.6138637	0.673071	0.326929	1.016385
15906	-3990.602	-4250.759	260.1569	2.128597	0.6138637	0.695008	0.304992	1.118214
15912	-3975.335	-4235.731	260.396	2.068078	0.4684668	0.695008	0.304992	1.162406
15918	-3969.094	-4229.49	260.396	2.068078	0.4684668	0.695008	0.304992	1.162406
15924	-3976.908	-4237.136	260.2285	2.071679	0.583435	0.750978	0.249022	1.144776
15930	-3993.187	-4253.324	260.1372	2.138358	0.6029983	0.68649	0.31351	1.141206
15936	-3981.367	-4241.625	260.2579	2.129164	0.5449094	0.69892	0.30108	1.119394
15942	-3983.567	-4243.917	260.3496	2.12886	0.5347349	0.634355	0.365645	1.049384
15948	-3978.721	-4239.212	260.4908	2.12886	0.4503406	0.688812	0.311188	1.049384
15954	-3984.163	-4244.553	260.3899	2.12886	0.5187473	0.746619	0.253381	1.035179
15960	-3980.677	-4241.006	260.329	2.189097	0.5259816	0.687286	0.312714	1.024529
15966	-3986.074	-4246.561	260.4867	2.110863	0.4367049	0.693666	0.306334	1.093103
15972	-3980.202	-4240.554	260.3522	2.110863	0.5643353	0.693666	0.306334	1.019918
15978	-3985.864	-4246.242	260.3778	2.037407	0.51209	0.72939	0.27061	1.140984
15984	-3978.609	-4238.855	260.2458	2.120175	0.51209	0.708878	0.291122	1.184195
15990	-3982.339	-4242.679	260.3398	2.050764	0.4765672	0.657523	0.342477	1.213851
15996	-3994.535	-4254.883	260.3482	2.050764	0.4680158	0.743473	0.256527	1.219253
16002	-3974.233	-4234.522	260.2888	1.943305	0.4461982	0.700862	0.299138	1.38593
16008	-3992.327	-4252.586	260.2587	1.945906	0.5517829	0.732491	0.267509	1.267415
16014	-3994.258	-4254.495	260.2368	1.945906	0.5517829	0.732491	0.267509	1.285402
16020	-3998.209	-4258.644	260.4345	2.078464	0.5009434	0.730861	0.269139	1.068303
16026	-4018.245	-4278.604	260.3593	2.184218	0.5187153	0.815138	0.184862	1.010989
16032	-4006.909	-4267.153	260.2434	2.184218	0.5586707	0.665389	0.334611	1.06231
16038	-3979.613	-4239.886	260.2729	2.184218	0.5532735	0.687959	0.312041	1.042091
16044	-3992.84	-4253.144	260.3032	2.133909	0.5726582	0.687959	0.312041	1.032948
16050	-3971.671	-4232.206	260.5354	2.0867	0.4677668	0.731253	0.268747	1.017352
16056	-3983.503	-4243.992	260.4889	2.117861	0.4677668	0.674278	0.325722	1.032311
16062	-3985.059	-4245.614	260.5545	2.117861	0.4350851	0.589232	0.410768	1.024995
16068	-3974.109	-4234.637	260.528	2.089274	0.4660486	0.659128	0.340872	1.024995
16074	-3986.339	-4246.718	260.379	2.151553	0.4660486	0.729746	0.270254	1.106719
16080	-3992.69	-4253.022	260.3321	2.024427	0.5398284	0.681381	0.318619	1.153773
16086	-3976.322	-4236.585	260.2631	2.024427	0.5398284	0.656359	0.343641	1.213468
16092	-3993.626	-4253.851	260.225	2.045304	0.510469	0.656359	0.343641	1.267248
16098	-3991.101	-4251.376	260.2744	1.940587	0.5025247	0.686834	0.313166	1.322858
16104	-3972.656	-4232.869	260.2132	1.940587	0.4615448	0.655397	0.344603	1.425664
16110	-3983.508	-4243.466	259.9586	1.972593	0.5176023	0.682357	0.317643	1.522893
16116	-3997.123	-4257.327	260.2046	1.940895	0.4825454	0.717105	0.282895	1.404147
16122	-3998.806	-4259.037	260.2303	1.941031	0.5153273	0.665409	0.334591	1.341101
16128	-3992.815	-4253.193	260.3781	1.987943	0.4919968	0.65681	0.34319	1.212526
16134	-4001.934	-4261.997	260.0633	1.987943	0.6140591	0.563327	0.436673	1.317019
16140	-4002.616	-4262.598	259.9814	1.993705	0.6140591	0.563327	0.436673	1.377606
16146	-4002.179	-4262.355	260.176	1.990745	0.5467329	0.647417	0.352583	1.304726
16152	-3998.617	-4258.609	259.9924	2.021439	0.6373974	0.604313	0.395687	1.320642
16158	-4005.274	-4265.553	260.2788	2.021439	0.5050483	0.675176	0.324824	1.249767
16164	-3994.679	-4255.056	260.3771	2.041706	0.5014091	0.79505	0.20495	1.153331
16170	-3980.453	-4240.693	260.2404	2.137676	0.5321599	0.709978	0.290022	1.145333
16176	-3984.156	-4244.617	260.4606	2.053805	0.4521378	0.680599	0.319401	1.143235
16182	-3984.034	-4244.476	260.4416	2.072794	0.4521378	0.716091	0.283909	1.143235
16188	-3973.944	-4234.349	260.4044	2.075636	0.4547737	0.618347	0.381653	1.169419
16194	-3999.528	-4259.796	260.2676	2.0179	0.5373251	0.798858	0.201142	1.218502
16200	-3987.443	-4247.621	260.1787	1.962199	0.5006128	0.71395	0.28605	1.384156
16206	-3976.707	-4236.969	260.2624	2.044854	0.5362837	0.71395	0.28605	1.201416
16212	-3972.871	-4233.093	260.2219	2.044854	0.5362837	0.633564	0.366436	1.235732
16218	-3972.772	-4233.152	260.3806	2.024636	0.5195428	0.708917	0.291083	1.13913
16224	-3979.874	-4240.198	260.3245	2.031934	0.6005203	0.73071	0.26929	1.070605
16230	-3977.857	-4238.36	260.5033	2.198181	0.4279163	0.73071	0.26929	1.009264
16236	-3982.034	-4242.526	260.4919	2.198181	0.515016	0.805765	0.194235	0.8595773
16242	-3977.4	-4237.88	260.4803	2.147492	0.4480314	0.601864	0.398136	1.045552
16248	-3979.055	-4239.49	260.4351	2.049963	0.5330543	0.718432	0.281568	1.045552
16254	-3978.67	-4239.133	260.4622	2.049963	0.457001	0.718432	0.281568	1.137541
16260	-3974.141	-4234.385	260.2437	2.063561	0.4894324	0.658247	0.341753	1.265386
16266	-3977.536	-4237.916	260.3805	2.078923	0.4806774	0.697215	0.302785	1.14803
16272	-3989.782	-4250.248	260.466	2.078923	0.4556435	0.734318	0.265682	1.110217
16278	-3984.305	-4244.653	260.3477	2.075096	0.4814662	0.718533	0.281467	1.179027
16284	-3986.892	-4247.293	260.4005	2.126545	0.5398827	0.736648	0.263352	0.9938829
16290	-3996.764	-4257.076	260.3121	2.171612	0.5276797	0.694629	0.305371	1.055025
16296	-3985.038	-4245.37	260.3319	2.171612	0.5153635	0.65986	0.34014	1.055025
16302	-3993.822	-4254.219	260.3974	2.044582	0.5153635	0.757604	0.242396	1.112155
16308	-3996.952	-4257.342	260.3904	1.995779	0.446767	0.782185	0.217815	1.261266
16314	-3997.37	-4257.739	260.3688	1.995779	0.4452744	0.669423	0.330577	1.281231
16320	-4002.017	-4262.273	260.2561	2.019587	0.4083536	0.744025	0.255975	1.40635
16326	-4004.874	-4265.075	260.2013	1.947117	0.4791232	0.614102	0.385898	1.40635
16332	-4000.132	-4259.953	259.8209	1.724154	0.4344169	0.714687	0.285313	1.897038
16338	-4009.246	-4268.789	259.5436	1.66276	0.4438634	0.61499	0.38501	2.111391
16344	-4002.268	-4262.079	259.8117	1.698664	0.4483205	0.730375	0.269625	1.903603
16350	-3991.006	-4250.852	259.8463	1.698664	0.452788	0.72782	0.27218	1.874697
16356	-4012.052	-4271.996	259.9442	1.856761	0.4073171	0.705165	0.294835	1.755592
16362	-4002.108	-4261.589	259.4816	1.856761	0.6227279	0.707937	0.292063	1.832482
16368	-4006.55	-4266.709	260.1586	1.856761	0.3680978	0.707937	0.292063	1.658609
16374	-3989.379	-4249.615	260.2359	1.95903	0.4498694	0.681749	0.318251	1.409795
16380	-3990.996	-4251.436	260.4394	1.971859	0.442138	0.707268	0.292732	1.247266
16386	-3979.04	-4239.174	260.1343	1.971859	0.442138	0.678378	0.321622	1.488098
16392	-3989.581	-4249.562	259.9816	1.99543	0.5179537	0.678378	0.321622	1.488098
16398	-3977.197	-4237.531	260.3345	2.051344	0.4352434	0.660417	0.339583	1.278638
16404	-3987.605	-4247.715	260.1099	2.000112	0.5257106	0.694507	0.305493	1.376384
16410	-3985.688	-4245.566	259.8781	1.875344	0.6066464	0.740971	0.259029	1.553971
16416	-3994.795	-4254.677	259.8822	1.881181	0.5633949	0.671288	0.328712	1.593598
16422	-3974.284	-4234.31	260.0258	1.881181	0.5137032	0.697432	0.302568	1.545524
16428	-3979.299	-4239.206	259.9075	1.960263	0.5137032	0.71463	0.28537	1.574387
16434	-3982.837	-4243.076	260.2381	1.867292	0.3422784	0.729086	0.270914	1.632641
16440	-3999.021	-4259.074	260.0527	1.867292	0.4752207	0.686782	0.313218	1.5831
16446	-3979.985	-4240.156	260.1712	1.841751	0.4752207	0.742134	0.257866	1.514408
16452	-3998.469	-4258.534	260.0655	1.841751	0.4224371	0.686575	0.313425	1.66033
16458	-3998.323	-4258.407	260.0848	1.787323	0.4416535	0.750982	0.249018	1.66033
16464	-3989.811	-4249.553	259.7425	1.767129	0.4390488	0.721093	0.278907	1.915355
16470	-3994.982	-4254.661	259.6795	1.705235	0.5049009	0.68583	0.31417	1.923097
16476	-3985.034	-4244.6	259.566	1.791764	0.5318914	0.708718	0.291282	1.911939
16482	-3988.83	-4248.836	260.0067	1.791764	0.4629584	0.66021	0.33979	1.685896
16488	-3999.385	-4259.711	260.3265	1.886936	0.4592807	0.782046	0.217954	1.382418
16494	-3991.821	-4251.879	260.0583	1.922627	0.5155654	0.624097	0.375903	1.488081
16500	-4005	-4264.896	259.8955	2.010737	0.6062901	0.624097	0.375903	1.439613
16506	-3999.149	-4259.136	259.9869	1.985891	0.5803336	0.630513	0.369487	1.417711
16512	-3978.241	-4238.596	260.3547	1.973221	0.4510811	0.752285	0.247715	1.302745
16518	-3980.983	-4241.4	260.4164	2.034235	0.4005917	0.667803	0.332197	1.278692
16524	-3987.661	-4248.032	260.371	2.026384	0.4005917	0.724988	0.275012	1.322003
16530	-3980.504	-4240.884	260.38	2.017333	0.4005917	0.688286	0.311714	1.322003
16536	-3970.558	-4230.867	260.3091	2.099517	0.5149845	0.626988	0.373012	1.142635
16542	-3973.603	-4233.983	260.3802	2.049166	0.5149845	0.752241	0.247759	1.124073
16548	-3978.338	-4238.775	260.4366	2.117705	0.4786131	0.653883	0.346117	1.064685
16554	-3979.103	-4239.644	260.5406	2.117705	0.4384764	0.692013	0.307987	1.03268
16560	-3986.922	-4247.416	260.4941	2.132522	0.5140835	0.692527	0.307473	0.9331051
16566	-3978.721	-4239.066	260.345	2.126948	0.5028711	0.657231	0.342769	1.103447
16572	-3976.955	-4237.294	260.3387	2.126948	0.5066788	0.657231	0.342769	1.103447
16578	-3981.695	-4242.003	260.308	2.062829	0.6157229	0.680879	0.319121	1.036112
16584	-3989.167	-4249.71	260.5427	2.117762	0.4746146	0.700391	0.299609	0.9668253
16590	-3993.408	-4253.841	260.4333	2.148533	0.4341569	0.678256	0.321744	1.11169
16596	-4001.526	-4261.963	260.437	2.131647	0.4283188	0.676252	0.323748	1.133205
16602	-3975.269	-4235.693	260.4241	2.131647	0.4809959	0.676252	0.323748	1.059453
16608	-3984.821	-4245.228	260.4072	2.131647	0.4570403	0.658788	0.341212	1.113514
16614	-3984.11	-4244.559	260.4488	2.090052	0.4570403	0.709451	0.290549	1.113514
16620	-3996.798	-4257.096	260.2973	2.090052	0.5302505	0.692867	0.307133	1.13977
16626	-3984.889	-4245.275	260.3865	2.16251	0.4821441	0.758149	0.241851	1.064019
16632	-3977.953	-4238.318	260.3648	2.174551	0.5126451	0.650595	0.349405	1.024698
16638	-3990.39	-4250.744	260.3542	2.218001	0.5126451	0.650595	0.349405	0.9921184
16644	-3986.485	-4246.729	260.2445	2.175797	0.5544678	0.6545	0.3455	1.075239
16650	-3997.708	-4258.017	260.3095	2.138916	0.5364123	0.603471	0.396529	1.075239
16656	-3999.72	-4260.172	260.4525	2.186323	0.477073	0.615007	0.384993	0.9846357
16662	-3983.938	-4244.341	260.4032	2.202562	0.5117098	0.615007	0.384993	0.9593263
16668	-3978.886	-4239.243	260.3573	2.30187	0.4825576	0.655355	0.344645	0.9540528
16674	-3988.726	-4249.319	260.5928	2.210716	0.403442	0.655355	0.344645	0.9520628
16680	-3993.998	-4254.35	260.3526	2.189088	0.5326741	0.662041	0.337959	0.9905647
16686	-3988.034	-4248.458	260.4236	2.189088	0.4956641	0.567428	0.432572	0.9794217
16692	-3981.55	-4241.959	260.4092	2.429642	0.4668351	0.724522	0.275478	0.7714559
16698	-3999.574	-4260.06	260.4861	2.322876	0.4668351	0.647711	0.352289	0.8120059
16704	-3978.985	-4239.388	260.4031	2.322876	0.5270824	0.77264	0.22736	0.789185
16710	-3983.983	-4244.494	260.5117	2.322876	0.4661519	0.61755	0.38245	0.779141
16716	-4005.067	-4265.638	260.5706	2.3516	0.4244563	0.701927	0.298073	0.760714
16722	-3986.81	-4247.12	260.3097	2.3516	0.5826485	0.697546	0.302454	0.7599361
16728	-3992.088	-4252.639	260.5517	2.287408	0.4447509	0.774594	0.225406	0.8234122
16734	-4002.71	-4263.008	260.2974	2.229822	0.5971972	0.724448	0.275552	0.9018973
16740	-3986.123	-4246.719	260.5955	2.258677	0.4011155	0.68847	0.31153	0.9018973
16746	-3981.729	-4242.133	260.4047	2.203815	0.4912749	0.806555	0.193445	0.9910983
16752	-3979.992	-4240.258	260.266	2.146435	0.5520613	0.810117	0.189883	1.086042
16758	-3992.951	-4253.438	260.4867	2.080129	0.4296854	0.768468	0.231532	1.132644
16764	-3989.332	-4249.611	260.2796	2.080129	0.4962605	0.754879	0.245121	1.211902
16770	-3984.28	-4244.596	260.3159	1.920856	0.5061046	0.755149	0.244851	1.300549
16776	-3992.066	-4252.369	260.3023	1.983079	0.4770079	0.696685	0.303315	1.300549
16782	-4000.133	-4260.246	260.1133	1.992599	0.6261403	0.711956	0.288044	1.258354
16788	-3989.384	-4249.577	260.193	1.940422	0.6044814	0.760232	0.239768	1.261179
16794	-3988.336	-4248.763	260.4264	2.043673	0.4360744	0.607147	0.392853	1.206946
16800	-3991.254	-4251.457	260.2031	2.017427	0.5889557	0.700479	0.299521	1.206946
16806	-4008.637	-4269.065	260.428	2.017427	0.504734	0.771699	0.228301	1.124652
16812	-4007.73	-4268.053	260.3229	2.186751	0.5452229	0.657861	0.342139	1.002873
16818	-3996.018	-4256.404	260.3863	2.200336	0.5438617	0.636285	0.363715	0.9250639
16824	-4005.538	-4265.912	260.3746	2.239548	0.5265223	0.660718	0.339282	0.9249628
16830	-3993.73	-4254.174	260.444	2.356805	0.5000177	0.781102	0.218898	0.7448123
16836	-3987.165	-4247.532	260.367	2.326611	0.5375876	0.725316	0.274684	0.8102287
16842	-3990.47	-4250.943	260.4734	2.452065	0.4317596	0.600612	0.399388	0.7355184
16848	-3995.192	-4255.552	260.3604	2.460798	0.5319901	0.703201	0.296799	0.6038796
16854	-3992.895	-4253.219	260.3242	2.460798	0.5224313	0.749447	0.250553	0.7118731
16860	-3990.65	-4250.9	260.2496	2.386879	0.6023243	0.623303	0.376697	0.7540104
16866	-3989.397	-4249.838	260.4415	2.33375	0.498559	0.605368	0.394632	0.7851565
16872	-3995.948	-4256.374	260.4256	2.397403	0.498559	0.713334	0.286666	0.7133796
16878	-3992.402	-4252.833	260.4304	2.397403	0.498559	0.736653	0.263347	0.705269
16884	-3984.346	-4244.776	260.4304	2.397403	0.498559	0.741808	0.258192	0.705269
16890	-3975.437	-4235.828	260.3903	2.3098	0.5260886	0.718116	0.281884	0.8253441
16896	-3999.171	-4259.52	260.3494	2.3098	0.5260886	0.692273	0.307727	0.8750031
16902	-3989.612	-4250.011	260.3984	2.261829	0.5260886	0.733653	0.266347	0.8737579
16908	-3994.356	-4254.688	260.3314	2.200386	0.5902184	0.767814	0.232186	0.9081887
16914	-3987.059	-4247.713	260.6538	2.256302	0.4013017	0.509629	0.490371	0.8354974
16920	-3984.942	-4245.347	260.4046	2.256302	0.5179823	0.668147	0.331853	0.8880406
16926	-3991.406	-4251.909	260.5031	2.286436	0.496883	0.683406	0.316594	0.7690654
16932	-4002.652	-4262.99	260.3377	2.298356	0.5954733	0.753296	0.246704	0.7690654
16938	-3996.775	-4257.223	260.4474	2.298356	0.5237575	0.753296	0.246704	0.7690654
16944	-4001.597	-4261.979	260.3819	2.248539	0.5780328	0.65539	0.34461	0.8118059
16950	-4002.244	-4262.642	260.3978	2.248539	0.5467107	0.723907	0.276093	0.8516663
16956	-3994.756	-4255.211	260.4553	2.290989	0.5034221	0.705588	0.294412	0.8131713
16962	-3989.189	-4249.609	260.4194	2.379896	0.4991619	0.74184	0.25816	0.7492798
16968	-3987.683	-4248.087	260.404	2.379896	0.5060974	0.725875	0.274125	0.7551537
16974	-3990.53	-4251.045	260.5145	2.355505	0.4671417	0.735697	0.264303	0.7235098
16980	-3993.104	-4253.436	260.3321	1.97179	0.4537314	0.704667	0.295333	1.318373
16986	-3988.939	-4249.147	260.2086	1.964041	0.4981412	0.655899	0.344101	1.362368
16992	-3992.32	-4252.505	260.1848	1.932077	0.4981412	0.655899	0.344101	1.406017
16998	-4000.653	-4260.753	260.0996	1.90865	0.486252	0.581505	0.418495	1.503978
17004	-3997.24	-4257.35	260.11	2.022953	0.5576922	0.766715	0.233285	1.318363
17010	-4000.308	-4260.817	260.5093	2.338561	0.4848404	0.705868	0.294132	0.7100978
17016	-4002.721	-4263.129	260.4074	2.338561	0.527736	0.671064	0.328936	0.7595984
17022	-3995.206	-4255.757	260.5506	2.350412	0.4321871	0.657035	0.342965	0.7707872
17028	-3994.137	-4254.633	260.4967	2.36938	0.4822214	0.712485	0.287515	0.6858753
17034	-4002.137	-4262.51	260.3732	2.382507	0.5333065	0.712485	0.287515	0.7313372
17040	-4001.045	-4261.454	260.4096	2.372354	0.4996386	0.680102	0.319898	0.7733905
17046	-4002.697	-4263.172	260.4757	2.432931	0.4579371	0.67462	0.32538	0.6846426
17052	-4006.566	-4267.042	260.4756	2.47173	0.4579371	0.687463	0.312537	0.5956383
17058	-3996.939	-4257.199	260.2599	2.503301	0.5743563	0.687463	0.312537	0.5805955
17064	-3994.566	-4255.149	260.5832	2.465546	0.3897466	0.689592	0.310408	0.6579687
17070	-3991.821	-4252.248	260.4272	2.402142	0.4982099	0.657741	0.342259	0.7035738
17076	-4005.355	-4265.694	260.3393	2.402142	0.5470043	0.568062	0.431938	0.7197741
17082	-4005.068	-4265.427	260.3588	2.352823	0.553194	0.568062	0.431938	0.7514238
17088	-4009.509	-4270.071	260.5624	2.352823	0.4170382	0.568062	0.431938	0.7900697
17094	-3991.367	-4251.827	260.4602	2.410988	0.4808747	0.773846	0.226154	0.6806127
17100	-3988.497	-4248.755	260.2572	2.420377	0.6113565	0.682831	0.317169	0.6615101
17106	-3989.908	-4250.249	260.341	2.359634	0.547137	0.641752	0.358248	0.780753
17112	-3977.768	-4238.115	260.3472	2.273117	0.5668663	0.733552	0.266448	0.8457709
17118	-3991.095	-4251.531	260.4367	2.28304	0.4690917	0.626076	0.373924	0.9135942
17124	-3992.651	-4253.025	260.375	2.410948	0.4879022	0.7168	0.2832	0.7949183
17130	-3992.384	-4252.647	260.2631	2.410948	0.5761419	0.7168	0.2832	0.7554971
17136	-4010.221	-4270.414	260.1923	2.531843	0.5761419	0.667339	0.332661	0.6715838
17142	-3998.161	-4258.535	260.374	2.425914	0.5270575	0.67194	0.32806	0.6715838
17148	-4002.067	-4262.376	260.3095	2.425914	0.5270575	0.687076	0.312924	0.7762493
17154	-3987.902	-4248.03	260.1287	2.481895	0.6265356	0.667341	0.332659	0.7408412
17160	-3994.581	-4254.771	260.1903	2.481895	0.6080608	0.636078	0.363922	0.6813088
17166	-3990.017	-4250.299	260.282	2.343203	0.6103557	0.686915	0.313085	0.753555
17172	-3974.987	-4235.392	260.4049	2.415639	0.4847636	0.658131	0.341869	0.753555
17178	-3973.723	-4234.03	260.3067	2.406652	0.5767992	0.658131	0.341869	0.6900392
17184	-3979.97	-4240.287	260.3162	2.41883	0.5767992	0.679075	0.320925	0.6468909
17190	-3979.416	-4239.942	260.5266	2.395429	0.4211848	0.714518	0.285482	0.7697116
17196	-3984.212	-4244.506	260.2942	2.387102	0.5648194	0.714518	0.285482	0.7697116
17202	-3986.073	-4246.325	260.2512	2.387102	0.5872289	0.599091	0.400909	0.7830084
17208	-3965.023	-4225.3	260.2765	2.367532	0.5354909	0.633168	0.366832	0.875276
17214	-3993.359	-4253.807	260.448	2.484323	0.4262103	0.642074	0.357926	0.7408171
17220	-3971.271	-4231.634	260.3631	2.407352	0.5188163	0.610081	0.389919	0.7443035
17226	-3978.363	-4238.845	260.4815	2.372861	0.4634586	0.692061	0.307939	0.7575958
17232	-3979.829	-4240.266	260.4364	2.372861	0.4894055	0.669299	0.330701	0.7586664
17238	-3999.159	-4259.598	260.4391	2.398124	0.489554	0.768851	0.231149	0.7147305
17244	-4000.406	-4260.791	260.3852	2.398124	0.530059	0.694366	0.305634	0.693701
17250	-3987.382	-4247.712	260.3295	2.325897	0.5837373	0.679788	0.320212	0.7661223
17256	-3983.638	-4244.009	260.3706	2.379487	0.5223031	0.671471	0.328529	0.7661223
17262	-3973.791	-4234.07	260.2794	2.379487	0.5814207	0.67558	0.32442	0.7661223
17268	-3995.434	-4255.915	260.4811	2.339637	0.4473485	0.735418	0.264582	0.8405831
17274	-3994.47	-4254.971	260.5005	2.333442	0.450716	0.636949	0.363051	0.816282
17280	-3995.799	-4256.283	260.4838	2.338831	0.450716	0.711717	0.288283	0.8307121
17286	-3988.153	-4248.493	260.3395	2.329675	0.5429761	0.711717	0.288283	0.8307121
17292	-3983.825	-4244.342	260.5175	2.329675	0.4579366	0.709198	0.290802	0.781631
17298	-3985.6	-4245.946	260.3459	2.31313	0.5723278	0.649217	0.350783	0.7850459
17304	-3987.394	-4247.925	260.5311	2.109782	0.4760744	0.652623	0.347377	0.9843403
17310	-3996.29	-4256.755	260.4651	2.020309	0.4873283	0.703555	0.296445	1.114671
17316	-3992.675	-4253.029	260.3538	2.020309	0.5353592	0.666091	0.333909	1.144357
17322	-3993.156	-4253.538	260.3821	2.020309	0.5309828	0.609193	0.390807	1.125249
17328	-3998.26	-4258.706	260.4463	2.118287	0.4796165	0.609193	0.390807	1.053346
17334	-3989.931	-4250.298	260.3671	2.170058	0.5337809	0.609193	0.390807	0.9933717
17340	-3989.391	-4249.739	260.348	2.132823	0.5337809	0.688421	0.311579	1.048538
17346	-4002.773	-4263.142	260.3689	2.059661	0.5077329	0.56975	0.43025	1.135397
17352	-4004.799	-4265.09	260.2907	2.059661	0.5612691	0.56975	0.43025	1.129778
17358	-3994.408	-4254.766	260.3581	2.05514	0.4925903	0.635096	0.364904	1.171052
17364	-3998.678	-4259.091	260.413	2.05514	0.4963476	0.69002	0.30998	1.116649
17370	-4001.125	-4261.22	260.0956	1.928024	0.6132539	0.715224	0.284776	1.340129
17376	-3995.043	-4255.334	260.2917	1.928024	0.4867484	0.711519	0.288481	1.340129
17382	-4005.176	-4265.4	260.224	2.08815	0.5659483	0.775827	0.224173	1.157376
17388	-4001.098	-4261.502	260.4041	2.08815	0.4671722	0.528669	0.471331	1.139474
17394	-3992.919	-4253.327	260.4075	2.08815	0.4480153	0.678108	0.321892	1.16623
17400	-3973.852	-4234.383	260.5315	2.08815	0.4038414	0.71854	0.28146	1.128708
17406	-3968.856	-4229.077	260.2213	2.141545	0.5538683	0.804167	0.195833	1.128708
17412	-3976.251	-4236.783	260.5318	2.199002	0.4354307	0.60835	0.39165	0.9656225
17418	-3989.866	-4250.099	260.2334	2.201644	0.545267	0.675837	0.324163	1.074815
17424	-3974.931	-4235.248	260.3171	2.192244	0.5065554	0.675837	0.324163	1.063041
17430	-3982.942	-4243.296	260.3538	2.192244	0.5030229	0.682767	0.317233	1.0335
17436	-3990.99	-4251.39	260.4004	2.192244	0.5305467	0.659632	0.340368	0.941229
17442	-3977.915	-4238.245	260.3301	2.189498	0.5279253	0.601526	0.398474	1.020018
17448	-3990.353	-4250.815	260.4625	2.090963	0.4984381	0.64641	0.35359	1.033661
17454	-3984.276	-4244.716	260.4401	2.134571	0.4984381	0.64641	0.35359	1.012961
17460	-3984.732	-4245.166	260.4345	2.054776	0.5189643	0.658021	0.341979	1.06297
17466	-3994.571	-4254.839	260.2676	1.96856	0.5354223	0.749818	0.250182	1.262368
17472	-3990.13	-4250.547	260.4167	2.106263	0.4785982	0.74738	0.25262	1.093865
17478	-3980.313	-4240.652	260.3394	2.106263	0.5052924	0.819649	0.180351	1.12362
17484	-3984.081	-4244.5	260.4185	2.042424	0.5430814	0.645926	0.354074	1.053602
17490	-3984.118	-4244.465	260.3466	2.027694	0.458446	0.69653	0.30347	1.253942
17496	-3997.507	-4257.781	260.2745	1.985331	0.4145756	0.698196	0.301804	1.409525
17502	-4001.74	-4261.894	260.1536	1.985331	0.6034157	0.748068	0.251932	1.257836
17508	-3992.228	-4252.471	260.2427	2.067002	0.6688759	0.653853	0.346147	1.023963
17514	-3988.124	-4248.182	260.0586	2.202532	0.7382261	0.653853	0.346147	0.9827043
17520	-3979.533	-4239.93	260.3974	2.351499	0.4752918	0.601824	0.398176	0.8682567
17526	-3999.105	-4259.501	260.3964	2.333689	0.4752918	0.617336	0.382664	0.8900041
17532	-3993.712	-4254.029	260.317	2.30686	0.5401878	0.792753	0.207247	0.8900041
17538	-3979.677	-4240.044	260.3672	2.162869	0.5401878	0.744542	0.255458	0.9903497
17544	-3973.397	-4233.828	260.4306	2.239857	0.5162879	0.791991	0.208009	0.8802103
17550	-3975.917	-4236.407	260.4904	2.244196	0.4557073	0.628808	0.371192	0.9229784
17556	-3983.973	-4244.196	260.2222	2.244196	0.6001809	0.723246	0.276754	0.9628327
17562	-3992.177	-4251.838	259.6608	1.85272	0.5622869	0.689933	0.310067	1.772659
17568	-3989.842	-4249.486	259.6438	1.788345	0.6175255	0.708984	0.291016	1.772659
17574	-3994.817	-4254.841	260.0242	1.830603	0.425809	0.717271	0.282729	1.693218
17580	-3977.502	-4237.89	260.3883	2.208634	0.5224306	0.653162	0.346838	0.9503187
17586	-3979.816	-4240.214	260.3972	2.242467	0.5035008	0.657482	0.342518	0.9375879
17592	-3983.622	-4244.078	260.456	2.318265	0.434597	0.727148	0.272852	0.9210177
17598	-3990.489	-4251.025	260.5366	2.261008	0.4298768	0.581368	0.418632	0.9046925
17604	-3987.687	-4247.973	260.2866	2.358439	0.5397026	0.73074	0.26926	0.8663291
17610	-3975.182	-4235.596	260.4149	2.32757	0.5169452	0.740286	0.259714	0.7889449
17616	-3980.569	-4240.994	260.4241	2.32757	0.5169452	0.800669	0.199331	0.7761596
17622	-3990.944	-4251.466	260.5218	2.32757	0.4664297	0.745493	0.254507	0.7572739
17628	-3994.208	-4254.614	260.4059	2.369162	0.5107664	0.634692	0.365308	0.7569804
17634	-3978.949	-4239.171	260.2224	2.369162	0.5850057	0.606227	0.393773	0.8477104
17640	-3996.776	-4257.169	260.3924	2.231701	0.5007599	0.647038	0.352962	0.9588822
17646	-3993.388	-4253.502	260.114	2.231701	0.6330554	0.786936	0.213064	1.036717
17652	-3975.701	-4236.075	260.3745	2.235424	0.5411207	0.646745	0.353255	0.9041268
17658	-3975.224	-4235.571	260.3462	2.284699	0.5411207	0.613255	0.386745	0.8802889
17664	-3968.961	-4229.352	260.3914	2.284699	0.5247831	0.663362	0.336638	0.8574684
17670	-3985.114	-4245.603	260.4892	2.291711	0.4518179	0.746131	0.253869	0.8786145
17676	-3971.339	-4231.833	260.4943	2.327527	0.4518179	0.72691	0.27309	0.82932
17682	-3964.496	-4224.918	260.4215	2.224392	0.49985	0.72691	0.27309	0.937457
17688	-3988.396	-4248.668	260.272	2.230006	0.5922737	0.72691	0.27309	0.937457
17694	-3983.261	-4243.781	260.5203	2.230006	0.4443971	0.708602	0.291398	0.9277789
17700	-3971.255	-4231.756	260.5011	2.197078	0.4443971	0.622556	0.377444	0.9825329
17706	-3976.584	-4237.067	260.4826	2.197078	0.4443971	0.636391	0.363609	1.001099
17712	-3974.98	-4235.253	260.2738	2.165613	0.5803523	0.656928	0.343072	1.019528
17718	-3982.796	-4243.249	260.4525	2.13872	0.5072831	0.655207	0.344793	0.9816741
17724	-3996.373	-4256.762	260.3892	2.062248	0.4118262	0.663501	0.336499	1.260406
17730	-4015.08	-4275.553	260.473	2.06077	0.4118262	0.674612	0.325388	1.190849
17736	-3995.464	-4255.792	260.3277	1.956026	0.4844386	0.772798	0.227202	1.291618
17742	-4000.626	-4260.731	260.1048	1.960279	0.556526	0.789582	0.210418	1.3738
17748	-3992.057	-4252.271	260.2142	1.960279	0.556526	0.745975	0.254025	1.286114
17754	-3994.834	-4254.803	259.9686	1.960279	0.6155775	0.658574	0.341426	1.411938
17760	-3993.07	-4253.432	260.3615	2.013359	0.486273	0.651528	0.348472	1.213182
17766	-3992.894	-4253.169	260.2748	2.024295	0.5339906	0.651528	0.348472	1.211413
17772	-3989.661	-4250.011	260.3497	1.921861	0.4975966	0.651528	0.348472	1.283555
17778	-3995.703	-4255.827	260.124	1.930021	0.5865852	0.651528	0.348472	1.346785
17784	-3998.815	-4258.982	260.166	1.941336	0.5508726	0.546614	0.453386	1.347254
17790	-3989.387	-4249.614	260.2269	1.919803	0.5258267	0.781722	0.218278	1.347254
17796	-3989.807	-4249.832	260.0257	1.913874	0.5396599	0.780532	0.219468	1.490366
17802	-3984.41	-4244.394	259.9842	1.871749	0.4411865	0.61283	0.38717	1.672498
17808	-3987.237	-4247.023	259.7861	1.9097	0.4564956	0.701682	0.298318	1.766148
17814	-3999.424	-4259.216	259.7916	1.765091	0.567107	0.621696	0.378304	1.737309
17820	-3976.069	-4235.823	259.7539	1.731886	0.567107	0.637354	0.362646	1.78683
17826	-3985.175	-4244.961	259.7859	1.860323	0.4684891	0.73145	0.26855	1.78612
17832	-3975.756	-4235.869	260.1126	1.766261	0.402809	0.735508	0.264492	1.706864
17838	-3967.99	-4228.018	260.0279	1.766261	0.5431239	0.721119	0.278881	1.593914
17844	-3969.004	-4229.027	260.0236	1.967542	0.5654282	0.766449	0.233551	1.420803
17850	-3980.455	-4240.586	260.1315	2.023066	0.6174667	0.770996	0.229004	1.227932
17856	-3975.275	-4235.628	260.3527	2.040978	0.4425625	0.662875	0.337125	1.261265
17862	-3993.081	-4253.199	260.1179	2.015019	0.6047518	0.711394	0.288606	1.261265
17868	-3981.218	-4241.507	260.2889	2.010492	0.5082728	0.649327	0.350673	1.246052
17874	-3980.01	-4240.251	260.2408	1.985115	0.5457382	0.583991	0.416009	1.257514
17880	-3983.595	-4243.943	260.347	2.112367	0.4427837	0.60595	0.39405	1.205687
17886	-3982.286	-4242.691	260.4054	2.12603	0.4741874	0.615793	0.384207	1.093091
17892	-3979.309	-4239.392	260.0828	2.082597	0.5370041	0.74548	0.25452	1.318118
17898	-3972.757	-4233.045	260.2878	2.053184	0.4724835	0.753186	0.246814	1.261338
17904	-3986.149	-4246.527	260.3779	2.009795	0.4475018	0.64562	0.35438	1.258874
17910	-3982.468	-4242.723	260.2546	1.87731	0.5398359	0.636967	0.363033	1.341382
17916	-3984.486	-4244.59	260.1035	1.923567	0.5751966	0.628527	0.371473	1.381461
17922	-3985.552	-4245.722	260.1703	1.945626	0.5113998	0.620399	0.379601	1.38984
17928	-3997.629	-4257.719	260.0903	1.973953	0.4905026	0.695533	0.304467	1.456289
17934	-3989.033	-4249.147	260.1142	2.04941	0.5903606	0.717835	0.282165	1.253237
17940	-3997.977	-4258.373	260.3965	2.062669	0.4796178	0.628551	0.371449	1.149899
17946	-3991.12	-4251.444	260.324	2.185805	0.5667818	0.694604	0.305396	0.9691584
17952	-3998.564	-4259.153	260.5888	2.071442	0.4734329	0.567971	0.432029	0.9691584
17958	-3989.692	-4250.126	260.4335	2.168417	0.5082128	0.722373	0.277627	0.9691584
17964	-3976.607	-4237.084	260.4766	2.125366	0.5082128	0.715668	0.284332	0.9691584
17970	-3983.121	-4243.435	260.3143	2.125366	0.5154875	0.65217	0.34783	1.114078
17976	-3968.399	-4228.7	260.3004	2.127663	0.5352253	0.710097	0.289903	1.095872
17982	-3979.318	-4239.493	260.1742	2.127663	0.6195885	0.715772	0.284228	1.095872
17988	-3991.152	-4251.3	260.1483	2.127663	0.6195885	0.681119	0.318881	1.119514
17994	-3980.494	-4240.962	260.4686	2.121676	0.4290826	0.667321	0.332679	1.11248
18000	-3977.917	-4238.154	260.2362	2.023148	0.5053457	0.667321	0.332679	1.283152
18006	-3974.818	-4235.185	260.3666	2.036478	0.4861217	0.769249	0.230751	1.189299
18012	-3975.462	-4235.711	260.249	2.036478	0.5229679	0.722449	0.277551	1.237795
18018	-3988.184	-4248.502	260.318	2.036478	0.5229679	0.634267	0.365733	1.178894
18024	-3985.117	-4245.461	260.3445	2.0551	0.5280459	0.596574	0.403426	1.132019
18030	-3980.682	-4241.301	260.6188	2.057064	0.3755475	0.693834	0.306166	1.128013
18036	-3981.476	-4241.63	260.154	2.068286	0.5477005	0.604687	0.395313	1.257986
18042	-3971.445	-4231.627	260.1827	2.113163	0.5539008	0.67075	0.32925	1.187657
18048	-3982.574	-4242.784	260.2094	2.113163	0.5477862	0.632496	0.367504	1.172665
18054	-3991.226	-4251.482	260.2559	2.113163	0.5585033	0.632496	0.367504	1.116698
18060	-3988.806	-4248.769	259.9631	2.113163	0.7103656	0.717725	0.282275	1.18748
18066	-3976.593	-4236.878	260.2846	2.078551	0.4605251	0.686942	0.313058	1.260138
18072	-3984.023	-4244.381	260.3581	2.073536	0.4850744	0.717905	0.282095	1.16596
18078	-3975.598	-4235.93	260.332	2.073477	0.515514	0.675795	0.324205	1.144686
18084	-3983.468	-4243.214	259.7457	2.021574	0.6319002	0.695134	0.304866	1.517123
18090	-3983.975	-4244.117	260.142	2.037961	0.5596845	0.736421	0.263579	1.277679
18096	-3985.37	-4245.491	260.1209	1.974797	0.48742	0.813425	0.186575	1.436169
18102	-3978.186	-4238.169	259.983	1.846001	0.5283163	0.686814	0.313186	1.585532
18108	-3982.275	-4242.303	260.0284	1.853243	0.455744	0.645721	0.354279	1.635442
18114	-3987.852	-4248.08	260.2282	1.874796	0.4918867	0.645721	0.354279	1.424792
18120	-3978.236	-4238.134	259.8972	1.838959	0.5495502	0.645668	0.354332	1.628736
18126	-3975.64	-4235.88	260.2396	1.951115	0.4770738	0.629695	0.370305	1.376045
18132	-3987.131	-4247.317	260.186	1.943839	0.513638	0.616205	0.383795	1.376045
18138	-3996.477	-4256.413	259.9356	1.943839	0.5704926	0.642972	0.357028	1.499922
18144	-3986.458	-4246.372	259.914	1.954198	0.5870367	0.582018	0.417982	1.489807
18150	-3971.938	-4232.257	260.3195	1.991644	0.4592419	0.768771	0.231229	1.304615
18156	-3980.972	-4241.032	260.0606	2.032365	0.5811714	0.70001	0.29999	1.322091
18162	-3974.824	-4235.154	260.3302	2.061691	0.4917877	0.624	0.376	1.190738
18168	-3984.271	-4244.512	260.2409	2.032821	0.5266482	0.633444	0.366556	1.242729
18174	-3980.129	-4240.466	260.3377	2.032821	0.4683399	0.676764	0.323236	1.242729
18180	-3987.551	-4247.875	260.3242	1.982122	0.5185073	0.695115	0.304885	1.226249
18186	-3999.796	-4260.019	260.2229	2.01856	0.5185073	0.709121	0.290879	1.280235
18192	-4005.347	-4265.305	259.9583	1.87351	0.586202	0.572193	0.427807	1.518044
18198	-3988.832	-4248.842	260.0102	1.846177	0.5697275	0.594649	0.405351	1.518044
18204	-3993.598	-4253.579	259.9806	1.775376	0.5222944	0.764246	0.235754	1.645374
18210	-3994.033	-4253.481	259.4474	1.76565	0.5784687	0.682246	0.317754	1.961206
18216	-3990.469	-4250.374	259.9054	1.719038	0.4745407	0.706062	0.293938	1.793965
18222	-3994.025	-4253.717	259.6915	1.719038	0.5195278	0.6972	0.3028	1.889507
18228	-3996.25	-4256.035	259.7853	1.765637	0.5458401	0.6756	0.3244	1.764158
18234	-3982.897	-4242.569	259.672	1.771709	0.5187864	0.707884	0.292116	1.86773
18240	-3991.325	-4251.129	259.8043	1.805457	0.4706115	0.665214	0.334786	1.808816
18246	-3986.884	-4246.978	260.0941	1.805457	0.4706115	0.687173	0.312827	1.603742
18252	-3986.221	-4246.246	260.0243	1.914798	0.495518	0.674848	0.325152	1.543889
18258	-3992.071	-4252.093	260.0221	1.992747	0.5052183	0.674848	0.325152	1.475207
18264	-3995.539	-4255.41	259.8718	1.949678	0.5052183	0.787986	0.212014	1.618161
18270	-3986.959	-4246.927	259.9681	1.949678	0.570798	0.655063	0.344937	1.470711
18276	-3988.116	-4248.282	260.1659	1.949678	0.6165265	0.655063	0.344937	1.261593
18282	-3984.77	-4245.178	260.4074	2.042872	0.4849523	0.65419	0.34581	1.149742
18288	-3982.077	-4242.426	260.3489	1.940246	0.4810216	0.650086	0.349914	1.291923
18294	-3988.647	-4249.081	260.4348	2.012286	0.4810216	0.602883	0.397117	1.158468
18300	-3989.894	-4250.188	260.2935	1.995454	0.5120597	0.748542	0.251458	1.249622
18306	-3987.354	-4247.661	260.3071	2.016278	0.4422596	0.772353	0.227647	1.319107
18312	-3996.052	-4256.369	260.3172	1.990709	0.531821	0.622031	0.377969	1.206858
18318	-4003.383	-4263.606	260.2224	2.066549	0.5131275	0.715814	0.284186	1.248111
18324	-3990.262	-4250.527	260.2645	2.044738	0.4904883	0.628525	0.371475	1.26234
18330	-3981.887	-4242.058	260.1707	1.983627	0.547428	0.70689	0.29311	1.313927
18336	-3991.559	-4251.641	260.0818	1.983627	0.5704767	0.618135	0.381865	1.356777
18342	-3980.011	-4240.151	260.1396	2.032294	0.5704767	0.71244	0.28756	1.270821
18348	-3983.48	-4243.649	260.1696	1.969958	0.5577198	0.696043	0.303957	1.313026
18354	-3978.247	-4238.405	260.1574	2.059991	0.533339	0.754885	0.245115	1.280582
18360	-3974.451	-4234.639	260.1876	2.042905	0.5107839	0.600467	0.399533	1.299376
18366	-3972.933	-4233.076	260.1428	2.012399	0.5384387	0.70046	0.29954	1.324537
18372	-3980.498	-4240.528	260.0296	2.012399	0.6012507	0.676482	0.323518	1.339221
18378	-3981.245	-4241.397	260.1515	1.886709	0.4944063	0.64144	0.35856	1.471074
18384	-3981.334	-4241.411	260.0767	1.783547	0.4887309	0.598054	0.401946	1.609902
18390	-3981.027	-4241.127	260.0999	1.783547	0.4887309	0.689443	0.310557	1.593021
18396	-3987.421	-4247.052	259.6317	1.874516	0.6074293	0.657057	0.342943	1.730952
18402	-3990.22	-4250.238	260.0182	1.86894	0.4709361	0.583401	0.416599	1.612372
18408	-3991.7	-4251.917	260.2171	1.986522	0.5237785	0.680611	0.319389	1.30422
18414	-3999.567	-4259.861	260.2937	2.040532	0.575806	0.685961	0.314039	1.124476
18420	-3984.544	-4244.665	260.1205	2.044333	0.5551415	0.750753	0.249247	1.295711
18426	-3986.491	-4246.692	260.2003	2.046035	0.5728742	0.650542	0.349458	1.205338
18432	-3976.189	-4236.455	260.2658	2.046035	0.5157665	0.707283	0.292717	1.225336
18438	-3988.597	-4248.856	260.2592	2.014458	0.5397349	0.723498	0.276502	1.225336
18444	-3977.761	-4237.72	259.9591	1.86926	0.5658759	0.671888	0.328112	1.543201
18450	-3980.821	-4240.932	260.1106	2.049988	0.5611285	0.634002	0.365998	1.291723
18456	-3982.408	-4242.503	260.0947	2.056658	0.5611285	0.727904	0.272096	1.299289
18462	-3985.331	-4245.555	260.2247	2.092382	0.6044601	0.727904	0.272096	1.101818
18468	-3983.923	-4244.234	260.3111	2.121125	0.5168092	0.63887	0.36113	1.118815
18474	-3996.232	-4256.648	260.4162	2.074481	0.4697308	0.63887	0.36113	1.136994
18480	-3979.675	-4240.033	260.3576	2.096526	0.5163489	0.692766	0.307234	1.099569
18486	-3981.606	-4241.991	260.3846	2.140221	0.5163489	0.752903	0.247097	1.03304
18492	-3980.802	-4241.208	260.4062	2.192165	0.475928	0.717738	0.282262	1.026829
18498	-3983.09	-4243.343	260.2537	2.106034	0.4672878	0.583998	0.416002	1.253206
18504	-3995.526	-4255.711	260.1841	2.054672	0.4882343	0.647606	0.352394	1.322851
18510	-3977.78	-4238.052	260.2719	1.985706	0.4606713	0.675978	0.324022	1.345608
18516	-3977.201	-4237.546	260.3453	1.985706	0.4296778	0.688176	0.311824	1.331393
18522	-3981.037	-4241.323	260.286	1.959043	0.4782619	0.579842	0.420158	1.331393
18528	-3984.892	-4244.904	260.0117	1.822783	0.5444827	0.667245	0.332755	1.56292
18534	-3996.269	-4255.984	259.7151	1.772023	0.5771989	0.706936	0.293064	1.77533
18540	-3983.305	-4243.275	259.97	1.81371	0.5700242	0.754168	0.245832	1.571403
18546	-3975.316	-4235.441	260.125	1.895088	0.45418	0.652642	0.347358	1.536333
18552	-3980.706	-4240.527	259.821	1.895088	0.657057	0.677395	0.322605	1.529336
18558	-3977.808	-4237.682	259.8741	1.857077	0.6963317	0.677395	0.322605	1.478776
18564	-3977.989	-4237.767	259.7777	1.857077	0.5540103	0.700548	0.299452	1.696323
18570	-3998.493	-4258.635	260.1412	1.886408	0.4016749	0.700548	0.299452	1.601861
18576	-3988.823	-4248.911	260.0888	1.766123	0.4357568	0.700548	0.299452	1.680219
18582	-3985.403	-4245.175	259.7728	1.839226	0.5182248	0.700548	0.299452	1.752027
18588	-3997.887	-4257.679	259.7924	1.808811	0.5249668	0.700548	0.299452	1.752027
18594	-3984.64	-4244.55	259.9097	1.781344	0.4962717	0.660951	0.339049	1.721827
18600	-3985.952	-4246.38	260.4282	2.019786	0.4513861	0.661465	0.338535	1.202328
18606	-3993.521	-4253.82	260.2987	2.007804	0.482861	0.661465	0.338535	1.275158
18612	-3988.649	-4248.703	260.0542	1.932385	0.5585209	0.674855	0.325145	1.432397
18618	-3984.804	-4244.83	260.0256	1.919407	0.5862034	0.610206	0.389794	1.432397
18624	-3977.629	-4237.589	259.9598	1.873008	0.5034995	0.667769	0.332231	1.611989
18630	-3978.42	-4238.469	260.0493	1.847088	0.5630345	0.631901	0.368099	1.495685
18636	-3977.491	-4237.571	260.08	1.874493	0.5148147	0.699174	0.300826	1.508881
18642	-3988.458	-4248.483	260.0257	1.953136	0.4760208	0.699174	0.300826	1.538772
18648	-3989.963	-4250.412	260.4497	1.993198	0.4430307	0.616626	0.383374	1.219302
18654	-3999.539	-4259.814	260.2754	1.941416	0.4714315	0.707609	0.292391	1.363137
18660	-3996.013	-4256.25	260.2372	1.970992	0.5012345	0.721915	0.278085	1.329995
18666	-3980.734	-4240.971	260.2369	1.970992	0.5381447	0.721915	0.278085	1.282121
18672	-3991.51	-4251.614	260.1037	1.999711	0.6057488	0.625179	0.374821	1.284353
18678	-3999.381	-4259.535	260.1539	2.023535	0.5752833	0.628581	0.371419	1.260267
18684	-3985.52	-4245.582	260.062	2.064548	0.635945	0.693707	0.306293	1.229552
18690	-3977.079	-4237.504	260.4245	2.052065	0.4952262	0.697558	0.302442	1.110769
18696	-3972.718	-4233.03	260.3115	2.130258	0.5619737	0.697558	0.302442	1.044128
18702	-3975.421	-4235.844	260.4229	2.141673	0.4848348	0.734269	0.265731	1.04484
18708	-3975.102	-4235.242	260.1397	2.193831	0.6073878	0.668341	0.331659	1.08278
18714	-3973.543	-4233.73	260.1876	2.178015	0.5855855	0.699892	0.300108	1.08247
18720	-3983.783	-4244.045	260.2618	2.246901	0.5855855	0.656973	0.343027	0.9408674
18726	-3989.091	-4249.593	260.5017	2.246901	0.4086401	0.650537	0.349463	0.9981793
18732	-3994.215	-4254.597	260.3813	2.238555	0.537575	0.59983	0.40017	0.8992621
18738	-3990.079	-4250.451	260.3723	2.238555	0.5793029	0.729572	0.270428	0.8344369
18744	-3977.143	-4237.497	260.3538	2.203199	0.5793029	0.766975	0.233025	0.8981068
18750	-3985.333	-4245.562	260.2292	2.255757	0.5793029	0.536508	0.463492	0.9754341
18756	-3993.532	-4253.958	260.4253	2.255757	0.4787632	0.633938	0.366062	0.9376806
18762	-3988.637	-4248.959	260.3221	2.23388	0.555154	0.570255	0.429745	0.9393615
18768	-3986.049	-4246.478	260.4287	2.23388	0.4776585	0.599111	0.400889	0.9592135
18774	-3982.403	-4242.779	260.3761	2.216244	0.4702324	0.599111	0.400889	1.042179
18780	-3986.968	-4247.386	260.4178	2.275611	0.5149926	0.711183	0.288817	0.8555608
18786	-3985.559	-4246.113	260.5538	2.260166	0.4442424	0.73645	0.26355	0.8555608
18792	-3985.362	-4245.922	260.56	2.212503	0.4663141	0.752057	0.247943	0.8585977
18798	-3986.962	-4247.438	260.4764	2.292769	0.4897894	0.723332	0.276668	0.8128277
18804	-3995.468	-4256.079	260.6111	2.320738	0.3797165	0.729193	0.270807	0.8605373
18810	-3993.996	-4254.406	260.41	2.352526	0.5059667	0.633536	0.366464	0.7859758
18816	-3998.061	-4258.514	260.4527	2.310179	0.5059667	0.704266	0.295734	0.785394
18822	-3993.851	-4254.283	260.4322	2.281853	0.5368992	0.657697	0.342303	0.7842263
18828	-3994.217	-4254.604	260.3878	2.274683	0.5368992	0.657697	0.342303	0.8506845
18834	-3995.841	-4256.244	260.4028	2.25971	0.5368992	0.657697	0.342303	0.8506845
18840	-4001.314	-4261.404	260.0902	2.027069	0.6972365	0.674122	0.325878	1.166598
18846	-3998.141	-4258.486	260.3451	1.960762	0.5214933	0.717972	0.282028	1.222574
18852	-3982.191	-4242.45	260.2588	2.323919	0.5685249	0.686181	0.313819	0.8872373
18858	-3980.968	-4241.389	260.4212	2.205347	0.4717341	0.686181	0.313819	1.006178
18864	-4001.062	-4261.35	260.2885	2.201146	0.5234678	0.616885	0.383115	1.055789
18870	-3986.954	-4247.537	260.5833	2.250827	0.4170774	0.647993	0.352007	0.89027
18876	-3990.273	-4250.664	260.3909	2.229811	0.4804862	0.536106	0.463894	0.997052
18882	-4004.167	-4264.593	260.4257	2.225524	0.4906061	0.596461	0.403539	0.9480826
18888	-4005.35	-4265.802	260.4514	2.192563	0.502524	0.647365	0.352635	0.9347646
18894	-4018.753	-4279.025	260.2718	2.141089	0.6185091	0.753567	0.246433	0.9906203
18900	-4004.539	-4264.888	260.3494	2.107613	0.5527307	0.742115	0.257885	1.042994
18906	-3981.683	-4241.98	260.2967	2.174333	0.5527307	0.756823	0.243177	1.029532
18912	-3987.15	-4247.522	260.3725	2.201483	0.5236677	0.647941	0.352059	0.9722093
18918	-3985.403	-4245.925	260.5215	2.201483	0.4560773	0.712258	0.287742	0.9347979
18924	-3991.829	-4252.212	260.383	2.236817	0.5172752	0.679582	0.320418	0.9347979
18930	-3983.555	-4243.981	260.4256	2.252402	0.5172752	0.658201	0.341799	0.8694982
18936	-3985.523	-4245.823	260.3002	2.336672	0.5674785	0.595762	0.404238	0.823938
18942	-3989.792	-4250.382	260.59	2.322831	0.436537	0.70612	0.29388	0.7416492
18948	-3975.077	-4235.381	260.3037	2.322831	0.5501488	0.620172	0.379828	0.869011
18954	-3984.68	-4245.058	260.378	2.273585	0.5501488	0.742512	0.257488	0.8387348
18960	-3979.127	-4239.685	260.5573	2.226138	0.4460183	0.728501	0.271499	0.8876103
18966	-3989.766	-4250.297	260.5309	2.226138	0.4658006	0.794063	0.205937	0.8778575
18972	-3984.627	-4245.037	260.4099	2.243459	0.5415435	0.757592	0.242408	0.8529041
18978	-3980.679	-4241.048	260.369	2.223513	0.5415435	0.702004	0.297996	0.9225976
18984	-3979.15	-4239.592	260.442	2.223513	0.4962505	0.713609	0.286391	0.9225976
18990	-3983.825	-4244.297	260.4721	2.218982	0.5060371	0.731424	0.268576	0.8756236
18996	-3972.963	-4233.363	260.3995	2.218982	0.4958193	0.692523	0.307477	0.9731454
19002	-3973.879	-4234.297	260.418	2.260535	0.4958193	0.692523	0.307477	0.9091085
19008	-3986.651	-4247.035	260.3845	2.188592	0.5028526	0.643832	0.356168	1.007318
19014	-3979.564	-4239.943	260.3794	2.188592	0.5028526	0.679394	0.320606	1.012359
19020	-3988.544	-4248.754	260.2108	2.090214	0.5257887	0.685088	0.314912	1.220883
19026	-3966.909	-4227.163	260.2539	2.126432	0.5444812	0.734987	0.265013	1.126037
19032	-3979.276	-4239.392	260.116	2.078503	0.6149991	0.76975	0.23025	1.196952
19038	-3971.569	-4231.94	260.371	2.013619	0.4463652	0.619939	0.380061	1.263104
19044	-3996.135	-4256.479	260.3436	2.013619	0.4601662	0.531541	0.468459	1.265581
19050	-3986.249	-4246.401	260.1518	2.09964	0.5371941	0.777836	0.222164	1.247373
19056	-3974.785	-4235.07	260.2845	2.145594	0.5183405	0.65201	0.34799	1.118558
19062	-3977.104	-4237.537	260.4328	2.117448	0.4474679	0.684148	0.315852	1.118558
19068	-3983.065	-4243.388	260.3232	2.157302	0.4892958	0.682156	0.317844	1.116164
19074	-3989.841	-4250.084	260.2435	2.062321	0.5368009	0.575583	0.424417	1.201938
19080	-3968.904	-4229.131	260.2272	2.051846	0.5173876	0.685282	0.314718	1.250647
19086	-3985.956	-4246.187	260.2308	2.002357	0.5188828	0.715722	0.284278	1.286518
19092	-3997.164	-4257.577	260.4133	2.012439	0.4569293	0.715722	0.284278	1.212933
19098	-3993.799	-4254.225	260.4266	2.035529	0.471878	0.632633	0.367367	1.158958
19104	-3979.685	-4240.088	260.4023	2.055748	0.4700098	0.71526	0.28474	1.165398
19110	-3991.894	-4252.367	260.4729	2.086414	0.4293709	0.711343	0.288657	1.139852
19116	-3995.994	-4256.333	260.3392	2.010963	0.5369693	0.711343	0.288657	1.163273
19122	-4007.584	-4267.858	260.2731	2.177682	0.5369693	0.726336	0.273664	1.072259
19128	-4008.64	-4269.031	260.3916	2.113245	0.5369693	0.736948	0.263052	1.020478
19134	-4004.832	-4264.787	259.9546	1.725192	0.4176783	0.682407	0.317593	1.826096
19140	-4010.269	-4270.776	260.5075	2.015821	0.4782205	0.752607	0.247393	1.094201
19146	-4001.274	-4261.403	260.1291	2.015821	0.5898832	0.752607	0.247393	1.269291
19152	-3983.216	-4243.397	260.181	1.837786	0.5278173	0.576247	0.423753	1.444456
19158	-3986.009	-4246.059	260.0493	1.769299	0.5278173	0.727151	0.272849	1.593685
19164	-3980.754	-4240.521	259.7667	1.78962	0.5278173	0.675397	0.324603	1.780165
19170	-3990.087	-4249.639	259.5518	1.703453	0.5278173	0.675397	0.324603	1.985213
19176	-3998.93	-4258.525	259.5953	1.692495	0.5059769	0.710877	0.289123	1.987025
19182	-3979.524	-4238.891	259.3666	1.702196	0.562986	0.738601	0.261399	2.072648
19188	-3977.209	-4236.691	259.4813	1.738785	0.5308098	0.565318	0.434682	2.005508
19194	-3994.284	-4253.579	259.2951	1.757149	0.5499853	0.634819	0.365181	2.096651
19200	-3992.998	-4252.727	259.7285	1.757149	0.5369584	0.70839	0.29161	1.819106
19206	-3975.116	-4234.87	259.7535	1.757149	0.5369584	0.730929	0.269071	1.801801
19212	-3987.962	-4247.559	259.5968	1.712548	0.5161432	0.666628	0.333372	1.961527
19218	-3992.678	-4252.156	259.4787	1.763586	0.6549044	0.692743	0.307257	1.867633
19224	-3981.829	-4241.782	259.9537	1.847161	0.5170641	0.692743	0.307257	1.619096
19230	-3998.951	-4258.797	259.8454	1.845894	0.5496269	0.663458	0.336542	1.660879
19236	-3973.932	-4233.85	259.9177	1.877078	0.5496269	0.722702	0.277298	1.586118
19242	-3970.365	-4230.512	260.1471	1.869887	0.4885314	0.790784	0.209216	1.494537
19248	-3985.383	-4245.47	260.0871	1.884037	0.5163425	0.632897	0.367103	1.494537
19254	-3987.561	-4247.588	260.0278	1.863078	0.5163425	0.773316	0.226684	1.55426
19260	-3981.707	-4241.678	259.9716	1.803335	0.5552624	0.757925	0.242075	1.594263
19266	-3984.852	-4245.044	260.1917	1.928623	0.4723748	0.7027	0.2973	1.436903
19272	-3988.57	-4248.533	259.9628	1.954408	0.6011585	0.7027	0.2973	1.436903
19278	-3977.055	-4237.26	260.2056	1.898851	0.555286	0.725129	0.274871	1.344148
19284	-3983.877	-4243.821	259.9448	1.886169	0.6417938	0.730727	0.269273	1.458734
19290	-3972.44	-4232.424	259.9833	1.877725	0.607367	0.693076	0.306924	1.472887
19296	-3983.148	-4242.905	259.7565	1.931886	0.7488208	0.589598	0.410402	1.460649
19302	-3980.162	-4240.426	260.2632	1.992181	0.5203069	0.69395	0.30605	1.266394
19308	-3968.768	-4229.004	260.2362	1.992181	0.5373051	0.698087	0.301913	1.266394
19314	-3990.089	-4250.142	260.0535	1.936924	0.5803125	0.718789	0.281211	1.404045
19320	-3995.489	-4255.65	260.1612	1.886033	0.5366796	0.673388	0.326612	1.411765
19326	-3985.454	-4245.684	260.23	1.969123	0.5138188	0.70752	0.29248	1.32082
19332	-3988.076	-4248.301	260.2249	2.017076	0.5138188	0.69334	0.30666	1.285995
19338	-3995.451	-4255.484	260.033	2.015963	0.5429234	0.779636	0.220364	1.402825
19344	-3982.488	-4242.748	260.2599	2.010429	0.4866426	0.654956	0.345044	1.299555
19350	-3972.256	-4232.525	260.2697	1.99311	0.5438715	0.684776	0.315224	1.229059
19356	-3986.359	-4246.741	260.3821	1.962045	0.4326209	0.647691	0.352309	1.3165
19362	-3991.98	-4251.943	259.9633	1.962045	0.5646981	0.587618	0.412382	1.471955
19368	-3999.451	-4259.611	260.1603	1.949473	0.4938885	0.7067	0.2933	1.416978
19374	-3993.712	-4253.898	260.1865	1.969065	0.6069797	0.754072	0.245928	1.239698
19380	-4002.532	-4262.904	260.3725	2.14648	0.4562765	0.717731	0.282269	1.132653
19386	-3997.771	-4257.978	260.2071	2.14648	0.5844331	0.73215	0.26785	1.09517
19392	-3986.2	-4246.459	260.2594	2.073274	0.598697	0.73215	0.26785	1.09517
19398	-3998.72	-4258.985	260.2649	2.127208	0.5302621	0.755951	0.244049	1.135515
19404	-3992.431	-4252.695	260.264	2.081401	0.5703088	0.721882	0.278118	1.121874
19410	-3996.827	-4257.07	260.2431	2.081401	0.5369326	0.62202	0.37798	1.185681
19416	-3988.809	-4249.042	260.2333	2.091209	0.5369326	0.643301	0.356699	1.185681
19422	-4000.782	-4260.963	260.1813	2.090454	0.6082927	0.657018	0.342982	1.137732
19428	-3998.78	-4258.925	260.1447	2.090454	0.6341039	0.614417	0.385583	1.137732
19434	-3983.224	-4243.293	260.0693	2.077788	0.5964074	0.731657	0.268343	1.259528
19440	-3984.342	-4244.72	260.3787	2.071433	0.4691494	0.731657	0.268343	1.173546
19446	-4000.637	-4260.99	260.3532	2.057047	0.582922	0.687078	0.312922	1.044103
19452	-3994.938	-4255.35	260.4114	2.148717	0.4879928	0.614883	0.385117	1.04401
19458	-4007.566	-4267.956	260.3907	2.076636	0.5018259	0.700233	0.299767	1.10921
19464	-3991.481	-4251.639	260.1576	2.076636	0.6401314	0.725504	0.274496	1.131098
19470	-3999.457	-4259.628	260.1705	2.076636	0.5433208	0.714825	0.285175	1.242938
19476	-3994.515	-4254.858	260.3429	1.938028	0.4707739	0.658107	0.341893	1.312838
19482	-4004.229	-4264.599	260.3701	1.978793	0.4219431	0.676727	0.323273	1.328466
19488	-3990.703	-4250.842	260.1386	2.040454	0.5534257	0.668669	0.331331	1.286288
19494	-3996.719	-4256.985	260.2659	2.045749	0.5368449	0.555185	0.444815	1.196871
19500	-3995.24	-4255.407	260.1672	1.967351	0.4573857	0.748948	0.251052	1.446033
19506	-4006.656	-4266.755	260.0983	2.022981	0.5126205	0.714774	0.285226	1.384121
19512	-4000.04	-4260.241	260.2014	2.058291	0.5460819	0.700097	0.299903	1.228814
19518	-3989.574	-4249.931	260.3571	2.054549	0.508514	0.67343	0.32657	1.149342
19524	-3999.186	-4259.498	260.3118	2.065369	0.5001553	0.711162	0.288838	1.191417
19530	-3999.883	-4260.199	260.3164	2.069245	0.5115127	0.664143	0.335857	1.167844
19536	-4001.947	-4262.201	260.2534	2.022557	0.4317057	0.706987	0.293013	1.372107
19542	-3999.083	-4259.119	260.0368	1.990968	0.6737054	0.660305	0.339695	1.268948
19548	-3993.228	-4253.456	260.2283	1.935962	0.5281755	0.701801	0.298199	1.330239
19554	-4002.86	-4262.954	260.0933	1.934955	0.5974193	0.660186	0.339814	1.354622
19560	-4020.872	-4280.803	259.9313	1.872315	0.4950904	0.735756	0.264244	1.643104
19566	-4010.443	-4270.404	259.961	1.872315	0.536634	0.648341	0.351659	1.572796
19572	-4002.692	-4262.839	260.1463	1.978517	0.5439889	0.572955	0.427045	1.341901
19578	-3986.724	-4246.778	260.0542	1.978517	0.5439889	0.606511	0.393489	1.414118
19584	-3997.007	-4257.178	260.1705	1.785564	0.5366543	0.663925	0.336075	1.481507
19590	-3989.851	-4249.809	259.9582	1.768407	0.4361821	0.684506	0.315494	1.770028
19596	-3989.608	-4249.676	260.0677	1.776725	0.4347676	0.667751	0.332249	1.68896
19602	-3989.244	-4248.983	259.7389	1.776725	0.6001063	0.647546	0.352454	1.73182
19608	-3985.04	-4244.878	259.8377	1.765752	0.4545117	0.677767	0.322233	1.832515
19614	-4004.457	-4264.352	259.8954	1.718228	0.4913963	0.673372	0.326628	1.781642
19620	-3995.564	-4255.183	259.6198	1.667234	0.5155404	0.673372	0.326628	1.977147
19626	-3983.073	-4242.76	259.6872	1.773899	0.6205477	0.644973	0.355027	1.749429
19632	-3998.849	-4258.408	259.5589	1.740883	0.571283	0.658238	0.341762	1.910018
19638	-3994.831	-4254.417	259.5864	1.740883	0.5888506	0.742964	0.257036	1.873523
19644	-3997.243	-4257.052	259.8092	1.706703	0.470361	0.684936	0.315064	1.873523
19650	-3988.627	-4248.311	259.6839	1.713858	0.5423681	0.684936	0.315064	1.873523
19656	-3985.735	-4245.479	259.7438	1.713858	0.5049724	0.612907	0.387093	1.873523
19662	-3969.218	-4228.816	259.5976	1.698731	0.450737	0.75316	0.24684	2.044075
19668	-3983.825	-4243.641	259.8157	1.701988	0.450737	0.668003	0.331997	1.895687
19674	-3980.444	-4239.85	259.4068	1.701988	0.4965656	0.668003	0.331997	2.115707
19680	-3991.495	-4250.993	259.4983	1.643765	0.4767851	0.678635	0.321365	2.115707
19686	-3999.476	-4258.736	259.2601	1.722445	0.6496356	0.723443	0.276557	2.046936
19692	-4004.078	-4263.428	259.3503	1.774848	0.8175276	0.689956	0.310044	1.807651
19698	-4002.235	-4262	259.7658	1.821106	0.6985897	0.736463	0.263537	1.583767
19704	-3993.144	-4253.09	259.9465	1.883663	0.5652954	0.775454	0.224546	1.542492
19710	-3996.392	-4256.372	259.9794	1.93365	0.4571501	0.767294	0.232706	1.610979
19716	-3995.817	-4255.661	259.8438	1.889539	0.4827333	0.656993	0.343007	1.707997
19722	-3992.21	-4252.215	260.0044	1.890262	0.5935738	0.618506	0.381494	1.462532
19728	-3982.362	-4242.1	259.7379	1.895058	0.6037864	0.618506	0.381494	1.644612
19734	-3991.567	-4251.742	260.1752	1.737302	0.4781165	0.662997	0.337003	1.584966
19740	-3994.07	-4254.411	260.3411	2.133983	0.4685984	0.737561	0.262439	1.152549
19746	-4007.638	-4268.077	260.4385	2.204706	0.4875697	0.704357	0.295643	0.961851
19752	-3989.776	-4250.145	260.3688	2.210139	0.4591293	0.666318	0.333682	1.073147
19758	-3985.232	-4245.541	260.309	2.210139	0.5408803	0.60099	0.39901	1.000203
19764	-3989.73	-4250.278	260.5472	2.219167	0.435733	0.713549	0.286451	0.9273226
19770	-3991.079	-4251.554	260.4747	2.350143	0.4154403	0.730912	0.269088	0.9042185
19776	-3985.346	-4245.667	260.3203	2.350143	0.5272113	0.608171	0.391829	0.8595774
19782	-3971.432	-4231.695	260.2628	2.288026	0.5685206	0.631082	0.368918	0.9229347
19788	-3991.908	-4252.183	260.2747	2.288026	0.5555069	0.68557	0.31443	0.9314505
19794	-3977.541	-4237.777	260.2358	2.266847	0.5813731	0.661623	0.338377	0.9537993
19800	-3972.632	-4233.038	260.406	2.259755	0.5037787	0.820471	0.179529	0.908609
19806	-3969.13	-4229.556	260.4264	2.259755	0.5037787	0.736077	0.263923	0.8856242
19812	-3974.381	-4234.856	260.4747	2.259755	0.4808918	0.733337	0.266663	0.8739703
19818	-3988.97	-4249.529	260.5596	2.245516	0.4405535	0.757366	0.242634	0.8739703
19824	-3997.796	-4258.107	260.311	2.224536	0.5494054	0.665486	0.334514	0.9701335
19830	-3999.961	-4260.506	260.5455	2.270193	0.3824046	0.726085	0.273915	0.9819642
19836	-3983.289	-4243.751	260.4623	2.270193	0.4658755	0.688249	0.311751	0.9056977
19842	-3990.142	-4250.427	260.2857	2.425127	0.5692805	0.682061	0.317939	0.7140649
19848	-3979.435	-4239.629	260.1941	2.43338	0.6159138	0.666514	0.333486	0.738056
19854	-3983.124	-4243.564	260.4401	2.412872	0.4845958	0.666514	0.333486	0.7020467
19860	-3988.007	-4248.34	260.3323	2.312619	0.5526667	0.648293	0.351707	0.8421335
19866	-3974.358	-4234.868	260.5096	2.312619	0.4477189	0.651408	0.348592	0.837919
19872	-3977.488	-4237.978	260.49	2.338062	0.4432969	0.723958	0.276042	0.8404704
19878	-3986.652	-4246.86	260.2076	2.318551	0.6098705	0.723958	0.276042	0.8822305
19884	-3982.413	-4242.675	260.2618	2.267988	0.5595628	0.623016	0.376984	0.9598854
19890	-3979.185	-4239.473	260.2874	2.264446	0.5452104	0.762819	0.237181	0.9598854
19896	-3995.401	-4255.66	260.2586	2.319131	0.5443103	0.697057	0.302943	0.9339532
19902	-3993.577	-4253.807	260.2296	2.319131	0.5456619	0.646661	0.353339	0.962407
19908	-3984.761	-4245.055	260.2949	2.279545	0.5279013	0.646661	0.353339	0.9647551
19914	-3985.295	-4245.586	260.2907	2.279545	0.5305153	0.626333	0.373667	0.9647551
19920	-3997.27	-4257.551	260.2806	2.243368	0.4833298	0.75691	0.24309	1.085554
19926	-3999.634	-4259.802	260.1682	2.243368	0.5529492	0.636365	0.363635	1.085554
19932	-4004.122	-4264.472	260.3504	2.243368	0.5529492	0.671456	0.328544	0.9017059
19938	-3993.784	-4254.059	260.2755	2.297595	0.5655356	0.653736	0.346264	0.9032668
19944	-4002.909	-4263.425	260.5165	2.297595	0.4515652	0.664537	0.335463	0.8394761
19950	-4005.803	-4266.033	260.2298	2.360492	0.5895876	0.711417	0.288583	0.8410028
19956	-3987.78	-4248.204	260.4239	2.389125	0.4561599	0.730007	0.269993	0.8307531
19962	-4001.035	-4261.647	260.6117	2.396712	0.4094498	0.678968	0.321032	0.662855
19968	-3990.46	-4251.015	260.5544	2.245708	0.4307867	0.624352	0.375648	0.9000393
19974	-4000.95	-4261.15	260.2001	2.277295	0.6117952	0.663978	0.336022	0.9334472
19980	-4003.795	-4263.893	260.0985	2.159204	0.6117952	0.663978	0.336022	1.145775
19986	-3982.181	-4242.335	260.1539	2.141358	0.5860082	0.590792	0.409208	1.145775
19992	-3981.472	-4241.921	260.4488	2.141358	0.4521893	0.621618	0.378382	1.074118
19998	-3988.034	-4248.5	260.4661	2.130391	0.4486406	0.731256	0.268744	1.074118
20004	-3988.757	-4249.03	260.2724	2.210443	0.5305349	0.731256	0.268744	1.051516
20010	-3995.653	-4256.017	260.3644	2.218677	0.4978719	0.628235	0.371765	1.005491
20016	-4001.449	-4261.8	260.3516	2.289736	0.4978719	0.628235	0.371765	0.9457188
20022	-3983.709	-4243.997	260.2881	2.27501	0.6037624	0.66387	0.33613	0.8488877
20028	-3979.893	-4240.351	260.4581	2.145269	0.4405342	0.719517	0.280483	1.081264
20034	-3989.866	-4250.24	260.3744	2.05413	0.4974567	0.721233	0.278767	1.150434
20040	-3999.592	-4259.935	260.3432	2.059465	0.4884507	0.711633	0.288367	1.186205
20046	-4006.725	-4267.037	260.3124	2.099275	0.5235748	0.750403	0.249597	1.127598
20052	-3979.897	-4240.107	260.2098	2.150586	0.602096	0.603091	0.396909	1.064755
20058	-3985.439	-4245.64	260.2008	2.133479	0.6013109	0.724681	0.275319	1.090219
20064	-3987.592	-4247.914	260.3217	2.021546	0.4568915	0.724681	0.275319	1.281824
20070	-3994.15	-4254.147	259.9969	1.9627	0.5593317	0.689032	0.310968	1.452109
20076	-3981.622	-4241.582	259.9608	1.9627	0.5593317	0.67777	0.32223	1.479495
20082	-3968.127	-4228.295	260.1686	1.9627	0.4726081	0.767239	0.232761	1.428193
20088	-3980.144	-4240.222	260.0785	1.907611	0.5624563	0.656157	0.343843	1.428193
20094	-3981.431	-4241.203	259.7717	1.853122	0.5183855	0.604919	0.395081	1.742897
20100	-3993.289	-4253.263	259.9731	1.853122	0.5183855	0.581448	0.418552	1.599184
20106	-3976.939	-4236.742	259.803	1.799992	0.4551335	0.581448	0.418552	1.832067
20112	-3996.968	-4256.741	259.7734	1.820148	0.4551335	0.600789	0.399211	1.83858
20118	-3980.523	-4239.903	259.3802	1.836603	0.6727786	0.741213	0.258787	1.86854
20124	-3969.408	-4229.177	259.7683	1.745578	0.5270731	0.649884	0.350116	1.810397
20130	-3978.186	-4237.343	259.1569	1.656591	0.6016572	0.678033	0.321967	2.201795
20136	-3975.333	-4235.203	259.8703	1.681438	0.4581101	0.759766	0.240234	1.863613
20142	-3983.514	-4242.967	259.4525	1.605608	0.4625144	0.721051	0.278949	2.186457
20148	-3982.164	-4241.834	259.6701	1.714253	0.4625144	0.632	0.368	1.971643
20154	-3985.11	-4244.625	259.5142	1.642614	0.4625144	0.739085	0.260915	2.122171
20160	-3979.424	-4239.137	259.7126	1.736164	0.4625144	0.766708	0.233292	1.928296
20166	-3978.91	-4238.739	259.8288	1.803536	0.4358862	0.691569	0.308431	1.835633
20172	-3986.711	-4246.661	259.9504	1.750226	0.4051744	0.675743	0.324257	1.828028
20178	-3989	-4248.766	259.7652	1.71808	0.4051744	0.663057	0.336943	1.975451
20184	-3986.342	-4246.27	259.9284	1.691737	0.3903862	0.684068	0.315932	1.902507
20190	-4013.206	-4273.299	260.0931	1.857618	0.3978236	0.632606	0.367394	1.662636
20196	-3994.412	-4254.522	260.1107	1.886753	0.4876556	0.58273	0.41727	1.510271
20202	-3991.974	-4251.98	260.0062	1.934538	0.5221398	0.698369	0.301631	1.510271
20208	-3988.567	-4248.765	260.1984	1.901538	0.4749449	0.698369	0.301631	1.449132
20214	-3976.193	-4236.44	260.2467	1.907028	0.5421288	0.635676	0.364324	1.321049
20220	-3974.858	-4234.833	259.9746	1.908417	0.5676817	0.616232	0.383768	1.500413
20226	-3974.203	-4234.339	260.1356	1.908417	0.5394318	0.616232	0.383768	1.410928
20232	-3983.039	-4243.154	260.1151	1.908417	0.5394318	0.736178	0.263822	1.426788
20238	-3975.784	-4235.692	259.9087	1.908417	0.6343096	0.71088	0.28912	1.477196
20244	-3997.453	-4257.726	260.273	1.907399	0.5106679	0.71088	0.28912	1.339899
20250	-3997.094	-4257.266	260.1725	1.980508	0.5244884	0.696994	0.303006	1.343973
20256	-4014.646	-4274.913	260.2671	1.948314	0.5096042	0.722537	0.277463	1.313208
20262	-3996.606	-4256.719	260.1127	2.04013	0.5096042	0.690269	0.309731	1.363162
20268	-3982.87	-4242.798	259.9282	1.913903	0.5969061	0.690269	0.309731	1.498557
20274	-3988.734	-4248.752	260.0182	1.850618	0.551767	0.691384	0.308616	1.529147
20280	-3978.414	-4238.525	260.1112	1.867353	0.4664591	0.703868	0.296132	1.551197
20286	-3985.721	-4245.825	260.1041	1.91077	0.4537695	0.703289	0.296711	1.540767
20292	-3989.633	-4249.797	260.1644	1.867457	0.4451042	0.774462	0.225538	1.539645
20298	-3988.394	-4248.584	260.1906	1.888961	0.4451042	0.756777	0.243223	1.504107
20304	-3978.499	-4238.713	260.2141	1.870812	0.4451042	0.640906	0.359094	1.500108
20310	-3989.738	-4249.746	260.0079	1.814156	0.4451389	0.734981	0.265019	1.691529
20316	-3982.325	-4242.302	259.9769	1.85668	0.5560653	0.74521	0.25479	1.550365
20322	-4002.655	-4262.488	259.8324	1.85668	0.5545398	0.74521	0.25479	1.657066
20328	-4002.322	-4262.048	259.7257	1.73681	0.4354691	0.74521	0.25479	1.951519
20334	-3990.074	-4250.013	259.9389	1.877131	0.4650531	0.735126	0.264874	1.670822
20340	-3995.645	-4255.258	259.6131	1.859877	0.4663813	0.795601	0.204399	1.907375
20346	-3978.891	-4238.74	259.8493	1.791717	0.4951541	0.73442	0.26558	1.758224
20352	-3990.048	-4249.926	259.878	1.811616	0.5143314	0.677958	0.322042	1.7019
20358	-3995.506	-4255.384	259.878	1.811616	0.5143314	0.644116	0.355884	1.7019
20364	-3996.06	-4256.029	259.9694	1.817372	0.4703898	0.659918	0.340082	1.685036
20370	-3997.602	-4257.516	259.9141	1.834354	0.4819734	0.727225	0.272775	1.69823
20376	-3984.177	-4243.972	259.7956	1.909701	0.6241453	0.658307	0.341693	1.570996
20382	-3984.496	-4244.504	260.0082	1.920505	0.4798212	0.673109	0.326891	1.570996
20388	-3987.111	-4247.032	259.9203	1.906712	0.4665522	0.741319	0.258681	1.661071
20394	-3988.707	-4248.666	259.959	1.886242	0.6166357	0.725527	0.274473	1.47476
20400	-3987.03	-4247.114	260.0839	1.903048	0.5227981	0.739785	0.260215	1.47476
20406	-3974.824	-4235.094	260.2695	1.989207	0.5322573	0.759468	0.240532	1.247829
20412	-3983.62	-4244.221	260.6014	2.066894	0.4056895	0.616119	0.383881	1.081034
20418	-3981.992	-4242.409	260.4172	2.061308	0.4894867	0.569985	0.430015	1.117653
20424	-3986.346	-4246.405	260.0587	2.047465	0.6412101	0.659889	0.340111	1.240585
20430	-3985.168	-4245.623	260.4556	2.060642	0.4138387	0.659889	0.340111	1.202652
20436	-4002.212	-4262.616	260.4047	2.060642	0.4497228	0.659889	0.340111	1.189967
20442	-3992.498	-4252.798	260.2995	1.980797	0.4852967	0.757799	0.242201	1.293284
20448	-3988.004	-4248.111	260.1071	2.00109	0.5538297	0.721036	0.278964	1.342953
20454	-3991.824	-4252.157	260.333	1.968005	0.4381788	0.6528	0.3472	1.342953
20460	-3989.19	-4249.376	260.1853	2.056846	0.5798183	0.6528	0.3472	1.200102
20466	-3986.639	-4246.907	260.2678	2.056846	0.5711326	0.740761	0.259239	1.139375
20472	-3985.311	-4245.43	260.1194	2.11874	0.6512616	0.631366	0.368634	1.113731
20478	-3981.687	-4242.043	260.3561	2.153418	0.524245	0.631077	0.368923	1.035552
20484	-3990.221	-4250.459	260.2377	2.064248	0.5081106	0.59682	0.40318	1.2441
20490	-3982.95	-4243.25	260.3001	2.032927	0.4893483	0.610908	0.389092	1.2441
20496	-3973.054	-4233.2	260.1467	2.00664	0.5467927	0.694526	0.305474	1.315485
20502	-3973.4	-4233.749	260.3491	2.00664	0.4783012	0.68027	0.31973	1.240768
20508	-3977.142	-4237.428	260.2858	1.979066	0.465414	0.761751	0.238249	1.333188
20514	-3986.433	-4246.664	260.231	1.979066	0.445669	0.747923	0.252077	1.40387
20520	-3970.157	-4230.492	260.3352	1.954244	0.4503637	0.617917	0.382083	1.334723
20526	-3974.212	-4234.623	260.411	1.91439	0.4187315	0.769164	0.230836	1.352037
20532	-3966.349	-4226.521	260.1718	1.910862	0.4826784	0.704024	0.295976	1.452315
20538	-3978.879	-4239.179	260.2998	1.910862	0.4121506	0.754662	0.245338	1.45084
20544	-3978.347	-4238.62	260.2736	1.921651	0.4760081	0.675423	0.324577	1.373931
20550	-3986.347	-4246.164	259.8176	1.921935	0.6070158	0.701867	0.298133	1.563833
20556	-3981.08	-4241.146	260.0658	1.763763	0.5120516	0.715136	0.284864	1.604233
20562	-3981.227	-4241.395	260.1681	1.801525	0.5120516	0.713075	0.286925	1.500849
20568	-3982.556	-4242.772	260.216	1.839563	0.4248782	0.622183	0.377817	1.549334
20574	-3984.943	-4245.213	260.27	1.821024	0.4248782	0.601495	0.398505	1.52304
20580	-3976.527	-4236.662	260.1342	1.877192	0.4550852	0.772683	0.227317	1.541602
20586	-3970.07	-4230.201	260.1313	1.900045	0.4795885	0.740535	0.259465	1.495088
20592	-3993.753	-4253.724	259.9706	1.791018	0.4217414	0.678829	0.321171	1.76413
20598	-4000.386	-4260.483	260.0976	1.865729	0.4810569	0.661935	0.338065	1.543916
20604	-3999.141	-4259.175	260.0338	1.789951	0.4571924	0.760745	0.239255	1.67513
20610	-3995.598	-4255.311	259.7127	1.818778	0.5427222	0.60968	0.39032	1.781126
20616	-3991.247	-4251.358	260.1111	1.820516	0.5388728	0.590443	0.409557	1.497246
20622	-4014.7	-4274.631	259.9312	1.911356	0.6277587	0.696471	0.303529	1.464838
20628	-4003.506	-4263.609	260.1027	1.938653	0.5031439	0.633503	0.366497	1.457742
20634	-3992.085	-4252.232	260.1473	1.797741	0.4421918	0.601876	0.398124	1.607105
20640	-4000.968	-4260.999	260.031	1.789289	0.4038594	0.754419	0.245581	1.746681
20646	-3997.867	-4257.878	260.0108	1.768863	0.4761039	0.782002	0.217998	1.683157
20652	-3991.083	-4251.229	260.1467	1.801811	0.4770136	0.736587	0.263413	1.55993
20658	-3985.392	-4245.317	259.9251	1.841493	0.5306364	0.79296	0.20704	1.628167
20664	-3989.67	-4249.768	260.0983	1.841493	0.5705623	0.778658	0.221342	1.454232
20670	-3991.163	-4251.201	260.0378	1.902035	0.5705623	0.660054	0.339946	1.454232
20676	-3995.816	-4255.849	260.0323	1.93793	0.5972347	0.690553	0.309447	1.400353
20682	-4006.036	-4266.162	260.1261	2.001526	0.5946741	0.690553	0.309447	1.277742
20688	-3985.896	-4246.144	260.2485	2.001526	0.5761248	0.657252	0.342748	1.19803
20694	-4001.467	-4261.926	260.4585	2.015519	0.4238336	0.591906	0.408094	1.222654
20700	-4002.101	-4262.412	260.3106	2.015519	0.5771173	0.731169	0.268831	1.130071
20706	-3997.292	-4257.741	260.4489	2.014221	0.5067942	0.622257	0.377743	1.105572
20712	-3995.008	-4255.5	260.4923	2.047703	0.3798938	0.720902	0.279098	1.238244
20718	-3979.509	-4239.613	260.104	2.002905	0.5466984	0.749763	0.250237	1.352725
20724	-3989.331	-4249.375	260.0444	1.963002	0.6135308	0.761057	0.238943	1.352725
20730	-3985.035	-4245.012	259.9772	1.963002	0.6350293	0.776983	0.223017	1.381695
20736	-3988.762	-4249.061	260.2997	1.963002	0.4322457	0.749198	0.250802	1.381695
20742	-3992.483	-4252.666	260.1829	1.94661	0.5450133	0.671938	0.328062	1.336856
20748	-3986.806	-4247.041	260.2343	1.949915	0.5221777	0.704047	0.295953	1.321908
20754	-3983.493	-4243.741	260.2482	1.951557	0.51458	0.742266	0.257734	1.319294
20760	-3987.767	-4247.79	260.0228	1.745897	0.5121202	0.657742	0.342258	1.648046
20766	-3985.062	-4244.851	259.7888	1.693178	0.4773976	0.726958	0.273042	1.888392
20772	-3990.101	-4249.666	259.5653	1.693178	0.581535	0.678897	0.321103	1.927598
20778	-3997.787	-4257.534	259.7463	1.704164	0.5930194	0.616786	0.383214	1.784588
20784	-4008.749	-4268.972	260.2232	1.913699	0.4951783	0.695474	0.304526	1.394274
20790	-3993.058	-4252.632	259.5737	1.850422	0.5748481	0.680733	0.319267	1.821428
20796	-4002.256	-4262.246	259.99	1.814857	0.5460086	0.596776	0.403224	1.582834
20802	-4005.53	-4265.927	260.3974	2.036865	0.4639488	0.589445	0.410555	1.195095
20808	-4001.014	-4261.071	260.0567	1.962167	0.5547061	0.715042	0.284958	1.412014
20814	-4003.149	-4263.019	259.8696	1.863646	0.4735536	0.720844	0.279156	1.719104
20820	-3979.238	-4239.423	260.1855	1.944115	0.4837341	0.717802	0.282198	1.414851
20826	-3996.568	-4256.848	260.2797	2.076959	0.3720283	0.679184	0.320816	1.398785
20832	-3990.123	-4250.505	260.3828	2.077652	0.4423373	0.697918	0.302082	1.205452
20838	-3975.994	-4236.109	260.1148	2.059758	0.5928904	0.721329	0.278671	1.240936
20844	-3983.717	-4243.931	260.2143	2.058069	0.5288139	0.737149	0.262851	1.240936
20850	-3985.37	-4245.818	260.4479	2.107613	0.4461362	0.685072	0.314928	1.115949
20856	-3992.99	-4253.265	260.2751	2.130908	0.5201104	0.787789	0.212211	1.13761
20862	-4000.857	-4261.294	260.4372	2.130908	0.5184174	0.787789	0.212211	0.9868317
20868	-3998.29	-4258.627	260.337	2.126388	0.4805625	0.698193	0.301807	1.144693
20874	-3998.179	-4258.492	260.3139	2.110874	0.533251	0.660491	0.339509	1.101746
20880	-4003.853	-4264.197	260.3442	2.062784	0.4734256	0.549381	0.450619	1.204493
20886	-3988.606	-4248.956	260.35	2.062866	0.5168502	0.571391	0.428609	1.136187
20892	-3987.589	-4247.916	260.3274	2.216046	0.5168502	0.666461	0.333539	1.014033
20898	-3983.51	-4243.806	260.296	2.179485	0.5185243	0.669295	0.330705	1.076611
20904	-3974.227	-4234.622	260.3948	2.179485	0.5206519	0.767942	0.232058	0.9769116
20910	-3982.96	-4243.437	260.4763	2.183001	0.492691	0.802987	0.197013	0.9358038
20916	-3980.332	-4240.739	260.407	2.158333	0.5147258	0.666478	0.333522	0.9956351
20922	-3988.605	-4248.95	260.3454	2.08362	0.5334627	0.682232	0.317768	1.097516
20928	-3986.132	-4246.322	260.1909	1.999698	0.4773531	0.599863	0.400137	1.37581
20934	-3977.281	-4237.508	260.2271	2.021144	0.5316417	0.711366	0.288634	1.257308
20940	-3986.767	-4247.029	260.2624	2.021144	0.5316417	0.796222	0.203778	1.227768
20946	-3965.73	-4226.102	260.3722	2.088397	0.5035967	0.711219	0.288781	1.112619
20952	-3987.368	-4247.806	260.4383	2.040801	0.5302337	0.67985	0.32015	1.055566
20958	-3987.977	-4248.326	260.3493	2.129822	0.5302337	0.618848	0.381152	1.055566
20964	-3986.416	-4246.839	260.4234	2.129822	0.4654654	0.618848	0.381152	1.086794
20970	-3988.017	-4248.252	260.2343	1.984125	0.4868226	0.684095	0.315905	1.341068
20976	-3986.019	-4246.283	260.2637	1.954744	0.4868226	0.684095	0.315905	1.341068
20982	-3992.579	-4252.635	260.0563	2.002656	0.5880919	0.753922	0.246078	1.341068
20988	-3985.845	-4245.928	260.0827	1.995495	0.5586117	0.703281	0.296719	1.360991
20994	-3990.763	-4251.075	260.3118	1.969078	0.5166943	0.680964	0.319036	1.250053
21000	-3974.503	-4234.866	260.3629	2.148673	0.5166943	0.672528	0.327472	1.04522
21006	-3983.023	-4243.515	260.4919	2.195276	0.4465696	0.779225	0.220775	0.9897233
21012	-3981.13	-4241.443	260.3133	2.195276	0.5544331	0.661319	0.338681	0.9897233
21018	-3975.811	-4236.056	260.2444	2.138842	0.6381996	0.661319	0.338681	0.9926466
21024	-3982.316	-4242.702	260.3858	2.124124	0.5516306	0.69492	0.30508	0.9926466
21030	-3990.221	-4250.768	260.5474	2.09849	0.4406656	0.657209	0.342791	1.040833
21036	-3993.462	-4253.737	260.2743	2.09849	0.6296077	0.719326	0.280674	1.014975
21042	-3980.438	-4240.889	260.4516	2.194081	0.4883404	0.736835	0.263165	0.9579533
21048	-3988.877	-4249.314	260.437	2.320636	0.4883404	0.691385	0.308615	0.8306986
21054	-3990.367	-4250.404	260.0368	2.253568	0.7383096	0.622065	0.377935	0.9523394
21060	-3980.053	-4240.35	260.297	2.300164	0.5870563	0.696696	0.303304	0.8370864
21066	-3979.509	-4239.944	260.4344	2.238461	0.4556877	0.668704	0.331296	0.9877637
21072	-3982.936	-4243.301	260.3654	2.389525	0.5203653	0.71277	0.28723	0.763729
21078	-3995.196	-4255.569	260.3736	2.373224	0.5440828	0.697954	0.302046	0.718354
21084	-3998.96	-4259.304	260.3445	2.373224	0.5440828	0.636894	0.363106	0.7632281
21090	-3985.97	-4245.964	259.994	1.89932	0.5439678	0.703513	0.296487	1.519944
21096	-3993.873	-4253.674	259.8012	1.929054	0.6359054	0.659635	0.340365	1.540455
21102	-3981.795	-4241.992	260.1974	1.876146	0.5673098	0.631587	0.368413	1.354163
21108	-3993.63	-4253.85	260.2196	1.940578	0.5673098	0.62572	0.37428	1.284374
21114	-4017.106	-4277.582	260.4764	2.189988	0.4833881	0.631703	0.368297	0.9448982
21120	-3974.813	-4235.177	260.3636	1.944053	0.4785743	0.741136	0.258864	1.280249
21126	-3988.41	-4248.71	260.3	2.02203	0.4701433	0.663569	0.336431	1.280249
21132	-3995.22	-4255.265	260.0455	2.009609	0.5932354	0.736843	0.263157	1.338154
21138	-3991.772	-4251.899	260.1278	2.052313	0.5592415	0.664107	0.335893	1.278077
21144	-3992.24	-4252.527	260.2871	2.104725	0.526782	0.685892	0.314108	1.140734
21150	-3985.405	-4245.776	260.3714	2.087744	0.5125872	0.685892	0.314108	1.10062
21156	-3989.282	-4249.618	260.3361	2.042295	0.5568367	0.782123	0.217877	1.110539
21162	-3982.87	-4243.337	260.4663	2.042295	0.4763573	0.745585	0.254415	1.110539
21168	-3976.469	-4236.878	260.4089	2.082268	0.4587052	0.703485	0.296515	1.153573
21174	-3975.132	-4235.326	260.1947	2.078114	0.5287164	0.703485	0.296515	1.240661
21180	-3969.733	-4230.088	260.3552	2.043159	0.4567368	0.619845	0.380155	1.236364
21186	-3979.135	-4239.414	260.2796	2.043159	0.4616364	0.714448	0.285552	1.291762
21192	-3985.224	-4245.534	260.3107	2.061653	0.5483111	0.674686	0.325314	1.127907
21198	-3977.596	-4237.995	260.3982	2.056561	0.4186913	0.677143	0.322857	1.246901
21204	-3980.359	-4240.826	260.4668	2.134939	0.4801112	0.730881	0.269119	1.01654
21210	-3986.185	-4246.659	260.474	2.141069	0.4812104	0.730881	0.269119	1.001542
21216	-3981.431	-4241.761	260.3296	2.133232	0.5564352	0.804404	0.195596	1.031921
21222	-3977.894	-4238.099	260.2057	2.261048	0.5894065	0.675762	0.324238	0.9787277
21228	-3967.471	-4227.983	260.5126	2.174072	0.4479807	0.757074	0.242926	0.9876225
21234	-3974.959	-4235.462	260.5028	2.177421	0.4466897	0.636549	0.363451	0.996534
21240	-3974.782	-4235.143	260.3615	2.260411	0.5519897	0.72211	0.27789	0.8710852
21246	-3977.693	-4238.012	260.3186	2.229888	0.5356961	0.664532	0.335468	0.9788034
21252	-3973.814	-4234.198	260.3838	2.229888	0.5057999	0.664532	0.335468	0.96104
21258	-3982.343	-4242.614	260.2717	2.284619	0.6005927	0.677034	0.322966	0.8625878
21264	-3977.081	-4237.576	260.4943	2.29599	0.447588	0.711415	0.288585	0.8765513
21270	-3976.461	-4236.891	260.4305	2.307566	0.4986513	0.739988	0.260012	0.8337208
21276	-3974.763	-4235.016	260.2531	2.241691	0.5798967	0.754382	0.245618	0.9643529
21282	-3988.967	-4249.254	260.2872	2.208493	0.6078976	0.66864	0.33136	0.9196523
21288	-3983.498	-4243.811	260.3135	2.125339	0.4758719	0.786688	0.213312	1.173309
21294	-3996.916	-4257.131	260.215	2.005951	0.5533772	0.725398	0.274602	1.251761
21300	-3999.015	-4259.186	260.1711	1.977531	0.5533772	0.686459	0.313541	1.311053
21306	-3996.158	-4256.337	260.1789	1.981083	0.5533772	0.602978	0.397022	1.301932
21312	-3995.914	-4256	260.0852	1.944841	0.5656195	0.615543	0.384457	1.390432
21318	-3991.363	-4251.505	260.1423	1.993722	0.5656195	0.69091	0.30909	1.306186
21324	-3977.931	-4238.07	260.1392	1.930539	0.5579016	0.718729	0.281271	1.368515
21330	-3974.714	-4234.801	260.0874	1.982292	0.5579016	0.694335	0.305665	1.368515
21336	-3985.268	-4245.511	260.2428	1.982292	0.5599802	0.70732	0.29268	1.239833
21342	-3986.793	-4247.136	260.3426	1.892279	0.4764135	0.615198	0.384802	1.341991
21348	-3975.028	-4235.209	260.1818	1.987299	0.5284276	0.635347	0.364653	1.326084
21354	-3976.715	-4236.903	260.1888	1.987299	0.5833763	0.679303	0.320697	1.251393
21360	-3974.446	-4234.79	260.3439	1.991292	0.482906	0.574473	0.425527	1.251393
21366	-3979.423	-4239.947	260.5244	1.994567	0.4125253	0.739864	0.260136	1.202427
21372	-3982.371	-4242.666	260.2955	1.965715	0.5652752	0.710207	0.289793	1.202427
21378	-3976.599	-4237.184	260.5851	2.041166	0.3582485	0.706813	0.293187	1.202427
21384	-3986.687	-4247.007	260.3208	1.95816	0.4598076	0.620733	0.379267	1.329765
21390	-3979.303	-4239.755	260.4523	1.980565	0.3944669	0.615953	0.384047	1.302861
21396	-3985.149	-4245.524	260.3749	2.013429	0.5318419	0.612974	0.387026	1.136651
21402	-3993.396	-4253.422	260.0255	1.965472	0.5499251	0.683809	0.316191	1.439221
21408	-3989.136	-4249.029	259.8932	1.851149	0.6154142	0.669003	0.330997	1.551384
21414	-3981.616	-4241.419	259.803	1.851149	0.5771999	0.669018	0.330982	1.657462
21420	-3991.986	-4251.862	259.8761	1.809839	0.5562054	0.66196	0.33804	1.657462
21426	-4003.769	-4264.082	260.3126	1.904839	0.4100587	0.66196	0.33804	1.448678
21432	-3987.195	-4247.507	260.3122	1.967853	0.4879372	0.707007	0.292993	1.289834
21438	-3992.506	-4252.654	260.148	2.1518	0.5918031	0.602936	0.397064	1.134123
21444	-3989.038	-4249.301	260.2628	2.002963	0.5159929	0.749841	0.250159	1.263553
21450	-3986.309	-4246.362	260.0529	1.885469	0.5159929	0.67916	0.32084	1.5195
21456	-3979.213	-4239.458	260.2449	1.986032	0.5502514	0.782505	0.217495	1.247521
21462	-3985.566	-4245.991	260.4247	2.003273	0.4327515	0.684273	0.315727	1.247521
21468	-3992.827	-4253.226	260.3993	2.008001	0.4550165	0.753715	0.246285	1.231383
21474	-3987.148	-4247.356	260.2076	2.008001	0.6181606	0.777211	0.222789	1.174786
21480	-3982.276	-4242.595	260.3183	2.105458	0.5512334	0.584142	0.415858	1.076696
21486	-3987.281	-4247.444	260.1633	2.074643	0.6340726	0.616786	0.383214	1.135322
21492	-3977.526	-4237.772	260.2467	2.171803	0.5954865	0.661914	0.338086	1.018108
21498	-3977.682	-4238.138	260.4557	2.144147	0.4687022	0.79357	0.20643	1.037502
21504	-3994.847	-4254.983	260.1363	2.32476	0.6691241	0.601479	0.398521	0.8620633
21510	-3996.055	-4256.254	260.1996	2.357069	0.6507289	0.706736	0.293264	0.7707385
21516	-3991.097	-4251.541	260.4432	2.433908	0.4774451	0.702892	0.297108	0.6803966
21522	-4001.872	-4262.029	260.1569	2.433908	0.6693629	0.702892	0.297108	0.6738456
21528	-3994.42	-4254.964	260.5439	2.287533	0.4272279	0.690237	0.309763	0.8716059
21534	-3997.763	-4258.148	260.385	2.322641	0.5304211	0.623078	0.376922	0.8066256
21540	-3987.064	-4247.534	260.4703	2.223965	0.4713078	0.641952	0.358048	0.9371912
21546	-3989.819	-4250.215	260.3965	2.20142	0.5079155	0.650657	0.349343	0.9738461
21552	-3997.073	-4257.452	260.3797	2.20142	0.4716022	0.670875	0.329125	1.050629
21558	-3988.563	-4248.836	260.2728	2.25123	0.5891668	0.640248	0.359752	0.9184679
21564	-3990.674	-4250.987	260.3124	2.157161	0.5699006	0.709124	0.290876	1.005221
21570	-3986.611	-4247.051	260.4398	2.140563	0.4996877	0.603162	0.396838	1.005221
21576	-3986.584	-4246.944	260.3598	2.140563	0.5141938	0.524497	0.475503	1.059777
21582	-3992.961	-4253.306	260.345	2.148681	0.5475166	0.701453	0.298547	1.0152
21588	-3994.863	-4255.224	260.3611	2.148681	0.5755114	0.65921	0.34079	0.9555703
21594	-3988.998	-4249.487	260.4889	2.172865	0.4871598	0.642437	0.357563	0.9430571
21600	-3987.736	-4248.167	260.4315	2.172803	0.5368264	0.659123	0.340877	0.917827
21606	-3988.794	-4248.982	260.1875	2.172803	0.5637983	0.659123	0.340877	1.117321
21612	-3981.253	-4241.55	260.297	2.051384	0.513355	0.566777	0.433223	1.197545
21618	-3988.276	-4248.748	260.4725	2.018228	0.4499066	0.573928	0.426072	1.167615
21624	-3983.532	-4243.733	260.2014	1.990765	0.5448774	0.724514	0.275486	1.286379
21630	-3980.507	-4240.709	260.2014	1.990765	0.5448774	0.639944	0.360056	1.286379
21636	-3983.64	-4244.233	260.593	1.990765	0.4106611	0.663139	0.336861	1.149112
21642	-3994.389	-4254.652	260.2626	1.968796	0.5049079	0.701874	0.298126	1.306451
21648	-4005.874	-4266.127	260.2527	1.968796	0.5049079	0.749896	0.250104	1.314503
21654	-3988.381	-4248.522	260.1403	1.99544	0.5731729	0.668829	0.331171	1.297126
21660	-3991.028	-4251.251	260.2229	1.995689	0.5940879	0.630831	0.369169	1.202243
21666	-3997.517	-4257.593	260.0769	1.954238	0.5940879	0.78742	0.21258	1.356209
21672	-3986.834	-4247.117	260.2823	1.954238	0.5029349	0.738323	0.261677	1.304942
21678	-3983.693	-4243.985	260.2922	1.891821	0.5029349	0.664996	0.335004	1.34705
21684	-3994.602	-4254.788	260.186	1.961238	0.5458604	0.712404	0.287596	1.321584
21690	-3984.57	-4244.799	260.2284	1.949754	0.52621	0.730035	0.269965	1.321584
21696	-3996.759	-4256.957	260.1981	1.930822	0.5673893	0.730035	0.269965	1.309749
21702	-3988.727	-4248.977	260.25	1.930822	0.4484583	0.719276	0.280724	1.422628
21708	-3986.635	-4246.573	259.9382	1.851048	0.5834506	0.604978	0.395022	1.552584
21714	-3989.315	-4249.49	260.1748	1.919341	0.4621308	0.731365	0.268635	1.470436
21720	-4001.806	-4262.11	260.3033	2.005933	0.4621308	0.687888	0.312112	1.302059
21726	-3989.378	-4249.746	260.3679	2.095473	0.5169232	0.74148	0.25852	1.090262
21732	-4005.781	-4266.071	260.2893	1.943079	0.609413	0.705972	0.294028	1.17109
21738	-3990.457	-4250.506	260.0491	1.878249	0.5743119	0.706605	0.293395	1.459392
21744	-4008.753	-4268.884	260.1317	1.902995	0.5293066	0.584474	0.415526	1.430414
21750	-3998.747	-4258.834	260.087	1.876463	0.5762061	0.563121	0.436879	1.429612
21756	-4004.995	-4264.883	259.8876	1.857088	0.5510442	0.590837	0.409163	1.620965
21762	-4005.356	-4264.863	259.507	1.766808	0.5510442	0.590837	0.409163	1.948392
21768	-3990.314	-4250.106	259.7918	1.866887	0.5547954	0.74945	0.25055	1.678509
21774	-3989.592	-4249.47	259.8786	1.815392	0.4884142	0.630525	0.369475	1.728991
21780	-3982.122	-4241.996	259.8739	1.824619	0.4857152	0.642253	0.357747	1.728991
21786	-3985.93	-4246.214	260.2838	1.903139	0.4491853	0.75372	0.24628	1.416908
21792	-3991.399	-4251.428	260.0289	1.903139	0.608844	0.641991	0.358009	1.416908
21798	-3996.532	-4256.907	260.375	2.010089	0.4771616	0.658614	0.341386	1.217641
21804	-3984.305	-4244.595	260.2893	1.867337	0.5047456	0.585929	0.414071	1.366382
21810	-3997.29	-4257.504	260.2148	1.969289	0.5116008	0.673584	0.326416	1.33573
21816	-4003.991	-4264.086	260.0949	2.037587	0.5951664	0.671667	0.328333	1.27316
21822	-4003.256	-4263.667	260.4116	1.880692	0.428131	0.671667	0.328333	1.36442
21828	-4007.805	-4267.81	260.0052	1.912741	0.667303	0.778602	0.221398	1.36442
21834	-3988.561	-4248.796	260.2352	1.912741	0.4318813	0.675882	0.324118	1.470586
21840	-4015.566	-4275.75	260.1831	1.912741	0.5554282	0.656901	0.343099	1.350873
21846	-4001.038	-4261.002	259.9637	1.948271	0.5554282	0.694083	0.305917	1.492746
21852	-3991.49	-4251.519	260.0289	2.051399	0.695672	0.664028	0.335972	1.200402
21858	-4008.668	-4269.178	260.5094	2.051399	0.391952	0.764058	0.235942	1.200402
21864	-3988.764	-4249.018	260.2538	2.049843	0.5876043	0.604343	0.395657	1.136226
21870	-3976.611	-4236.742	260.1308	2.049843	0.6332431	0.757662	0.242338	1.186625
21876	-4001.897	-4262.12	260.2228	2.03025	0.5829848	0.736968	0.263032	1.186625
21882	-3998.356	-4258.636	260.2798	2.009738	0.5189239	0.736968	0.263032	1.239787
21888	-3993.239	-4253.644	260.4049	2.068828	0.4886577	0.716396	0.283604	1.123276
21894	-3999.903	-4260.236	260.3332	2.134565	0.4723943	0.717599	0.282401	1.153202
21900	-3990.979	-4251.286	260.3074	1.976179	0.46299	0.717599	0.282401	1.321584
21906	-4009.204	-4269.502	260.2982	2.054516	0.4881886	0.746932	0.253068	1.229223
21912	-3994.39	-4254.616	260.2258	2.01565	0.5685714	0.719879	0.280121	1.215076
21918	-3994.398	-4254.478	260.0797	2.01565	0.647816	0.592795	0.407205	1.241982
21924	-3980.247	-4240.456	260.2081	2.01565	0.5827378	0.642231	0.357769	1.212089
21930	-3999.074	-4259.306	260.2323	2.003514	0.519403	0.714907	0.285093	1.283644
21936	-4000.249	-4260.609	260.3595	2.086116	0.5183679	0.679321	0.320679	1.104372
21942	-3995.269	-4255.594	260.3247	2.086116	0.4937791	0.746106	0.253894	1.171377
21948	-4006.762	-4267.049	260.2877	2.099925	0.4903126	0.68277	0.31723	1.196531
21954	-4010.407	-4270.705	260.2981	2.023561	0.4536869	0.752793	0.247207	1.304069
21960	-3999.323	-4259.5	260.1766	2.005683	0.537306	0.76565	0.23435	1.304069
21966	-3998.854	-4258.903	260.0492	1.913149	0.5422758	0.805187	0.194813	1.470051
21972	-3993.274	-4253.357	260.0829	1.875895	0.5422758	0.725639	0.274361	1.472732
21978	-3996.177	-4256.455	260.2782	1.922689	0.5094988	0.696612	0.303388	1.32501
21984	-4003.408	-4263.865	260.4571	1.922689	0.4660626	0.710176	0.289824	1.23827
21990	-3985.048	-4245.492	260.4441	1.99626	0.4320492	0.736005	0.263995	1.23827
21996	-3988.884	-4249.23	260.3465	1.970421	0.5203843	0.548839	0.451161	1.214706
22002	-3986.601	-4246.866	260.2648	1.970421	0.5203843	0.764223	0.235777	1.282835
22008	-3993.156	-4253.36	260.2047	2.045653	0.5661441	0.765767	0.234233	1.210635
22014	-3998.965	-4258.961	259.9963	2.045653	0.6843783	0.737671	0.262329	1.245353
22020	-3992.96	-4253.018	260.0575	1.959404	0.5136144	0.777562	0.222438	1.463323
22026	-3990.121	-4250.115	259.9949	1.846623	0.5067502	0.609927	0.390073	1.601808
22032	-3996.854	-4256.876	260.0215	1.846623	0.4754181	0.718241	0.281759	1.620563
22038	-3984.754	-4244.978	260.224	1.844343	0.4754181	0.705965	0.294035	1.472584
22044	-3987.507	-4247.162	259.6551	1.796911	0.4754181	0.705965	0.294035	1.911056
22050	-3987.151	-4246.759	259.6078	1.724876	0.5862679	0.540154	0.459846	1.872481
22056	-3977.567	-4237.342	259.7751	1.816046	0.4888466	0.630509	0.369491	1.800193
22062	-3983.1	-4243.081	259.9812	1.810702	0.4888466	0.630509	0.369491	1.658999
22068	-3988.386	-4248.386	260.0009	1.804747	0.4142954	0.678865	0.321135	1.743087
22074	-4006.361	-4266.288	259.9266	1.886929	0.5373092	0.678865	0.321135	1.586473
22080	-3979.471	-4239.269	259.7972	1.906474	0.5329753	0.588488	0.411512	1.670631
22086	-3984.941	-4244.765	259.8242	1.876949	0.5346163	0.650302	0.349698	1.670631
22092	-3975.383	-4235.157	259.7739	1.876949	0.5222794	0.650302	0.349698	1.720209
22098	-3988.208	-4248.032	259.8243	1.796	0.5302675	0.627124	0.372876	1.732729
22104	-3996.151	-4255.941	259.7903	1.745186	0.4099495	0.614368	0.385632	1.934266
22110	-3987.54	-4247.603	260.0634	1.765886	0.4494046	0.678123	0.321877	1.680979
22116	-3987.94	-4247.823	259.8837	1.783981	0.5467105	0.644078	0.355922	1.680979
22122	-3996.001	-4255.918	259.9165	1.848524	0.3963498	0.684023	0.315977	1.795245
22128	-3992.894	-4252.943	260.0489	1.848524	0.3963498	0.660485	0.339515	1.702523
22134	-4002.064	-4261.604	259.5392	1.686747	0.3963498	0.755759	0.244241	2.156434
22140	-3993.44	-4253.124	259.6834	1.665411	0.4332529	0.721692	0.278308	2.030132
22146	-3989.877	-4249.674	259.7973	1.768455	0.4549242	0.731464	0.268536	1.857892
22152	-3981.233	-4240.903	259.6697	1.721083	0.5434858	0.654055	0.345945	1.877147
22158	-3984.221	-4243.684	259.463	1.737561	0.5244185	0.794086	0.205914	2.025271
22164	-3994.553	-4254.187	259.6337	1.730837	0.5244185	0.647346	0.352654	1.915413
22170	-3998.592	-4258.16	259.5679	1.697993	0.5033354	0.661248	0.338752	2.004557
22176	-4004.048	-4263.755	259.7073	1.794228	0.5515463	0.690994	0.309006	1.792425
22182	-4004.558	-4264.255	259.6969	1.554483	0.5589054	0.690994	0.309006	1.955349
22188	-4013.211	-4272.987	259.7764	1.642599	0.4285769	0.816533	0.183467	1.989101
22194	-3994.967	-4254.677	259.7092	1.738477	0.4585229	0.692491	0.307509	1.933771
22200	-3984.693	-4244.637	259.9442	1.826911	0.4585229	0.609119	0.390881	1.710806
22206	-3995.722	-4256.016	260.2935	1.91945	0.4121574	0.609119	0.390881	1.449067
22212	-3982.599	-4242.658	260.0589	1.877015	0.443198	0.609119	0.390881	1.612375
22218	-3993.64	-4254.072	260.4318	1.949188	0.3612715	0.724185	0.275815	1.396924
22224	-4000.533	-4260.81	260.2767	1.891595	0.5052915	0.724185	0.275815	1.356464
22230	-3989.628	-4249.834	260.2059	1.954434	0.5137138	0.714039	0.285961	1.351927
22236	-3994.821	-4255.116	260.2948	1.931791	0.5089943	0.587698	0.412302	1.304952
22242	-3982.458	-4242.695	260.2367	1.949582	0.5089943	0.629822	0.370178	1.337388
22248	-3986.317	-4246.688	260.3712	1.979538	0.4385315	0.728671	0.271329	1.302409
22254	-3989.84	-4250.133	260.2929	2.023363	0.5136344	0.645038	0.354962	1.224552
22260	-3998.008	-4258.036	260.0278	1.968118	0.5436446	0.645038	0.354962	1.442896
22266	-4012.468	-4272.599	260.1317	1.90705	0.5574937	0.637726	0.362274	1.393242
22272	-4000.406	-4260.669	260.2627	1.90705	0.4570879	0.725083	0.274917	1.419373
22278	-4005.873	-4266.107	260.2339	1.810606	0.38499	0.762868	0.237132	1.613149
22284	-3990.758	-4250.663	259.9046	1.810606	0.4823221	0.615575	0.384425	1.721281
22290	-3988.27	-4248.466	260.1965	1.901558	0.4823221	0.700382	0.299618	1.440991
22296	-3983.57	-4243.665	260.0952	1.891466	0.4376188	0.706423	0.293577	1.582771
22302	-4003.761	-4264.008	260.2463	2.315206	0.598056	0.642223	0.357777	0.8608519
22308	-4003.499	-4263.828	260.3293	2.245663	0.5753724	0.729864	0.270136	0.8843043
22314	-3995.314	-4255.546	260.2323	1.9211	0.3572624	0.705752	0.294248	1.574809
22320	-3989.826	-4250.041	260.2143	1.927542	0.5039907	0.705752	0.294248	1.379051
22326	-3985.953	-4246.056	260.1027	1.926492	0.5352718	0.717139	0.282861	1.427407
22332	-3992.653	-4252.839	260.1859	1.979754	0.46557	0.717139	0.282861	1.411027
22338	-4003.511	-4263.538	260.0272	1.918183	0.5262408	0.656691	0.343309	1.501936
22344	-3991.209	-4251.351	260.1416	1.953992	0.4000411	0.776231	0.223769	1.554374
22350	-3989.133	-4249.328	260.1958	1.899764	0.4000411	0.776231	0.223769	1.554374
22356	-3993.371	-4253.527	260.1564	1.878247	0.4312549	0.776231	0.223769	1.556076
22362	-4004.957	-4264.736	259.7796	1.894123	0.5442764	0.674575	0.325425	1.6794
22368	-3998.21	-4257.826	259.6161	1.869127	0.5366125	0.726917	0.273083	1.819766
22374	-3995.552	-4255.552	259.9996	1.856838	0.4354789	0.678748	0.321252	1.679458
22380	-3998.001	-4257.617	259.6162	1.790654	0.5063064	0.767224	0.232776	1.906576
22386	-3991.051	-4250.855	259.8036	1.793241	0.4364757	0.649822	0.350178	1.859247
22392	-3993.879	-4253.989	260.1092	1.778065	0.4612778	0.659405	0.340595	1.624378
22398	-3985.856	-4245.074	259.2185	1.621069	0.4842342	0.673692	0.326308	2.303069
22404	-4002.865	-4262.046	259.1812	1.621069	0.6016311	0.675845	0.324155	2.209064
22410	-4001.145	-4260.259	259.1135	1.6222	0.5767578	0.675845	0.324155	2.275495
22416	-4001.759	-4260.96	259.2016	1.687963	0.4269404	0.713721	0.286279	2.335633
22422	-4012.893	-4271.609	258.7165	1.690275	0.5118227	0.632317	0.367683	2.546909
22428	-3985.423	-4245.193	259.7695	1.663834	0.3918845	0.681953	0.318047	2.025865
22434	-3983.101	-4242.332	259.2305	1.563126	0.4424249	0.752856	0.247144	2.378655
22440	-3988.553	-4247.737	259.1833	1.566525	0.4672055	0.59353	0.40647	2.378655
22446	-3981.107	-4240.026	258.9187	1.545382	0.5758782	0.699139	0.300861	2.448618
22452	-3997.679	-4256.096	258.4173	1.559019	0.4029502	0.74732	0.25268	2.927809
22458	-4004.832	-4263.602	258.7701	1.492689	0.4966425	0.65911	0.34089	2.651509
22464	-4005.149	-4264.007	258.8579	1.505599	0.5626447	0.686487	0.313513	2.524093
22470	-4002.994	-4262.198	259.2036	1.628782	0.5358279	0.73752	0.26248	2.253724
22476	-3986.195	-4245.071	258.8763	1.543886	0.5862756	0.737961	0.262039	2.466469
22482	-3982.567	-4241.61	259.0426	1.584997	0.4460998	0.707173	0.292827	2.479032
22488	-3990.78	-4250.321	259.5412	1.711517	0.5506682	0.707173	0.292827	1.962893
22494	-3992.464	-4252.176	259.712	1.749343	0.4305681	0.747436	0.252564	1.958342
22500	-4002.981	-4262.973	259.9919	1.749343	0.4796885	0.700274	0.299726	1.706058
22506	-3984.4	-4243.601	259.2011	1.698299	0.4701043	0.686639	0.313361	2.280207
22512	-3972.884	-4232.263	259.3784	1.660611	0.5305265	0.686639	0.313361	2.125249
22518	-3981.88	-4241.218	259.3386	1.670013	0.5120369	0.746818	0.253182	2.164473
22524	-3982.61	-4242.671	260.0613	1.708427	0.3588867	0.746818	0.253182	1.843822
22530	-3981.339	-4240.822	259.4826	1.69298	0.4613038	0.706031	0.293969	2.111304
22536	-3992.631	-4252.058	259.427	1.643797	0.5239548	0.600899	0.399101	2.111304
22542	-3999.92	-4259.575	259.6551	1.697613	0.5119749	0.736423	0.263577	1.936954
22548	-4006.249	-4265.447	259.1983	1.703877	0.4522106	0.738008	0.261992	2.298508
22554	-3999.773	-4259.651	259.8786	1.769968	0.539879	0.710038	0.289962	1.702132
22560	-3994.384	-4254.45	260.066	1.756118	0.4712616	0.64133	0.35867	1.658796
22566	-4004.196	-4264.549	260.3535	1.875715	0.4712616	0.545327	0.454673	1.353559
22572	-3993.49	-4253.629	260.1392	1.899883	0.5287544	0.719913	0.280087	1.427767
22578	-4003.174	-4263.015	259.8412	1.868985	0.4919702	0.645313	0.354687	1.713367
22584	-3997.671	-4257.818	260.1476	1.862995	0.4487323	0.741295	0.258705	1.550505
22590	-4000.394	-4260.891	260.4965	2.073584	0.4336934	0.79521	0.20479	1.123113
22596	-4003.103	-4263.588	260.4853	2.074056	0.4393899	0.732437	0.267563	1.123396
22602	-3990.569	-4250.952	260.3828	2.074056	0.4771327	0.697489	0.302511	1.155712
22608	-4000.398	-4260.711	260.3125	2.067848	0.5233516	0.629532	0.370468	1.155712
22614	-3999.277	-4259.548	260.2707	2.071948	0.5233516	0.732361	0.267639	1.188605
22620	-3997.1	-4257.292	260.1922	2.098425	0.556582	0.643112	0.356888	1.188605
22626	-3986.871	-4247.106	260.234	2.098425	0.5833022	0.643112	0.356888	1.116038
22632	-3988.167	-4248.612	260.4452	2.167976	0.4521015	0.744768	0.255232	1.052591
22638	-3984.117	-4244.575	260.4581	2.205081	0.4634656	0.720528	0.279472	0.9838043
22644	-3996.894	-4257.236	260.3423	2.166782	0.5578816	0.692775	0.307225	0.9838043
22650	-3999.709	-4260.066	260.3575	2.127565	0.5069154	0.692775	0.307225	1.085233
22656	-4006.139	-4266.486	260.3477	2.092866	0.5069154	0.692775	0.307225	1.125808
22662	-4011.449	-4271.866	260.4175	1.9929	0.5069154	0.614161	0.385839	1.152741
22668	-3998.729	-4259.165	260.4367	1.968893	0.4203367	0.741869	0.258131	1.284997
22674	-3996.36	-4256.664	260.304	1.949474	0.495394	0.689017	0.310983	1.301358
22680	-3995.846	-4256.289	260.443	1.949474	0.4851201	0.725203	0.274797	1.199804
22686	-3996.242	-4256.532	260.2899	1.919737	0.5288232	0.751652	0.248348	1.292744
22692	-3997.476	-4257.78	260.3049	1.919737	0.407452	0.592701	0.407299	1.446955
22698	-3992.943	-4253.218	260.2753	1.899525	0.4517807	0.650831	0.349169	1.422717
22704	-3997.647	-4258.02	260.3728	1.986311	0.4628226	0.663331	0.336669	1.260193
22710	-3980.946	-4241.178	260.2318	1.949348	0.4948921	0.69911	0.30089	1.359934
22716	-3993.174	-4253.39	260.216	1.986928	0.5957593	0.68007	0.31993	1.213457
22722	-4002.807	-4263.214	260.4071	2.020696	0.4229378	0.716538	0.283462	1.26272
22728	-3982.344	-4242.503	260.1586	2.020696	0.5761022	0.732519	0.267481	1.257724
22734	-3986.54	-4246.763	260.2223	2.060133	0.5066776	0.65422	0.34578	1.262284
22740	-3989.154	-4249.689	260.5356	1.910813	0.4502281	0.65422	0.34578	1.205411
22746	-3985.735	-4246.247	260.5126	2.048533	0.4502281	0.65422	0.34578	1.104237
22752	-3991.79	-4252.128	260.3383	2.048533	0.4751511	0.68042	0.31958	1.219087
22758	-3992.591	-4253.037	260.4462	1.9536	0.4117715	0.755926	0.244074	1.302821
22764	-4004.977	-4265.313	260.3362	1.951314	0.4741765	0.712818	0.287182	1.302821
22770	-3998.903	-4259.168	260.265	1.964051	0.4741765	0.696958	0.303042	1.349717
22776	-4000.563	-4260.551	259.9884	1.964051	0.5838555	0.77728	0.22272	1.429322
22782	-4000.256	-4260.812	260.5557	1.907551	0.3774664	0.727034	0.272966	1.305497
22788	-3983.1	-4243.519	260.4188	2.056897	0.455971	0.724374	0.275626	1.171327
22794	-3998.188	-4258.515	260.3268	2.056897	0.5814717	0.724374	0.275626	1.071295
22800	-3982.679	-4242.846	260.1668	2.096065	0.5814717	0.745519	0.254481	1.18013
22806	-3988.122	-4248.567	260.4453	1.989948	0.466638	0.77515	0.22485	1.190242
22812	-3984.469	-4244.713	260.2438	2.033609	0.5580326	0.700504	0.299496	1.198019
22818	-4000.487	-4260.791	260.3043	2.066876	0.5831489	0.579083	0.420917	1.080665
22824	-3991.744	-4251.898	260.1544	2.082823	0.5831489	0.629832	0.370168	1.200045
22830	-4007.333	-4267.457	260.1239	2.112313	0.5808528	0.650972	0.349028	1.203827
22836	-4001.561	-4261.603	260.0414	2.03848	0.5665896	0.773875	0.226125	1.349976
22842	-4013.085	-4273.223	260.1378	1.857611	0.5033435	0.740321	0.259679	1.492218
22848	-4000.542	-4260.432	259.89	1.847623	0.599305	0.766603	0.233397	1.573447
22854	-3985.829	-4245.762	259.9332	1.847623	0.557084	0.675559	0.324441	1.587923
22860	-3998.342	-4258.23	259.8876	1.929722	0.5669182	0.627389	0.372611	1.550172
22866	-3995.918	-4255.881	259.9629	1.794823	0.5195715	0.634726	0.365274	1.647322
22872	-3980.19	-4240.226	260.0362	1.862202	0.4657258	0.707619	0.292381	1.610736
22878	-3990.513	-4250.498	259.985	1.848497	0.4758583	0.649831	0.350169	1.644987
22884	-3984.332	-4244.29	259.9577	1.872158	0.5884128	0.775388	0.224612	1.517022
22890	-3979.586	-4239.841	260.2553	1.976202	0.4830278	0.689243	0.310757	1.335748
22896	-3997.688	-4257.956	260.2685	1.990697	0.4830278	0.689243	0.310757	1.313462
22902	-3978.093	-4238.417	260.3237	1.990697	0.4983927	0.689243	0.310757	1.247097
22908	-3970.387	-4230.66	260.2731	1.990697	0.4983927	0.786873	0.213127	1.288868
22914	-3973.432	-4233.766	260.3342	1.919248	0.4983927	0.653186	0.346814	1.297277
22920	-3975.157	-4235.454	260.2965	1.957015	0.4983927	0.653186	0.346814	1.297277
22926	-3992.154	-4252.49	260.3366	2.035453	0.4983927	0.755967	0.244033	1.198297
22932	-3993.492	-4253.36	259.8677	1.761575	0.4535862	0.59851	0.40149	1.815843
22938	-3999.544	-4259.385	259.8418	1.720413	0.4454425	0.59851	0.40149	1.871816
22944	-4004.253	-4263.517	259.2644	1.558705	0.3274941	0.749857	0.250143	2.503545
22950	-3987.799	-4246.426	258.6267	1.593096	0.4236976	0.593119	0.406881	2.756303
22956	-3991.451	-4250.652	259.2014	1.552447	0.4236976	0.723601	0.276399	2.425359
22962	-3995.281	-4254.64	259.3589	1.742099	0.518956	0.631959	0.368041	2.096767
22968	-3980.74	-4240.832	260.0915	1.719308	0.4039924	0.615494	0.384506	1.753118
22974	-3990.074	-4249.673	259.5986	1.761835	0.4123799	0.755367	0.244633	2.04813
22980	-3987.793	-4247.375	259.5819	1.699601	0.4709469	0.643158	0.356842	2.030432
22986	-3975.576	-4235.189	259.6132	1.741998	0.4709469	0.758859	0.241141	1.981368
22992	-3984.937	-4244.596	259.6587	1.682393	0.4709469	0.758859	0.241141	1.990758
22998	-3991.876	-4251.636	259.7604	1.682393	0.4144579	0.705933	0.294067	1.990758
23004	-3987.695	-4247.289	259.5942	1.758099	0.5250569	0.624578	0.375422	1.922996
23010	-3990.011	-4250.034	260.0234	1.814817	0.4385106	0.709855	0.290145	1.688531
23016	-3990.147	-4250.379	260.2324	1.836868	0.4341284	0.591635	0.408365	1.526575
23022	-3970.235	-4229.971	259.7354	1.850656	0.4700503	0.708401	0.291599	1.825832
23028	-3984.667	-4244.723	260.0566	1.959292	0.5912689	0.748558	0.251442	1.371455
23034	-3977.844	-4238.015	260.171	1.964177	0.6128905	0.66516	0.33484	1.249637
23040	-3980.633	-4240.786	260.1528	2.006595	0.6242963	0.530096	0.469904	1.215637
23046	-4005.109	-4265.213	260.1039	1.957616	0.4529745	0.530096	0.469904	1.507093
23052	-3995.796	-4255.848	260.0526	1.92801	0.5083245	0.598357	0.401643	1.497209
23058	-3991.272	-4251.531	260.2586	1.846809	0.3908624	0.709421	0.290579	1.560291
23064	-3991.936	-4251.608	259.6723	1.819205	0.556999	0.739668	0.260332	1.793529
23070	-3983.879	-4244.034	260.1555	1.835586	0.4453982	0.692975	0.307025	1.569266
23076	-4003.564	-4263.793	260.2288	1.835586	0.4698935	0.596088	0.403912	1.482704
23082	-3980.812	-4240.948	260.1354	1.865067	0.5285855	0.743501	0.256499	1.457536
23088	-3964.902	-4224.888	259.986	1.865067	0.5357638	0.729189	0.270811	1.560746
23094	-3985.35	-4245.224	259.8745	1.890692	0.5587323	0.647871	0.352129	1.597519
23100	-3998.826	-4258.932	260.1059	1.973516	0.5587323	0.698711	0.301289	1.359811
23106	-3985.156	-4245.497	260.3408	1.973516	0.5459861	0.624394	0.375606	1.182253
23112	-3970.622	-4230.919	260.2972	1.9423	0.509617	0.68655	0.31345	1.293622
23118	-3974.27	-4234.512	260.2425	1.951413	0.5537994	0.68655	0.31345	1.273604
23124	-3971.796	-4231.97	260.1737	2.00915	0.558762	0.705647	0.294353	1.276444
23130	-3971.837	-4231.931	260.094	1.995023	0.542357	0.70364	0.29636	1.372206
23136	-3962.922	-4223.292	260.3696	2.044886	0.4685232	0.695599	0.304401	1.205256
23142	-3986.947	-4247.426	260.4785	2.152386	0.4690605	0.70874	0.29126	1.006508
23148	-3983.621	-4243.736	260.1148	2.135546	0.5612226	0.70874	0.29126	1.21694
23154	-3991.116	-4251.325	260.2094	2.074418	0.5238801	0.732807	0.267193	1.237929
23160	-3988.733	-4248.918	260.1847	2.044652	0.5238801	0.68981	0.31019	1.283072
23166	-3995.461	-4255.899	260.4388	2.137683	0.4544871	0.621717	0.378283	1.083119
23172	-3986.322	-4246.692	260.3706	2.09819	0.541173	0.673897	0.326103	1.048967
23178	-3989.168	-4249.605	260.4375	2.095763	0.4317418	0.640535	0.359465	1.159076
23184	-3990.819	-4251.159	260.3403	2.204985	0.5606462	0.629374	0.370626	0.9417321
23190	-4004.167	-4264.478	260.3106	2.239483	0.5586477	0.577099	0.422901	0.9398482
23196	-3999.427	-4259.97	260.5429	2.239483	0.4272745	0.67881	0.32119	0.9267029
23202	-3993.708	-4254.25	260.5423	2.177964	0.4272745	0.64065	0.35935	0.9916671
23208	-3987.314	-4247.585	260.2704	2.209714	0.5980416	0.680495	0.319505	0.9517048
23214	-3999.351	-4259.676	260.325	2.164751	0.5634555	0.681444	0.318556	0.9947865
23220	-4010.176	-4270.476	260.3	2.081602	0.5286149	0.681444	0.318556	1.147215
23226	-3995.745	-4256.057	260.313	2.069305	0.4669207	0.612718	0.387282	1.234916
23232	-3990.063	-4250.415	260.3517	2.041341	0.4607147	0.612718	0.387282	1.234916
23238	-3987.196	-4247.518	260.3221	2.027615	0.5208895	0.770301	0.229699	1.185901
23244	-4002.991	-4263.324	260.3338	2.027615	0.4476579	0.61099	0.38901	1.280355
23250	-3992.148	-4252.546	260.3988	2.126503	0.5333984	0.680084	0.319916	1.005788
23256	-3975.683	-4236.093	260.4092	2.140312	0.4877317	0.680084	0.319916	1.054623
23262	-3983.07	-4243.358	260.2883	2.135597	0.5808529	0.714211	0.285789	1.033915
23268	-3984.245	-4244.482	260.2372	2.12734	0.5929215	0.697625	0.302375	1.073425
23274	-4004.097	-4264.444	260.3469	2.139419	0.490601	0.777709	0.222291	1.108849
23280	-3989.861	-4250.206	260.3449	2.185454	0.490601	0.738842	0.261158	1.068139
23286	-3991.508	-4251.733	260.2244	2.116365	0.5502325	0.697777	0.302223	1.153402
23292	-3990.312	-4250.507	260.1943	2.116365	0.5989401	0.697777	0.302223	1.114938
23298	-3974.669	-4234.845	260.1766	2.031548	0.4853166	0.701155	0.298845	1.35124
23304	-3990.543	-4250.815	260.2721	1.837771	0.4256287	0.685197	0.314803	1.507927
23310	-3993.94	-4253.975	260.0357	1.853326	0.4423	0.649661	0.350339	1.647378
23316	-3986.786	-4246.743	259.9575	1.853326	0.5105503	0.589666	0.410334	1.619571
23322	-3986.08	-4246.079	259.9997	1.914691	0.5430303	0.692824	0.307176	1.505309
23328	-3987.317	-4247.46	260.1436	1.937097	0.5129655	0.678572	0.321428	1.415218
23334	-3990.336	-4250.399	260.0638	1.929535	0.5614716	0.734432	0.265568	1.42377
23340	-3994.363	-4254.542	260.1787	1.871719	0.4377697	0.642492	0.357508	1.535652
23346	-3995.945	-4256.154	260.2086	1.927819	0.498664	0.753695	0.246305	1.390175
23352	-3985.05	-4245.065	260.0152	1.927819	0.5774188	0.771587	0.228413	1.443923
23358	-3998.105	-4258.29	260.1848	1.981495	0.6028172	0.731985	0.268015	1.235756
23364	-3991.182	-4251.289	260.1073	1.891627	0.4814666	0.680944	0.319056	1.516982
23370	-3987.452	-4247.282	259.8301	1.849755	0.5223228	0.69542	0.30458	1.699694
23376	-3992.385	-4252.365	259.9795	1.849755	0.5931625	0.607734	0.392266	1.512299
23382	-3991.015	-4250.947	259.932	1.772886	0.4661037	0.588661	0.411339	1.74807
23388	-3985.208	-4244.924	259.716	1.808032	0.4199295	0.72192	0.27808	1.929386
23394	-3990.134	-4249.919	259.7855	1.808032	0.5784004	0.639615	0.360385	1.69935
23400	-3987.213	-4247.041	259.8277	1.761289	0.4913011	0.73102	0.26898	1.798844
23406	-3998.818	-4258.625	259.8068	1.800666	0.4803687	0.638669	0.361331	1.798844
23412	-3998.872	-4258.641	259.7698	1.829301	0.5246093	0.628249	0.371751	1.753953
23418	-4008.58	-4268.308	259.7282	1.894879	0.5852549	0.666845	0.333155	1.671115
23424	-3995.747	-4255.613	259.8655	1.834118	0.5587679	0.676115	0.323885	1.644867
23430	-3974.801	-4234.789	259.9876	1.892852	0.4490102	0.623746	0.376254	1.644867
23436	-3980.527	-4240.777	260.2494	1.892852	0.500387	0.797373	0.202627	1.383366
23442	-3982.69	-4242.951	260.2612	1.975649	0.500387	0.677788	0.322212	1.308059
23448	-3995.932	-4256.092	260.1592	1.975649	0.5649781	0.602973	0.397027	1.307915
23454	-3986.772	-4246.953	260.181	2.015575	0.5878271	0.597288	0.402712	1.228701
23460	-3989.102	-4249.608	260.5066	2.050817	0.3789634	0.694523	0.305477	1.225122
23466	-3986.847	-4247.078	260.231	2.085522	0.5457233	0.792626	0.207374	1.180701
23472	-3985.31	-4245.706	260.3963	2.003553	0.4055805	0.540838	0.459162	1.312301
23478	-3996.687	-4257.016	260.3298	2.093666	0.486211	0.763649	0.236351	1.171453
23484	-3998.356	-4258.528	260.1719	2.392183	0.6785588	0.747832	0.252168	0.700445
23490	-3994.156	-4254.567	260.4111	2.34304	0.5021881	0.793572	0.206428	0.8055229
23496	-3985.031	-4245.489	260.4576	2.380143	0.4918375	0.779215	0.220785	0.7073945
23502	-3997.193	-4257.717	260.5235	2.169393	0.4963776	0.703173	0.296827	0.8919158
23508	-3983.675	-4244.245	260.5698	2.222884	0.423006	0.682361	0.317639	0.9241004
23514	-3984.558	-4244.685	260.1275	2.265037	0.6399495	0.659162	0.340838	0.9807302
23520	-4009.383	-4269.555	260.1716	2.312348	0.6399495	0.534938	0.465062	0.8818978
23526	-3999.726	-4260.21	260.4839	2.313845	0.4294566	0.791943	0.208057	0.9054358
23532	-3991.829	-4252.384	260.5552	2.242493	0.4294566	0.707149	0.292851	0.9054358
23538	-3983.643	-4244.048	260.4054	2.146124	0.5223168	0.647267	0.352733	0.9971819
23544	-3979.121	-4239.504	260.3824	2.097986	0.4720589	0.684532	0.315468	1.142579
23550	-3972.076	-4232.402	260.3265	2.075621	0.5190685	0.620735	0.379265	1.142579
23556	-3980.159	-4240.304	260.1445	2.031766	0.5591806	0.652413	0.347587	1.281368
23562	-3991.634	-4252.033	260.3985	2.067316	0.5232645	0.70702	0.29298	1.078464
23568	-3979.614	-4240.006	260.3921	2.085577	0.4969375	0.70702	0.29298	1.107164
23574	-3974.346	-4234.54	260.1948	2.085577	0.5570009	0.720747	0.279253	1.196869
23580	-3977.495	-4237.559	260.0638	1.993526	0.502684	0.687909	0.312091	1.44614
23586	-3993.336	-4253.657	260.3212	2.082554	0.497272	0.687909	0.312091	1.172529
23592	-3976.089	-4236.488	260.3994	2.089825	0.497272	0.565153	0.434847	1.096008
23598	-3976.118	-4236.558	260.4398	2.129592	0.483049	0.685544	0.314456	1.043126
23604	-3980.531	-4240.657	260.1263	2.05322	0.5535128	0.561981	0.438019	1.28582
23610	-3986.85	-4247.125	260.2753	2.095482	0.4924753	0.5952	0.4048	1.207813
23616	-3985.945	-4246.266	260.3217	2.077525	0.4756892	0.577511	0.422489	1.207813
23622	-3988.069	-4248.426	260.3568	2.077525	0.4756892	0.624967	0.375033	1.177541
23628	-3975.282	-4235.573	260.2906	2.027199	0.5472595	0.769006	0.230994	1.177541
23634	-3988.806	-4249.052	260.2455	1.971458	0.541048	0.742045	0.257955	1.270928
23640	-3988.229	-4248.339	260.1101	1.90459	0.5260934	0.602209	0.397791	1.449664
23646	-3996.879	-4256.975	260.0962	1.913107	0.5294656	0.691775	0.308225	1.449664
23652	-3991.113	-4251.249	260.1359	1.913107	0.5153494	0.630061	0.369939	1.43663
23658	-3989.346	-4249.419	260.0737	2.019305	0.6178544	0.750691	0.249309	1.278678
23664	-3977.589	-4237.948	260.3592	1.925735	0.4304341	0.786452	0.213548	1.366901
23670	-3991.685	-4251.78	260.095	1.925735	0.5256888	0.69199	0.30801	1.44559
23676	-3994.891	-4255.033	260.1415	1.856093	0.544084	0.672514	0.327486	1.441079
23682	-3999.026	-4259.215	260.1884	1.8033	0.4884602	0.670607	0.329393	1.513526
23688	-4003.782	-4263.815	260.0329	1.756533	0.4895492	0.694044	0.305956	1.659911
23694	-3994.937	-4254.786	259.8489	1.705992	0.5323049	0.694044	0.305956	1.776205
23700	-3991.445	-4251.106	259.6606	1.806685	0.5775549	0.644263	0.355737	1.788762
23706	-3982.077	-4241.979	259.9021	1.89849	0.6058131	0.644263	0.355737	1.519935
23712	-3991.407	-4251.197	259.7903	1.889062	0.625121	0.681984	0.318016	1.588966
23718	-3971.231	-4231.062	259.8309	1.897277	0.5912519	0.724727	0.275273	1.588966
23724	-4002.443	-4262.475	260.0326	1.834896	0.5016377	0.755758	0.244242	1.588966
23730	-4006.642	-4266.704	260.0616	1.820615	0.4781111	0.704388	0.295612	1.606999
23736	-3984.926	-4244.737	259.8109	1.807888	0.4605655	0.661948	0.338052	1.814628
23742	-3987.25	-4246.993	259.7437	1.807888	0.5146138	0.633217	0.366783	1.798154
23748	-3987.793	-4247.826	260.0333	1.809606	0.4002788	0.703393	0.296607	1.73565
23754	-4003.514	-4263.518	260.004	1.820809	0.5030895	0.587843	0.412157	1.618299
23760	-3984.886	-4245.033	260.1468	1.820809	0.4197802	0.694761	0.305239	1.620488
23766	-3985.141	-4244.901	259.7599	1.890272	0.562683	0.726642	0.273358	1.675928
23772	-3974.222	-4234.251	260.0299	1.89017	0.475552	0.726642	0.273358	1.582593
23778	-3989.373	-4249.335	259.9626	1.991343	0.6061349	0.618746	0.381254	1.403004
23784	-3986.182	-4246.372	260.1902	1.990233	0.5741713	0.618746	0.381254	1.259229
23790	-3990.389	-4250.643	260.2539	1.938096	0.5570689	0.696326	0.303674	1.271064
23796	-3989.521	-4249.607	260.0859	1.938096	0.5570689	0.646119	0.353881	1.405227
23802	-3995.385	-4255.555	260.1705	2.006785	0.5194574	0.760355	0.239645	1.330977
23808	-3989.335	-4249.376	260.0408	1.895747	0.5292736	0.69295	0.30705	1.504944
23814	-3986.709	-4246.856	260.1474	1.96994	0.5582915	0.69295	0.30705	1.330177
23820	-3980.781	-4240.882	260.1004	1.977431	0.5455195	0.790329	0.209671	1.377168
23826	-3993.727	-4253.841	260.1144	1.975761	0.4512131	0.726963	0.273037	1.487955
23832	-3993.487	-4253.451	259.964	1.896514	0.5158082	0.726963	0.273037	1.577175
23838	-3994.387	-4254.476	260.089	1.896514	0.5158082	0.651166	0.348834	1.484354
23844	-3998.434	-4258.627	260.1931	1.970813	0.5158082	0.699933	0.300067	1.346384
23850	-3996.31	-4256.427	260.1168	1.999563	0.5158082	0.699933	0.300067	1.383854
23856	-4012.458	-4272.668	260.2097	1.87465	0.4546586	0.65269	0.34731	1.487725
23862	-4005.488	-4265.461	259.9735	2.036815	0.5251922	0.619002	0.380998	1.454105
23868	-4000.633	-4260.856	260.2237	1.958735	0.427374	0.71129	0.28871	1.450706
23874	-3987.058	-4247.243	260.1848	1.958735	0.5194652	0.738175	0.261825	1.357863
23880	-4009.748	-4270.005	260.2571	1.893462	0.5002391	0.597286	0.402714	1.377013
23886	-3993.377	-4253.472	260.0946	1.938646	0.4756795	0.650113	0.349887	1.498686
23892	-3996.457	-4256.568	260.1111	1.968949	0.4991125	0.617631	0.382369	1.433233
23898	-3980.497	-4240.821	260.3235	2.072578	0.4853801	0.640603	0.359397	1.196359
23904	-3987.209	-4247.663	260.4536	2.035665	0.432317	0.644743	0.355257	1.196359
23910	-3976.537	-4236.986	260.4497	2.009245	0.4297401	0.613871	0.386129	1.226202
23916	-3970.121	-4230.586	260.4653	2.079552	0.4058632	0.660653	0.339347	1.191053
23922	-3975.621	-4236.027	260.4064	2.079552	0.4375087	0.609372	0.390628	1.191053
23928	-3985.99	-4246.347	260.3573	2.143	0.4930032	0.695043	0.304957	1.09239
23934	-3972.545	-4232.994	260.4491	2.000286	0.4676685	0.720156	0.279844	1.176466
23940	-3985.81	-4246.175	260.365	1.960461	0.553531	0.735483	0.264517	1.162363
23946	-3983.622	-4243.797	260.1751	1.960461	0.5399172	0.735483	0.264517	1.338376
23952	-3987.575	-4247.813	260.2378	1.97927	0.5399172	0.611263	0.388737	1.272306
23958	-3982.114	-4242.43	260.3158	1.97927	0.5694787	0.602001	0.397999	1.167715
23964	-3987.879	-4248.301	260.4217	1.952543	0.4377941	0.783481	0.216519	1.284346
23970	-3996.563	-4256.965	260.4024	1.878971	0.4259066	0.779115	0.220885	1.376184
23976	-3992.07	-4252.481	260.4116	1.878971	0.4512498	0.642087	0.357913	1.332599
23982	-3992.719	-4253.027	260.3072	1.915289	0.4509647	0.611243	0.388757	1.38679
23988	-3988.012	-4248.039	260.0271	1.917396	0.6002286	0.612015	0.387985	1.416908
23994	-3979.507	-4239.683	260.1762	1.917396	0.518948	0.604795	0.395205	1.39772
24000	-3986.394	-4246.345	259.9512	1.896408	0.6857973	0.671715	0.328285	1.400189
24006	-3983.779	-4243.548	259.7698	1.802833	0.60798	0.767451	0.232549	1.68341
24012	-3978.794	-4238.803	260.0087	1.787602	0.4695111	0.743922	0.256078	1.67938
24018	-3984.531	-4244.435	259.9041	1.780184	0.6401355	0.732322	0.267678	1.570023
24024	-3980.657	-4240.749	260.0915	1.927458	0.5654813	0.732322	0.267678	1.399184
24030	-3987.708	-4247.628	259.9198	1.875163	0.6243151	0.723618	0.276382	1.504387
24036	-3987.155	-4247.13	259.9745	1.827982	0.476463	0.723618	0.276382	1.666407
24042	-3996.388	-4256.32	259.9321	1.794296	0.4675319	0.785741	0.214259	1.731261
24048	-3993.551	-4253.482	259.9311	1.758017	0.4675319	0.744776	0.255224	1.75738
24054	-3977.119	-4236.934	259.815	1.766186	0.5558748	0.691336	0.308664	1.732119
24060	-3989.411	-4249.165	259.7543	1.766186	0.4721082	0.686721	0.313279	1.868325
24066	-3986.332	-4246.124	259.7917	1.754635	0.5563528	0.648489	0.351511	1.756048
24072	-3991.802	-4251.791	259.9889	1.779133	0.4523182	0.709764	0.290236	1.720687
24078	-4002.38	-4261.887	259.5067	1.753733	0.5779128	0.690785	0.309215	1.929894
24084	-4006.715	-4266.507	259.7927	1.703981	0.4761966	0.634071	0.365929	1.879783
24090	-4002.971	-4262.863	259.8917	1.731515	0.4061201	0.678655	0.321345	1.879783
24096	-4009.282	-4269.296	260.0144	1.727288	0.4432523	0.778407	0.221593	1.750551
24102	-4001.883	-4261.852	259.9689	1.769844	0.4449166	0.639084	0.360916	1.750551
24108	-3979.842	-4239.622	259.78	1.860389	0.5693243	0.725918	0.274082	1.675794
24114	-3994.097	-4253.862	259.765	1.895869	0.660748	0.786668	0.213332	1.566453
24120	-3987.768	-4248.013	260.2445	1.87228	0.4628488	0.603755	0.396245	1.452241
24126	-3995.38	-4255.335	259.9558	1.964393	0.6800024	0.603755	0.396245	1.349223
24132	-3995.047	-4255.363	260.3153	2.141868	0.5453957	0.667656	0.332344	1.053701
24138	-3977.133	-4237.341	260.2079	2.128749	0.5453957	0.762581	0.237419	1.163592
24144	-3990.942	-4251.262	260.3193	2.144786	0.5023282	0.717458	0.282542	1.111384
24150	-3980.508	-4240.959	260.4507	2.144786	0.5023282	0.700784	0.299216	0.985662
24156	-3992.692	-4252.892	260.2004	2.100446	0.6288499	0.684138	0.315862	1.0847
24162	-3992.097	-4252.271	260.1748	2.100446	0.6262932	0.674395	0.325605	1.111523
24168	-3985.842	-4246.166	260.324	2.05636	0.491698	0.731078	0.268922	1.200718
24174	-3991.367	-4251.656	260.2887	1.908487	0.4878997	0.722687	0.277313	1.356475
24180	-3990.916	-4250.998	260.0817	2.012161	0.5786196	0.722687	0.277313	1.324423
24186	-3975.926	-4236.027	260.1016	1.941652	0.5383658	0.786702	0.213298	1.412797
24192	-3975.032	-4234.732	259.7003	1.862896	0.7182101	0.660653	0.339347	1.582582
24198	-3971.306	-4231.396	260.0904	1.833103	0.5824951	0.606884	0.393116	1.453039
24204	-3989.567	-4249.661	260.0941	1.987453	0.5824951	0.602692	0.397308	1.329672
24210	-3988.763	-4249.113	260.3505	2.107596	0.5422821	0.766966	0.233034	1.057498
24216	-3986.732	-4247.235	260.5024	2.088878	0.4770927	0.753823	0.246177	1.031803
24222	-3985.171	-4245.617	260.4455	2.128514	0.4770927	0.692708	0.307292	1.04841
24228	-3997.94	-4258.34	260.3995	2.094456	0.485897	0.692708	0.307292	1.109106
24234	-3993.264	-4253.491	260.2276	2.094456	0.485897	0.604742	0.395258	1.258087
24240	-3982.802	-4242.967	260.165	2.010783	0.578182	0.665949	0.334051	1.258087
24246	-3985.627	-4245.618	259.9908	1.957584	0.6358056	0.741731	0.258269	1.374419
24252	-3989.748	-4250.027	260.2783	1.977828	0.453595	0.691073	0.308927	1.356669
24258	-3985.382	-4245.406	260.0245	1.931107	0.5118201	0.691073	0.308927	1.511682
24264	-3995.633	-4255.593	259.9596	1.810073	0.6024158	0.744193	0.255807	1.546535
24270	-3986.712	-4246.594	259.8819	1.702372	0.4500171	0.707629	0.292371	1.851184
24276	-3980.001	-4239.987	259.9859	1.899013	0.5436457	0.617228	0.382772	1.526585
24282	-3989.943	-4249.86	259.9174	1.899013	0.5436457	0.585185	0.414815	1.577069
24288	-3982.005	-4242.144	260.1388	1.963726	0.4658248	0.591752	0.408248	1.459174
24294	-3987.258	-4247.535	260.2765	1.963726	0.4868321	0.62965	0.37035	1.323596
24300	-3987.909	-4248.14	260.2313	1.963726	0.4868321	0.644757	0.355243	1.359659
24306	-3983.101	-4243.385	260.284	1.983492	0.4868321	0.741156	0.258844	1.301616
24312	-3983.248	-4243.607	260.3591	1.983492	0.491645	0.823851	0.176149	1.232836
24318	-3979.836	-4240.349	260.5131	2.03293	0.4000512	0.704429	0.295571	1.199635
24324	-3977.85	-4238.444	260.5941	2.056997	0.3625148	0.678602	0.321398	1.173397
24330	-3960.977	-4221.428	260.451	2.092224	0.4941047	0.678602	0.321398	1.050403
24336	-3983.245	-4243.542	260.2968	2.092224	0.5438233	0.769623	0.230377	1.119134
24342	-3981.494	-4241.746	260.2514	2.111873	0.5415778	0.660547	0.339453	1.145369
24348	-3978.384	-4238.722	260.3382	2.111873	0.5347192	0.622696	0.377304	1.076164
24354	-3986.044	-4246.127	260.0836	2.069042	0.5878694	0.712474	0.287526	1.265325
24360	-3976.144	-4236.494	260.3502	2.024816	0.5179957	0.666198	0.333802	1.168004
24366	-3975.381	-4235.706	260.3252	1.874635	0.4435924	0.727344	0.272656	1.414659
24372	-3979.725	-4239.957	260.232	2.056589	0.5196473	0.651232	0.348768	1.239614
24378	-3983.41	-4243.66	260.2502	2.056589	0.5336342	0.62018	0.37982	1.205338
24384	-3990.536	-4250.854	260.3179	2.056589	0.5336342	0.62018	0.37982	1.146468
24390	-3994.167	-4254.428	260.2615	2.088799	0.5336342	0.603008	0.396992	1.1678
24396	-3976.369	-4236.727	260.3586	2.092333	0.5608906	0.752566	0.247434	1.036888
24402	-3997.452	-4257.665	260.2126	2.214553	0.5909019	0.672574	0.327426	1.016224
24408	-3989.145	-4249.537	260.3921	2.009681	0.4829509	0.690998	0.309002	1.195029
24414	-3983.469	-4243.793	260.3244	2.009681	0.5134944	0.680127	0.319873	1.20961
24420	-3987.491	-4247.692	260.2014	1.977749	0.6104157	0.7391	0.2609	1.215685
24426	-3992.111	-4252.386	260.2747	1.984393	0.5819848	0.707952	0.292048	1.182654
24432	-3984.246	-4244.507	260.2611	1.950657	0.4396409	0.692037	0.307963	1.410916
24438	-3981.406	-4241.618	260.2126	1.950657	0.4670697	0.612977	0.387023	1.410916
24444	-3975.289	-4235.553	260.2636	1.848523	0.4718945	0.703237	0.296763	1.443816
24450	-3976.323	-4236.298	259.9753	1.848523	0.5410604	0.661481	0.338519	1.574667
24456	-3979.872	-4239.42	259.5489	1.76423	0.5071888	0.638021	0.361979	1.968751
24462	-3987.372	-4247.268	259.8962	1.772539	0.4779748	0.638021	0.361979	1.759059
24468	-3990.058	-4250.253	260.1945	1.772539	0.470221	0.649056	0.350944	1.55487
24474	-3991.964	-4251.939	259.9743	1.815094	0.5812854	0.687312	0.312688	1.55487
24480	-3987.846	-4247.73	259.8839	1.815094	0.4977269	0.618141	0.381859	1.714477
24486	-3996.544	-4256.221	259.6772	1.832338	0.6214545	0.648356	0.351644	1.714477
24492	-3987.062	-4246.82	259.7584	1.786843	0.7001331	0.606666	0.393334	1.612634
24498	-3988.587	-4248.41	259.8229	1.811499	0.6605123	0.590604	0.409396	1.58607
24504	-3976.899	-4236.937	260.0382	1.793144	0.46082	0.685183	0.314817	1.66513
24510	-3983.49	-4243.224	259.7334	1.793144	0.5337421	0.713189	0.286811	1.794358
24516	-3984.414	-4244.47	260.0568	1.749429	0.5016307	0.700492	0.299508	1.633429
24522	-3984.516	-4244.643	260.1265	1.927996	0.463954	0.629497	0.370503	1.497933
24528	-3981.789	-4241.802	260.0131	1.898343	0.551269	0.728553	0.271447	1.497933
24534	-3981.428	-4241.528	260.1002	2.056661	0.5372066	0.758139	0.241861	1.324699
24540	-3977.113	-4237.338	260.2247	2.056661	0.5539453	0.692495	0.307505	1.200021
24546	-3987.23	-4247.306	260.076	2.003204	0.6073825	0.741588	0.258412	1.302176
24552	-3997.486	-4257.99	260.5043	1.941107	0.4759819	0.744551	0.255449	1.167467
24558	-3986.072	-4246.267	260.1952	1.941107	0.5138853	0.710183	0.289817	1.370694
24564	-3982.361	-4242.503	260.142	1.941107	0.5138853	0.697231	0.302769	1.412198
24570	-3974.552	-4234.67	260.1181	1.935332	0.5340991	0.720614	0.279386	1.410112
24576	-3982.823	-4242.917	260.0933	2.206602	0.6236489	0.687493	0.312507	1.09236
24582	-3987.948	-4248.244	260.2962	2.206602	0.551222	0.730095	0.269905	1.000481
24588	-3986.131	-4246.71	260.5792	2.203488	0.4345351	0.738325	0.261675	0.9117963
24594	-3993.969	-4254.243	260.2741	2.264837	0.6139247	0.660148	0.339852	0.86047
24600	-3978.74	-4239.225	260.4846	2.285611	0.4687774	0.688178	0.311822	0.8562301
24606	-3982.311	-4242.741	260.4297	2.183796	0.4789812	0.635972	0.364028	1.006876
24612	-3982.023	-4242.553	260.5297	2.183796	0.4677373	0.705509	0.294491	0.9230505
24618	-3973.929	-4234.431	260.5014	2.191314	0.4677373	0.750158	0.249842	0.9454017
24624	-3998.257	-4258.745	260.488	2.212438	0.4632869	0.555543	0.444457	0.9454017
24630	-3981.972	-4242.46	260.488	2.212438	0.4632869	0.766775	0.233225	0.9454017
24636	-3975.346	-4235.764	260.4182	2.212438	0.459046	0.672042	0.327958	1.023956
24642	-3965.432	-4225.763	260.331	2.212438	0.5288254	0.672042	0.327958	0.994911
24648	-3967.399	-4227.747	260.348	2.146528	0.5642421	0.743507	0.256493	0.9887043
24654	-3974.788	-4235.15	260.362	2.146528	0.5274109	0.702462	0.297538	1.031561
24660	-3989.64	-4250.018	260.3772	2.150763	0.5153183	0.752239	0.247761	1.031561
24666	-3982.343	-4242.733	260.3902	2.14926	0.5153183	0.769498	0.230502	1.020384
24672	-3976.858	-4237.292	260.4342	2.136893	0.5217199	0.80311	0.19689	0.9784225
24678	-3967.746	-4228.218	260.4725	2.012314	0.4867137	0.646736	0.353264	1.116149
24684	-3973.636	-4233.933	260.297	2.005785	0.546836	0.683262	0.316738	1.19104
24690	-3985.162	-4245.189	260.0279	2.005785	0.6232067	0.754425	0.245575	1.320689
24696	-3990.78	-4250.894	260.1147	1.938064	0.6266543	0.697515	0.302485	1.301347
24702	-3989.449	-4249.676	260.2275	1.878745	0.4853974	0.712858	0.287142	1.43073
24708	-3983.886	-4244.165	260.2785	1.922909	0.4507015	0.745914	0.254086	1.403623
24714	-3979.921	-4240.061	260.1399	1.907397	0.565768	0.638618	0.361382	1.376705
24720	-3982.605	-4242.776	260.1707	1.967526	0.4866033	0.63123	0.36877	1.404426
24726	-3986.13	-4246.282	260.1515	2.050312	0.5510197	0.547837	0.452163	1.27068
24732	-3976.949	-4237.208	260.2593	2.096778	0.528957	0.554153	0.445847	1.169165
24738	-3991.531	-4251.893	260.362	1.98378	0.528957	0.659004	0.340996	1.178141
24744	-3984.443	-4244.759	260.3158	2.134823	0.5674875	0.659004	0.340996	1.027418
24750	-3992.677	-4252.688	260.0104	1.886966	0.5481977	0.639517	0.360483	1.512027
24756	-3981.375	-4241.347	259.9716	1.87743	0.5769797	0.707672	0.292328	1.515419
24762	-4005.843	-4265.907	260.0641	2.038943	0.5663422	0.629117	0.370883	1.331861
24768	-4001.378	-4261.574	260.1964	2.04743	0.4786531	0.65795	0.34205	1.331861
24774	-4000.135	-4260.623	260.4887	2.124525	0.4451614	0.583948	0.416052	1.064208
24780	-3995.378	-4255.643	260.2658	2.205361	0.4952721	0.746033	0.253967	1.115589
24786	-3993.601	-4254.018	260.4176	2.12191	0.4857037	0.661993	0.338007	1.067324
24792	-3993.459	-4253.786	260.3266	2.105034	0.5310627	0.632115	0.367885	1.098641
24798	-3993.626	-4254.146	260.52	2.13517	0.4446455	0.632115	0.367885	1.024868
24804	-3995.021	-4255.299	260.2782	2.054161	0.5443307	0.724745	0.275255	1.168772
24810	-3997.183	-4257.528	260.3455	2.182572	0.5460786	0.669572	0.330428	0.9829811
24816	-3988.075	-4248.506	260.4312	2.148902	0.5116646	0.661061	0.338939	0.9857544
24822	-3981.491	-4242.001	260.5094	2.092224	0.4179481	0.654328	0.345672	1.120902
24828	-3969.921	-4230.255	260.3334	2.047045	0.5360015	0.638023	0.361977	1.137884
24834	-3986.698	-4246.874	260.176	2.05324	0.5792451	0.779026	0.220974	1.211841
24840	-3999.256	-4259.647	260.3907	1.999394	0.4750133	0.653454	0.346546	1.216535
24846	-3976.059	-4236.342	260.2827	1.999394	0.4826694	0.684438	0.315562	1.295412
24852	-3980.917	-4241.249	260.3321	2.005928	0.4614232	0.684438	0.315562	1.279584
24858	-3979.236	-4239.401	260.165	2.062981	0.557712	0.69591	0.30409	1.240348
24864	-3994.027	-4254.235	260.2078	2.020224	0.557712	0.717915	0.282085	1.240348
24870	-3995.945	-4256.169	260.2239	2.047862	0.5296724	0.621143	0.378857	1.240348
24876	-3987.125	-4247.268	260.1437	2.11055	0.585998	0.783559	0.216441	1.181766
24882	-3991.446	-4251.75	260.3033	2.065564	0.5281243	0.650384	0.349616	1.159134
24888	-3983.229	-4243.538	260.3089	2.09154	0.5085415	0.650384	0.349616	1.159134
24894	-3986.717	-4246.962	260.2451	2.059454	0.5210564	0.648136	0.351864	1.2243
24900	-3991.503	-4251.799	260.2957	2.016638	0.4975186	0.712028	0.287972	1.250037
24906	-3987.593	-4247.729	260.1357	1.95018	0.5357634	0.747579	0.252421	1.382791
24912	-4014.04	-4274.014	259.9739	1.993517	0.5834487	0.653521	0.346479	1.418267
24918	-3991.237	-4251.363	260.1259	1.937916	0.5774157	0.718025	0.281975	1.349808
24924	-3990.697	-4250.899	260.203	1.941448	0.5774157	0.718025	0.281975	1.284866
24930	-4001.28	-4261.226	259.9458	1.721222	0.4539072	0.743279	0.256721	1.789332
24936	-3995.32	-4254.799	259.4787	1.808707	0.4965752	0.672035	0.327965	1.997675
24942	-3994.673	-4254.447	259.7735	1.836158	0.5144836	0.670051	0.329949	1.757899
24948	-4003.339	-4263.133	259.794	1.675182	0.5222574	0.670051	0.329949	1.846493
24954	-4001.147	-4260.779	259.6311	1.771488	0.5282409	0.706326	0.293674	1.885416
24960	-4000.966	-4260.639	259.6729	1.700176	0.449716	0.706326	0.293674	1.994267
24966	-3989.966	-4249.853	259.8868	1.750293	0.4928568	0.706326	0.293674	1.763647
24972	-3982.249	-4241.829	259.5793	1.737292	0.5003937	0.683526	0.316474	1.973913
24978	-3982.731	-4242.475	259.7439	1.708993	0.4988625	0.622721	0.377279	1.883638
24984	-3981.169	-4240.654	259.4845	1.706242	0.5444185	0.65419	0.34581	2.010786
24990	-3979.501	-4239.178	259.6772	1.853237	0.5444185	0.703082	0.296918	1.780016
24996	-3982.552	-4242.501	259.9485	1.866099	0.5314986	0.703082	0.296918	1.592364
25002	-3983.802	-4243.747	259.9442	1.922599	0.5479349	0.730479	0.269521	1.535054
25008	-3983.653	-4243.522	259.8696	1.809352	0.4299043	0.745074	0.254926	1.810998
25014	-3988.211	-4247.841	259.6307	1.809352	0.6412204	0.630327	0.369673	1.743848
25020	-3992.924	-4252.916	259.9917	1.793576	0.4522418	0.630327	0.369673	1.708596
25026	-3981.593	-4241.599	260.0058	1.793576	0.4692926	0.708699	0.291301	1.677437
25032	-3978.544	-4238.454	259.9103	1.809113	0.4839099	0.708699	0.291301	1.716389
25038	-3980.309	-4240.233	259.9246	1.850424	0.5149899	0.611801	0.388199	1.640155
25044	-3979.738	-4239.704	259.9662	1.797543	0.5149899	0.641258	0.358742	1.648304
25050	-3986.516	-4246.365	259.8487	1.817193	0.5149899	0.632023	0.367977	1.717894
25056	-3997.802	-4257.648	259.8459	1.849059	0.5534328	0.732875	0.267125	1.654093
25062	-3976.098	-4236.017	259.9189	1.796932	0.5606909	0.471177	0.528823	1.631072
25068	-3981.373	-4241.451	260.0785	1.836031	0.4863784	0.536471	0.463529	1.573238
25074	-3985.538	-4245.57	260.0312	1.777244	0.4863784	0.667503	0.332497	1.650103
25080	-3995.079	-4254.985	259.9058	1.756693	0.4863784	0.742352	0.257648	1.753464
25086	-3988.023	-4247.658	259.6342	1.756693	0.5017737	0.723066	0.276934	1.922456
25092	-4000.096	-4259.423	259.3272	1.663501	0.5980212	0.721211	0.278789	2.089708
25098	-4002.86	-4262.398	259.5379	1.663501	0.5346859	0.721211	0.278789	2.013874
25104	-3986.718	-4246.457	259.7388	1.783358	0.4963629	0.689462	0.310538	1.839114
25110	-3987.513	-4247.309	259.7966	1.788167	0.523926	0.724777	0.275223	1.764675
25116	-3995.162	-4254.924	259.7614	1.720095	0.523926	0.697889	0.302111	1.836188
25122	-3996.515	-4256.525	260.01	1.759642	0.5132959	0.735261	0.264739	1.646
25128	-4001.479	-4261.544	260.0646	1.814084	0.38491	0.673638	0.326362	1.731597
25134	-3991.864	-4251.954	260.0894	1.814084	0.4776413	0.66859	0.33141	1.592104
25140	-4006.729	-4267.118	260.3888	1.917294	0.4776413	0.726665	0.273335	1.28282
25146	-3998.554	-4258.821	260.2669	1.92015	0.4181636	0.650111	0.349889	1.46022
25152	-4003.656	-4263.811	260.1553	1.92015	0.5257157	0.677556	0.322444	1.403377
25158	-4003.38	-4263.596	260.2164	1.92015	0.4884136	0.689368	0.310632	1.403377
25164	-4014.444	-4274.908	260.4644	1.955331	0.4233627	0.671963	0.328037	1.268745
25170	-4015.688	-4275.575	259.8865	1.990904	0.6784798	0.738244	0.261756	1.384534
25176	-3986.701	-4246.995	260.2938	2.040372	0.4474472	0.738244	0.261756	1.302847
25182	-3996.872	-4257.049	260.1775	2.040372	0.6138933	0.562454	0.437546	1.178078
25188	-3992.966	-4253.247	260.2802	2.064628	0.4935004	0.657221	0.342779	1.228369
25194	-3990.095	-4250.204	260.1086	2.075463	0.5584895	0.723395	0.276605	1.275808
25200	-3990.958	-4251.319	260.3611	2.031524	0.4634241	0.634696	0.365304	1.231298
25206	-4002.262	-4262.34	260.0785	1.976351	0.5268935	0.655025	0.344975	1.417864
25212	-4007.407	-4267.584	260.1768	1.99891	0.5179395	0.756278	0.243722	1.334177
25218	-3993.454	-4253.784	260.3296	2.104654	0.5179395	0.565987	0.434013	1.115379
25224	-3993.9	-4254.096	260.1967	2.059784	0.5284575	0.647929	0.352071	1.254695
25230	-3996.238	-4256.601	260.3628	2.025779	0.4498731	0.695845	0.304155	1.254695
25236	-3999.648	-4259.932	260.2837	2.011887	0.4368982	0.720846	0.279154	1.349137
25242	-3996.449	-4256.675	260.2264	1.993194	0.4954411	0.694607	0.305393	1.328595
25248	-3985.863	-4246.172	260.3087	2.043817	0.4853296	0.757801	0.242199	1.233422
25254	-3998.486	-4258.591	260.1047	2.043817	0.6361793	0.669965	0.330035	1.21066
25260	-3986.834	-4246.954	260.1192	2.043817	0.5348743	0.634882	0.365118	1.322766
25266	-3989.434	-4249.663	260.2291	1.921737	0.5097788	0.776294	0.223706	1.364454
25272	-3988.143	-4248.171	260.0285	1.965181	0.4888156	0.69139	0.30861	1.511642
25278	-4003.261	-4263.051	259.79	1.868804	0.5575409	0.587716	0.412284	1.675371
25284	-3983.285	-4243.567	260.2822	1.868804	0.4063513	0.663941	0.336059	1.50425
25290	-3989.34	-4249.298	259.9577	1.803235	0.4495225	0.658334	0.341666	1.729207
25296	-3996.171	-4255.816	259.645	1.747682	0.4495225	0.699471	0.300529	1.98137
25302	-3989.646	-4249.33	259.6842	1.714805	0.5258785	0.609976	0.390024	1.890432
25308	-3995.015	-4254.628	259.6126	1.68915	0.515014	0.807567	0.192433	1.967858
25314	-4008.055	-4267.634	259.5783	1.806512	0.515014	0.64816	0.35184	1.911911
25320	-3990.525	-4250.005	259.4795	1.724091	0.6357307	0.673775	0.326225	1.911911
25326	-3986.257	-4246.074	259.8169	1.773766	0.5343842	0.705864	0.294136	1.748968
25332	-3982.736	-4242.539	259.8028	1.793558	0.5307569	0.734271	0.265729	1.748968
25338	-3981.584	-4241.583	259.999	1.74185	0.3979412	0.636753	0.363247	1.809832
25344	-3988.087	-4248.312	260.225	1.74185	0.3450301	0.654482	0.345518	1.727096
25350	-3988.72	-4248.575	259.8558	1.790594	0.5014101	0.668809	0.331191	1.747218
25356	-4002.639	-4262.488	259.8487	1.802827	0.5433749	0.668809	0.331191	1.696175
25362	-3992.001	-4251.277	259.2761	1.582581	0.5764994	0.715225	0.284775	2.196529
25368	-3994.965	-4254.544	259.5793	1.71671	0.6356866	0.657756	0.342244	1.849049
25374	-3999.776	-4259.873	260.0967	1.780678	0.4351319	0.747644	0.252356	1.665015
25380	-3996.171	-4256.113	259.9418	1.817027	0.5935166	0.793071	0.206929	1.564038
25386	-3984.103	-4244.122	260.0186	1.817027	0.4527262	0.729801	0.270199	1.672257
25392	-3995.347	-4255.286	259.9387	1.93665	0.5301337	0.642468	0.357532	1.549378
25398	-3985.236	-4245.754	260.5174	1.955851	0.4099078	0.673632	0.326368	1.245211
25404	-3982.464	-4242.682	260.2176	1.955851	0.5387475	0.762938	0.237062	1.309371
25410	-3991.487	-4251.571	260.0841	1.942051	0.5955604	0.600847	0.399153	1.358455
25416	-3991.971	-4252.311	260.3397	1.93145	0.492927	0.739251	0.260749	1.290305
25422	-3991.278	-4251.708	260.4302	1.93564	0.492927	0.694175	0.305825	1.211429
25428	-3992.059	-4252.322	260.2634	1.927133	0.4976919	0.705859	0.294141	1.348835
25434	-3987.981	-4248.194	260.213	1.951127	0.493599	0.732879	0.267121	1.375017
25440	-3979.119	-4239.364	260.2452	1.951127	0.4822468	0.720419	0.279581	1.364713
25446	-3985.034	-4245.303	260.2686	1.994743	0.5054096	0.589435	0.410565	1.279742
25452	-3986.711	-4246.965	260.2544	1.844423	0.5314458	0.62659	0.37341	1.378041
25458	-3995.425	-4255.478	260.0529	1.878419	0.5304341	0.725294	0.274706	1.507446
25464	-4000.07	-4260.209	260.1387	1.855249	0.4114102	0.631084	0.368916	1.61276
25470	-3990.995	-4251.237	260.2426	1.81416	0.4080153	0.584801	0.415199	1.571705
25476	-3995.449	-4255.458	260.0094	1.875417	0.4965333	0.615604	0.384396	1.582541
25482	-3987.588	-4247.611	260.023	1.904566	0.4911084	0.657812	0.342188	1.557795
25488	-3977.585	-4237.523	259.9377	1.930439	0.5644076	0.657812	0.342188	1.515245
25494	-3977.476	-4237.656	260.1799	1.927476	0.5644076	0.657812	0.342188	1.330711
25500	-3980.181	-4240.238	260.0573	1.939063	0.6031341	0.627821	0.372179	1.373223
25506	-3992.221	-4252.461	260.2401	1.99118	0.5096542	0.696395	0.303605	1.3003
25512	-3987.588	-4247.968	260.3801	1.99118	0.4805252	0.745231	0.254769	1.224472
25518	-3993.579	-4253.789	260.2104	1.963091	0.5583075	0.745231	0.254769	1.284729
25524	-3991.411	-4251.548	260.1367	2.007979	0.5773798	0.745231	0.254769	1.284729
25530	-3992.49	-4252.583	260.0925	2.014937	0.6026813	0.711345	0.288655	1.284729
25536	-3987.195	-4247.509	260.3137	2.037947	0.5595534	0.692474	0.307526	1.130906
25542	-3987.682	-4247.995	260.3126	2.068895	0.5402889	0.644355	0.355645	1.130906
25548	-3981.582	-4241.875	260.2927	2.153385	0.5585495	0.676907	0.323093	1.044946
25554	-3992.852	-4253.055	260.2036	2.152969	0.5559029	0.733236	0.266764	1.131556
25560	-3982.643	-4242.936	260.293	2.161267	0.538278	0.682283	0.317717	1.067
25566	-3986.093	-4246.3	260.2066	2.17006	0.5794481	0.72932	0.27068	1.080726
25572	-3989.083	-4249.525	260.4414	2.215884	0.4970098	0.611087	0.388913	0.9302609
25578	-3983.73	-4244.207	260.4771	2.180693	0.496667	0.702239	0.297761	0.9302609
25584	-3981.883	-4242.215	260.3323	2.191955	0.5767246	0.690137	0.309863	0.9382637
25590	-3980.317	-4240.688	260.3701	2.191955	0.5252802	0.727973	0.272027	0.9817528
25596	-3987.906	-4248.355	260.4492	2.123006	0.5119488	0.73469	0.26531	0.99324
25602	-3975.282	-4235.622	260.3398	2.166515	0.493661	0.69663	0.30337	1.085792
25608	-3979.881	-4240.274	260.393	2.043838	0.493661	0.625142	0.374858	1.148729
25614	-3974.87	-4235.186	260.3157	2.0664	0.4964183	0.745083	0.254917	1.192452
25620	-3992.149	-4252.227	260.078	2.035433	0.6292631	0.727948	0.272052	1.248409
25626	-3987.948	-4248.074	260.125	1.995417	0.4822887	0.730825	0.269175	1.423822
25632	-3984.174	-4244.3	260.1256	1.913066	0.532214	0.595012	0.404988	1.423822
25638	-3993.151	-4253.319	260.1686	1.913066	0.4705432	0.716908	0.283092	1.468798
25644	-3981.648	-4241.972	260.3241	1.986484	0.5088691	0.70751	0.29249	1.235823
25650	-3989.592	-4249.936	260.3441	1.984859	0.5052416	0.742533	0.257467	1.2254
25656	-4001.599	-4262.003	260.4039	1.984859	0.4975286	0.684918	0.315082	1.185162
25662	-4002.103	-4262.285	260.1816	2.128083	0.5916492	0.684918	0.315082	1.125465
25668	-3998.14	-4258.27	260.1302	2.049061	0.5389836	0.700167	0.299833	1.30443
25674	-3991.821	-4251.972	260.1516	2.049896	0.5689856	0.75341	0.24659	1.248189
25680	-3991.354	-4251.853	260.4989	2.16209	0.4626067	0.591215	0.408785	0.9875424
25686	-4000.61	-4261.117	260.5062	2.133856	0.479973	0.630095	0.369905	0.9783506
25692	-3981.336	-4241.633	260.2969	2.161922	0.5397219	0.736255	0.263745	1.060564
25698	-3976.097	-4236.562	260.4646	2.161922	0.461472	0.73611	0.26389	1.023822
25704	-3981.041	-4241.645	260.604	2.108363	0.414101	0.675644	0.324356	1.023822
25710	-3971.886	-4232.101	260.2154	2.108363	0.6314125	0.69873	0.30127	1.059863
25716	-3974.942	-4235.39	260.4483	2.162524	0.4863523	0.710048	0.289952	0.9970072
25722	-3981.79	-4242.107	260.3164	2.166771	0.5663225	0.657787	0.342213	0.9970072
25728	-3989.101	-4249.185	260.0832	2.153959	0.6187496	0.715035	0.284965	1.155185
25734	-3986.149	-4246.362	260.2133	2.058292	0.5750083	0.70992	0.29008	1.180854
25740	-3989.099	-4249.569	260.4704	2.058292	0.4281752	0.613632	0.386368	1.168768
25746	-4000.683	-4260.832	260.1486	2.067351	0.5941569	0.764713	0.235287	1.204385
25752	-3985.296	-4245.623	260.3272	2.014646	0.49119	0.700165	0.299835	1.234162
25758	-3990.577	-4250.769	260.1922	2.014646	0.6376461	0.675757	0.324243	1.158481
25764	-3992.61	-4252.968	260.3577	1.953132	0.5563936	0.763879	0.236121	1.171296
25770	-3990.011	-4250.229	260.218	1.853775	0.534201	0.763879	0.236121	1.395785
25776	-3981.093	-4241.053	259.9604	1.944666	0.4656171	0.722558	0.277442	1.606052
25782	-3986.289	-4246.334	260.045	1.887364	0.5264915	0.673241	0.326759	1.511384
25788	-3998.6	-4258.842	260.2427	1.887364	0.4735135	0.69707	0.30293	1.427928
25794	-3977.847	-4237.756	259.9093	1.826994	0.5033736	0.707418	0.292582	1.681439
25800	-3983.314	-4243.651	260.3374	2.12639	0.5575893	0.659595	0.340405	1.029307
25806	-3982.083	-4242.26	260.1767	2.12639	0.6046502	0.659595	0.340405	1.114264
25812	-3985.236	-4245.744	260.5078	2.094561	0.438879	0.546614	0.453386	1.084988
25818	-3985.942	-4246.352	260.4099	2.096425	0.4942002	0.584453	0.415547	1.084988
25824	-3986.262	-4246.611	260.3483	2.137562	0.4913622	0.706582	0.293418	1.108167
25830	-3969.302	-4229.646	260.3444	2.164834	0.5720641	0.673048	0.326952	0.9615251
25836	-3976.392	-4236.756	260.3636	2.271558	0.5720641	0.673048	0.326952	0.8173661
25842	-3987.509	-4247.835	260.326	2.21017	0.5440568	0.697985	0.302015	0.9780234
25848	-3972.986	-4233.457	260.4707	2.225321	0.4987668	0.744522	0.255478	0.8838132
25854	-3992.928	-4253.492	260.5637	2.225321	0.4274001	0.701894	0.298106	0.9192765
25860	-3988.405	-4248.527	260.1221	2.246001	0.6829414	0.635439	0.364561	0.9455836
25866	-3978.48	-4238.892	260.4128	2.197501	0.516906	0.652214	0.347786	0.9455836
25872	-3989.967	-4250.447	260.4801	2.175067	0.5036922	0.757833	0.242167	0.920474
25878	-3984.833	-4245.273	260.44	2.098106	0.5036922	0.62389	0.37611	1.040147
25884	-3983.205	-4243.695	260.4898	2.161338	0.4785726	0.62389	0.37611	0.9694342
25890	-3993.363	-4253.815	260.4521	2.199071	0.4785726	0.62389	0.37611	0.9694342
25896	-3993.588	-4254.163	260.5751	2.14967	0.4785726	0.757745	0.242255	0.8897726
25902	-3990.54	-4250.797	260.2572	2.168337	0.6043502	0.797256	0.202744	0.9983312
25908	-3990.639	-4251.046	260.4071	2.072253	0.5161997	0.555559	0.444441	1.076483
25914	-3987.14	-4247.582	260.4421	2.115597	0.5036419	0.583443	0.416557	1.021142
25920	-3984.867	-4245.334	260.4663	2.206082	0.4659556	0.689272	0.310728	0.9699747
25926	-3975.103	-4235.49	260.3865	2.206082	0.5134751	0.689272	0.310728	0.9699747
25932	-3977.126	-4237.42	260.2932	2.206082	0.5732289	0.689272	0.310728	0.9699747
25938	-3991.883	-4252.335	260.4528	2.206082	0.4648062	0.567917	0.432083	0.9857633
25944	-3992.156	-4252.312	260.1558	2.206082	0.6060947	0.567647	0.432353	1.057921
25950	-3992.315	-4252.756	260.4416	2.178138	0.445238	0.715589	0.284411	1.057921
25956	-3999.189	-4259.521	260.3319	2.189157	0.4984715	0.68404	0.31596	1.064611
25962	-3986.051	-4246.275	260.2238	2.288974	0.5976556	0.650449	0.349551	0.9171914
25968	-4001.493	-4261.769	260.2757	2.255019	0.5976556	0.720534	0.279466	0.8971903
25974	-3989.174	-4249.639	260.4652	2.192964	0.4779538	0.713115	0.286885	0.9632207
25980	-3987.141	-4247.522	260.3806	2.192964	0.5785658	0.656487	0.343513	0.8803925
25986	-3981.551	-4241.929	260.3784	2.216935	0.5322222	0.656487	0.343513	0.9354981
25992	-3987.368	-4247.791	260.4231	2.115357	0.5546763	0.691937	0.308063	0.9586138
25998	-3994.482	-4254.983	260.5006	2.177707	0.4688446	0.721367	0.278633	0.9586138
26004	-3979.321	-4239.611	260.2899	2.158668	0.5584901	0.663096	0.336904	1.042627
26010	-3987.371	-4247.558	260.1866	2.207164	0.6896846	0.705541	0.294459	0.9079588
26016	-3986.664	-4247.077	260.4134	2.207164	0.5144381	0.617039	0.382961	0.938916
26022	-3989	-4249.606	260.6058	2.157542	0.4388028	0.71467	0.28533	0.9246044
26028	-3983.169	-4243.624	260.4547	2.223028	0.5069266	0.71467	0.28533	0.8893125
26034	-3976.024	-4236.52	260.496	2.252432	0.4559421	0.593175	0.406825	0.9072313
26040	-3983.186	-4243.637	260.4509	2.225219	0.4843227	0.669438	0.330562	0.9327839
26046	-3980.027	-4240.398	260.3707	2.088805	0.4999824	0.767071	0.232929	1.119075
26052	-3986.651	-4246.971	260.3197	1.983935	0.4138677	0.791297	0.208703	1.37636
26058	-3981.249	-4241.523	260.2739	1.926504	0.433953	0.754315	0.245685	1.427639
26064	-3984.69	-4244.569	259.8791	1.972657	0.6151268	0.754315	0.245685	1.471454
26070	-3993.825	-4253.888	260.0627	1.872014	0.5590026	0.726318	0.273682	1.471454
26076	-3979.188	-4239.255	260.067	1.872014	0.5869468	0.682655	0.317345	1.436175
26082	-3980.644	-4240.84	260.1965	1.905777	0.5744141	0.662298	0.337702	1.322686
26088	-3991.933	-4251.885	259.9521	2.038818	0.7126901	0.730404	0.269596	1.25711
26094	-3995.223	-4255.573	260.3508	2.038818	0.4955257	0.738217	0.261783	1.187309
26100	-3983.343	-4243.722	260.3792	2.032805	0.4866643	0.73259	0.26741	1.18076
26106	-3979.975	-4240.288	260.3127	1.833211	0.4866643	0.73259	0.26741	1.398399
26112	-3983.28	-4243.446	260.1662	1.849632	0.5351475	0.757449	0.242551	1.437863
26118	-3985.102	-4244.948	259.8463	1.92517	0.6898895	0.733608	0.266392	1.454671
26124	-3989.059	-4249.319	260.2606	1.918077	0.519165	0.672564	0.327436	1.33025
26130	-4007.266	-4267.512	260.2462	1.928778	0.5214988	0.672564	0.327436	1.33025
26136	-4015.607	-4275.753	260.146	2.024746	0.5133934	0.631713	0.368287	1.344021
26142	-3987.479	-4247.817	260.3385	2.092117	0.5483778	0.631713	0.368287	1.074374
26148	-3990.277	-4250.665	260.3884	2.074343	0.5190805	0.755634	0.244366	1.087631
26154	-3985.279	-4245.42	260.1411	2.186215	0.6743327	0.712072	0.287928	0.9993244
26160	-3985.737	-4245.835	260.098	2.186215	0.7071336	0.660181	0.339819	0.9993244
26166	-3986.71	-4247	260.2894	2.18527	0.5724523	0.791344	0.208656	0.9962474
26172	-3989.206	-4249.475	260.2691	2.324729	0.5601766	0.772814	0.227186	0.8891042
26178	-3988.276	-4248.613	260.337	2.236827	0.5376222	0.651356	0.348644	0.9493491
26184	-3987.059	-4247.272	260.2129	2.236827	0.6207655	0.723116	0.276884	0.9493491
26190	-3985.594	-4245.59	259.9961	2.236827	0.7122223	0.696224	0.303776	1.043182
26196	-4000.393	-4260.856	260.4628	2.136144	0.4576506	0.681693	0.318307	1.056763
26202	-3990.004	-4250.333	260.3281	2.136144	0.4782812	0.774805	0.225195	1.147402
26208	-3994.799	-4254.819	260.0197	2.136144	0.6844636	0.721729	0.278271	1.147402
26214	-3979.335	-4239.71	260.3752	2.096702	0.5196149	0.73534	0.26466	1.078259
26220	-3984.838	-4245.049	260.2106	2.046617	0.5569501	0.740101	0.259899	1.21667
26226	-3980.204	-4240.445	260.2418	2.046617	0.5391033	0.740557	0.259443	1.213667
26232	-3988.437	-4248.654	260.2177	2.076545	0.533143	0.732047	0.267953	1.216685
26238	-3996.35	-4256.508	260.1575	1.946355	0.6399212	0.707033	0.292967	1.244011
26244	-3986.398	-4246.739	260.3413	1.965898	0.467184	0.707033	0.292967	1.296592
26250	-3984.105	-4244.247	260.142	1.935767	0.6224644	0.707033	0.292967	1.285794
26256	-3981.47	-4241.81	260.3403	1.97292	0.5250076	0.717234	0.282766	1.211581
26262	-4000.233	-4260.545	260.3122	1.964563	0.5274336	0.605796	0.394204	1.23912
26268	-4002.237	-4262.505	260.2684	2.112748	0.5872889	0.755348	0.244652	1.065644
26274	-4001.486	-4261.919	260.4334	2.112748	0.4828243	0.755348	0.244652	1.065644
26280	-4000.529	-4260.882	260.3522	2.107917	0.5025099	0.655555	0.344445	1.114761
26286	-3994.064	-4254.386	260.3227	2.107917	0.567157	0.680872	0.319128	1.047181
26292	-3994.417	-4254.585	260.168	2.187111	0.6078269	0.674009	0.325991	1.061957
26298	-3992.13	-4252.382	260.2528	2.057774	0.5056316	0.671696	0.328304	1.240331
26304	-3979.734	-4240.066	260.3324	1.965228	0.5063338	0.689932	0.310068	1.250123
26310	-3986.501	-4246.755	260.2544	1.965228	0.5596464	0.59586	0.40414	1.244884
26316	-3984.499	-4244.642	260.143	1.866114	0.5529238	0.715003	0.284997	1.421695
26322	-3979.631	-4239.872	260.241	1.866114	0.4321164	0.626992	0.373008	1.501081
26328	-3979.74	-4239.838	260.0979	1.87291	0.5111315	0.632452	0.367548	1.501081
26334	-3988.38	-4248.568	260.1874	1.888649	0.5274985	0.723658	0.276342	1.400678
26340	-3973.891	-4233.923	260.0319	1.888649	0.5771227	0.691099	0.308901	1.461402
26346	-3980.348	-4240.212	259.8641	1.888649	0.5550254	0.76301	0.23699	1.610634
26352	-3972.715	-4232.512	259.7963	1.808917	0.5789452	0.658957	0.341043	1.690486
26358	-3988.628	-4248.645	260.0166	1.699309	0.5080478	0.600336	0.399664	1.690486
26364	-3980.133	-4239.802	259.6682	1.729653	0.5336286	0.660729	0.339271	1.882813
26370	-3979.035	-4238.397	259.362	1.730593	0.5180266	0.705059	0.294941	2.103313
26376	-3981.883	-4241.153	259.2708	1.730593	0.5741544	0.695344	0.304656	2.105842
26382	-3986.685	-4246.441	259.7566	1.761189	0.4639443	0.617404	0.382596	1.879836
26388	-3990.513	-4250.207	259.6937	1.796444	0.4856375	0.61307	0.38693	1.873332
26394	-3991.692	-4251.384	259.692	1.796444	0.5219835	0.61307	0.38693	1.833583
26400	-4009.218	-4268.794	259.5765	1.762242	0.6213144	0.727275	0.272725	1.833583
26406	-3998.531	-4258.446	259.9149	1.817276	0.512689	0.56676	0.43324	1.67352
26412	-4006.307	-4266.58	260.2731	2.025599	0.5425277	0.771115	0.228885	1.200316
26418	-4003.552	-4263.815	260.2631	2.021602	0.5425277	0.722984	0.277016	1.212308
26424	-3992.979	-4253.048	260.0694	1.865547	0.4543861	0.646368	0.353632	1.598634
26430	-3979.556	-4239.679	260.1223	1.780439	0.472831	0.683268	0.316732	1.598634
26436	-3975.173	-4235.057	259.8845	1.780439	0.5893112	0.629221	0.370779	1.636855
26442	-3977.873	-4237.556	259.6827	1.73172	0.5296666	0.750828	0.249172	1.875824
26448	-3983.952	-4243.721	259.7688	1.680244	0.5296666	0.646666	0.353334	1.852147
26454	-3990.361	-4250.034	259.6728	1.771603	0.518414	0.646666	0.353334	1.867682
26460	-3980.576	-4240.41	259.834	1.807614	0.6169982	0.666254	0.333746	1.624706
26466	-3991.331	-4251.491	260.1608	1.89697	0.4423457	0.60583	0.39417	1.524085
26472	-3992.891	-4252.655	259.7638	1.910529	0.6759627	0.635769	0.364231	1.541409
26478	-3982.996	-4243.385	260.3895	1.967958	0.4436382	0.732879	0.267121	1.289462
26484	-3987.5	-4247.676	260.1759	1.967958	0.4853785	0.700053	0.299947	1.401634
26490	-4005.367	-4265.558	260.1916	1.909601	0.4853785	0.62691	0.37309	1.434619
26496	-3989.457	-4249.65	260.1936	1.909601	0.5407568	0.691014	0.308986	1.363056
26502	-3990.481	-4250.831	260.3495	1.956196	0.4601379	0.680059	0.319941	1.307764
26508	-3987.521	-4247.571	260.0501	1.951351	0.5693985	0.777547	0.222453	1.408201
26514	-3978.452	-4238.786	260.3342	1.97067	0.4832289	0.668261	0.331739	1.275983
26520	-3988.117	-4248.402	260.2846	1.918416	0.5020009	0.696387	0.303613	1.333201
26526	-3982.992	-4243.262	260.2698	2.070755	0.5210788	0.696387	0.303613	1.193563
26532	-3975.896	-4236.049	260.1532	2.066625	0.5776961	0.740742	0.259258	1.221768
26538	-3978.084	-4238.353	260.2685	2.066625	0.5509041	0.715133	0.284867	1.157409
26544	-3997.098	-4257.392	260.294	2.066625	0.5496232	0.641197	0.358803	1.136568
26550	-4012.119	-4272.182	260.0621	2.121066	0.6021817	0.706789	0.293211	1.222315
26556	-3991.782	-4252.193	260.4109	2.121066	0.5470388	0.706789	0.293211	0.9775277
26562	-3988.634	-4249.044	260.41	2.121066	0.5024388	0.6946	0.3054	1.048867
26568	-3986.417	-4246.813	260.3965	2.099438	0.4739199	0.631245	0.368755	1.125793
26574	-3974.417	-4234.891	260.4734	2.084776	0.4790107	0.741468	0.258532	1.060429
26580	-3988.334	-4248.676	260.3427	2.128213	0.5770572	0.628544	0.371456	0.9931339
26586	-3982.149	-4242.411	260.2618	2.15975	0.5970281	0.708469	0.291531	1.012894
26592	-3988.811	-4249.073	260.2618	2.15975	0.5970281	0.697487	0.302513	1.012894
26598	-3993.495	-4253.83	260.3353	2.156685	0.5397143	0.825383	0.174617	1.028816
26604	-3986.287	-4246.59	260.3029	2.156685	0.5510326	0.717919	0.282081	1.043053
26610	-3992.802	-4253.115	260.3132	2.156685	0.5510326	0.670159	0.329841	1.033127
26616	-3996.083	-4256.438	260.3543	2.156685	0.5592305	0.759758	0.240242	0.9797483
26622	-3998.333	-4258.615	260.2813	2.231267	0.5667275	0.670339	0.329661	0.9664413
26628	-3997.713	-4258.174	260.4613	2.130188	0.5120313	0.6215	0.3785	0.9735053
26634	-3993.685	-4254.24	260.5552	2.188369	0.472803	0.765825	0.234175	0.8795094
26640	-3985.815	-4246.371	260.556	2.187447	0.4728673	0.765825	0.234175	0.8795094
26646	-3984.076	-4244.559	260.483	2.226745	0.5032751	0.761198	0.238802	0.8589612
26652	-3988.972	-4249.513	260.541	2.226745	0.4596966	0.726822	0.273178	0.8778111
26658	-3985.064	-4245.542	260.4785	2.226745	0.4962966	0.613601	0.386399	0.8778111
26664	-3988.366	-4248.972	260.6056	2.067815	0.4096271	0.613601	0.386399	1.069227
26670	-3989.462	-4249.679	260.2172	2.067815	0.6486922	0.719103	0.280897	1.073761
26676	-3977.687	-4238.051	260.3639	2.067815	0.4904666	0.719103	0.280897	1.157914
26682	-3988.689	-4248.892	260.2031	2.03111	0.5914529	0.673923	0.326077	1.192144
26688	-3968.438	-4228.732	260.2941	2.044076	0.5138271	0.696426	0.303574	1.205609
26694	-4009.749	-4269.8	260.0507	2.044076	0.7115005	0.710559	0.289441	1.170084
26700	-4011.205	-4271.274	260.0684	2.134503	0.7115005	0.674546	0.325454	1.072451
26706	-3984.109	-4244.619	260.5104	2.134503	0.4558598	0.576506	0.423494	1.015431
26712	-3989.336	-4249.718	260.3819	2.146575	0.5252467	0.737773	0.262227	1.015431
26718	-3989.418	-4249.637	260.2196	2.034009	0.5713368	0.669344	0.330656	1.201148
26724	-3987.237	-4247.594	260.3569	1.988163	0.4781552	0.705384	0.294616	1.249843
26730	-3982.835	-4243.012	260.1773	1.988163	0.48653	0.753272	0.246728	1.383283
26736	-3993.102	-4252.895	259.7932	1.969885	0.6736663	0.677336	0.322664	1.477305
26742	-3980.848	-4240.955	260.1067	1.970585	0.5407399	0.700083	0.299917	1.383427
26748	-3990.136	-4249.961	259.8251	1.903958	0.6944735	0.700083	0.299917	1.482259
26754	-3993.776	-4253.718	259.9415	1.902759	0.6103608	0.747529	0.252471	1.482259
26760	-3977.321	-4237.312	259.9916	1.854134	0.4815579	0.721358	0.278642	1.629132
26766	-3969.478	-4229.331	259.853	1.862443	0.5627412	0.674663	0.325337	1.629132
26772	-3965.16	-4225.027	259.8671	1.851382	0.5607106	0.70517	0.29483	1.629132
26778	-3976.204	-4236.264	260.0599	1.895612	0.4915456	0.676185	0.323815	1.536617
26784	-3982.563	-4242.507	259.944	1.952099	0.568173	0.709209	0.290791	1.490045
26790	-3992.899	-4253.25	260.3502	2.118759	0.4546919	0.709209	0.290791	1.179196
26796	-3974.316	-4234.673	260.3568	2.058332	0.5021702	0.709209	0.290791	1.155415
26802	-3979.815	-4239.901	260.0855	2.093797	0.6601745	0.644899	0.355101	1.155415
26808	-3972.449	-4232.493	260.0448	2.093797	0.6882184	0.693145	0.306855	1.158298
26814	-3980.611	-4240.993	260.3818	2.092395	0.489558	0.693145	0.306855	1.121482
26820	-3981.793	-4242.187	260.3936	2.092395	0.5039844	0.664428	0.335572	1.088786
26826	-3982.313	-4242.706	260.3936	2.092395	0.5039844	0.714045	0.285955	1.088786
26832	-3978.307	-4238.639	260.3321	2.086222	0.5256203	0.682691	0.317309	1.118622
26838	-3987.736	-4247.948	260.2124	2.077483	0.6065922	0.779479	0.220521	1.123716
26844	-3987.796	-4248.246	260.4502	2.077483	0.4868949	0.749146	0.250854	1.076477
26850	-4008.215	-4268.357	260.1427	2.031222	0.560385	0.608678	0.391322	1.28178
26856	-4010.389	-4270.523	260.1336	1.976064	0.5352023	0.686106	0.313894	1.364776
26862	-3997.718	-4257.69	259.9715	1.848677	0.5081733	0.699963	0.300037	1.615557
26868	-3988.85	-4249.046	260.1959	1.922554	0.5857412	0.620167	0.379833	1.295984
26874	-3998.527	-4258.585	260.0579	1.995746	0.6307476	0.750615	0.249385	1.295984
26880	-3985.033	-4245.396	260.3632	1.995746	0.4701834	0.68571	0.31429	1.249702
26886	-3985.614	-4245.945	260.3317	2.052293	0.4701834	0.669071	0.330929	1.228709
26892	-4001.939	-4262.247	260.3086	2.146102	0.5251434	0.681691	0.318309	1.086053
26898	-4004.257	-4264.529	260.2725	2.196136	0.5164922	0.693352	0.306648	1.086003
26904	-4011.797	-4272.016	260.2181	2.223209	0.5515252	0.784059	0.215941	1.059769
26910	-3995.096	-4255.437	260.3415	2.157782	0.5482469	0.784059	0.215941	1.008554
26916	-4008.995	-4269.364	260.3687	2.215182	0.5096938	0.670321	0.329679	0.9851332
26922	-3995.438	-4255.717	260.2788	2.215182	0.560492	0.65858	0.34142	0.9950055
26928	-3985.758	-4246.002	260.2447	2.153325	0.5837997	0.737061	0.262939	1.054494
26934	-3996.201	-4256.565	260.3637	2.110709	0.5494785	0.739531	0.260469	1.031055
26940	-3970.631	-4231.097	260.4659	2.100605	0.4765429	0.740063	0.259937	1.056448
26946	-3980.096	-4240.356	260.2596	2.100605	0.6088717	0.740063	0.259937	1.055676
26952	-3986.309	-4246.575	260.2661	2.100605	0.6043949	0.687018	0.312982	1.055676
26958	-3987.21	-4247.485	260.2757	2.024201	0.6043949	0.622076	0.377924	1.117533
26964	-3993.706	-4254.106	260.4001	2.024201	0.5087692	0.641499	0.358501	1.137709
26970	-4000.85	-4261.021	260.1701	1.943368	0.5827251	0.729854	0.270146	1.303664
26976	-3995.671	-4255.938	260.2677	1.943368	0.5827251	0.743391	0.256609	1.222874
26982	-4000.83	-4261.046	260.2162	2.026957	0.5827251	0.771626	0.228374	1.195525
26988	-3981.598	-4241.798	260.2002	1.964216	0.5612289	0.810874	0.189126	1.288462
26994	-3985.578	-4246.036	260.4583	1.99594	0.3895589	0.683516	0.316484	1.293343
27000	-3987.79	-4248.001	260.2109	1.99594	0.5255212	0.683516	0.316484	1.299348
27006	-3989.486	-4249.699	260.2133	1.958181	0.5479542	0.673691	0.326309	1.299348
27012	-3993.015	-4253.409	260.394	1.958181	0.4974765	0.718302	0.281698	1.216542
27018	-3983.719	-4244.087	260.3681	1.9859	0.4963934	0.676088	0.323912	1.216542
27024	-3983.037	-4243.519	260.4826	2.052843	0.4002448	0.672374	0.327626	1.208302
27030	-3985.553	-4245.817	260.2637	2.052843	0.5247601	0.719212	0.280788	1.209048
27036	-3983.594	-4243.928	260.3332	2.162728	0.5113294	0.65863	0.34137	1.068305
27042	-3978.938	-4239.432	260.4943	2.162728	0.449104	0.701634	0.298366	1.015241
27048	-3987.925	-4248.194	260.2688	2.162728	0.5578166	0.698695	0.301305	1.059924
27054	-3994.209	-4254.524	260.3145	2.282485	0.5416223	0.56596	0.43404	0.917632
27060	-3989.073	-4249.476	260.4027	2.180949	0.5416223	0.724344	0.275656	0.9320788
27066	-3990.728	-4251.131	260.4034	2.180949	0.5221524	0.601096	0.398904	0.9639557
27072	-3999.367	-4259.663	260.2952	2.321319	0.5221524	0.645923	0.354077	0.9299726
27078	-4014.345	-4274.782	260.4376	2.316729	0.4785729	0.613627	0.386373	0.8551438
27084	-4005.941	-4266.176	260.2347	2.316729	0.5934128	0.774538	0.225462	0.8806026
27090	-3992.456	-4252.886	260.4306	2.316729	0.4939831	0.774538	0.225462	0.8318132
27096	-3992.317	-4252.627	260.3099	2.316729	0.5318733	0.72109	0.27891	0.9017011
27102	-3990.813	-4251.197	260.384	2.313807	0.5318733	0.502047	0.497953	0.816443
27108	-3991.927	-4252.456	260.5297	2.294662	0.4560707	0.631086	0.368914	0.816443
27114	-4018.992	-4279.345	260.3532	2.162515	0.5572247	0.685571	0.314429	0.9780391
27120	-4007.876	-4268.209	260.3325	2.171991	0.5572247	0.724132	0.275868	0.9894663
27126	-4027.917	-4288.316	260.3994	2.171991	0.5298163	0.688267	0.311733	0.9647683
27132	-4019.988	-4280.581	260.5933	2.093006	0.4489839	0.660296	0.339704	0.9862433
27138	-4003.245	-4263.655	260.4096	2.017202	0.4848084	0.703179	0.296821	1.170633
27144	-3985.902	-4246.208	260.3062	2.145727	0.5701139	0.714858	0.285142	1.022329
27150	-3996.31	-4256.718	260.4075	2.201483	0.5238652	0.647603	0.352397	0.9351268
27156	-4012.07	-4272.392	260.3222	2.234456	0.5259783	0.615526	0.384474	0.9861922
27162	-3995.37	-4255.66	260.2909	2.263103	0.5958909	0.525295	0.474705	0.8735
27168	-3984.376	-4244.768	260.3924	2.307224	0.5044228	0.704413	0.295587	0.8686872
27174	-3990.528	-4250.945	260.4171	2.316242	0.5092037	0.624553	0.375447	0.8177071
27180	-3983.93	-4244.331	260.4007	2.316242	0.5280838	0.624553	0.375447	0.7992503
27186	-4009.68	-4270.052	260.3725	2.241896	0.5953817	0.679492	0.320508	0.7992503
27192	-3997.245	-4257.674	260.4295	2.246052	0.5507118	0.690381	0.309619	0.8071463
27198	-3990.105	-4250.458	260.3537	2.246052	0.5507118	0.539156	0.460844	0.8988434
27204	-3993.483	-4254.054	260.5707	2.161548	0.4695358	0.718874	0.281126	0.8988434
27210	-4004.885	-4265.015	260.1305	2.14137	0.6718166	0.682427	0.317573	1.056584
27216	-3992.157	-4252.457	260.2995	2.155565	0.6143295	0.660135	0.339865	0.9533675
27222	-3983.327	-4243.626	260.2995	2.155565	0.6143295	0.718325	0.281675	0.9533675
27228	-3989.661	-4250.225	260.5642	2.169623	0.4241638	0.711246	0.288754	0.9837752
27234	-3985.884	-4246.314	260.4297	2.141816	0.5518423	0.791073	0.208927	0.9280374
27240	-3982.678	-4242.861	260.1832	2.141816	0.6296074	0.69705	0.30295	1.061081
27246	-3993.869	-4254.25	260.3809	2.063574	0.5135845	0.686185	0.313815	1.112501
27252	-3984.328	-4244.378	260.0509	1.938841	0.5240935	0.719846	0.280154	1.471086
27258	-3982.889	-4242.911	260.0219	1.851825	0.5240935	0.623764	0.376236	1.557675
27264	-4002.685	-4262.728	260.0432	1.859551	0.5061946	0.621511	0.378489	1.557675
27270	-3985.172	-4244.969	259.7965	1.815698	0.6300128	0.617784	0.382216	1.632646
27276	-3985.757	-4245.891	260.1341	1.815698	0.4553035	0.616525	0.383475	1.586584
27282	-3991.966	-4251.843	259.8766	1.727387	0.4979982	0.723757	0.276243	1.780747
27288	-3992.479	-4252.419	259.94	1.753887	0.3922767	0.763905	0.236095	1.849741
27294	-3975.464	-4235.823	260.3594	1.885109	0.4248894	0.763737	0.236263	1.406442
27300	-3973.933	-4233.868	259.9349	1.863755	0.5445074	0.69379	0.30621	1.589116
27306	-3979.687	-4239.91	260.2223	1.962671	0.4798576	0.742856	0.257144	1.376829
27312	-3997.094	-4257.354	260.26	2.020307	0.5641766	0.756517	0.243483	1.187452
27318	-3996.105	-4256.401	260.2956	2.020307	0.4872045	0.714939	0.285061	1.261373
27324	-3986.724	-4246.968	260.2441	1.966184	0.5275489	0.668556	0.331444	1.293902
27330	-3982.168	-4242.236	260.0676	1.975521	0.5880067	0.727354	0.272646	1.353746
27336	-3984.082	-4244.211	260.1287	2.070327	0.5706701	0.727354	0.272646	1.248089
27342	-3975.745	-4235.768	260.0227	2.020838	0.6054861	0.709899	0.290101	1.333085
27348	-3981.855	-4242.206	260.3518	2.053142	0.5113452	0.676317	0.323683	1.151187
27354	-3980.615	-4240.867	260.2514	2.053142	0.5756725	0.64065	0.35935	1.151187
27360	-3968.821	-4229.104	260.283	2.036253	0.5311398	0.676315	0.323685	1.198094
27366	-3984.277	-4244.564	260.287	2.042855	0.5055102	0.675776	0.324224	1.224216
27372	-3976.234	-4236.663	260.4294	1.953835	0.4737433	0.643122	0.356878	1.224216
27378	-3993.149	-4252.96	259.8108	1.953835	0.6475783	0.643122	0.356878	1.502806
27384	-3988.019	-4247.906	259.8868	1.957727	0.5825981	0.643122	0.356878	1.512503
27390	-3973.655	-4233.7	260.0453	1.849675	0.5233391	0.670323	0.329677	1.542932
27396	-3994.812	-4254.998	260.1859	1.804225	0.5117511	0.663222	0.336778	1.485869
27402	-3986.422	-4246.712	260.2896	1.962464	0.5101979	0.731243	0.268757	1.282581
27408	-3989.553	-4249.873	260.3202	1.962464	0.4857473	0.731243	0.268757	1.290741
27414	-3983.117	-4243.387	260.2705	1.962464	0.5228885	0.740831	0.259169	1.281446
27420	-3988.579	-4248.858	260.2792	1.923126	0.5272201	0.644089	0.355911	1.300807
27426	-3990.142	-4250.46	260.3176	1.964452	0.4621733	0.642042	0.357958	1.323962
27432	-3995.038	-4255.195	260.1573	2.0858	0.5689719	0.6948	0.3052	1.213131
27438	-3991.227	-4251.38	260.153	1.982509	0.5803049	0.6948	0.3052	1.288635
27444	-3982.024	-4242.331	260.3079	2.073262	0.5486302	0.6948	0.3052	1.119531
27450	-3983.654	-4244.039	260.3852	2.104913	0.5130319	0.6948	0.3052	1.071252
27456	-3988.845	-4249.224	260.3787	2.054863	0.5130319	0.703191	0.296809	1.123176
27462	-3987.376	-4247.866	260.4906	2.054863	0.4737647	0.716457	0.283543	1.080689
27468	-3986.105	-4246.321	260.2157	2.035919	0.5756503	0.639085	0.360915	1.197327
27474	-3981.556	-4241.921	260.3651	2.00743	0.4371047	0.676917	0.323083	1.286832
27480	-3987.628	-4247.901	260.2727	1.962492	0.5173999	0.674406	0.325594	1.286832
27486	-3992.986	-4253.164	260.1771	2.048002	0.5236513	0.740131	0.259869	1.286832
27492	-3972.034	-4232.463	260.4294	2.026007	0.443212	0.714113	0.285887	1.208392
27498	-3974.355	-4234.779	260.4248	2.034313	0.443212	0.63883	0.36117	1.205238
27504	-3975.916	-4236.28	260.3637	2.007447	0.457572	0.616054	0.383946	1.257862
27510	-3970.545	-4230.904	260.3585	1.982665	0.498218	0.624252	0.375748	1.224817
27516	-3982.111	-4242.533	260.4222	2.100088	0.4706339	0.650328	0.349672	1.107044
27522	-3982.604	-4243.076	260.4718	2.100088	0.5007195	0.761026	0.238974	1.011927
27528	-3984.888	-4245.318	260.4299	2.169429	0.5047713	0.778197	0.221803	0.9776616
27534	-3989.407	-4249.672	260.2649	2.038488	0.5690868	0.620365	0.379635	1.160939
27540	-3998.732	-4259.191	260.4589	1.990354	0.3909781	0.58328	0.41672	1.295121
27546	-3987.844	-4247.893	260.049	2.01077	0.5358615	0.649591	0.350409	1.40305
27552	-3985.915	-4245.823	259.9074	1.93271	0.5761912	0.627486	0.372514	1.522929
27558	-3992.3	-4252.468	260.1684	1.93271	0.5311728	0.658236	0.341764	1.37657
27564	-3985.699	-4245.779	260.0808	1.93271	0.5311728	0.69092	0.30908	1.44444
27570	-3970.847	-4230.934	260.0865	1.885987	0.5574825	0.69092	0.30908	1.44444
27576	-3981.913	-4242.202	260.2887	1.959886	0.4783064	0.688778	0.311222	1.328468
27582	-4000.499	-4260.632	260.1322	2.147775	0.5707482	0.679014	0.320986	1.179125
27588	-3984.503	-4244.82	260.3162	2.145571	0.5676201	0.684344	0.315656	1.016348
27594	-3988.147	-4248.649	260.5018	2.133252	0.4946947	0.657244	0.342756	0.9579016
27600	-4002.167	-4262.605	260.4379	2.129345	0.5208924	0.704296	0.295704	0.9836992
27606	-3998.034	-4258.379	260.345	2.212871	0.5197792	0.759923	0.240077	0.9949864
27612	-3982.049	-4242.507	260.4579	2.22393	0.4305681	0.633702	0.366298	1.023785
27618	-3979.749	-4240.249	260.5007	2.200722	0.4642256	0.746428	0.253572	0.9426135
27624	-3971.247	-4231.311	260.0648	2.266553	0.6899454	0.740092	0.259908	0.9742634
27630	-3969.193	-4229.531	260.338	1.995086	0.4995701	0.646237	0.353763	1.22981
27636	-3969.979	-4230.111	260.1323	2.015541	0.5618619	0.598132	0.401868	1.301189
27642	-3967.709	-4228.023	260.3149	2.056979	0.5138663	0.731838	0.268162	1.17657
27648	-3969.278	-4229.532	260.2538	2.056979	0.5525026	0.709567	0.290433	1.17657
27654	-3972.997	-4233.272	260.2751	2.042114	0.5525026	0.735416	0.264584	1.170966
27660	-3969.041	-4229.392	260.3509	2.070722	0.4876268	0.729695	0.270305	1.170966
27666	-3968.2	-4228.419	260.2193	2.089631	0.5737718	0.744273	0.255727	1.14984
27672	-3961.515	-4221.916	260.401	2.088093	0.5317286	0.744273	0.255727	1.043774
27678	-3975.802	-4236.159	260.3561	2.088093	0.4896077	0.751591	0.248409	1.148202
27684	-3971.551	-4231.898	260.347	2.004193	0.5051303	0.638592	0.361408	1.206616
27690	-3987.74	-4248.239	260.4992	2.034473	0.3894879	0.646866	0.353134	1.227618
27696	-3976.941	-4237.526	260.5852	2.073929	0.3894879	0.726639	0.273361	1.118177
27702	-3971.977	-4232.18	260.203	2.063089	0.6079644	0.664662	0.335338	1.143246
27708	-3981.428	-4241.548	260.1201	2.063089	0.5699352	0.630665	0.369335	1.262206
27714	-3983.656	-4243.737	260.0817	2.04297	0.6047638	0.668224	0.331776	1.268101
27720	-3984.657	-4244.969	260.3124	2.033556	0.4709947	0.759454	0.240546	1.25937
27726	-3976.427	-4236.829	260.4021	2.027893	0.4363272	0.65058	0.34942	1.240399
27732	-3971.023	-4231.283	260.2604	2.010096	0.5279959	0.65058	0.34942	1.243569
27738	-3984.087	-4244.229	260.1421	2.01779	0.5522525	0.585885	0.414115	1.30339
27744	-3984.127	-4244.457	260.3299	2.048229	0.4849561	0.703885	0.296115	1.212343
27750	-3980.844	-4240.994	260.1499	2.117334	0.6256706	0.749678	0.250322	1.119617
27756	-3971.065	-4231.443	260.3781	2.158036	0.5057856	0.725875	0.274125	1.038707
27762	-3967.761	-4228.256	260.4955	2.210402	0.470988	0.702297	0.297703	0.9252495
27768	-3966.549	-4226.803	260.2535	2.178761	0.5392309	0.616254	0.383746	1.086149
27774	-3969.874	-4230.204	260.3296	2.20262	0.5096334	0.765736	0.234264	1.036386
27780	-3971.349	-4231.617	260.2676	2.303011	0.542611	0.756008	0.243992	0.9444046
27786	-3974.268	-4234.569	260.3008	2.269834	0.542611	0.719832	0.280168	0.9444046
27792	-3975.808	-4236.075	260.2675	2.185243	0.5494996	0.66545	0.33455	1.05193
27798	-3982.149	-4242.442	260.2931	2.177543	0.5397966	0.646066	0.353934	1.049205
27804	-3984.849	-4245.167	260.3184	2.152303	0.5397966	0.696993	0.303007	1.049205
27810	-3999.821	-4260.204	260.3835	2.152303	0.4905706	0.748482	0.251518	1.063119
27816	-3976.004	-4236.494	260.4904	2.081233	0.4712618	0.685166	0.314834	1.060173
27822	-3976.877	-4237.373	260.4956	2.076058	0.4712618	0.599627	0.400373	1.060173
27828	-3992.025	-4252.417	260.3923	2.076058	0.5091722	0.579969	0.420031	1.097242
27834	-3988.315	-4248.777	260.462	2.08606	0.5631632	0.696533	0.303467	0.9347198
27840	-3997.995	-4258.297	260.3022	2.295578	0.5860978	0.656807	0.343193	0.8380358
27846	-3995.488	-4256.003	260.5147	2.214871	0.4075906	0.673112	0.326888	1.019033
27852	-3992.483	-4252.829	260.346	2.134501	0.5223214	0.761028	0.238972	1.066118
27858	-4004.953	-4265.239	260.286	2.134501	0.546203	0.749866	0.250134	1.086953
27864	-4000.283	-4260.7	260.4173	2.124899	0.4410889	0.721804	0.278196	1.136103
27870	-4004.177	-4264.559	260.3823	2.174199	0.5431038	0.582712	0.417288	0.9584881
27876	-3983.589	-4244.114	260.5248	2.250732	0.4484158	0.70363	0.29637	0.891758
27882	-3986.36	-4247.006	260.6457	2.250732	0.3974379	0.70363	0.29637	0.8612807
27888	-3990.56	-4251.109	260.5494	2.21028	0.401515	0.764977	0.235023	1.000799
27894	-3982.503	-4242.789	260.2868	2.212048	0.5825314	0.645988	0.354012	0.9560024
27900	-3982.017	-4242.443	260.4261	2.25666	0.5077494	0.732604	0.267396	0.8820843
27906	-3972.293	-4232.768	260.4751	2.16408	0.4538337	0.580172	0.419828	1.024549
27912	-3981.705	-4242.019	260.3142	2.210202	0.566402	0.72948	0.27052	0.954586
27918	-3999.542	-4259.818	260.2764	2.210202	0.5809876	0.652258	0.347742	0.9711673
27924	-3978.774	-4239.308	260.534	2.153733	0.4502532	0.5886	0.4114	0.9824751
27930	-3973.698	-4234.084	260.3861	2.153733	0.4817388	0.647494	0.352506	1.073312
27936	-3976.231	-4236.561	260.3299	2.095397	0.5188101	0.647494	0.352506	1.122167
27942	-3978.949	-4239.459	260.5095	2.095438	0.4210818	0.617121	0.382879	1.112582
27948	-3992.51	-4252.779	260.2686	2.133208	0.5755196	0.72254	0.27746	1.062671
27954	-3975.48	-4235.893	260.413	2.133208	0.4846432	0.72254	0.27746	1.062671
27960	-3976.993	-4237.318	260.3251	2.133208	0.5386479	0.71616	0.28384	1.062671
27966	-3984.661	-4245.072	260.4113	2.14493	0.4886508	0.795809	0.204191	1.046683
27972	-3986.856	-4246.871	260.0153	2.143017	0.7352328	0.737495	0.262505	1.085931
27978	-3984.594	-4245.078	260.4838	2.014012	0.4306587	0.659683	0.340317	1.191578
27984	-3986.055	-4246.653	260.5974	2.107295	0.393682	0.65719	0.34281	1.068651
27990	-3986.934	-4247.121	260.1872	2.090728	0.5470832	0.727996	0.272004	1.212038
27996	-3995.718	-4255.918	260.1995	2.095759	0.5934172	0.632185	0.367815	1.136035
28002	-3988.507	-4248.687	260.1799	2.115395	0.5934172	0.748189	0.251811	1.136035
28008	-3990.408	-4250.715	260.3067	2.115395	0.5718746	0.721454	0.278546	1.048593
28014	-3979.713	-4240.121	260.4082	2.15473	0.5149178	0.665083	0.334917	0.9977936
28020	-3993.55	-4253.938	260.3878	2.175108	0.5149178	0.769951	0.230049	0.9977936
28026	-4002.883	-4263.132	260.2493	2.211766	0.5984807	0.676455	0.323545	0.9709302
28032	-3986.866	-4247.457	260.5916	2.287028	0.4060234	0.706328	0.293672	0.862848
28038	-3980.878	-4241.444	260.5665	2.19825	0.402707	0.706328	0.293672	0.9933743
28044	-3982.411	-4242.815	260.4031	2.19825	0.4996739	0.585497	0.414503	0.9841614
28050	-3974.417	-4234.977	260.56	2.150018	0.4516262	0.635131	0.364869	0.9569763
28056	-3983.987	-4244.413	260.4259	2.155511	0.4977121	0.718932	0.281068	1.007415
28062	-3995.91	-4256.184	260.2744	2.157857	0.5370416	0.718932	0.281068	1.089315
28068	-3978.879	-4239.203	260.3246	2.157857	0.5058132	0.683844	0.316156	1.089315
28074	-3972.784	-4233.151	260.3665	2.157857	0.5058132	0.712197	0.287803	1.049927
28080	-3982.511	-4242.72	260.2092	2.193689	0.5778571	0.740528	0.259472	1.058298
28086	-3977.917	-4238.182	260.2657	2.193689	0.50526	0.661849	0.338151	1.111311
28092	-3979.572	-4240.037	260.4643	2.193689	0.4302687	0.655215	0.344785	1.047406
28098	-3983.418	-4243.791	260.3731	2.190137	0.4840711	0.682651	0.317349	1.047406
28104	-3978.804	-4239.139	260.3352	2.182535	0.5508098	0.623363	0.376637	0.9860761
28110	-3991.001	-4251.532	260.5315	2.182535	0.4266588	0.623363	0.376637	0.9990836
28116	-3989.577	-4249.914	260.3366	2.255526	0.5450582	0.838487	0.161513	0.917094
28122	-3976.415	-4236.794	260.3793	2.331008	0.5378458	0.690814	0.309186	0.7873088
28128	-3990.432	-4250.827	260.3955	2.289124	0.5417849	0.70298	0.29702	0.8134098
28134	-3990.347	-4250.8	260.4526	2.289124	0.4977624	0.613605	0.386395	0.8309957
28140	-3975.432	-4235.882	260.4503	2.289124	0.4977624	0.701357	0.298643	0.8338085
28146	-3983.967	-4244.506	260.5392	2.289124	0.430914	0.701357	0.298643	0.8673088
28152	-3983.217	-4243.665	260.4481	2.289124	0.4930837	0.701357	0.298643	0.8461955
28158	-3978.903	-4239.328	260.4246	2.289124	0.4930837	0.710307	0.289693	0.8741826
28164	-3986.738	-4247.065	260.3273	2.139518	0.559117	0.670755	0.329245	1.024072
28170	-3988.28	-4248.661	260.3812	2.053518	0.4838561	0.664978	0.335022	1.165082
28176	-3991.556	-4251.92	260.3639	2.053518	0.4930809	0.682211	0.317789	1.166621
28182	-3979.663	-4240.149	260.4858	2.062743	0.4188233	0.668491	0.331509	1.166621
28188	-3980.976	-4241.133	260.1567	2.010608	0.6480239	0.777894	0.222106	1.180443
28194	-3975.729	-4235.873	260.1445	2.010608	0.5622149	0.582934	0.417066	1.294894
28200	-3981.914	-4242.22	260.306	1.971852	0.4881007	0.761125	0.238875	1.291382
28206	-3968.09	-4228.458	260.3677	1.95455	0.5150464	0.620479	0.379521	1.21753
28212	-3978.774	-4239.009	260.2346	2.068899	0.587666	0.620479	0.379521	1.136232
28218	-3986.678	-4246.954	260.276	2.068899	0.5916408	0.643615	0.356385	1.093382
28224	-3988.732	-4249.159	260.4266	2.135241	0.430582	0.670204	0.329796	1.135591
28230	-3975.784	-4236.12	260.3357	2.169876	0.5473477	0.674548	0.325452	1.003704
28236	-3984.868	-4245.358	260.4904	2.169876	0.4890724	0.648093	0.351907	0.9412735
28242	-3977.153	-4237.456	260.303	2.109968	0.4827744	0.715751	0.284249	1.185583
28248	-3957.938	-4218.351	260.4132	2.087665	0.5389706	0.715751	0.284249	1.021243
28254	-3966.556	-4226.829	260.2732	2.067066	0.5943338	0.705649	0.294351	1.094085
28260	-3965.682	-4226.039	260.3573	2.067278	0.5223263	0.687482	0.312518	1.117727
28266	-3974.325	-4234.541	260.216	2.084859	0.5248544	0.740561	0.259439	1.222292
28272	-3986.08	-4246.383	260.3035	2.038691	0.5248544	0.712817	0.287183	1.186953
28278	-3987.861	-4248.165	260.3036	2.038691	0.48242	0.649593	0.350407	1.24612
28284	-3966.555	-4226.873	260.3182	2.091989	0.476826	0.670033	0.329967	1.196731
28290	-3981.069	-4241.466	260.3966	2.099362	0.5336981	0.731134	0.268866	1.034064
28296	-3991.566	-4252.138	260.5723	1.966811	0.4202495	0.749537	0.250463	1.172541
28302	-3990.725	-4250.872	260.1471	1.785036	0.4969242	0.697369	0.302631	1.547296
28308	-3989.249	-4249.41	260.1613	1.785036	0.4524646	0.580574	0.419426	1.5928
28314	-3998.726	-4258.828	260.1023	1.800409	0.4524646	0.555644	0.444356	1.624448
28320	-3994.238	-4254.161	259.9229	1.832019	0.5413434	0.589825	0.410175	1.624448
28326	-4011.449	-4271.37	259.9216	1.832019	0.5421656	0.681626	0.318374	1.624448
28332	-4003.46	-4263.523	260.0622	1.834803	0.5421656	0.634773	0.365227	1.519286
28338	-3993.644	-4253.775	260.131	1.834803	0.4993765	0.805527	0.194473	1.519286
28344	-3994.484	-4254.53	260.0463	1.873347	0.450435	0.734519	0.265481	1.614833
28350	-3982.451	-4242.413	259.9623	1.789751	0.450435	0.573339	0.426661	1.734276
28356	-3989.832	-4249.736	259.9036	1.782789	0.4646873	0.699735	0.300265	1.762706
28362	-3988.756	-4249.053	260.2962	1.937395	0.5121859	0.691068	0.308932	1.295058
28368	-4001.965	-4262.247	260.2824	1.877238	0.4409709	0.708589	0.291411	1.449197
28374	-3999.186	-4259.467	260.2817	1.877238	0.4413395	0.708589	0.291411	1.449197
28380	-3992.47	-4252.6	260.1302	1.887739	0.4040776	0.667098	0.332902	1.605527
28386	-3995.023	-4254.987	259.9638	1.838303	0.5521102	0.73288	0.26712	1.577969
28392	-4003.02	-4263.265	260.2443	1.889304	0.5429593	0.623639	0.376361	1.336161
28398	-3987.421	-4247.495	260.074	1.852646	0.5208054	0.675665	0.324335	1.522423
28404	-3988.014	-4248.088	260.074	1.852646	0.5208054	0.755581	0.244419	1.522423
28410	-3997.168	-4257.057	259.8888	1.852646	0.6453269	0.611601	0.388399	1.522423
28416	-3989.169	-4249.234	260.0648	1.93383	0.6148616	0.611601	0.388399	1.358176
28422	-3993.897	-4254.195	260.2976	2.017533	0.5399197	0.708848	0.291152	1.189726
28428	-3983.586	-4243.868	260.282	1.984367	0.5644559	0.74029	0.25971	1.199094
28434	-3984.761	-4245.113	260.3521	1.989985	0.4780992	0.711966	0.288034	1.252442
28440	-3985.109	-4245.519	260.4097	1.936513	0.4780992	0.638634	0.361366	1.249003
28446	-3995.284	-4255.564	260.2802	1.987599	0.4981985	0.700518	0.299482	1.285857
28452	-3988.851	-4249.117	260.2663	1.979285	0.5359752	0.594531	0.405469	1.253807
28458	-3987.969	-4248.297	260.3277	1.916677	0.4555914	0.594531	0.405469	1.36316
28464	-4001.286	-4261.3	260.0144	1.916677	0.6508244	0.762594	0.237406	1.371751
28470	-4013.504	-4273.586	260.0817	1.902258	0.4984162	0.688018	0.311982	1.506934
28476	-4000.583	-4260.546	259.9634	1.92135	0.5608463	0.688018	0.311982	1.506934
28482	-3974.319	-4234.133	259.8145	1.92135	0.5933993	0.688018	0.311982	1.581033
28488	-3967.315	-4227.503	260.1881	1.92135	0.4531923	0.688018	0.311982	1.470716
28494	-3987.993	-4248.002	260.009	1.84466	0.5497927	0.733399	0.266601	1.542669
28500	-3980.845	-4240.823	259.9776	1.839041	0.5446234	0.763776	0.236224	1.575838
28506	-3970.92	-4231.019	260.0995	1.876133	0.5572485	0.713224	0.286776	1.442338
28512	-3974.798	-4234.987	260.1886	2.10073	0.5746869	0.793267	0.206733	1.165872
28518	-3976.101	-4236.404	260.3028	2.063478	0.570038	0.579671	0.420329	1.103319
28524	-3973.122	-4233.396	260.2741	2.085535	0.5057833	0.618316	0.381684	1.198522
28530	-3979.603	-4239.929	260.326	2.103174	0.4646078	0.618316	0.381684	1.198522
28536	-3982.388	-4242.66	260.2724	2.021932	0.4646078	0.63466	0.36534	1.310645
28542	-3985.603	-4245.961	260.3582	2.030012	0.5016793	0.632278	0.367722	1.179698
28548	-3973.042	-4233.4	260.3582	2.030012	0.5016793	0.658889	0.341111	1.179698
28554	-3985.368	-4245.861	260.4929	2.045919	0.4051638	0.724993	0.275007	1.197369
28560	-3985.936	-4246.394	260.4577	2.090261	0.41567	0.654744	0.345256	1.172213
28566	-3985.168	-4245.682	260.5147	2.090554	0.4632798	0.645759	0.354241	1.041314
28572	-3992.228	-4252.68	260.4523	2.074612	0.4632798	0.702362	0.297638	1.114424
28578	-3974.237	-4234.596	260.359	2.074612	0.4632798	0.702362	0.297638	1.196674
28584	-3976.014	-4236.18	260.1657	2.018645	0.5829594	0.78506	0.21494	1.245013
28590	-3982.646	-4242.781	260.135	2.018645	0.6061909	0.741795	0.258205	1.242264
28596	-3980.327	-4240.707	260.3796	2.018645	0.4826926	0.683008	0.316992	1.198363
28602	-3988.504	-4248.905	260.401	2.018645	0.4826926	0.645216	0.354784	1.179972
28608	-3974.488	-4234.911	260.4232	2.037596	0.4830231	0.623291	0.376709	1.143334
28614	-3979.072	-4239.622	260.5494	2.049311	0.4062183	0.780029	0.219971	1.143334
28620	-3985.697	-4245.842	260.1452	2.087383	0.6000483	0.740321	0.259679	1.182682
28626	-3991.272	-4251.606	260.3334	2.087383	0.4921225	0.639661	0.360339	1.165156
28632	-4001.414	-4261.834	260.4197	2.026298	0.4753095	0.585699	0.414301	1.167906
28638	-3981.363	-4241.705	260.3423	2.039908	0.5136149	0.695454	0.304546	1.167906
28644	-3982.428	-4242.651	260.2234	2.039908	0.5387572	0.695454	0.304546	1.235412
28650	-3974.602	-4234.915	260.3132	1.996399	0.5097804	0.706002	0.293998	1.235412
28656	-3973.545	-4233.779	260.2337	1.964362	0.5063289	0.738708	0.261292	1.331398
28662	-3989.684	-4249.995	260.3112	2.114505	0.5018005	0.738708	0.261292	1.146584
28668	-3989.758	-4250.254	260.4956	2.128002	0.440317	0.717235	0.282765	1.062689
28674	-3991.276	-4251.825	260.5495	2.154384	0.42584	0.685677	0.314323	1.010705
28680	-3994.647	-4255.116	260.4689	2.154384	0.4709791	0.674938	0.325062	1.010705
28686	-3995.117	-4255.653	260.5368	2.083549	0.4726973	0.674938	0.325062	1.010705
28692	-3991.224	-4251.74	260.5162	2.083549	0.4160533	0.720153	0.279847	1.125806
28698	-3988.411	-4248.84	260.4286	2.083549	0.4777871	0.728984	0.271016	1.105053
28704	-3985.46	-4245.888	260.4278	2.085316	0.4042407	0.747494	0.252506	1.220755
28710	-3989.916	-4249.993	260.0768	2.085316	0.6365501	0.624602	0.375398	1.198614
28716	-3990.165	-4250.442	260.2779	2.045044	0.5851554	0.624602	0.375398	1.122134
28722	-3990.356	-4250.715	260.359	2.045044	0.5467422	0.665676	0.334324	1.10133
28728	-3976.506	-4236.747	260.2405	2.149487	0.5383803	0.659102	0.340898	1.125924
28734	-3977.523	-4237.88	260.357	2.053721	0.5149795	0.659102	0.340898	1.140789
28740	-3974.451	-4234.93	260.4797	2.066566	0.4322803	0.714699	0.285301	1.146685
28746	-3986.175	-4246.489	260.3138	2.182402	0.5332597	0.7647	0.2353	1.034577
28752	-3975.082	-4235.433	260.3501	2.162625	0.522852	0.721593	0.278407	1.034577
28758	-3974.246	-4234.612	260.3654	2.147316	0.522852	0.704434	0.295566	1.034577
28764	-3981.052	-4241.44	260.3878	2.187053	0.4917776	0.672825	0.327175	1.023632
28770	-3977.756	-4238.046	260.2906	2.136503	0.5848444	0.693627	0.306373	1.02502
28776	-3971.994	-4232.329	260.3347	2.136503	0.5034232	0.671497	0.328503	1.103262
28782	-3979.001	-4239.261	260.2606	2.09967	0.589125	0.711876	0.288124	1.082631
28788	-3984.77	-4245.129	260.3595	2.089498	0.4974541	0.711876	0.288124	1.132255
28794	-3986.02	-4246.233	260.2131	2.0812	0.6017138	0.711876	0.288124	1.126071
28800	-3978.246	-4238.522	260.2762	2.094609	0.550608	0.73798	0.26202	1.126071
28806	-3981.82	-4242.209	260.3896	2.109928	0.5008265	0.687863	0.312137	1.081076
28812	-3984.614	-4245.09	260.4754	2.109928	0.4540637	0.657888	0.342112	1.07558
28818	-3985.532	-4245.854	260.3219	2.109928	0.563732	0.63409	0.36591	1.051032
28824	-3979.226	-4239.629	260.403	2.127776	0.5114355	0.725277	0.274723	1.034976
28830	-3991.998	-4252.34	260.3424	2.096607	0.5768401	0.747358	0.252642	1.025046
28836	-3982.521	-4242.689	260.1684	2.110828	0.5633691	0.718715	0.281285	1.189475
28842	-3977.459	-4237.824	260.3649	2.188921	0.5320104	0.596799	0.403201	0.9792256
28848	-3974.612	-4235.088	260.4758	2.180847	0.5320104	0.725816	0.274184	0.8669309
28854	-3978.968	-4239.402	260.4345	2.171774	0.5320104	0.725816	0.274184	0.9239773
28860	-3995.304	-4255.7	260.3955	2.171774	0.5156978	0.697759	0.302241	0.9921059
28866	-3982.974	-4243.551	260.5772	2.184437	0.4161224	0.697759	0.302241	0.9706189
28872	-3978.179	-4238.498	260.3186	2.276158	0.5569201	0.735318	0.264682	0.8937137
28878	-3985.325	-4245.647	260.3225	2.305842	0.5352704	0.701066	0.298934	0.8937137
28884	-3973.272	-4233.635	260.3624	2.173507	0.5352704	0.710452	0.289548	0.9921793
28890	-3977.594	-4237.824	260.23	2.137476	0.6499343	0.659118	0.340882	0.9921793
28896	-3988.702	-4248.949	260.2476	2.056732	0.5422494	0.660592	0.339408	1.195887
28902	-3972.613	-4232.85	260.2369	1.964435	0.4654541	0.660592	0.339408	1.383453
28908	-3969.202	-4229.584	260.3822	1.964435	0.4182105	0.762372	0.237628	1.335888
28914	-3971.695	-4231.736	260.0413	1.964435	0.5854289	0.701888	0.298112	1.386198
28920	-3971.646	-4231.941	260.2949	1.908211	0.4320015	0.680215	0.319785	1.428301
28926	-3990.198	-4250.439	260.2415	1.926168	0.4830484	0.773668	0.226332	1.386154
28932	-3981.251	-4241.309	260.0581	1.921737	0.5020739	0.687392	0.312608	1.505448
28938	-3994.946	-4255.151	260.2041	1.924352	0.5020739	0.626378	0.373622	1.391953
28944	-3979.204	-4239.529	260.3252	2.002529	0.3616975	0.648463	0.351537	1.437418
28950	-3976.704	-4236.942	260.2376	1.929484	0.4882323	0.697768	0.302232	1.379769
28956	-3986.845	-4247.081	260.2356	2.043262	0.4934422	0.587864	0.412136	1.283237
28962	-3994.5	-4254.643	260.1422	1.830839	0.4910722	0.685961	0.314039	1.524182
28968	-3998.626	-4258.825	260.1986	1.824813	0.4910722	0.685961	0.314039	1.486461
28974	-4004.438	-4264.871	260.4328	1.91332	0.4450761	0.749863	0.250137	1.296617
28980	-3977.332	-4237.556	260.2245	1.931046	0.5604881	0.588503	0.411497	1.296617
28986	-3975.422	-4235.668	260.2463	2.018579	0.4847781	0.601784	0.398216	1.306466
28992	-3981.812	-4242.034	260.2223	1.872794	0.4847781	0.652813	0.347187	1.440056
28998	-3984.518	-4244.761	260.2427	1.872794	0.4810117	0.669904	0.330096	1.429294
29004	-3978.542	-4238.76	260.2182	1.904245	0.4751539	0.519367	0.480633	1.431614
29010	-3973.506	-4233.693	260.1864	1.999301	0.4430862	0.737144	0.262856	1.426282
29016	-3970.907	-4231.248	260.3415	1.924446	0.4460843	0.65898	0.34102	1.359502
29022	-3974.727	-4235.1	260.373	1.924446	0.4865954	0.668741	0.331259	1.277471
29028	-3981.067	-4241.357	260.2902	2.048441	0.4712233	0.81699	0.18301	1.265063
29034	-3981.823	-4242.229	260.406	2.053891	0.5175028	0.707207	0.292793	1.092601
29040	-3990.526	-4250.826	260.2996	2.027935	0.5301981	0.678484	0.321516	1.19228
29046	-3989.986	-4250.336	260.3501	2.01825	0.4620447	0.615637	0.384363	1.253613
29052	-4006.029	-4266.301	260.2716	2.006176	0.4620447	0.628002	0.371998	1.327579
29058	-3998.712	-4259.081	260.3691	1.980168	0.4138834	0.628002	0.371998	1.340258
29064	-3990.04	-4250.347	260.3066	2.001335	0.4767818	0.628002	0.371998	1.282471
29070	-3987.634	-4247.878	260.2443	1.86083	0.5684078	0.628002	0.371998	1.327621
29076	-3988.706	-4248.644	259.9379	1.851568	0.5075821	0.67165	0.32835	1.638436
29082	-3982.975	-4242.783	259.8076	1.784144	0.5075821	0.616536	0.383464	1.778241
29088	-3998.267	-4258.019	259.7518	1.733336	0.4867586	0.743465	0.256535	1.875441
29094	-4007.831	-4267.734	259.9027	1.721011	0.4652525	0.536726	0.463274	1.805615
29100	-3994.497	-4254.604	260.1072	1.852507	0.4644704	0.686514	0.313486	1.567558
29106	-3985.048	-4245.276	260.2271	1.87741	0.4773441	0.794742	0.205258	1.442522
29112	-3980.06	-4240.029	259.9688	1.79788	0.520506	0.575536	0.424464	1.639797
29118	-3972.895	-4232.811	259.9158	1.725195	0.450251	0.551472	0.448528	1.811871
29124	-3982.499	-4242.567	260.0681	1.797345	0.4137977	0.67698	0.32302	1.701559
29130	-3990.071	-4250.222	260.1507	1.854669	0.4744294	0.709777	0.290223	1.521077
29136	-3975.682	-4235.987	260.3045	2.005682	0.4533415	0.749369	0.250631	1.313779
29142	-3988.87	-4249.331	260.4611	2.012509	0.3697845	0.70787	0.29213	1.309668
29148	-3982.448	-4242.647	260.1989	2.012509	0.5262099	0.70787	0.29213	1.294728
29154	-3987.558	-4247.724	260.1652	1.990231	0.4913119	0.70787	0.29213	1.384844
29160	-3991.213	-4251.591	260.3783	1.980361	0.5002779	0.766913	0.233087	1.207103
29166	-3991.89	-4252.347	260.4574	2.011452	0.4366427	0.637801	0.362199	1.207103
29172	-3992.127	-4252.527	260.4001	2.112731	0.4366427	0.655304	0.344696	1.169137
29178	-4002.846	-4263.355	260.5096	2.166535	0.4524208	0.748575	0.251425	0.9902845
29184	-3998.911	-4259.333	260.4222	2.166535	0.5036757	0.739178	0.260822	0.9902845
29190	-3995.604	-4256.036	260.4322	2.197509	0.4791906	0.729911	0.270089	0.9902845
29196	-3978.367	-4238.726	260.359	2.128454	0.502454	0.667392	0.332608	1.089786
29202	-3969.864	-4230.179	260.3142	2.026206	0.4835605	0.640996	0.359004	1.246133
29208	-3981.207	-4241.48	260.2731	2.039675	0.6088296	0.640996	0.359004	1.099974
29214	-3980.598	-4240.897	260.2993	2.087078	0.5770785	0.645346	0.354654	1.074913
29220	-3974.742	-4235.187	260.4449	2.054444	0.5049287	0.669215	0.330785	1.074913
29226	-3988.905	-4249.236	260.3314	1.98555	0.5049287	0.672974	0.327026	1.235937
29232	-3976.276	-4236.511	260.2347	1.98555	0.5049287	0.733194	0.266806	1.315429
29238	-3974.596	-4234.777	260.1817	1.940069	0.5509493	0.745447	0.254553	1.335714
29244	-3972.803	-4233.031	260.2279	1.863599	0.5090451	0.670916	0.329084	1.411776
29250	-3985.387	-4245.806	260.4191	1.916093	0.4051427	0.711122	0.288878	1.364554
29256	-3995.088	-4255.278	260.1897	1.973598	0.4863757	0.62429	0.37571	1.385222
29262	-3983.497	-4243.817	260.3196	1.973598	0.4863757	0.706511	0.293489	1.281248
29268	-3992.786	-4253.133	260.3474	2.0041	0.4987845	0.680289	0.319711	1.215293
29274	-3989.163	-4249.578	260.4155	2.021442	0.4539577	0.712393	0.287607	1.207823
29280	-3983.829	-4244.154	260.325	1.985331	0.4807208	0.698658	0.301342	1.274994
29286	-3976.735	-4237.163	260.4279	1.960561	0.4396598	0.739633	0.260367	1.269955
29292	-3982.019	-4242.121	260.1016	2.051526	0.5875074	0.710016	0.289984	1.265344
29298	-3984.844	-4245.278	260.4335	2.051526	0.5165554	0.791019	0.208981	1.070604
29304	-3980.054	-4240.368	260.3138	2.098957	0.5165554	0.669169	0.330831	1.136685
29310	-3986.278	-4246.633	260.3556	2.072511	0.51894	0.669169	0.330831	1.119459
29316	-3979.52	-4239.833	260.3135	2.06593	0.5631829	0.669169	0.330831	1.100772
29322	-3978.686	-4238.977	260.2916	2.094029	0.5068651	0.679752	0.320248	1.174482
29328	-3978.032	-4238.564	260.5318	2.100488	0.471046	0.636378	0.363622	1.001679
29334	-3995.083	-4255.47	260.3874	2.100488	0.4749014	0.758671	0.241329	1.131533
29340	-3984.597	-4245.138	260.5412	2.100488	0.4591701	0.723596	0.276404	1.012826
29346	-3998.625	-4259.138	260.5133	2.100488	0.4752875	0.721475	0.278525	1.012826
29352	-3990.197	-4250.474	260.277	2.193205	0.5682638	0.662581	0.337419	1.007051
29358	-3992.969	-4253.272	260.3031	2.226793	0.6115057	0.703432	0.296568	0.875206
29364	-3997.78	-4258.187	260.4063	2.199194	0.5179089	0.642168	0.357832	0.9489619
29370	-3996.945	-4257.306	260.3602	2.199194	0.5228002	0.786567	0.213433	0.9884768
29376	-3992.702	-4253.15	260.4488	2.199194	0.5285591	0.753763	0.246237	0.8834344
29382	-3997.174	-4257.425	260.2511	2.183098	0.6017281	0.673225	0.326775	0.9934856
29388	-4000.15	-4260.411	260.2607	2.071751	0.5008201	0.754784	0.245216	1.228552
29394	-3981.86	-4242.445	260.5851	2.030055	0.4749474	0.752697	0.247303	1.011996
29400	-3982.18	-4242.6	260.4202	1.953501	0.4749474	0.717722	0.282278	1.230453
29406	-3995.944	-4256.299	260.3551	2.018594	0.4749474	0.566846	0.433154	1.230453
29412	-3995.267	-4255.697	260.4303	2.018594	0.4749474	0.595016	0.404984	1.165919
29418	-3990.516	-4250.895	260.3796	2.018594	0.5029748	0.728528	0.271472	1.169107
29424	-3984.438	-4244.798	260.3602	1.985538	0.5039929	0.68748	0.31252	1.212868
29430	-4017.76	-4277.892	260.1319	1.984558	0.5775978	0.715104	0.284896	1.307429
29436	-4013.417	-4273.454	260.0369	2.039684	0.5937614	0.60682	0.39318	1.32027
29442	-4003.71	-4263.99	260.2807	2.050487	0.5366217	0.687893	0.312107	1.180296
29448	-3991.312	-4251.289	259.9767	1.954622	0.543232	0.689832	0.310168	1.492372
29454	-3988.594	-4248.56	259.9657	1.951727	0.6126207	0.688972	0.311028	1.424036
29460	-3973.013	-4233.163	260.1494	1.87178	0.4822077	0.633494	0.366506	1.499356
29466	-3990.865	-4250.886	260.0206	1.891981	0.5493128	0.675369	0.324631	1.499356
29472	-3989.973	-4250.059	260.0859	1.870662	0.5213948	0.647528	0.352472	1.499356
29478	-4007.274	-4267.462	260.1876	1.829948	0.4696281	0.647528	0.352472	1.518216
29484	-3993.63	-4253.72	260.0908	1.938372	0.5313163	0.672785	0.327215	1.432207
29490	-3993.206	-4253.483	260.2771	1.938372	0.4940721	0.672785	0.327215	1.333701
29496	-3989.59	-4249.909	260.3187	2.030911	0.5013216	0.636421	0.363579	1.213378
29502	-3998.11	-4258.523	260.4131	2.072939	0.4960202	0.814863	0.185137	1.100879
29508	-4004.935	-4265.318	260.3828	2.060725	0.5213101	0.677733	0.322267	1.102
29514	-4008.872	-4269.234	260.362	2.060725	0.5248011	0.677733	0.322267	1.115785
29520	-3999.672	-4259.66	259.9887	1.966549	0.6381728	0.715066	0.284934	1.366475
29526	-4009.575	-4269.59	260.015	1.979941	0.6179554	0.559233	0.440767	1.357554
29532	-3993.384	-4253.598	260.2144	1.949344	0.488251	0.73235	0.26765	1.382401
29538	-3967.815	-4227.898	260.0832	1.949344	0.488251	0.682265	0.317735	1.483134
29544	-3995.185	-4255.709	260.5242	1.995435	0.4196506	0.671223	0.328777	1.190319
29550	-3992.152	-4252.317	260.1646	2.035347	0.6115528	0.708764	0.291236	1.196468
29556	-3989.731	-4249.907	260.1759	1.948372	0.5740143	0.742269	0.257731	1.305393
29562	-3983.234	-4243.121	259.8867	1.847171	0.4044584	0.618434	0.381566	1.806011
29568	-3995.131	-4254.858	259.7271	1.85142	0.562601	0.591748	0.408252	1.726798
29574	-3991.362	-4251.623	260.2614	1.842256	0.4360053	0.669378	0.330622	1.498351
29580	-3996.806	-4256.931	260.1252	1.842256	0.472976	0.562791	0.437209	1.551101
29586	-3986.341	-4246.286	259.9451	1.842256	0.4820163	0.685825	0.314175	1.670516
29592	-3987.758	-4247.875	260.1174	1.842256	0.5005573	0.684481	0.315519	1.522427
29598	-3980.301	-4240.438	260.1368	1.888664	0.4617722	0.684481	0.315519	1.522427
29604	-3984.726	-4244.682	259.9558	1.847878	0.5954518	0.684481	0.315519	1.528828
29610	-3994.36	-4254.499	260.1395	1.895141	0.4495286	0.691148	0.308852	1.531666
29616	-3979.375	-4239.571	260.1958	1.895141	0.4495286	0.657871	0.342129	1.489614
29622	-3988.131	-4248.485	260.3543	1.895141	0.4615917	0.663963	0.336037	1.350835
29628	-3997.598	-4257.902	260.3038	1.932257	0.4615917	0.725297	0.274703	1.361461
29634	-3986.806	-4247.163	260.3562	2.002245	0.4369016	0.798903	0.201097	1.298582
29640	-4001.113	-4261.306	260.1927	1.936319	0.5424869	0.661189	0.338811	1.34043
29646	-3999.536	-4259.656	260.1198	1.989899	0.4079169	0.661189	0.338811	1.532815
29652	-3987.235	-4247.07	259.8353	1.77698	0.5483269	0.682151	0.317849	1.718474
29658	-3989.171	-4248.978	259.807	1.857891	0.5222696	0.664291	0.335709	1.710288
29664	-3997.076	-4256.928	259.8524	1.744126	0.5031866	0.745272	0.254728	1.779962
29670	-3990.545	-4250.134	259.5892	1.750663	0.5003868	0.678791	0.321209	1.958321
29676	-3985.494	-4245.65	260.1563	1.847236	0.4765559	0.63083	0.36917	1.519732
29682	-4003.095	-4263.101	260.0066	1.847236	0.5106325	0.683532	0.316468	1.588231
29688	-4003.774	-4264.028	260.2536	1.961618	0.5106325	0.759752	0.240248	1.311992
29694	-3987.082	-4246.906	259.8242	1.811741	0.4943664	0.649739	0.350261	1.762636
29700	-3996.601	-4256.504	259.9026	1.824869	0.4426778	0.691022	0.308978	1.761243
29706	-3980.671	-4240.23	259.5587	1.822615	0.6344686	0.674996	0.325004	1.791407
29712	-3991.456	-4250.925	259.4691	1.810145	0.6662169	0.643595	0.356405	1.831774
29718	-3984.234	-4243.493	259.259	1.689677	0.7333601	0.685246	0.314754	1.996386
29724	-3985.832	-4244.635	258.8033	1.623329	0.5697109	0.712864	0.287136	2.477934
29730	-3993.747	-4253.168	259.421	1.614634	0.5639791	0.620602	0.379398	2.093482
29736	-3995.96	-4256	260.0399	1.857811	0.4211378	0.620602	0.379398	1.66891
29742	-3990.804	-4250.862	260.058	1.835367	0.4462256	0.719943	0.280057	1.639155
29748	-3996.597	-4256.713	260.1159	1.835367	0.4669701	0.703031	0.296969	1.570604
29754	-3994.541	-4254.374	259.8325	1.915143	0.6444558	0.690175	0.309825	1.518708
29760	-3985.598	-4246.038	260.4398	1.978362	0.5015721	0.696153	0.303847	1.153615
29766	-4007.433	-4267.77	260.3366	2.069409	0.5571948	0.67132	0.32868	1.084722
29772	-4012.569	-4272.848	260.2788	1.997453	0.480944	0.67132	0.32868	1.302557
29778	-4023.663	-4283.706	260.043	2.082609	0.6486508	0.727461	0.272539	1.215528
29784	-4012.015	-4272.528	260.5131	2.134095	0.4892755	0.582651	0.417349	0.9546937
29790	-3998.744	-4259.121	260.3771	2.16538	0.6114125	0.710114	0.289886	0.8605478
29796	-3998.245	-4258.757	260.5121	2.16538	0.4536461	0.728206	0.271794	0.9867349
29802	-3999.675	-4260.218	260.5429	2.16538	0.4536461	0.625821	0.374179	0.9550098
29808	-4006.083	-4266.696	260.6128	2.241673	0.3781221	0.772569	0.227431	0.9506115
29814	-4010.618	-4271.15	260.5314	2.219862	0.3985134	0.78747	0.21253	1.014818
29820	-4001.259	-4261.76	260.5012	2.135942	0.5188411	0.755286	0.244714	0.9132004
29826	-4008.216	-4268.632	260.4167	2.266053	0.4894727	0.698697	0.301303	0.9161087
29832	-3994.004	-4254.547	260.5439	2.145968	0.4410356	0.687356	0.312644	0.9970122
29838	-4002.331	-4262.931	260.5991	2.040493	0.4408745	0.662852	0.337148	1.04652
29844	-3993.769	-4254.277	260.5084	2.03028	0.4571897	0.662852	0.337148	1.113386
29850	-3990.622	-4251.193	260.571	2.03028	0.4017487	0.662852	0.337148	1.148606
29856	-3992.927	-4253.484	260.5567	2.03028	0.409275	0.718302	0.281698	1.148606
29862	-3986.816	-4247.254	260.4382	2.083598	0.5045497	0.717475	0.282525	1.054416
29868	-3992.038	-4252.326	260.2882	2.083598	0.5054889	0.697489	0.302511	1.188432
29874	-3990.336	-4250.608	260.2719	1.936245	0.4959764	0.793451	0.206549	1.337
29880	-3983.58	-4243.833	260.2532	1.924392	0.4959764	0.716618	0.283382	1.361347
29886	-4001.252	-4261.531	260.279	1.809558	0.526135	0.754313	0.245687	1.392684
29892	-4009.57	-4269.773	260.2029	1.913494	0.5508181	0.753261	0.246739	1.340125
29898	-4006.856	-4267.187	260.3305	1.809185	0.4765388	0.722855	0.277145	1.416529
29904	-3991.551	-4251.905	260.3537	1.909383	0.465225	0.680659	0.319341	1.334894
29910	-3982.058	-4242.299	260.2414	1.943229	0.5474639	0.680659	0.319341	1.289239
29916	-3976.825	-4236.778	259.9527	1.881711	0.4650409	0.723859	0.276141	1.657707
29922	-3994.288	-4254.16	259.8717	1.828742	0.6388737	0.736235	0.263765	1.559425
29928	-3982.681	-4242.814	260.1324	1.835222	0.3946014	0.692369	0.307631	1.655015
29934	-3979.708	-4239.649	259.9404	1.804199	0.3946014	0.698091	0.301909	1.811774
29940	-3985.844	-4245.622	259.7784	1.756337	0.4795464	0.701707	0.298293	1.849896
29946	-3977.089	-4236.821	259.7328	1.758975	0.5052365	0.671827	0.328173	1.849896
29952	-3975.826	-4235.648	259.8222	1.752068	0.5052365	0.671827	0.328173	1.793069
29958	-3980.248	-4240.106	259.8588	1.715428	0.5052365	0.639632	0.360368	1.793069
29964	-3976.854	-4237.055	260.2014	1.898048	0.4385821	0.669368	0.330632	1.498004
29970	-3977.208	-4237.434	260.2253	2.02432	0.51198	0.605387	0.394613	1.282236
29976	-3983.859	-4244.24	260.3811	2.033257	0.4952251	0.657508	0.342492	1.166238
29982	-3981.469	-4241.494	260.0246	2.033257	0.5340134	0.716891	0.283109	1.406831
29988	-3978.643	-4239.159	260.5157	2.103952	0.4547609	0.721026	0.278974	1.041824
29994	-3988.841	-4249.403	260.5625	2.103952	0.4076164	0.721026	0.278974	1.079293
30000	-3982.12	-4242.498	260.3781	2.131393	0.5149031	0.720258	0.279742	1.049992
30006	-3987.875	-4248.323	260.4477	2.10931	0.449587	0.720258	0.279742	1.108977
30012	-4000.915	-4261.409	260.4946	2.10931	0.4237489	0.631653	0.368347	1.108977
30018	-4006.064	-4266.65	260.5861	2.10931	0.4237489	0.668195	0.331805	1.022817
30024	-3985.44	-4245.723	260.2831	2.176559	0.6096074	0.660444	0.339556	0.9556365
30030	-3993.728	-4254.162	260.4338	2.176559	0.5195871	0.654087	0.345913	0.9409281
30036	-3999.797	-4260.357	260.56	2.194447	0.4532828	0.654087	0.345913	0.9057986
30042	-3981.815	-4242.37	260.5551	2.25292	0.4193077	0.756144	0.243856	0.9148545
30048	-3991.18	-4251.526	260.3458	2.25292	0.5249304	0.733911	0.266089	0.9441981
30054	-3982.419	-4243	260.5809	2.123048	0.4009427	0.755888	0.244112	1.056036
30060	-3979.173	-4239.65	260.4768	2.168467	0.4965631	0.660031	0.339969	0.9439399
30066	-3978.53	-4239.034	260.5039	2.207758	0.447269	0.626982	0.373018	0.9633101
30072	-3977.936	-4238.451	260.5148	2.127583	0.447269	0.762949	0.237051	1.032731
30078	-3983.062	-4243.403	260.3412	2.106692	0.4773845	0.722981	0.277019	1.163155
30084	-3986.504	-4246.712	260.2088	1.997294	0.5726075	0.722981	0.277019	1.239758
30090	-3981.375	-4241.845	260.4705	2.012821	0.4514045	0.651584	0.348416	1.171767
30096	-3977.184	-4237.619	260.4356	2.012821	0.4788623	0.662318	0.337682	1.160533
30102	-3999.905	-4260.133	260.2284	1.951502	0.4252327	0.673446	0.326554	1.455657
30108	-3981.602	-4241.625	260.0236	1.911451	0.4877408	0.69367	0.30633	1.556429
30114	-3977.58	-4237.826	260.2457	1.985001	0.5037794	0.69367	0.30633	1.308498
30120	-3974.418	-4234.471	260.053	1.847433	0.4932152	0.718175	0.281825	1.575148
30126	-3961.867	-4222.038	260.1704	1.922634	0.4932152	0.690844	0.309156	1.430741
30132	-3976.35	-4236.616	260.2662	1.884159	0.4932152	0.695296	0.304704	1.386314
30138	-3958.773	-4218.908	260.1345	1.884159	0.5026682	0.717677	0.282323	1.475558
30144	-3976.726	-4237.096	260.3706	1.935593	0.4620115	0.677002	0.322998	1.304696
30150	-3988.933	-4249.328	260.395	2.032008	0.5288247	0.677002	0.322998	1.106124
30156	-3982.483	-4242.812	260.3291	2.049097	0.5288247	0.69651	0.30349	1.149982
30162	-3984.237	-4244.536	260.2984	2.138574	0.5288247	0.661535	0.338465	1.096941
30168	-3980.822	-4241.21	260.3881	2.068184	0.5573076	0.601162	0.398838	1.036931
30174	-3959.775	-4220.049	260.2747	2.00049	0.5573076	0.639646	0.360354	1.200916
30180	-3955.71	-4216.15	260.4403	2.012099	0.4155051	0.716459	0.283541	1.25385
30186	-3961.59	-4221.672	260.0822	2.048515	0.6239122	0.625283	0.374717	1.240263
30192	-3977.077	-4237.439	260.3619	2.033216	0.4853441	0.682432	0.317568	1.197265
30198	-3967.581	-4228.032	260.4504	2.124869	0.4609497	0.652297	0.347703	1.073666
30204	-3981.38	-4241.802	260.4217	2.174251	0.4609497	0.706922	0.293078	1.054106
30210	-3974.182	-4234.586	260.404	2.172874	0.490709	0.770841	0.229159	1.023419
30216	-3983.852	-4244.261	260.409	2.172017	0.488215	0.702674	0.297326	1.023419
30222	-3976.954	-4237.21	260.2564	2.201004	0.5657251	0.719415	0.280585	1.023419
30228	-3966.871	-4227.273	260.402	2.201004	0.5321983	0.696238	0.303762	0.9272266
30234	-3983.453	-4243.803	260.3509	2.201004	0.4967244	0.696238	0.303762	1.03793
30240	-3993.266	-4253.767	260.5008	2.173239	0.4616308	0.696238	0.303762	0.975965
30246	-3997.041	-4257.437	260.3968	2.248515	0.4598711	0.580398	0.419602	1.008016
30252	-3996.527	-4256.929	260.4019	2.383952	0.5034097	0.66497	0.33503	0.7588026
30258	-3994.222	-4254.561	260.3386	2.378181	0.5361422	0.679067	0.320933	0.7821717
30264	-3985.12	-4245.442	260.3215	2.351012	0.5672638	0.722338	0.277662	0.7768839
30270	-3985.565	-4245.975	260.4099	2.381992	0.5008758	0.67069	0.32931	0.7561319
30276	-3985.086	-4245.259	260.1729	2.434784	0.6341531	0.792896	0.207104	0.7285983
30282	-3987.537	-4247.938	260.4004	2.430966	0.4818833	0.660477	0.339523	0.744611
30288	-3996.717	-4257.077	260.3593	2.430966	0.5362009	0.69729	0.30271	0.6618633
30294	-3988.581	-4248.925	260.3436	2.41622	0.5362009	0.678465	0.321535	0.7173009
30300	-3990.523	-4251.06	260.5371	2.41622	0.4228449	0.678465	0.321535	0.7173009
30306	-3994.511	-4254.806	260.2949	2.394426	0.587436	0.666495	0.333505	0.7046043
30312	-3982.139	-4242.506	260.367	2.394426	0.5399885	0.677713	0.322287	0.7046043
30318	-3990.905	-4251.364	260.4582	2.394426	0.4600518	0.643566	0.356434	0.7686444
30324	-3987.62	-4248.031	260.4105	2.465455	0.4618866	0.71706	0.28294	0.7287363
30330	-3993.551	-4253.985	260.4337	2.421434	0.4751886	0.71334	0.28666	0.7252388
30336	-3993.048	-4253.279	260.2313	2.457732	0.6064755	0.59962	0.40038	0.652287
30342	-3980.38	-4240.652	260.2721	2.488835	0.542013	0.709519	0.290481	0.7000205
30348	-3995.367	-4255.802	260.4349	2.488835	0.4556193	0.707839	0.292161	0.6633756
30354	-3991.977	-4252.063	260.0859	2.552049	0.6387494	0.763759	0.236241	0.6633756
30360	-3996.542	-4256.763	260.2211	2.533358	0.5765245	0.64606	0.35394	0.5987005
30366	-3993.45	-4253.575	260.1249	2.533358	0.6317234	0.734732	0.265268	0.6409943
30372	-4002.394	-4262.526	260.1318	2.506668	0.6459144	0.705974	0.294026	0.6409943
30378	-4004.68	-4265.073	260.3931	2.513668	0.4575633	0.657395	0.342605	0.6892883
30384	-3986.547	-4246.845	260.2978	2.432405	0.5145838	0.6465	0.3535	0.8104035
30390	-3983.363	-4243.768	260.4056	2.438297	0.482608	0.671843	0.328157	0.7229696
30396	-3991.172	-4251.626	260.4543	2.404271	0.4537344	0.718497	0.281503	0.775957
30402	-3989.67	-4250.215	260.5451	2.404271	0.4043579	0.718497	0.281503	0.775957
30408	-3995.628	-4256.109	260.4816	2.404271	0.469557	0.625013	0.374987	0.6891856
30414	-3984.551	-4244.749	260.1974	2.495395	0.586144	0.781614	0.218386	0.7019043
30420	-3983.033	-4243.396	260.3631	2.406197	0.5082314	0.672753	0.327247	0.7712702
30426	-3981.886	-4242.281	260.3948	2.406197	0.4880557	0.762007	0.237993	0.7737496
30432	-3983.829	-4244.321	260.4921	2.406197	0.4508808	0.73307	0.26693	0.7238989
30438	-3989.808	-4250.279	260.4707	2.406197	0.4724281	0.685835	0.314165	0.6964624
30444	-3991.329	-4251.696	260.3677	2.406207	0.5441814	0.711957	0.288043	0.669684
30450	-3986.966	-4247.393	260.4264	2.406207	0.5008846	0.722951	0.277049	0.6899663
30456	-3985.213	-4245.623	260.4099	2.325645	0.5425575	0.736064	0.263936	0.740116
30462	-3982.777	-4243.15	260.3723	2.313989	0.5108509	0.706289	0.293711	0.8720721
30468	-3992.868	-4253.351	260.4837	2.227709	0.4756149	0.680569	0.319431	0.9104354
30474	-3972.034	-4232.489	260.4544	2.198514	0.5106482	0.723243	0.276757	0.9104354
30480	-3973.657	-4234.172	260.5152	2.117954	0.4446702	0.753906	0.246094	1.046145
30486	-3977.863	-4238.24	260.3769	2.114462	0.4961953	0.628112	0.371888	1.095703
30492	-3981.41	-4241.805	260.3945	2.114462	0.483096	0.700391	0.299609	1.099713
30498	-3987.179	-4247.465	260.2855	2.130542	0.539531	0.667329	0.332671	1.100692
30504	-3991.543	-4251.794	260.2503	2.106842	0.578054	0.824509	0.175491	1.100692
30510	-3994.611	-4254.856	260.2449	2.142093	0.5754659	0.78549	0.21451	1.076622
30516	-3978.505	-4238.833	260.3282	2.085211	0.557987	0.71651	0.28349	1.076622
30522	-3990.961	-4251.289	260.3284	2.055623	0.557987	0.637834	0.362166	1.10384
30528	-3999.221	-4259.651	260.4299	1.952084	0.4566384	0.714695	0.285305	1.250224
30534	-3988.741	-4248.838	260.0976	2.065909	0.6246082	0.685123	0.314877	1.211712
30540	-3981.309	-4241.643	260.3335	2.077703	0.4660335	0.691718	0.308282	1.211712
30546	-3989.93	-4250.167	260.2371	2.077703	0.5673188	0.691718	0.308282	1.153254
30552	-3995.281	-4255.476	260.1956	2.11913	0.5673188	0.745953	0.254047	1.153254
30558	-3985.952	-4246.411	260.4584	2.11913	0.4811039	0.670217	0.329783	1.038522
30564	-3984.025	-4244.4	260.3756	2.11913	0.5315646	0.698279	0.301721	1.038522
30570	-3973.607	-4234.008	260.4014	2.124482	0.4453657	0.65754	0.34246	1.143754
30576	-3989.402	-4249.657	260.2547	2.024485	0.598542	0.65754	0.34246	1.143754
30582	-3979.57	-4239.85	260.2803	2.008906	0.4785484	0.70809	0.29191	1.295334
30588	-3981.95	-4242.29	260.3396	2.051043	0.4785484	0.78942	0.21058	1.21092
30594	-3973.979	-4234.207	260.2274	1.977513	0.5970606	0.690914	0.309086	1.210205
30600	-3972.117	-4232.181	260.0637	1.977513	0.5538749	0.67751	0.32249	1.395691
30606	-3975.624	-4235.75	260.126	2.084507	0.5925704	0.628651	0.371349	1.211013
30612	-3974.571	-4234.815	260.2441	2.138199	0.5492351	0.682783	0.317217	1.117585
30618	-3978.858	-4239.134	260.276	2.138199	0.5492351	0.659357	0.340643	1.088492
30624	-3992.828	-4253.231	260.4035	2.146767	0.5194896	0.659357	0.340643	1.003052
30630	-3976.71	-4237.086	260.3753	2.179629	0.5194896	0.659357	0.340643	0.9983401
30636	-3971.422	-4231.875	260.4534	2.177829	0.4754481	0.723424	0.276576	0.9952099
30642	-3969.524	-4229.761	260.237	2.230508	0.5998293	0.687763	0.312237	0.9622515
30648	-3964.686	-4225.08	260.3945	2.286321	0.5242318	0.624338	0.375662	0.8528046
30654	-3984.441	-4244.79	260.3496	2.286321	0.526481	0.821228	0.178772	0.9009174
30660	-3990.336	-4250.794	260.4584	2.332226	0.4924566	0.679345	0.320655	0.7779926
30666	-3977.635	-4237.98	260.3447	2.3643	0.5511968	0.627329	0.372671	0.75976
30672	-3985.217	-4245.512	260.2959	2.403176	0.5582223	0.690712	0.309288	0.7585376
30678	-3980.558	-4240.966	260.4081	2.404713	0.4817082	0.689382	0.310618	0.7722732
30684	-3987.114	-4247.584	260.4698	2.368628	0.4667516	0.718073	0.281927	0.7722732
30690	-3984.128	-4244.56	260.4316	2.398929	0.4690319	0.745139	0.254861	0.7778008
30696	-3990.135	-4250.597	260.4614	2.362702	0.4690319	0.513256	0.486744	0.7867582
30702	-3994.04	-4254.586	260.5463	2.428694	0.4085723	0.764352	0.235648	0.7255885
30708	-3994.736	-4255.141	260.4054	2.353596	0.5254709	0.760629	0.239371	0.745475
30714	-3993.978	-4254.376	260.3987	2.353596	0.5356901	0.758254	0.241746	0.7308475
30720	-3984.664	-4244.953	260.2887	2.353596	0.5600861	0.758254	0.241746	0.8313139
30726	-3975.414	-4235.65	260.2362	2.301485	0.6316186	0.680779	0.319221	0.8313139
30732	-3980.81	-4241.305	260.4951	2.301485	0.4652845	0.779817	0.220183	0.8313139
30738	-3972.753	-4233.283	260.5299	2.297712	0.4306721	0.65962	0.34038	0.8686493
30744	-3972.135	-4232.697	260.5616	2.278624	0.4361022	0.666949	0.333051	0.8415372
30750	-3988.837	-4249.143	260.306	2.278624	0.5548716	0.716737	0.283263	0.9085356
30756	-3983.478	-4243.904	260.4262	2.402586	0.4838282	0.629156	0.370844	0.7433903
30762	-3975.144	-4235.532	260.3887	2.41619	0.5190962	0.744075	0.255925	0.686343
30768	-3967.33	-4227.762	260.4319	2.435629	0.4724883	0.724482	0.275518	0.7125328
30774	-3978.971	-4239.33	260.3594	2.435629	0.5159562	0.712563	0.287437	0.7125328
30780	-3972.152	-4232.474	260.3212	2.548663	0.4932401	0.793318	0.206682	0.6403182
30786	-3967.585	-4227.818	260.2328	2.52863	0.5666399	0.759767	0.240233	0.6207204
30792	-3980.437	-4240.672	260.235	2.52059	0.5617984	0.703813	0.296187	0.6514529
30798	-3978.31	-4238.752	260.4414	2.44581	0.4775622	0.731178	0.268822	0.6602217
30804	-3984.096	-4244.376	260.2799	2.449211	0.5460067	0.686102	0.313898	0.7417168
30810	-3986.298	-4246.713	260.4152	2.340731	0.5460067	0.695624	0.304376	0.6978831
30816	-3984.016	-4244.432	260.4165	2.281107	0.5051282	0.669981	0.330019	0.8697095
30822	-3987.752	-4248.218	260.466	2.281107	0.4789919	0.669981	0.330019	0.8628999
30828	-3985.364	-4245.891	260.5272	2.344171	0.4393543	0.669981	0.330019	0.7938148
30834	-3984.357	-4244.784	260.4265	2.329976	0.4999251	0.682279	0.317721	0.8074541
30840	-3974.361	-4234.763	260.4018	2.298146	0.5091513	0.67252	0.32748	0.8592107
30846	-3968.764	-4229.127	260.3628	2.199433	0.5532314	0.712332	0.287668	0.9357741
30852	-3972.467	-4232.916	260.4496	2.055228	0.5425485	0.762716	0.237284	1.01188
30858	-3985.672	-4246.05	260.3784	2.107733	0.5105264	0.762716	0.237284	1.078749
30864	-3987.888	-4248.271	260.3829	2.064042	0.5190436	0.788321	0.211679	1.102196
30870	-3995.547	-4255.757	260.2091	2.163923	0.570963	0.685048	0.314952	1.095873
30876	-3992.941	-4253.195	260.2543	2.060888	0.5370279	0.661409	0.338591	1.193606
30882	-3985.736	-4245.896	260.1599	1.80796	0.4928978	0.689231	0.310769	1.525736
30888	-3972.419	-4232.538	260.119	1.84197	0.4483679	0.660561	0.339439	1.587463
30894	-3989.559	-4249.06	259.5012	1.811719	0.5579812	0.700246	0.299754	1.914783
30900	-3979.194	-4239.372	260.178	1.876143	0.4865808	0.700246	0.299754	1.468915
30906	-3993.305	-4253.612	260.3066	1.894315	0.5379093	0.789645	0.210355	1.28816
30912	-3977.19	-4237.162	259.9713	1.79348	0.4903208	0.626179	0.373821	1.67658
30918	-3986.714	-4246.845	260.131	1.789679	0.4622354	0.686151	0.313849	1.598983
30924	-3982.335	-4242.032	259.6972	1.753584	0.5350932	0.606476	0.393524	1.845081
30930	-3968.949	-4228.898	259.9494	1.748773	0.5350932	0.681076	0.318924	1.672212
30936	-3966.022	-4225.844	259.8219	1.748773	0.5350932	0.66096	0.33904	1.762139
30942	-3972.149	-4232.113	259.9642	1.761117	0.5021606	0.678602	0.321398	1.690691
30948	-3981.452	-4241.418	259.9658	1.847667	0.5174114	0.770264	0.229736	1.609566
30954	-3988.842	-4248.805	259.9627	1.847667	0.519316	0.633164	0.366836	1.609566
30960	-3975.59	-4235.494	259.9042	1.863486	0.5274983	0.702492	0.297508	1.631019
30966	-3978.876	-4239.11	260.2346	1.961116	0.5073989	0.620864	0.379136	1.331901
30972	-3994.529	-4254.659	260.1299	2.042826	0.6567497	0.673842	0.326158	1.165276
30978	-3982.774	-4243.153	260.379	2.04658	0.4598956	0.720019	0.279981	1.20859
30984	-3987.038	-4247.252	260.2149	2.04658	0.5603617	0.687686	0.312314	1.20859
30990	-3987.725	-4247.974	260.2494	2.101075	0.5234585	0.718465	0.281535	1.181739
30996	-3986.233	-4246.521	260.2884	2.062012	0.5234585	0.736949	0.263051	1.181739
31002	-3987.126	-4247.423	260.2969	2.034216	0.5356178	0.593418	0.406582	1.181739
31008	-4001.28	-4261.567	260.2866	2.102016	0.499998	0.664906	0.335094	1.181739
31014	-4011.555	-4271.227	259.6714	1.650238	0.4075576	0.712985	0.287015	2.079735
31020	-4012.948	-4272.746	259.7979	1.650238	0.4410358	0.765353	0.234647	1.954428
31026	-3998.821	-4258.324	259.5032	1.659508	0.4410358	0.620748	0.379252	2.14323
31032	-4000.089	-4259.323	259.2338	1.56045	0.4362287	0.721729	0.278271	2.385319
31038	-4002.629	-4261.586	258.9575	1.52649	0.4045932	0.634419	0.365581	2.616113
31044	-3992.093	-4251.029	258.9362	1.52649	0.4139379	0.668023	0.331977	2.618321
31050	-4009.04	-4267.789	258.7495	1.405163	0.5063078	0.584575	0.415425	2.708145
31056	-4004.267	-4262.18	257.9131	1.42083	0.4885228	0.638976	0.361024	3.219826
31062	-4014.507	-4272.67	258.1638	1.457083	0.4363368	0.571499	0.428501	3.103508
31068	-4007.055	-4264.971	257.9152	1.451811	0.4288891	0.566473	0.433527	3.262171
31074	-4001.191	-4259.51	258.319	1.487548	0.4614435	0.654281	0.345719	2.965576
31080	-4009.811	-4268.202	258.3911	1.494659	0.6025899	0.822293	0.177707	2.781897
31086	-3999.943	-4259.09	259.1467	1.534	0.3845945	0.572949	0.427051	2.518144
31092	-3991.11	-4250.144	259.0345	1.571407	0.4236626	0.711065	0.288935	2.518144
31098	-3977.571	-4236.84	259.2686	1.714189	0.4896583	0.711065	0.288935	2.205151
31104	-3976.893	-4236.524	259.6304	1.714189	0.3840592	0.762826	0.237174	2.094675
31110	-3979.555	-4239.509	259.954	1.693261	0.3840592	0.718125	0.281875	1.892582
31116	-3979.975	-4239.85	259.875	1.697739	0.4852256	0.674723	0.325277	1.817137
31122	-3997.694	-4257.255	259.5609	1.698619	0.4852256	0.621296	0.378704	2.028875
31128	-3993.158	-4252.555	259.3976	1.606444	0.5846221	0.632644	0.367356	2.093853
31134	-4003.054	-4261.847	258.7924	1.721354	0.7467065	0.70173	0.29827	2.269615
31140	-3998.238	-4258.42	260.1818	1.838408	0.4000659	0.595816	0.404184	1.609427
31146	-4004.546	-4264.67	260.1231	1.921887	0.5424559	0.756921	0.243079	1.406503
31152	-3996.133	-4256.032	259.8988	1.866319	0.4776136	0.720392	0.279608	1.69161
31158	-4005.535	-4265.539	260.0044	1.839621	0.4278746	0.719554	0.280446	1.698168
31164	-4015.859	-4275.881	260.022	1.878438	0.4278746	0.730763	0.269237	1.657993
31170	-4005.79	-4265.778	259.9878	1.871299	0.4050924	0.687592	0.312408	1.717709
31176	-4007.256	-4267.295	260.0392	1.808855	0.4050924	0.687592	0.312408	1.7255
31182	-4033.71	-4293.682	259.9721	1.808855	0.3721073	0.747467	0.252533	1.817439
31188	-4008.388	-4268.487	260.0991	1.777765	0.355936	0.65857	0.34143	1.773971
31194	-4003.568	-4263.379	259.8115	1.777765	0.4108724	0.68132	0.31868	1.896714
31200	-3997.9	-4257.619	259.7193	1.812457	0.5072378	0.744204	0.255796	1.820167
31206	-3994.465	-4254.183	259.7176	1.775759	0.5316878	0.665676	0.334324	1.819494
31212	-3995.54	-4255.18	259.6403	1.81749	0.5544781	0.698618	0.301382	1.819494
31218	-3999.651	-4259.848	260.1966	1.825063	0.3758791	0.698618	0.301382	1.642756
31224	-3997.991	-4257.789	259.7976	1.771375	0.4606688	0.698618	0.301382	1.848746
31230	-3984.882	-4244.693	259.8106	1.771375	0.5431212	0.623477	0.376523	1.74542
31236	-3984.388	-4244.165	259.7771	1.852613	0.499465	0.656855	0.343145	1.761109
31242	-3995.837	-4255.673	259.8361	1.826469	0.4595808	0.694005	0.305995	1.785523
31248	-3991.28	-4251.127	259.8463	1.726135	0.5129913	0.592962	0.407038	1.785523
31254	-3988.241	-4248.156	259.9148	1.766844	0.4414904	0.561483	0.438517	1.794557
31260	-3993.397	-4253.415	260.0184	1.80984	0.4511938	0.616256	0.383744	1.679489
31266	-3989.012	-4248.909	259.8975	1.81851	0.4506132	0.640258	0.359742	1.759351
31272	-3976.592	-4236.652	260.0604	1.806073	0.4249237	0.64286	0.35714	1.686156
31278	-3967.681	-4227.851	260.1691	1.727667	0.3855072	0.749972	0.250028	1.717985
31284	-3977.638	-4237.406	259.768	1.765322	0.5737531	0.75371	0.24629	1.746699
31290	-3987.959	-4247.903	259.9432	1.779355	0.4945043	0.602875	0.397125	1.701609
31296	-3988.161	-4248.065	259.9034	1.875551	0.4332338	0.60556	0.39444	1.737137
31302	-3974.822	-4234.628	259.8065	1.796469	0.4647005	0.621114	0.378886	1.820569
31308	-3983.984	-4243.842	259.8582	1.800191	0.4707602	0.608379	0.391621	1.774925
31314	-3980.577	-4240.425	259.8478	1.800191	0.6076078	0.736605	0.263395	1.629834
31320	-3977.858	-4237.901	260.0425	1.820379	0.4935898	0.736605	0.263395	1.602111
31326	-3972.749	-4232.873	260.1241	1.843784	0.5403256	0.681441	0.318559	1.468191
31332	-3998.261	-4258.254	259.9926	1.843784	0.4664118	0.730888	0.269112	1.654535
31338	-3991.012	-4250.688	259.676	1.806606	0.6187099	0.71794	0.28206	1.736191
31344	-3994.563	-4254.158	259.5951	1.725444	0.5853528	0.755004	0.244996	1.881624
31350	-3990.474	-4250.734	260.2597	2.015333	0.4605549	0.70485	0.29515	1.331879
31356	-3980.067	-4240.173	260.1062	1.853652	0.43568	0.667748	0.332252	1.604862
31362	-3968.648	-4228.876	260.2277	1.87437	0.4183718	0.699872	0.300128	1.523809
31368	-3979.27	-4239.383	260.1132	1.948221	0.5018354	0.795441	0.204559	1.444069
31374	-3967.049	-4227.062	260.0124	1.986882	0.6600767	0.697453	0.302547	1.307252
31380	-3978.441	-4238.677	260.2368	1.947808	0.5329416	0.678063	0.321937	1.307803
31386	-3984.649	-4244.87	260.2212	1.912456	0.5329416	0.585719	0.414281	1.348646
31392	-3992.924	-4253.043	260.119	1.910658	0.5095061	0.591603	0.408397	1.458697
31398	-3997.749	-4258.059	260.3104	1.891919	0.4558125	0.690679	0.309321	1.395868
31404	-3991.093	-4251.158	260.0653	1.892024	0.5033728	0.676693	0.323307	1.520668
31410	-3993.533	-4253.758	260.2254	1.875041	0.4548238	0.753897	0.246103	1.475364
31416	-3994.441	-4254.637	260.1958	1.890304	0.5085486	0.750545	0.249455	1.416621
31422	-3979.906	-4239.992	260.0864	1.947221	0.5669014	0.663693	0.336307	1.386103
31428	-3989.511	-4249.657	260.1464	1.947221	0.5669014	0.673218	0.326782	1.338664
31434	-3989.394	-4249.46	260.0666	2.020758	0.6150066	0.673218	0.326782	1.286616
31440	-3982.153	-4242.63	260.4771	2.060415	0.455784	0.654733	0.345267	1.116726
31446	-3984.971	-4245.478	260.507	2.151708	0.4814814	0.698799	0.301201	0.9564656
31452	-3981.394	-4241.784	260.39	2.159088	0.4814814	0.678114	0.321886	1.064997
31458	-3989.711	-4249.942	260.2312	2.126675	0.5672687	0.678114	0.321886	1.114734
31464	-3984.426	-4244.915	260.4889	2.109254	0.4476584	0.667493	0.332507	1.074179
31470	-3988.788	-4249.221	260.4337	2.14503	0.4939173	0.688391	0.311609	1.016288
31476	-3992.891	-4253.424	260.5337	2.14503	0.4372674	0.710358	0.289642	1.014854
31482	-3976.298	-4236.779	260.4808	2.14503	0.459118	0.682477	0.317523	1.028479
31488	-3966.606	-4227.089	260.4824	2.14503	0.4895437	0.73797	0.26203	0.9747298
31494	-3988.171	-4248.651	260.4799	2.147535	0.4895437	0.663607	0.336393	0.9747298
31500	-3982.174	-4242.716	260.5415	2.106365	0.4895437	0.609704	0.390296	0.9534943
31506	-3990.124	-4250.214	260.0906	2.090929	0.6490721	0.673115	0.326885	1.166832
31512	-3974.565	-4235.133	260.5677	2.159887	0.4290679	0.758133	0.241867	0.9809163
31518	-3965.199	-4225.457	260.2585	2.154672	0.5977775	0.727038	0.272962	1.020105
31524	-3974.101	-4234.296	260.1952	2.154672	0.6423014	0.675665	0.324335	1.020105
31530	-3977.594	-4237.924	260.33	2.123021	0.5708607	0.701994	0.298006	1.020105
31536	-3981.353	-4241.71	260.3563	2.123021	0.5708607	0.675426	0.324574	0.9939595
31542	-3986.226	-4246.608	260.3825	2.107456	0.5175446	0.648161	0.351839	1.064485
31548	-3969.857	-4230.321	260.4638	2.129085	0.4564772	0.750786	0.249214	1.064485
31554	-3970.05	-4230.537	260.4868	2.171747	0.4846392	0.677453	0.322547	0.9509699
31560	-3978.467	-4238.888	260.4207	2.171747	0.5248755	0.647234	0.352766	0.9509699
31566	-3979.072	-4239.357	260.2843	2.185763	0.570247	0.647234	0.352766	1.004152
31572	-3977.578	-4237.913	260.3344	2.115142	0.4763228	0.702396	0.297604	1.163316
31578	-3967.721	-4228.062	260.3413	2.126933	0.5191908	0.722931	0.277069	1.082316
31584	-3982.606	-4242.867	260.2612	2.112915	0.5877671	0.650737	0.349263	1.071586
31590	-3968.677	-4229.051	260.3733	2.091887	0.5481165	0.691127	0.308873	1.041998
31596	-3979.482	-4239.857	260.3745	2.09723	0.5481165	0.674703	0.325297	1.035773
31602	-3973.537	-4233.572	260.0354	2.006062	0.5481165	0.637596	0.362404	1.402391
31608	-3984.058	-4244.256	260.1977	1.996022	0.5000936	0.648215	0.351785	1.343098
31614	-3975.255	-4235.618	260.3629	2.027587	0.5107891	0.665094	0.334906	1.164633
31620	-3986.294	-4246.632	260.3377	2.020432	0.5107891	0.700528	0.299472	1.192784
31626	-3994.69	-4254.987	260.2971	2.064806	0.5276976	0.62882	0.37118	1.165893
31632	-3975.75	-4236.06	260.3105	2.062795	0.5453696	0.693607	0.306393	1.131131
31638	-3983.702	-4244.114	260.4126	2.038568	0.4969119	0.753304	0.246696	1.131131
31644	-3982.063	-4242.246	260.1829	1.910507	0.5564623	0.743783	0.256217	1.351523
31650	-3980.962	-4241.052	260.09	1.91336	0.6313089	0.743783	0.256217	1.335911
31656	-3971.67	-4231.836	260.1657	2.006134	0.5485274	0.737553	0.262447	1.29834
31662	-3974.845	-4234.804	259.9595	2.083853	0.657232	0.626121	0.373879	1.274402
31668	-3985.607	-4245.481	259.8737	1.956171	0.6862886	0.682291	0.317709	1.413471
31674	-3987.239	-4247.449	260.2104	1.956171	0.5940284	0.657291	0.342709	1.246275
31680	-4004.788	-4264.975	260.1871	2.038615	0.5229396	0.606865	0.393135	1.287311
31686	-3980.514	-4240.699	260.1851	2.038489	0.5229396	0.630134	0.369866	1.289038
31692	-4004.451	-4264.712	260.2611	2.085107	0.5229396	0.560474	0.439526	1.18611
31698	-4000.211	-4260.562	260.3502	2.035054	0.499494	0.756284	0.243716	1.185349
31704	-3981.545	-4241.8	260.2554	2.115925	0.4973326	0.623926	0.376074	1.200459
31710	-3982.429	-4242.672	260.2428	2.060814	0.6567355	0.690038	0.309962	1.045759
31716	-3999.208	-4259.531	260.3231	2.038623	0.5848234	0.690038	0.309962	1.087204
31722	-3992.789	-4252.86	260.0708	1.835784	0.4927777	0.755811	0.244189	1.571137
31728	-3974.552	-4234.717	260.1653	1.835784	0.446809	0.695424	0.304576	1.560105
31734	-3978.245	-4238.62	260.3757	1.909147	0.3803014	0.656497	0.343503	1.441352
31740	-3983.174	-4243.272	260.0987	1.953272	0.5646587	0.75413	0.24587	1.374344
31746	-3977.251	-4237.544	260.2921	1.960946	0.4165127	0.664494	0.335506	1.411947
31752	-3978.908	-4239.235	260.3273	1.982081	0.5431309	0.670804	0.329196	1.190322
31758	-3970.524	-4230.724	260.1999	1.943719	0.5030796	0.72188	0.27812	1.378843
31764	-3979.561	-4239.993	260.4318	1.976748	0.465125	0.72188	0.27812	1.215347
31770	-3983.829	-4244.085	260.2561	1.973963	0.479813	0.763837	0.236163	1.341224
31776	-3973.969	-4234.28	260.3109	1.934322	0.5438789	0.734801	0.265199	1.243781
31782	-3990.926	-4251.209	260.2828	1.986169	0.4582267	0.672766	0.327234	1.339954
31788	-3984.91	-4245.266	260.3559	1.991356	0.4911458	0.660677	0.339323	1.229629
31794	-3984.762	-4244.947	260.1851	2.071556	0.5473848	0.654954	0.345046	1.229629
31800	-3993.457	-4253.886	260.4294	2.004854	0.4410673	0.668011	0.331989	1.229629
31806	-3988.429	-4248.853	260.424	1.975188	0.436087	0.678175	0.321825	1.266398
31812	-3979.285	-4239.642	260.3572	2.077728	0.4167441	0.69905	0.30095	1.266398
31818	-3979.904	-4240.23	260.326	2.06589	0.4854862	0.662536	0.337464	1.19976
31824	-3984.524	-4244.805	260.2819	2.048837	0.5278015	0.6682	0.3318	1.192725
31830	-3979.245	-4239.533	260.2883	2.048837	0.4864103	0.710506	0.289494	1.244833
31836	-3993.646	-4253.897	260.2511	2.048837	0.5088408	0.829699	0.170301	1.244833
31842	-3976.046	-4236.382	260.3362	2.017741	0.4770418	0.627644	0.372356	1.244039
31848	-3977.211	-4237.541	260.3302	2.079825	0.4654681	0.686696	0.313304	1.213592
31854	-3987.541	-4247.815	260.2737	2.079825	0.4218235	0.655335	0.344665	1.324912
31860	-3985.825	-4246.155	260.3294	2.030833	0.4182271	0.721766	0.278234	1.324912
31866	-4001.516	-4261.556	260.0395	2.030833	0.5689356	0.724847	0.275153	1.354792
31872	-3976.199	-4236.292	260.0929	1.977401	0.5689356	0.636321	0.363679	1.354792
31878	-3985.767	-4246.172	260.4045	2.040301	0.4747066	0.578047	0.421953	1.169885
31884	-3989.523	-4249.848	260.3252	2.210187	0.4804731	0.787693	0.212307	1.079454
31890	-3993.205	-4253.027	259.8223	1.755527	0.494959	0.720316	0.279684	1.802337
31896	-4006.248	-4265.771	259.5232	1.755527	0.5962467	0.798905	0.201095	1.899185
31902	-3981.751	-4241.21	259.4593	1.755527	0.6490539	0.738511	0.261489	1.891822
31908	-3976.749	-4236.39	259.641	1.750241	0.6309537	0.609206	0.390794	1.787891
31914	-3982.692	-4242.429	259.7368	1.761035	0.558153	0.764179	0.235821	1.787891
31920	-3978.717	-4238.573	259.8558	1.71618	0.4964263	0.615859	0.384141	1.804691
31926	-3982.174	-4241.906	259.732	1.718519	0.5251396	0.615859	0.384141	1.856085
31932	-3995.953	-4256.207	260.2541	1.98813	0.6023335	0.667948	0.332052	1.1714
31938	-3987.446	-4247.848	260.4016	2.114227	0.5278093	0.729393	0.270607	1.023826
31944	-3987.579	-4247.862	260.2828	2.044856	0.5895949	0.587301	0.412699	1.111986
31950	-3980.422	-4240.685	260.2634	2.145922	0.5895949	0.722436	0.277564	1.035505
31956	-3980.988	-4241.311	260.3231	2.145922	0.5659811	0.707012	0.292988	1.0116
31962	-3968.988	-4229.37	260.3821	2.145922	0.5279755	0.699537	0.300463	1.0116
31968	-3982.24	-4242.581	260.3412	2.257394	0.5279755	0.797639	0.202361	0.9392268
31974	-3971.13	-4231.53	260.4001	2.205917	0.5303088	0.720205	0.279795	0.9271809
31980	-3979.573	-4240.05	260.4772	2.205917	0.4687628	0.768906	0.231094	0.9536479
31986	-3983.573	-4243.899	260.3257	2.205917	0.5388722	0.773408	0.226592	0.9908059
31992	-3983.526	-4243.777	260.2507	2.177222	0.6079299	0.773408	0.226592	0.9908059
31998	-3991.042	-4251.518	260.4768	2.116955	0.4607128	0.66888	0.33112	1.056615
32004	-3989.528	-4249.781	260.2536	2.053361	0.5592436	0.734406	0.265594	1.170855
32010	-3986.799	-4247.142	260.3427	2.053361	0.5736462	0.621582	0.378418	1.070724
32016	-3994.085	-4254.525	260.4399	2.053361	0.4831938	0.720584	0.279416	1.113899
32022	-4003.65	-4264.077	260.427	2.065329	0.4948744	0.790612	0.209388	1.096833
32028	-3998.422	-4258.801	260.3798	2.065329	0.4998619	0.642804	0.357196	1.132192
32034	-4000.747	-4260.749	260.0021	1.962928	0.5895277	0.736054	0.263946	1.41318
32040	-3996.077	-4256.173	260.0956	1.962928	0.5895277	0.707188	0.292812	1.339768
32046	-4000.79	-4260.819	260.0298	1.973844	0.5870297	0.707188	0.292812	1.386017
32052	-3992.434	-4252.41	259.9758	1.930534	0.570682	0.694042	0.305958	1.479467
32058	-3987.368	-4247.515	260.1475	1.844041	0.4446509	0.68036	0.31964	1.569935
32064	-4003.075	-4262.999	259.9245	1.8084	0.6101701	0.68036	0.31964	1.565372
32070	-3999.457	-4259.388	259.9313	1.979236	0.5744177	0.610242	0.389758	1.472021
32076	-3971.868	-4231.942	260.0741	1.818771	0.4677284	0.635103	0.364897	1.612219
32082	-3977.45	-4237.346	259.8952	1.904549	0.4677284	0.788825	0.211175	1.67911
32088	-3993.259	-4253.758	260.4988	1.848824	0.3700376	0.666886	0.333114	1.408937
32094	-3994.212	-4254.442	260.2295	1.848824	0.4375444	0.688934	0.311066	1.515217
32100	-3992.16	-4252.234	260.0737	1.748346	0.4311969	0.688934	0.311066	1.709432
32106	-3989.834	-4249.743	259.909	1.748346	0.4311969	0.73571	0.26429	1.824288
32112	-3987.857	-4247.926	260.0688	1.742723	0.4495518	0.688631	0.311369	1.693381
32118	-3979.735	-4240	260.2655	1.973168	0.4495518	0.565744	0.434256	1.376086
32124	-3993.054	-4253.277	260.2233	1.971755	0.4782862	0.735765	0.264235	1.371053
32130	-3998.032	-4258.101	260.0684	1.892149	0.5718347	0.744845	0.255155	1.43691
32136	-3986.77	-4246.983	260.213	1.794505	0.4328362	0.709219	0.290781	1.573862
32142	-3993.574	-4253.75	260.1759	1.840237	0.4302976	0.624857	0.375143	1.571007
32148	-4000.184	-4260.099	259.9149	1.955408	0.5748888	0.650192	0.349808	1.501812
32154	-3997.781	-4257.621	259.8403	1.760672	0.5550658	0.806452	0.193548	1.719096
32160	-4002.751	-4262.626	259.8748	1.697619	0.4527387	0.730745	0.269255	1.855996
32166	-3997.219	-4256.896	259.677	1.774367	0.5247141	0.632337	0.367663	1.855996
32172	-4005.298	-4265.037	259.7389	1.769998	0.4524283	0.589006	0.410994	1.899651
32178	-3991.757	-4251.286	259.5291	1.748261	0.562045	0.589006	0.410994	1.934636
32184	-3987.234	-4246.758	259.5246	1.671094	0.4683381	0.726371	0.273629	2.090101
32190	-4024.867	-4284.818	259.951	1.848063	0.5893341	0.752254	0.247746	1.538911
32196	-4008.758	-4268.909	260.1503	1.848063	0.5025428	0.732627	0.267373	1.490968
32202	-3989.849	-4249.834	259.9846	1.907955	0.569687	0.693745	0.306255	1.490968
32208	-4000.702	-4260.749	260.047	1.907955	0.5430133	0.742553	0.257447	1.474757
32214	-3982.952	-4242.883	259.931	1.867641	0.4979444	0.722737	0.277263	1.64328
32220	-3981.668	-4241.75	260.0815	1.864642	0.4725514	0.742815	0.257185	1.56727
32226	-3985.039	-4245.178	260.1397	1.809905	0.4703198	0.757113	0.242887	1.567565
32232	-3986.701	-4246.651	259.9501	1.828135	0.459027	0.684971	0.315029	1.705138
32238	-3989.53	-4249.657	260.1265	1.821611	0.4824648	0.767365	0.232635	1.553392
32244	-4003.025	-4263.196	260.1711	1.970864	0.4762144	0.767365	0.232635	1.415173
32250	-3996.845	-4257.2	260.3551	1.970864	0.4851858	0.730915	0.269085	1.255857
32256	-3992.215	-4252.373	260.1576	2.021558	0.5777337	0.7366	0.2634	1.255857
32262	-3988.024	-4248.338	260.3136	2.095555	0.5777337	0.7366	0.2634	1.05257
32268	-3991.861	-4252.197	260.336	2.176782	0.5112346	0.7366	0.2634	1.05257
32274	-4017.951	-4277.794	259.8435	1.848093	0.5617603	0.695319	0.304681	1.647315
32280	-3990.417	-4250.329	259.9118	1.786057	0.5342891	0.643432	0.356568	1.673361
32286	-3993.848	-4253.565	259.7173	1.834348	0.6555018	0.643432	0.356568	1.650826
32292	-3999.281	-4259.215	259.9342	1.959142	0.5936914	0.701806	0.298194	1.463396
32298	-4008.25	-4268.023	259.7735	1.907845	0.6493736	0.701806	0.298194	1.562804
32304	-4006.256	-4266.138	259.8827	1.921255	0.4642966	0.679977	0.320023	1.680373
32310	-4003.74	-4263.945	260.2058	1.766118	0.4176019	0.679977	0.320023	1.620274
32316	-3982.251	-4241.754	259.5031	1.720036	0.6206587	0.726595	0.273405	1.913055
32322	-3993.799	-4253.578	259.7788	1.803096	0.5658236	0.671333	0.328667	1.720972
32328	-4000.59	-4260.495	259.9049	1.797614	0.5115543	0.668718	0.331282	1.695905
32334	-4013.246	-4273.643	260.3969	1.943693	0.4174626	0.67111	0.32889	1.341835
32340	-4002.001	-4262.073	260.0712	1.996168	0.5803583	0.64137	0.35863	1.343487
32346	-4008.198	-4268.244	260.0453	1.967512	0.4696037	0.703365	0.296635	1.521753
32352	-4020.921	-4279.503	258.5824	1.671407	0.6439162	0.714075	0.285925	2.519002
32358	-3995.539	-4253.907	258.3689	1.520802	0.6254462	0.73388	0.26612	2.759592
32364	-3992.666	-4250.424	257.7581	1.483674	0.594706	0.728561	0.271439	3.175889
32370	-3990.201	-4248.037	257.8363	1.489403	0.5392737	0.728561	0.271439	3.175889
32376	-3998.339	-4256.882	258.5422	1.489403	0.6757516	0.728561	0.271439	2.630058
32382	-4015.679	-4275.343	259.664	1.84686	0.6578803	0.794346	0.205654	1.677667
32388	-4022.64	-4282.251	259.6119	1.84686	0.6686601	0.638793	0.361207	1.70433
32394	-4019.925	-4279.875	259.9501	1.904094	0.4177513	0.678616	0.321384	1.70433
32400	-4010.249	-4270.344	260.0947	1.933489	0.4873278	0.681406	0.318594	1.487622
32406	-4011.348	-4271.24	259.8917	1.933489	0.6352991	0.625142	0.374858	1.470003
32412	-3997.502	-4257.568	260.0662	1.932405	0.4552943	0.614553	0.385447	1.550807
32418	-3996.411	-4256.499	260.0882	1.988153	0.4968279	0.614553	0.385447	1.438934
32424	-4004.827	-4265.169	260.3423	2.003713	0.4408313	0.614553	0.385447	1.302876
32430	-3991.162	-4250.833	259.6717	1.901803	0.6204763	0.733563	0.266437	1.67012
32436	-3990.949	-4250.704	259.7559	1.891915	0.5734673	0.578701	0.421299	1.666048
32442	-3997.921	-4257.696	259.7751	1.901146	0.5547284	0.777951	0.222049	1.666048
32448	-3998.853	-4258.869	260.0155	2.042585	0.5348166	0.777951	0.222049	1.405625
32454	-3991.058	-4250.968	259.9097	1.952364	0.6408454	0.676019	0.323981	1.435995
32460	-3991.894	-4251.855	259.9614	1.954878	0.6125524	0.69491	0.30509	1.424995
32466	-3992.046	-4252.064	260.0186	1.934963	0.5429098	0.617339	0.382661	1.475992
32472	-3990.834	-4250.992	260.1579	1.940283	0.5590619	0.735322	0.264678	1.344577
32478	-4012.593	-4272.908	260.3143	1.921488	0.4319367	0.666376	0.333624	1.403133
32484	-4009.108	-4269.247	260.1385	1.942562	0.5223856	0.666376	0.333624	1.403133
32490	-4012.276	-4272.198	259.9216	1.99767	0.5735563	0.714376	0.285624	1.466437
32496	-4008.379	-4268.734	260.355	2.012382	0.5181212	0.618502	0.381498	1.174482
32502	-4005.694	-4265.907	260.2128	2.036637	0.5949222	0.65937	0.34063	1.174482
32508	-3986.334	-4246.551	260.2171	2.131381	0.5877621	0.627684	0.372316	1.095384
32514	-3998.541	-4258.599	260.0588	2.148406	0.6723846	0.683967	0.316033	1.115816
32520	-4004.39	-4264.854	260.4636	2.148406	0.4511145	0.648371	0.351629	1.055349
32526	-3997.941	-4258.348	260.4071	2.148406	0.4593893	0.698168	0.301832	1.094483
32532	-3997.562	-4257.458	259.8963	2.145229	0.6964941	0.698168	0.301832	1.232348
32538	-3990.191	-4250.119	259.9272	2.082311	0.7213881	0.698168	0.301832	1.232348
32544	-3992.07	-4251.948	259.878	1.95438	0.6613528	0.698168	0.301832	1.437194
32550	-3999.798	-4259.645	259.8462	1.921801	0.7101008	0.706261	0.293739	1.437194
32556	-3995.372	-4255.487	260.1149	2.09482	0.659128	0.689119	0.310881	1.12963
32562	-3987.96	-4248.144	260.1836	2.09482	0.651885	0.621904	0.378096	1.075819
32568	-4004.397	-4264.526	260.1287	2.147357	0.6968306	0.691875	0.308125	1.020657
32574	-4000.363	-4260.593	260.2298	2.12211	0.6138314	0.727568	0.272432	1.056809
32580	-3996.494	-4256.545	260.0506	2.204004	0.7417963	0.639663	0.360337	0.9847894
32586	-3991.193	-4251.733	260.5398	2.204004	0.4767984	0.639663	0.360337	0.871161
32592	-3999.314	-4259.61	260.2955	2.204004	0.5497493	0.73973	0.26027	1.006035
32598	-3994.397	-4254.674	260.2774	2.204004	0.5703923	0.706838	0.293162	0.9926026
32604	-3984.788	-4244.95	260.1623	2.204004	0.6155207	0.677996	0.322004	1.040717
32610	-3984.883	-4245.348	260.4652	2.141717	0.4627245	0.710007	0.289993	1.040717
32616	-3994.192	-4254.588	260.3966	2.173618	0.5329257	0.69768	0.30232	0.9608723
32622	-3974.4	-4234.84	260.4398	2.137292	0.5000542	0.642724	0.357276	1.007842
32628	-3986.7	-4246.828	260.1277	2.188199	0.677207	0.786748	0.213252	1.006867
32634	-3976.514	-4236.848	260.334	2.188199	0.5116926	0.750255	0.249745	1.042838
32640	-3979.827	-4240.123	260.2961	2.207021	0.571085	0.720075	0.279925	0.9693588
32646	-3987.445	-4247.816	260.3717	2.220656	0.5172964	0.750963	0.249037	0.963778
32652	-3976.347	-4236.785	260.438	2.220656	0.4862514	0.66172	0.33828	0.948012
32658	-3999.243	-4259.365	260.1211	2.158706	0.5635759	0.627937	0.372063	1.188708
32664	-4006.32	-4266.532	260.2118	1.890434	0.6090773	0.776332	0.223668	1.281434
32670	-3992.746	-4253.095	260.3485	2.098623	0.4942048	0.68827	0.31173	1.138767
32676	-3994.758	-4255.173	260.4152	2.227674	0.4773323	0.68827	0.31173	0.9801246
32682	-3976.346	-4236.759	260.4131	2.227674	0.5140913	0.694231	0.305769	0.9177091
32688	-3981.154	-4241.788	260.6346	2.288516	0.4001117	0.611255	0.388745	0.8219856
32694	-3992.194	-4252.468	260.2745	2.288516	0.6110994	0.742171	0.257829	0.835991
32700	-3997.465	-4257.949	260.4848	2.288516	0.4836655	0.721387	0.278613	0.8208625
32706	-3996.992	-4257.323	260.3312	2.336309	0.5490721	0.770687	0.229313	0.8208625
32712	-3984.392	-4244.934	260.5413	2.336309	0.4246787	0.751875	0.248125	0.8208625
32718	-3978.92	-4239.424	260.5035	2.311185	0.4596394	0.706142	0.293858	0.8208625
32724	-3982.713	-4243.077	260.3631	2.354813	0.5322879	0.673178	0.326822	0.7889672
32730	-3983.019	-4243.445	260.4263	2.354813	0.5216545	0.673178	0.326822	0.7202714
32736	-3982.928	-4243.283	260.3543	2.354813	0.5216545	0.698266	0.301734	0.8229453
32742	-3978.797	-4239.242	260.445	2.354813	0.4770061	0.697483	0.302517	0.8009825
32748	-3980.773	-4241.143	260.3696	2.386199	0.5032818	0.694251	0.305749	0.8009825
32754	-3999.6	-4259.965	260.3648	2.369468	0.5299333	0.694251	0.305749	0.7713433
32760	-3995.509	-4255.742	260.2332	2.369468	0.5945862	0.719484	0.280516	0.8161423
32766	-3989.367	-4249.6	260.2332	2.369468	0.5945862	0.704458	0.295542	0.8161423
32772	-3996.514	-4256.876	260.3618	2.36592	0.512455	0.745777	0.254223	0.8181399
32778	-3991.985	-4252.686	260.7005	2.277026	0.3671634	0.672482	0.327518	0.8357319
32784	-3980.989	-4241.389	260.3997	2.277026	0.4989153	0.781649	0.218351	0.9054001
32790	-3997.652	-4258.073	260.4212	2.216169	0.4989153	0.746024	0.253976	0.9480793
32796	-3989.512	-4249.929	260.417	2.23603	0.458189	0.669188	0.330812	1.003333
32802	-3979.743	-4240.061	260.3183	2.23603	0.6069977	0.739783	0.260217	0.8539414
32808	-3983.933	-4244.371	260.4378	2.355418	0.4714035	0.739783	0.260217	0.8221991
32814	-3990.269	-4250.343	260.0747	2.264013	0.732462	0.739783	0.260217	0.9079936
32820	-3993.989	-4254.229	260.2395	2.247062	0.6183143	0.575295	0.424705	0.9132813
32826	-3997.191	-4257.434	260.2428	2.109387	0.5759111	0.600047	0.399953	1.108112
32832	-4020.322	-4280.004	259.6822	1.901725	0.5702668	0.607323	0.392677	1.714826
32838	-4006.571	-4266.231	259.6607	1.901725	0.6384728	0.632166	0.367834	1.659952
32844	-3990.396	-4250.277	259.8814	1.820423	0.5574565	0.613455	0.386545	1.644713
32850	-3989.088	-4248.895	259.8069	1.845412	0.5715124	0.788488	0.211512	1.664886
32856	-4018.392	-4278.3	259.9079	1.867959	0.5574427	0.707593	0.292407	1.591185
32862	-4001.524	-4262.074	260.5503	2.145673	0.4153458	0.724505	0.275495	1.037445
32868	-3993.364	-4253.944	260.58	2.145673	0.4482863	0.650567	0.349433	0.94672
32874	-3986.234	-4246.675	260.4416	2.105241	0.5313979	0.702325	0.297675	0.987338
32880	-3996.751	-4257.065	260.3132	2.042974	0.5716131	0.671911	0.328089	1.110357
32886	-3994.92	-4255.208	260.2881	2.053848	0.5811353	0.72156	0.27844	1.110357
32892	-3982.666	-4243.082	260.4159	2.091006	0.4892524	0.713665	0.286335	1.092133
32898	-3986.64	-4247.02	260.3796	2.148652	0.5168234	0.745681	0.254319	1.0289
32904	-3988.237	-4248.631	260.3943	2.148652	0.5168234	0.719905	0.280095	1.01456
32910	-3988.246	-4248.639	260.3924	2.148652	0.5019243	0.653473	0.346527	1.040048
32916	-3974.076	-4234.489	260.4126	2.148652	0.4898061	0.661278	0.338722	1.040048
32922	-3985.437	-4245.806	260.3683	2.061305	0.5065948	0.661278	0.338722	1.136105
32928	-3971.018	-4231.402	260.3839	2.17261	0.5025192	0.673935	0.326065	1.02416
32934	-3972.665	-4233.078	260.4128	2.17261	0.4697075	0.620104	0.379896	1.049678
32940	-3984.809	-4245.197	260.3875	2.012612	0.4555947	0.645385	0.354615	1.236547
32946	-3985.661	-4245.997	260.3364	2.009439	0.5385502	0.735689	0.264311	1.164881
32952	-3995.856	-4256.075	260.2188	1.905442	0.6353941	0.725387	0.274613	1.232202
32958	-3991.967	-4252.156	260.1887	1.984083	0.5394	0.664398	0.335602	1.309128
32964	-3986.756	-4246.918	260.1618	1.984083	0.6016116	0.730328	0.269672	1.25424
32970	-3978.774	-4238.833	260.0595	2.003008	0.6119579	0.599049	0.400951	1.310346
32976	-3981.441	-4241.575	260.1345	2.003008	0.6157681	0.742024	0.257976	1.244267
32982	-3996.031	-4255.757	259.726	1.802591	0.5225431	0.71258	0.28742	1.805259
32988	-3975.529	-4235.442	259.9131	1.853293	0.5424648	0.71258	0.28742	1.614871
32994	-3968.322	-4228.285	259.9632	1.902705	0.4947917	0.71769	0.28231	1.598439
33000	-3982.316	-4242.127	259.8105	1.972867	0.5747029	0.71769	0.28231	1.566546
33006	-3980.539	-4240.718	260.1788	1.972867	0.5297109	0.691916	0.308084	1.338397
33012	-3979.813	-4239.813	259.9994	1.99819	0.5908853	0.691916	0.308084	1.386267
33018	-3981.77	-4241.424	259.654	1.895735	0.542266	0.692692	0.307308	1.768919
33024	-3987.765	-4247.574	259.8093	1.896205	0.542266	0.674345	0.325655	1.658901
33030	-4002.308	-4262.705	260.3965	2.152402	0.5258957	0.835602	0.164398	0.994074
33036	-3991.226	-4251.549	260.3224	2.140233	0.4582505	0.671925	0.328075	1.179223
33042	-3996.38	-4256.736	260.356	1.947027	0.5055782	0.702135	0.297865	1.246705
33048	-4003.076	-4263.191	260.1149	1.890317	0.5199105	0.633748	0.366252	1.464456
33054	-3996.849	-4257.279	260.4298	1.893821	0.4493701	0.599374	0.400626	1.308632
33060	-3994.296	-4254.548	260.2526	2.104113	0.565034	0.683467	0.316533	1.118906
33066	-3992.013	-4252.09	260.0765	2.081642	0.6475687	0.666395	0.333605	1.188882
33072	-3983.037	-4243.353	260.3161	2.081642	0.5024954	0.736517	0.263483	1.170232
33078	-3972.415	-4232.662	260.247	2.167514	0.5467535	0.790802	0.209198	1.091757
33084	-3981.131	-4241.388	260.2575	2.155586	0.5916209	0.577981	0.422019	1.028982
33090	-3981.998	-4242.476	260.478	2.174585	0.4188532	0.790964	0.209036	1.072499
33096	-3981.747	-4242.153	260.4061	2.154103	0.4860979	0.730049	0.269951	1.047053
33102	-3992.373	-4252.707	260.3339	2.154103	0.5637828	0.634836	0.365164	0.9960277
33108	-3990.91	-4251.069	260.1589	2.155624	0.5637828	0.637983	0.362017	1.158192
33114	-4003.836	-4264.095	260.2595	2.191738	0.5371648	0.689653	0.310347	1.071514
33120	-3989.478	-4249.667	260.1895	2.152373	0.5155472	0.704215	0.295785	1.200136
33126	-3983.279	-4243.501	260.2223	2.021298	0.555878	0.744536	0.255464	1.229573
33132	-3989.699	-4249.999	260.3006	2.059397	0.555878	0.779312	0.220688	1.128492
33138	-4008.376	-4268.624	260.2482	2.027244	0.612919	0.699808	0.300192	1.128492
33144	-3996.234	-4256.769	260.5349	2.088178	0.4588498	0.692625	0.307375	1.031599
33150	-3998.976	-4259.215	260.239	2.030612	0.528105	0.635449	0.364551	1.244204
33156	-3999.249	-4259.473	260.2244	2.156047	0.5655775	0.637952	0.362048	1.0965
33162	-3996.791	-4257.31	260.5194	2.207689	0.3674058	0.556501	0.443499	1.0965
33168	-3984.61	-4244.973	260.3634	2.19602	0.5430666	0.556501	0.443499	0.9555404
33174	-3997.458	-4258.054	260.5955	2.19817	0.4197911	0.539294	0.460706	0.9295162
33180	-4003.204	-4263.574	260.3696	2.19817	0.521931	0.620865	0.379135	0.9814762
33186	-3980.716	-4241.018	260.3017	2.19817	0.5777691	0.70151	0.29849	0.9624186
33192	-3993.254	-4253.575	260.3207	2.240655	0.5904021	0.683269	0.316731	0.8741957
33198	-3993.275	-4253.585	260.3097	2.240655	0.5979488	0.677896	0.322104	0.8741957
33204	-3984.185	-4244.57	260.3846	2.240655	0.4817302	0.789204	0.210796	0.9903527
33210	-3979.237	-4239.671	260.4343	2.1998	0.5251695	0.705376	0.294624	0.9052885
33216	-3989.619	-4250.001	260.382	2.1998	0.5190308	0.683293	0.316707	0.971823
33222	-3983.859	-4244.403	260.544	2.206321	0.4274955	0.737586	0.262414	0.9604404
33228	-3989.642	-4250.074	260.4326	2.206321	0.4862187	0.737586	0.262414	0.9687178
33234	-3993.064	-4253.248	260.1842	1.921319	0.4713181	0.749845	0.250155	1.44962
33240	-3996.685	-4256.97	260.2853	1.921319	0.5134105	0.710452	0.289548	1.315239
33246	-3995.822	-4256.115	260.293	1.977813	0.4749285	0.675182	0.324818	1.315239
33252	-3990.783	-4251.051	260.2672	2.158378	0.5921063	0.687143	0.312857	1.01607
33258	-3989.261	-4249.494	260.2331	2.179098	0.6227263	0.683274	0.316726	0.9852785
33264	-3980.131	-4240.467	260.3358	2.160356	0.5226333	0.809224	0.190776	1.050798
33270	-3977.144	-4237.258	260.1139	2.207396	0.6742285	0.653517	0.346483	1.005493
33276	-3986.568	-4246.864	260.2962	2.207396	0.5474599	0.653517	0.346483	1.005493
33282	-3987.68	-4247.942	260.2621	2.12276	0.5441969	0.705157	0.294843	1.122394
33288	-3998.613	-4259	260.387	2.12276	0.5391182	0.643649	0.356351	1.012254
33294	-3977.071	-4237.428	260.3574	2.099164	0.5391182	0.643649	0.356351	1.06359
33300	-3990.072	-4250.385	260.3131	2.105002	0.5640553	0.643649	0.356351	1.06359
33306	-3984.047	-4244.398	260.351	2.075243	0.5259773	0.657738	0.342262	1.110904
33312	-3988.347	-4248.191	259.8444	1.984327	0.6733534	0.56616	0.43384	1.427616
33318	-3995.203	-4255.427	260.2244	1.969084	0.4853778	0.653546	0.346454	1.362819
33324	-3989.598	-4249.881	260.283	2.108088	0.4748697	0.710883	0.289117	1.21585
33330	-3987.876	-4248.355	260.4788	2.108088	0.4227016	0.667261	0.332739	1.12616
33336	-3993.395	-4253.83	260.435	2.070733	0.4761583	0.668041	0.331959	1.113481
33342	-3989.798	-4250.076	260.278	2.079768	0.5208093	0.723368	0.276632	1.179077
33348	-3983.879	-4243.852	259.9732	2.14836	0.6830563	0.793749	0.206251	1.179077
33354	-3991.525	-4251.905	260.3794	2.142375	0.4858966	0.731412	0.268588	1.083522
33360	-3987.776	-4248.09	260.3141	2.142375	0.4858966	0.731412	0.268588	1.14285
33366	-3976.897	-4237.264	260.3672	2.153816	0.4858966	0.728626	0.271374	1.084267
33372	-3989.383	-4249.681	260.2981	2.162524	0.4858966	0.654657	0.345343	1.139133
33378	-3974.694	-4234.976	260.2822	2.264226	0.5722673	0.654657	0.345343	0.9215362
33384	-3985.843	-4246.226	260.3824	2.264226	0.5100225	0.71797	0.28203	0.9185106
33390	-3987.331	-4247.541	260.2097	2.223199	0.5908202	0.627833	0.372167	1.010631
33396	-3969.034	-4229.444	260.4102	2.260274	0.4906026	0.656003	0.343997	0.9275002
33402	-3986.904	-4247.285	260.3811	2.344226	0.4906026	0.609625	0.390375	0.8654895
33408	-3985.225	-4245.731	260.5059	2.358317	0.455373	0.665762	0.334238	0.7638632
33414	-3978.506	-4238.963	260.4575	2.40913	0.455373	0.746171	0.253829	0.7603716
33420	-3990.423	-4250.9	260.4764	2.390465	0.4700775	0.699597	0.300403	0.7203934
33426	-3983.862	-4244.224	260.3616	2.390465	0.535175	0.646137	0.353863	0.7324117
33432	-3966.46	-4226.62	260.1604	2.401261	0.6659356	0.770623	0.229377	0.7324117
33438	-3981.412	-4241.535	260.1233	2.401261	0.6575453	0.647196	0.352804	0.8021235
33444	-3974.613	-4234.995	260.382	2.390183	0.4966096	0.699593	0.300407	0.7937994
33450	-3973.532	-4233.938	260.406	2.372828	0.4966096	0.669529	0.330471	0.7847754
33456	-3984.199	-4244.642	260.4423	2.384079	0.4966096	0.741498	0.258502	0.7130827
33462	-3980.948	-4241.379	260.4308	2.373326	0.5101389	0.68663	0.31337	0.7130827
33468	-3974.277	-4234.765	260.4886	2.264946	0.5334558	0.68996	0.31004	0.7343538
33474	-3960.814	-4221.229	260.415	2.439978	0.4719126	0.655625	0.344375	0.7343538
33480	-3974.881	-4235.215	260.334	2.437268	0.5434081	0.679569	0.320431	0.6770328
33486	-3969.694	-4230.03	260.3359	2.447996	0.5434081	0.677267	0.322733	0.6516102
33492	-3978.825	-4239.118	260.2928	2.521915	0.5295243	0.699259	0.300741	0.6311171
33498	-3988.682	-4249.033	260.3515	2.517626	0.5008038	0.612586	0.387414	0.6110106
33504	-3976.949	-4237.273	260.3246	2.506518	0.5008038	0.665953	0.334047	0.692779
33510	-3987.718	-4248.16	260.4423	2.506518	0.456015	0.709175	0.290825	0.6014255
33516	-3973.23	-4233.571	260.3404	2.363159	0.4914074	0.708069	0.291931	0.8892108
33522	-3978.981	-4239.361	260.3805	2.244984	0.5325841	0.741479	0.258521	0.9017144
33528	-3979.343	-4239.738	260.3947	2.222386	0.5196244	0.72536	0.27464	0.9336743
33534	-3988.304	-4248.79	260.4862	2.222386	0.4299008	0.636106	0.363894	0.9985623
33540	-3981.843	-4242.209	260.3653	2.193296	0.5279264	0.763906	0.236094	0.9810641
33546	-3980.015	-4240.37	260.3552	2.193296	0.5279264	0.669787	0.330213	0.9912794
33552	-3997.291	-4257.658	260.3675	2.197556	0.5280266	0.669787	0.330213	0.9742327
33558	-3986.638	-4246.997	260.3592	2.177906	0.5280266	0.681879	0.318121	1.002485
33564	-3994.302	-4254.79	260.4877	2.177906	0.4674743	0.600431	0.399569	0.9741673
33570	-3988.856	-4249.112	260.2557	2.22315	0.5904888	0.671481	0.328519	0.964661
33576	-4012.261	-4272.589	260.3277	2.194134	0.5116765	0.703937	0.296063	1.043242
33582	-3985.434	-4246.009	260.5752	2.194134	0.4230497	0.687751	0.312249	0.949103
33588	-3987.039	-4247.524	260.4846	2.150948	0.4025345	0.640727	0.359273	1.116617
33594	-3986.65	-4247.106	260.4559	2.056623	0.515196	0.809662	0.190338	1.046645
33600	-3975.919	-4236.375	260.4559	2.056623	0.515196	0.619863	0.380137	1.046645
33606	-3981.957	-4242.431	260.474	1.980595	0.5123957	0.683495	0.316505	1.105025
33612	-3973.297	-4233.675	260.378	2.076547	0.5123957	0.683761	0.316239	1.105025
33618	-3974.799	-4235.177	260.378	2.076547	0.5123957	0.696423	0.303577	1.105025
33624	-3972.642	-4233.064	260.4227	2.027968	0.5189466	0.690005	0.309995	1.098944
33630	-3986.772	-4247.2	260.4285	2.071525	0.4552945	0.674591	0.325409	1.151013
33636	-3980.868	-4241.451	260.583	2.075779	0.4367424	0.674591	0.325409	1.035258
33642	-3975.826	-4236.31	260.4834	2.129504	0.4367424	0.721887	0.278113	1.078778
33648	-3981.11	-4241.521	260.4109	2.179951	0.4853037	0.721751	0.278249	1.018644
33654	-3984.862	-4245.322	260.4605	2.193472	0.4853037	0.668121	0.331879	0.9546262
33660	-3988.232	-4248.583	260.3512	2.193472	0.5491402	0.668121	0.331879	0.9610182
33666	-3992.781	-4253.344	260.5632	2.216087	0.4118756	0.565031	0.434969	0.96065
33672	-3993.994	-4254.664	260.6696	2.117258	0.3826767	0.628979	0.371021	1.010285
33678	-3991.503	-4252.02	260.517	2.16916	0.490348	0.616609	0.383391	0.9107858
33684	-3992.602	-4252.891	260.2891	2.310106	0.5441723	0.540049	0.459951	0.9107858
33690	-4000.372	-4260.882	260.5097	2.2481	0.4508035	0.671272	0.328728	0.9070168
33696	-3993.514	-4254.086	260.5718	2.185999	0.4508035	0.636031	0.363969	0.9070168
33702	-3989.552	-4249.995	260.4432	2.131465	0.4465626	0.701994	0.298006	1.097767
33708	-3998.935	-4259.376	260.4404	2.063654	0.4465626	0.701994	0.298006	1.161156
33714	-4005.686	-4266.039	260.3527	1.9618	0.4600779	0.75489	0.24511	1.300694
33720	-3992.701	-4252.932	260.2313	1.9618	0.5157047	0.711955	0.288045	1.3232
33726	-3987.059	-4247.206	260.1471	2.035716	0.5394482	0.716037	0.283963	1.300906
33732	-3994.855	-4255.251	260.3963	1.994916	0.4534534	0.638524	0.361476	1.247191
33738	-3991.735	-4251.895	260.1601	1.992639	0.6089761	0.590897	0.409103	1.239636
33744	-3983.871	-4244.238	260.3676	1.967372	0.4362276	0.683091	0.316909	1.318543
33750	-3993.736	-4253.354	259.6179	1.672892	0.7310777	0.681368	0.318632	1.765199
33756	-3986.443	-4246.104	259.6612	1.677595	0.5553623	0.680813	0.319187	1.899944
33762	-3987.997	-4247.596	259.5994	1.739933	0.5098954	0.695535	0.304465	1.948208
33768	-3980.627	-4240.198	259.5716	1.732256	0.5098954	0.716057	0.283943	1.971994
33774	-3984.106	-4243.562	259.456	1.709137	0.636664	0.716057	0.283943	1.937056
33780	-3986.309	-4245.906	259.5967	1.701451	0.594443	0.579963	0.420037	1.887786
33786	-3984.534	-4244.154	259.6204	1.739823	0.5530793	0.579963	0.420037	1.887786
33792	-3987.105	-4246.87	259.7652	1.776312	0.5825119	0.790132	0.209868	1.73174
33798	-3988.254	-4248.178	259.9242	1.824652	0.6081631	0.696503	0.303497	1.555747
33804	-3992.429	-4252.347	259.9177	1.966121	0.6341125	0.794166	0.205834	1.426519
33810	-3985.751	-4245.807	260.0561	1.968007	0.6282637	0.680204	0.319796	1.32264
33816	-3988.279	-4248.33	260.0513	1.928616	0.5677812	0.711277	0.288723	1.42674
33822	-4006.147	-4266.431	260.2844	1.928616	0.4059103	0.690451	0.309549	1.458043
33828	-3996.01	-4256.475	260.4655	1.930624	0.4339346	0.728479	0.271521	1.27217
33834	-3994.275	-4254.744	260.4687	2.031119	0.4946314	0.634997	0.365003	1.09032
33840	-3998.288	-4258.195	259.9073	1.988544	0.7289367	0.595013	0.404987	1.317939
33846	-3995.31	-4255.259	259.9492	1.8259	0.5087444	0.726103	0.273897	1.647402
33852	-3997.894	-4257.855	259.9606	1.81447	0.5087444	0.672931	0.327069	1.647402
33858	-3978.071	-4238.098	260.0267	1.816486	0.5402112	0.752853	0.247147	1.561416
33864	-3982.474	-4242.242	259.7683	1.818092	0.6446908	0.658657	0.341343	1.636574
33870	-3975.27	-4235.04	259.7696	1.79779	0.5674064	0.658657	0.341343	1.729476
33876	-3974.402	-4234.071	259.6694	1.737478	0.4421399	0.660016	0.339984	1.980737
33882	-3989.718	-4249.502	259.7836	1.742968	0.497726	0.705241	0.294759	1.834559
33888	-3986.816	-4246.372	259.5558	1.793935	0.719982	0.688903	0.311097	1.733794
33894	-3995.697	-4255.492	259.7948	1.913049	0.579607	0.651738	0.348262	1.616216
33900	-3996.995	-4257.049	260.054	1.913049	0.5316983	0.624204	0.375796	1.479094
33906	-3993.413	-4253.671	260.2587	1.913049	0.4471281	0.678186	0.321814	1.431429
33912	-3999.622	-4260.025	260.403	1.939409	0.3583421	0.58609	0.41391	1.431429
33918	-3980.717	-4240.727	260.0105	1.867423	0.5434495	0.58609	0.41391	1.531986
33924	-3981.672	-4241.603	259.931	1.994161	0.6386802	0.650862	0.349138	1.389474
33930	-3989.201	-4248.865	259.6636	1.866486	0.8459953	0.650862	0.349138	1.493312
33936	-3977.953	-4237.899	259.9458	1.866486	0.677678	0.735	0.265	1.435822
33942	-3996.869	-4256.663	259.7945	1.923738	0.677678	0.700909	0.299091	1.507029
33948	-3993.616	-4253.53	259.9146	1.900041	0.6218661	0.678365	0.321635	1.492231
33954	-3978.224	-4238.365	260.1418	1.982987	0.5383723	0.737892	0.262108	1.348881
33960	-3979.412	-4239.439	260.0272	1.867908	0.6318088	0.778115	0.221885	1.420255
33966	-3971.641	-4231.738	260.097	1.84458	0.5046901	0.712059	0.287941	1.530808
33972	-3984.161	-4244.318	260.1566	1.818755	0.505616	0.70683	0.29317	1.504446
33978	-4003.026	-4262.776	259.7497	1.818755	0.4785858	0.713056	0.286944	1.827889
33984	-4000.377	-4260.567	260.1897	1.837769	0.4460953	0.686636	0.313364	1.541578
33990	-3992.736	-4252.548	259.8126	1.84314	0.536248	0.73861	0.26139	1.701045
33996	-3983.934	-4243.943	260.0089	1.850397	0.5111835	0.531625	0.468375	1.583559
34002	-3987.529	-4247.867	260.3381	1.878786	0.4494246	0.544381	0.455619	1.393352
34008	-3973.283	-4233.576	260.2931	1.928214	0.4809862	0.63793	0.36207	1.346619
34014	-3968	-4228.08	260.0801	1.902164	0.575526	0.663104	0.336896	1.415884
34020	-3999.127	-4259.516	260.3886	1.982346	0.4627862	0.640205	0.359795	1.250437
34026	-3992.052	-4252.37	260.3183	1.982346	0.4868902	0.68776	0.31224	1.274404
34032	-3989.277	-4249.587	260.3105	1.965095	0.4949497	0.657926	0.342074	1.28387
34038	-3992.762	-4252.893	260.1315	1.992899	0.5019097	0.715184	0.284816	1.395346
34044	-3988.451	-4248.303	259.8516	1.878473	0.5845547	0.596977	0.403023	1.594739
34050	-3978.986	-4238.823	259.8371	1.859238	0.6076489	0.660045	0.339955	1.594739
34056	-3986.079	-4246.044	259.9647	1.756085	0.5477177	0.725193	0.274807	1.641902
34062	-3983.701	-4243.497	259.7958	1.818587	0.5798693	0.797859	0.202141	1.682987
34068	-3982.067	-4241.852	259.7841	1.849001	0.6017342	0.773199	0.226801	1.646695
34074	-3984.206	-4244.347	260.1414	1.859736	0.4818038	0.773199	0.226801	1.514909
34080	-4001.6	-4261.671	260.0708	1.910877	0.4698834	0.738293	0.261707	1.544526
34086	-3998.756	-4258.74	259.9847	1.879029	0.5818512	0.592745	0.407255	1.498943
34092	-3994.745	-4254.629	259.8843	1.896501	0.6310529	0.680077	0.319923	1.507922
34098	-3998.139	-4258.281	260.1418	1.896501	0.4647343	0.635533	0.364467	1.509004
34104	-4010.69	-4270.764	260.0743	1.842147	0.5946816	0.685791	0.314209	1.44469
34110	-3994.867	-4254.948	260.0808	1.842147	0.5140318	0.702604	0.297396	1.533328
34116	-4005.376	-4265.211	259.8356	1.842147	0.5650126	0.602311	0.397689	1.653752
34122	-4004.978	-4264.778	259.7995	1.848495	0.5306199	0.575363	0.424637	1.71282
34128	-3993.023	-4252.787	259.7639	1.854277	0.5760711	0.636191	0.363809	1.684329
34134	-3997.947	-4257.802	259.8552	1.836845	0.5628309	0.709909	0.290091	1.645836
34140	-3991.091	-4251.22	260.1289	1.836845	0.5492184	0.758899	0.241101	1.459326
34146	-4005.025	-4264.771	259.746	1.836192	0.6919351	0.758899	0.241101	1.593514
34152	-3999.901	-4259.518	259.6169	1.806037	0.6068266	0.758899	0.241101	1.789711
34158	-4005.181	-4265.342	260.1615	1.959825	0.536192	0.738804	0.261196	1.354373
34164	-4006.369	-4266.612	260.2431	1.959825	0.5322942	0.643331	0.356669	1.293708
34170	-4001.617	-4261.898	260.2815	2.067043	0.5800971	0.650203	0.349797	1.105736
34176	-3988.234	-4248.563	260.3289	2.082636	0.5372144	0.751642	0.248358	1.108102
34182	-3993.598	-4254.058	260.4601	2.075255	0.501791	0.724756	0.275244	1.045741
34188	-3978.903	-4239.225	260.322	2.075255	0.5905855	0.675851	0.324149	1.045741
34194	-3990.106	-4250.343	260.2367	2.075255	0.6292913	0.594025	0.405975	1.073835
34200	-3978.412	-4238.807	260.3945	2.133103	0.4886114	0.628766	0.371234	1.073835
34206	-3992.776	-4252.984	260.2079	2.133103	0.61275	0.68285	0.31715	1.068519
34212	-3992.725	-4252.954	260.2283	2.094744	0.5927151	0.722612	0.277388	1.11201
34218	-3997.208	-4257.608	260.3999	2.009386	0.5204139	0.711069	0.288931	1.134222
34224	-3998.141	-4258.541	260.4006	2.112388	0.4929749	0.667123	0.332877	1.080713
34230	-3998.793	-4259.12	260.3271	2.148461	0.5157599	0.761769	0.238231	1.080713
34236	-4012.289	-4272.52	260.2303	2.139211	0.56761	0.776054	0.223946	1.103705
34242	-4013.291	-4273.632	260.3403	2.118298	0.59657	0.68358	0.31642	0.9763463
34248	-4016.582	-4276.815	260.233	2.118298	0.6019436	0.701281	0.298719	1.073544
34254	-3985.795	-4246.22	260.4256	2.118298	0.4789175	0.705898	0.294102	1.073983
34260	-3995.09	-4255.501	260.4106	2.129742	0.4886965	0.7828	0.2172	1.061804
34266	-4001.219	-4261.676	260.457	2.064308	0.5092502	0.72273	0.27727	1.047534
34272	-4003.346	-4263.445	260.099	1.998879	0.5092502	0.645539	0.354461	1.406573
34278	-3997.452	-4257.83	260.3774	2.139146	0.5092502	0.709823	0.290177	1.05209
34284	-3994.801	-4255.254	260.453	2.081004	0.509917	0.709823	0.290177	1.03419
34290	-3988.971	-4249.176	260.2048	2.096188	0.6131221	0.624709	0.375291	1.105114
34296	-3981.968	-4242.29	260.322	2.096188	0.514316	0.67089	0.32911	1.135059
34302	-3983.827	-4244.249	260.4226	2.066242	0.4785556	0.58861	0.41139	1.125002
34308	-3987.905	-4248.295	260.3896	2.066242	0.4777842	0.713872	0.286128	1.155615
34314	-3986.645	-4246.968	260.3237	2.066242	0.5024173	0.713872	0.286128	1.177072
34320	-3998.905	-4259.163	260.2585	2.030618	0.6077472	0.699277	0.300723	1.122919
34326	-4000.722	-4261.041	260.3193	1.976718	0.5664895	0.63841	0.36159	1.170843
34332	-3995.701	-4255.798	260.0977	2.080848	0.6817551	0.687544	0.312456	1.130412
34338	-4004.531	-4264.714	260.1835	2.063871	0.5501544	0.687544	0.312456	1.233867
34344	-4002.015	-4262.092	260.0778	2.021927	0.5639368	0.625338	0.374662	1.337415
34350	-4003.249	-4263.076	259.8264	1.747118	0.5725429	0.625338	0.374662	1.719708
34356	-4007.4	-4267.244	259.8443	1.816488	0.6801171	0.625338	0.374662	1.54736
34362	-4004.137	-4264.198	260.0611	1.926988	0.6769315	0.710315	0.289685	1.297889
34368	-3982.696	-4242.808	260.1126	1.862969	0.5385776	0.702311	0.297689	1.464403
34374	-3983.209	-4243.186	259.9767	1.801177	0.5385776	0.668027	0.331973	1.61096
34380	-3987.595	-4247.583	259.9881	1.843833	0.5049245	0.695281	0.304719	1.61096
34386	-3998.609	-4258.538	259.9297	1.990773	0.7077217	0.610726	0.389274	1.319961
34392	-3992.541	-4252.339	259.7978	1.995501	0.7077217	0.643083	0.356917	1.420119
34398	-3976.112	-4236.012	259.9002	1.869957	0.5614042	0.627063	0.372937	1.590873
34404	-3976.593	-4236.221	259.6285	1.871502	0.7596117	0.651967	0.348033	1.590873
34410	-3990.792	-4250.802	260.0099	1.871502	0.5967016	0.635997	0.364003	1.469127
34416	-3998.744	-4258.759	260.0155	1.911224	0.6176174	0.660466	0.339534	1.411341
34422	-3991.453	-4251.879	260.4265	2.096199	0.4735435	0.66793	0.33207	1.102085
34428	-3997.871	-4258.206	260.3346	2.081513	0.5385316	0.790342	0.209658	1.102085
34434	-3987.799	-4247.843	260.0436	1.868866	0.5556158	0.673521	0.326479	1.49212
34440	-3988.074	-4248.298	260.224	1.845942	0.4997728	0.673521	0.326479	1.440132
34446	-3985.557	-4245.454	259.897	1.843887	0.4852631	0.555075	0.444925	1.699644
34452	-3995.712	-4256.03	260.3183	2.219895	0.5312612	0.562156	0.437844	0.9963402
34458	-3977.577	-4237.865	260.288	2.219895	0.5312612	0.682533	0.317467	1.026286
34464	-3985.537	-4245.851	260.3141	2.197159	0.5260314	0.799183	0.200817	1.031055
34470	-3984.621	-4244.933	260.3117	2.197159	0.5260314	0.686811	0.313189	1.033372
34476	-3990.741	-4251.079	260.3377	2.197159	0.5099433	0.686811	0.313189	1.033372
34482	-3971.931	-4232.268	260.3377	2.197159	0.5099433	0.724928	0.275072	1.033372
34488	-3978.064	-4238.461	260.3969	2.227133	0.5347001	0.681122	0.318878	0.8996125
34494	-3971.085	-4231.383	260.2977	2.212326	0.5347001	0.785336	0.214664	1.018851
34500	-3984.613	-4244.894	260.281	2.229009	0.5347001	0.785336	0.214664	1.018851
34506	-3995.241	-4255.625	260.3839	2.181393	0.5230003	0.733683	0.266317	0.9822111
34512	-3987.131	-4247.491	260.3607	2.181393	0.5375918	0.696889	0.303111	0.9822111
34518	-3995.085	-4255.389	260.3041	2.181393	0.5375918	0.711499	0.288501	1.038268
34524	-3993.262	-4253.74	260.478	2.141378	0.4308056	0.683348	0.316652	1.082823
34530	-3994.977	-4255.179	260.2014	2.090162	0.6369809	0.719492	0.280508	1.082823
34536	-3997.952	-4258.262	260.3102	2.090162	0.5435606	0.725409	0.274591	1.10922
34542	-3994.164	-4254.365	260.2006	2.019505	0.5849601	0.650115	0.349885	1.212416
34548	-4013.001	-4273.389	260.3877	2.019505	0.4761777	0.720492	0.279508	1.200239
34554	-3992.668	-4253.132	260.4632	2.003287	0.442359	0.652104	0.347896	1.200239
34560	-3978.542	-4238.897	260.3556	2.003287	0.4626103	0.660794	0.339206	1.260656
34566	-3982.716	-4243.185	260.4688	2.056942	0.4811808	0.793523	0.206477	1.087278
34572	-3997.815	-4257.95	260.135	2.041548	0.6235114	0.730144	0.269856	1.201956
34578	-3980.345	-4240.501	260.1555	2.019745	0.5369185	0.617128	0.382872	1.310252
34584	-3984.887	-4244.856	259.9689	1.987088	0.674449	0.765689	0.234311	1.326489
34590	-3982.037	-4242.024	259.9878	1.924169	0.583451	0.692604	0.307396	1.460761
34596	-3992.081	-4252.36	260.2793	1.924169	0.5136743	0.738932	0.261068	1.317459
34602	-3989.66	-4249.866	260.2066	1.996859	0.5136743	0.729743	0.270257	1.317459
34608	-3993.349	-4253.545	260.196	1.977128	0.5752318	0.682504	0.317496	1.263918
34614	-3977.38	-4237.63	260.2499	2.093222	0.5534287	0.681551	0.318449	1.146877
34620	-3984.98	-4245.07	260.0903	1.925442	0.5534287	0.686416	0.313584	1.415999
34626	-4012.539	-4272.784	260.2451	1.941997	0.5534287	0.713736	0.286264	1.279668
34632	-3998.952	-4259.477	260.5251	1.965869	0.3796619	0.717436	0.282564	1.279269
34638	-3993.684	-4254.016	260.3321	1.965869	0.4016817	0.736052	0.263948	1.398934
34644	-3999.881	-4259.944	260.0631	1.76551	0.4788651	0.662677	0.337323	1.644768
34650	-3989.759	-4249.611	259.8521	1.747251	0.5320291	0.619019	0.380981	1.7455
34656	-3983.92	-4243.878	259.9578	1.731254	0.4440135	0.694091	0.305909	1.786305
34662	-4004.742	-4264.085	259.3431	1.791064	0.6663564	0.650419	0.349581	1.930487
34668	-3992.85	-4252.751	259.9015	1.757486	0.425998	0.680636	0.319364	1.829721
34674	-3986.478	-4246.085	259.6072	1.683141	0.5617502	0.667136	0.332864	1.926147
34680	-3986.224	-4245.936	259.7121	1.688554	0.4415832	0.589344	0.410656	1.985574
34686	-3974.655	-4234.2	259.5452	1.684501	0.4773129	0.67306	0.32694	2.057513
34692	-3979.553	-4239.142	259.5883	1.697868	0.4934833	0.750597	0.249403	2.001956
34698	-3990.266	-4250.059	259.7928	1.695351	0.4817798	0.676873	0.323127	1.879139
34704	-4003.305	-4263.263	259.9576	1.811458	0.5060184	0.605955	0.394045	1.654918
34710	-3991.712	-4251.516	259.804	1.811458	0.5213359	0.605574	0.394426	1.746142
34716	-4000.534	-4260.514	259.9792	1.759229	0.4909201	0.784118	0.215882	1.694609
34722	-3990.586	-4250.468	259.8822	1.915963	0.5913962	0.751609	0.248391	1.537338
34728	-3985.04	-4245.094	260.0542	1.910187	0.4856837	0.750779	0.249221	1.537338
34734	-3984.422	-4244.338	259.9157	1.925767	0.5721108	0.724305	0.275695	1.526432
34740	-3986.857	-4247.158	260.3011	1.94518	0.4313176	0.677159	0.322841	1.395917
34746	-3976.413	-4236.459	260.0458	2.03508	0.6095267	0.655442	0.344558	1.298289
34752	-3988.849	-4248.939	260.0909	1.892246	0.5617398	0.76	0.24	1.431321
34758	-3984.822	-4244.927	260.1052	1.873617	0.4617064	0.729792	0.270208	1.557085
34764	-3972.103	-4232.022	259.9191	1.819445	0.5239403	0.692461	0.307539	1.656023
34770	-3982.359	-4242.234	259.8755	1.819445	0.5239403	0.692461	0.307539	1.68714
34776	-3999.587	-4259.551	259.9634	1.779463	0.4636119	0.662773	0.337227	1.724441
34782	-3997.234	-4257.393	260.1592	1.93176	0.5292346	0.772777	0.227223	1.386899
34788	-3985.537	-4245.749	260.2113	2.021343	0.5257258	0.772777	0.227223	1.277968
34794	-3988.436	-4248.704	260.2676	2.020439	0.4927383	0.627408	0.372592	1.276692
34800	-3990.371	-4250.532	260.1616	2.219977	0.5607128	0.621491	0.378509	1.102274
34806	-3983.453	-4243.764	260.3108	2.152747	0.5087553	0.683456	0.316544	1.102274
34812	-4008.97	-4269.3	260.3299	2.074697	0.5457103	0.713681	0.286319	1.102274
34818	-4003.92	-4264.331	260.4105	2.074697	0.4956405	0.761438	0.238562	1.102274
34824	-3988.561	-4248.896	260.3346	2.036544	0.5255893	0.589025	0.410975	1.160669
34830	-3980.133	-4240.395	260.2626	2.080141	0.5255893	0.597949	0.402051	1.185477
34836	-3978.374	-4238.849	260.4751	2.194917	0.4857004	0.765236	0.234764	0.936869
34842	-3986.107	-4246.33	260.2226	2.227983	0.5544737	0.61943	0.38057	1.046635
34848	-3965.254	-4225.654	260.3999	2.160892	0.4687654	0.628418	0.371582	1.07448
34854	-3984.056	-4244.44	260.3838	2.182213	0.537014	0.710968	0.289032	0.9584903
34860	-3979.721	-4240.285	260.5636	2.192255	0.4425009	0.751732	0.248268	0.9254589
34866	-3984.313	-4244.39	260.0765	2.251122	0.6826956	0.727011	0.272989	0.9878069
34872	-3980.604	-4241.132	260.528	2.246268	0.4598904	0.655401	0.344599	0.8697876
34878	-3987.591	-4247.772	260.1819	2.204925	0.6259779	0.641374	0.358626	1.006221
34884	-3984.191	-4244.692	260.5016	2.236834	0.4626445	0.751921	0.248079	0.9052969
34890	-3975.207	-4235.615	260.4081	2.215246	0.4930999	0.739148	0.260852	0.9728144
34896	-3983.788	-4244.289	260.5005	2.204705	0.4799844	0.728221	0.271779	0.9090489
34902	-3984.426	-4244.721	260.2955	2.261097	0.5298186	0.655886	0.344114	0.9799896
34908	-3983.433	-4243.78	260.3466	2.163925	0.502781	0.716816	0.283184	1.067785
34914	-3978.611	-4238.981	260.3693	2.092207	0.4638212	0.706116	0.293884	1.171761
34920	-3975.864	-4236.15	260.2862	2.121082	0.4900219	0.625569	0.374431	1.179963
34926	-3991.004	-4251.311	260.3071	2.057526	0.4900219	0.692845	0.307155	1.216576
34932	-3969.224	-4229.655	260.4302	2.057526	0.467968	0.730444	0.269556	1.142319
34938	-3978.419	-4238.754	260.3357	2.132451	0.4646694	0.651291	0.348709	1.164609
34944	-3985.967	-4246.376	260.4097	2.125788	0.4856298	0.745141	0.254859	1.07121
34950	-4000.163	-4260.674	260.511	2.125826	0.4788555	0.644548	0.355452	0.9836234
34956	-3992.535	-4252.96	260.4252	1.982236	0.4788555	0.644548	0.355452	1.196137
34962	-3995.992	-4256.192	260.2002	2.036145	0.4830308	0.764339	0.235661	1.331893
34968	-3984.793	-4244.939	260.1452	1.899532	0.4931716	0.737255	0.262745	1.467683
34974	-3986.61	-4246.68	260.07	2.032863	0.4931716	0.53983	0.46017	1.423243
34980	-3990.168	-4250.172	260.0045	2.024186	0.5215977	0.660049	0.339951	1.444504
34986	-3987.56	-4247.886	260.3255	2.038658	0.5215977	0.639336	0.360664	1.172418
34992	-3985.778	-4246.145	260.3674	2.151275	0.5501195	0.693609	0.306391	0.9861677
34998	-3978.833	-4239.29	260.4562	2.179453	0.5240516	0.693609	0.306391	0.9055179
35004	-4001.52	-4261.737	260.2168	2.129171	0.5315212	0.780907	0.219093	1.1745
35010	-3997.433	-4257.745	260.3114	2.129171	0.5315212	0.639054	0.360946	1.089713
35016	-3984.125	-4244.393	260.2686	2.077289	0.5892738	0.612945	0.387055	1.095749
35022	-3982.35	-4242.751	260.401	2.183667	0.5353428	0.662068	0.337932	0.9415739
35028	-3979.675	-4240.326	260.651	2.183667	0.3671902	0.625647	0.374353	0.9937118
35034	-3976.401	-4236.731	260.3295	2.158689	0.5503555	0.769808	0.230192	1.016339
35040	-3986.972	-4247.292	260.3202	2.131251	0.537705	0.687257	0.312743	1.07053
35046	-3973.036	-4233.367	260.3309	2.13869	0.5300731	0.687257	0.312743	1.064753
35052	-3980.771	-4241.162	260.3907	2.130635	0.4927031	0.837322	0.162678	1.073298
35058	-3978.812	-4239.231	260.4191	2.135192	0.4996654	0.634277	0.365723	1.030899
35064	-3977.037	-4237.477	260.4396	2.181521	0.4794369	0.681345	0.318655	0.9984784
35070	-3980.409	-4240.888	260.4791	2.207894	0.4352528	0.681345	0.318655	1.010254
35076	-3979.666	-4240.053	260.3868	2.167926	0.5122478	0.640511	0.359489	1.010254
35082	-3977.449	-4237.785	260.3356	2.17206	0.5838281	0.631982	0.368018	0.944711
35088	-3975.243	-4235.596	260.3534	2.143833	0.556782	0.661597	0.338403	0.9975131
35094	-3973.817	-4234.143	260.3262	2.273511	0.5531308	0.661597	0.338403	0.8946577
35100	-3983.451	-4243.633	260.1824	2.148133	0.6450058	0.661597	0.338403	1.035341
35106	-3969.858	-4230.405	260.5478	2.205655	0.4316542	0.702677	0.297323	0.9490836
35112	-3974.358	-4234.769	260.4109	2.187158	0.493153	0.622993	0.377007	0.9984031
35118	-3972.51	-4232.802	260.2922	2.146145	0.6042421	0.622993	0.377007	0.9856034
35124	-3987.604	-4248.14	260.5365	2.169592	0.4054065	0.662719	0.337281	1.045819
35130	-3983.126	-4243.337	260.2106	2.169592	0.5797475	0.662719	0.337281	1.077033
35136	-3973.383	-4233.749	260.366	2.175408	0.5411914	0.660235	0.339765	0.9772015
35142	-3991.737	-4252.056	260.319	2.217896	0.5411914	0.689771	0.310229	0.9817651
35148	-3988.557	-4248.925	260.3681	2.217896	0.5859718	0.671503	0.328497	0.852783
35154	-3990.832	-4251.52	260.6872	2.215407	0.4001987	0.76357	0.23643	0.8473241
35160	-3989.175	-4249.695	260.5199	2.215407	0.4286039	0.800478	0.199522	0.973813
35166	-3992.089	-4252.652	260.5626	2.215407	0.4286039	0.817073	0.182927	0.9288849
35172	-3978.198	-4238.475	260.2768	2.17413	0.5948455	0.678729	0.321271	0.9866708
35178	-3972.976	-4233.245	260.2697	2.14961	0.5948455	0.612572	0.387428	1.018282
35184	-3978.343	-4238.639	260.2959	2.153071	0.515096	0.665834	0.334166	1.106193
35190	-3974.584	-4234.874	260.2902	2.086228	0.4706671	0.771536	0.228464	1.234347
35196	-3975.626	-4236.024	260.3979	2.051746	0.4706671	0.631317	0.368683	1.171746
35202	-3985.85	-4246.251	260.4011	2.051746	0.4687853	0.622489	0.377511	1.171746
35208	-3980.964	-4241.3	260.3362	2.031147	0.4687853	0.664754	0.335246	1.244716
35214	-3979.561	-4239.722	260.1617	2.031147	0.4984417	0.671073	0.328927	1.346003
35220	-3982.993	-4243.2	260.2071	2.067687	0.5049575	0.674988	0.325012	1.270983
35226	-3976.158	-4236.494	260.3359	2.051995	0.4767917	0.703178	0.296822	1.215774
35232	-3979.289	-4239.488	260.1987	2.093988	0.5412375	0.703178	0.296822	1.207167
35238	-3974.75	-4234.968	260.2179	2.093988	0.5392244	0.636961	0.363039	1.193412
35244	-3978.452	-4238.93	260.4772	2.112616	0.4890593	0.649171	0.350829	1.013391
35250	-3988.659	-4248.794	260.1349	2.060329	0.5733633	0.738745	0.261255	1.24791
35256	-3990.446	-4250.476	260.0303	2.044311	0.5733633	0.738745	0.261255	1.346105
35262	-4002.016	-4262.106	260.0899	2.011449	0.5370618	0.605195	0.394805	1.369046
35268	-4005.055	-4265.291	260.2356	2.039315	0.4589751	0.779803	0.220197	1.334145
35274	-4002.488	-4262.555	260.0673	2.039315	0.5421979	0.672686	0.327314	1.35858
35280	-3984.325	-4244.538	260.2131	2.175944	0.5911082	0.763442	0.236558	1.052782
35286	-3997.6	-4257.864	260.2643	2.196189	0.5911082	0.643265	0.356735	0.982602
35292	-4003.199	-4263.547	260.3483	2.151178	0.4928011	0.666587	0.333413	1.093442
35298	-3995.213	-4255.429	260.2159	2.159766	0.5845556	0.787235	0.212765	1.074592
35304	-3987.063	-4247.241	260.1781	2.053971	0.6604108	0.620555	0.379445	1.107839
35310	-3990.556	-4250.779	260.2229	2.052368	0.5392052	0.70682	0.29318	1.22471
35316	-3973.78	-4233.885	260.1052	2.026385	0.5899901	0.70682	0.29318	1.280101
35322	-3994.784	-4254.705	259.9214	2.048228	0.7076649	0.618652	0.381348	1.280101
35328	-3998.038	-4258.231	260.1922	2.027019	0.4966503	0.59642	0.40358	1.327243
35334	-3998.189	-4258.39	260.2006	2.094251	0.5000752	0.742195	0.257805	1.261022
35340	-3985.581	-4245.86	260.2792	2.049603	0.4932945	0.557317	0.442683	1.242102
35346	-3987.642	-4247.911	260.2689	2.225857	0.572533	0.767447	0.232553	0.9757936
35352	-3986.401	-4246.924	260.5226	2.130113	0.481006	0.807585	0.192415	0.9635166
35358	-3983.343	-4243.661	260.3182	2.229213	0.5058292	0.619191	0.380809	1.027748
35364	-3982.398	-4242.798	260.4004	2.116913	0.5058292	0.676377	0.323623	1.056642
35370	-3972.393	-4232.685	260.2918	2.116913	0.5374273	0.71504	0.28496	1.110384
35376	-3976.852	-4237.181	260.3292	2.116913	0.5187412	0.712974	0.287026	1.103397
35382	-3973.843	-4234.178	260.3347	2.219558	0.5187412	0.678214	0.321786	1.000199
35388	-3987.97	-4248.127	260.1568	2.175697	0.6164724	0.678214	0.321786	1.071536
35394	-3981.064	-4241.409	260.345	2.243435	0.5184619	0.744711	0.255289	0.9658751
35400	-3997.365	-4257.918	260.553	2.217633	0.4347002	0.744711	0.255289	0.9247759
35406	-3986.905	-4247.365	260.4604	2.345686	0.4347002	0.728676	0.271324	0.8850803
35412	-3982.941	-4243.227	260.2859	2.291461	0.5367865	0.656576	0.343424	0.9469167
35418	-3999.996	-4260.347	260.3518	2.242265	0.5203986	0.777382	0.222618	0.956843
35424	-3986.619	-4247.027	260.4086	2.265193	0.5202036	0.684838	0.315162	0.8689414
35430	-3992.676	-4253.008	260.332	2.265193	0.5401165	0.723199	0.276801	0.9199203
35436	-3990.26	-4250.677	260.4168	2.274422	0.5401165	0.641502	0.358498	0.8081969
35442	-3974.243	-4234.801	260.558	2.210849	0.4793172	0.750532	0.249468	0.8358005
35448	-3985.949	-4246.532	260.5837	2.26787	0.4460547	0.662265	0.337735	0.804219
35454	-3993.245	-4253.707	260.4622	2.26787	0.5175851	0.682218	0.317782	0.804219
35460	-3993.859	-4254.274	260.4146	2.236896	0.5175851	0.682218	0.317782	0.8994782
35466	-4001.6	-4262.1	260.4996	2.18816	0.4730418	0.722728	0.277272	0.9409205
35472	-4002.861	-4263.405	260.5441	2.266326	0.4572468	0.711498	0.288502	0.8315314
35478	-4002.275	-4262.658	260.3839	2.117721	0.5243562	0.711498	0.288502	1.042949
35484	-3991.114	-4251.379	260.2655	2.099944	0.561862	0.788634	0.211366	1.115375
35490	-3982.73	-4243.199	260.4681	2.099944	0.5105791	0.658532	0.341468	0.999706
35496	-3996.776	-4257.129	260.3532	2.182278	0.6068005	0.658532	0.341468	0.8765766
35502	-3994.708	-4255.048	260.3399	2.220453	0.5916852	0.653464	0.346536	0.8732558
35508	-3995.824	-4256.042	260.218	2.173112	0.5916852	0.636409	0.363591	1.050019
35514	-4004.065	-4264.296	260.2305	2.186891	0.6143483	0.692535	0.307465	0.9921143
35520	-3991.583	-4251.949	260.3653	2.216387	0.5006697	0.728785	0.271215	1.002253
35526	-3995.644	-4255.844	260.1995	2.140893	0.6016999	0.551951	0.448049	1.084002
35532	-3991.675	-4251.9	260.2246	2.14115	0.5843782	0.631208	0.368792	1.084002
35538	-4001.675	-4262.064	260.3886	2.110415	0.4406215	0.70458	0.29542	1.174856
35544	-3978.014	-4238.25	260.2356	2.110415	0.5665578	0.70458	0.29542	1.12643
35550	-3985.254	-4245.426	260.1715	1.870829	0.4783864	0.70458	0.29542	1.488329
35556	-3979.069	-4239.17	260.1014	1.844337	0.49203	0.713298	0.286702	1.543235
35562	-3979.36	-4239.335	259.9754	1.836789	0.5386764	0.727868	0.272132	1.585865
35568	-3995.76	-4255.669	259.9093	1.695859	0.5386764	0.652713	0.347287	1.734079
35574	-3992.184	-4251.992	259.8086	1.813469	0.5554224	0.580642	0.419358	1.703789
35580	-3989.425	-4249.391	259.9654	1.813469	0.459343	0.638318	0.361682	1.704304
35586	-3984.108	-4244.162	260.0537	1.813469	0.4654954	0.673327	0.326673	1.633576
35592	-4010.586	-4269.995	259.4088	1.586518	0.4700433	0.629999	0.370001	2.218652
35598	-4000.353	-4259.553	259.2002	1.565723	0.3741912	0.613363	0.386637	2.477844
35604	-3988.378	-4247.157	258.7791	1.599687	0.4444103	0.675638	0.324362	2.635546
35610	-3998.447	-4257.542	259.0946	1.522936	0.4722647	0.679528	0.320472	2.456537
35616	-3980.665	-4239.634	258.9692	1.530106	0.5867674	0.73823	0.26177	2.41625
35622	-3997.824	-4256.846	259.0217	1.506105	0.5629586	0.653205	0.346795	2.420762
35628	-3995.678	-4255.321	259.6438	1.647136	0.5629586	0.716898	0.283102	1.924532
35634	-3995.966	-4255.336	259.3698	1.606612	0.4607451	0.65045	0.34955	2.241214
35640	-3989.597	-4248.947	259.3496	1.604664	0.4328581	0.674256	0.325744	2.287415
35646	-3974.949	-4234.291	259.342	1.630888	0.5073157	0.736092	0.263908	2.192657
35652	-3977.88	-4237.244	259.3646	1.659965	0.5792841	0.712342	0.287658	2.085605
35658	-3993.191	-4252.714	259.5236	1.701708	0.632511	0.729494	0.270506	1.900247
35664	-4000.559	-4259.76	259.2008	1.660309	0.632511	0.762716	0.237284	2.142323
35670	-3979.984	-4240.002	260.0176	1.719214	0.4568359	0.721126	0.278874	1.737023
35676	-3988.95	-4248.843	259.8935	1.83797	0.5470752	0.656782	0.343218	1.634905
35682	-3986.432	-4246.501	260.0684	1.807855	0.4819669	0.731593	0.268407	1.60655
35688	-3985.616	-4245.339	259.7226	1.807855	0.6219248	0.710479	0.289521	1.699208
35694	-3988.718	-4248.608	259.8905	1.807855	0.5112659	0.675448	0.324552	1.699208
35700	-4006.983	-4267.271	260.2877	2.013183	0.531256	0.687115	0.312885	1.213573
35706	-3999.257	-4259.526	260.2686	2.085506	0.531256	0.715979	0.284021	1.167694
35712	-4002.61	-4262.944	260.3334	2.108765	0.4708511	0.662343	0.337657	1.177921
35718	-3987.057	-4247.471	260.414	2.075784	0.5143384	0.633398	0.366602	1.069555
35724	-4013.101	-4273.539	260.4384	2.178815	0.4905855	0.767182	0.232818	0.9834239
35730	-3998.012	-4258.261	260.2489	2.216512	0.586589	0.685108	0.314892	0.9842852
35736	-3992.888	-4253.176	260.2882	2.056927	0.586589	0.685108	0.314892	1.100074
35742	-3994.887	-4255.176	260.2882	2.056927	0.586589	0.734335	0.265665	1.100074
35748	-4003.332	-4263.81	260.4773	2.264795	0.5163492	0.667887	0.332113	0.7907279
35754	-3994.196	-4254.471	260.2755	2.275374	0.6012857	0.667887	0.332113	0.8678373
35760	-3989.154	-4249.392	260.2379	2.31534	0.6012857	0.747309	0.252691	0.8650344
35766	-4002.86	-4263.232	260.3715	2.31534	0.5201987	0.747309	0.252691	0.8534345
35772	-3999.175	-4259.281	260.1063	2.440381	0.6580066	0.703976	0.296024	0.7708057
35778	-4001.967	-4262.271	260.3048	2.440381	0.523347	0.711754	0.288246	0.7708057
35784	-3981.533	-4241.843	260.31	2.37994	0.5432531	0.582851	0.417149	0.8033463
35790	-3999.123	-4259.449	260.3262	2.276502	0.6012635	0.744585	0.255415	0.8033463
35796	-3991.105	-4251.445	260.34	2.239212	0.5372479	0.662895	0.337105	0.9442125
35802	-3982.469	-4242.612	260.1426	2.239212	0.6735384	0.717386	0.282614	0.9442125
35808	-3992.167	-4252.329	260.1623	2.274468	0.6333764	0.671294	0.328706	0.9442125
35814	-4000.922	-4261.176	260.2548	2.226029	0.5466278	0.726297	0.273703	1.029185
35820	-3997.846	-4258.18	260.334	2.229443	0.5466278	0.624809	0.375191	0.9453484
35826	-4013.839	-4274.144	260.3049	2.184341	0.5959353	0.740673	0.259327	0.9453484
35832	-4000.403	-4260.708	260.3049	2.184341	0.5959353	0.670733	0.329267	0.9453484
35838	-4005.387	-4265.727	260.3403	2.229357	0.5633455	0.750363	0.249637	0.9108189
35844	-3991.283	-4251.665	260.3828	2.182646	0.5334544	0.621159	0.378841	0.9649808
35850	-4004.26	-4264.732	260.4722	2.277511	0.4738286	0.647234	0.352766	0.8702043
35856	-4005.491	-4265.991	260.4995	2.277511	0.4581008	0.70925	0.29075	0.8702043
35862	-4017.822	-4278.35	260.5281	2.302996	0.4369493	0.70925	0.29075	0.8507271
35868	-4000.004	-4260.324	260.3207	2.352535	0.5660106	0.622971	0.377029	0.778579
35874	-4014.31	-4274.764	260.4541	2.298942	0.5150678	0.622971	0.377029	0.778579
35880	-4012.941	-4273.482	260.5411	2.136585	0.4445154	0.743586	0.256414	1.002956
35886	-3987.451	-4247.789	260.3381	2.162894	0.5496492	0.700009	0.299991	1.004728
35892	-3993.046	-4253.253	260.2074	2.149362	0.5496492	0.651408	0.348592	1.13998
35898	-3991.083	-4251.312	260.2295	2.139658	0.5026412	0.70588	0.29412	1.194781
35904	-3980.644	-4240.942	260.2986	2.014879	0.4818462	0.696848	0.303152	1.270863
35910	-3974.538	-4234.861	260.3229	2.014879	0.4676506	0.696848	0.303152	1.270863
35916	-3990.416	-4250.211	259.7951	2.013643	0.7362257	0.696848	0.303152	1.379911
35922	-3986.584	-4246.69	260.1058	1.780946	0.4374512	0.689093	0.310907	1.655275
35928	-3987.312	-4246.86	259.548	1.812332	0.635109	0.565881	0.434119	1.805282
35934	-3990.8	-4250.679	259.8788	1.812332	0.5837715	0.756197	0.243803	1.623833
35940	-3991.524	-4251.277	259.7528	1.800875	0.5431911	0.743291	0.256709	1.765152
35946	-3984.73	-4244.764	260.034	1.800875	0.4475907	0.743291	0.256709	1.679321
35952	-3975.698	-4235.551	259.853	1.800875	0.5225907	0.743291	0.256709	1.717711
35958	-3975.614	-4235.197	259.5825	1.800875	0.5648256	0.743291	0.256709	1.859761
35964	-3966.473	-4226.235	259.7628	1.832566	0.5648256	0.656468	0.343532	1.71253
35970	-3979.947	-4240.186	260.2394	1.84983	0.4116277	0.687193	0.312807	1.542725
35976	-3980.25	-4240.054	259.8042	1.849043	0.5601275	0.703521	0.296479	1.676581
35982	-3982.336	-4242.304	259.9682	1.949541	0.5360723	0.729731	0.270269	1.510913
35988	-3986.326	-4246.562	260.236	2.018617	0.5078277	0.643543	0.356457	1.283665
35994	-3990.353	-4250.624	260.271	2.018573	0.486746	0.654583	0.345417	1.283665
36000	-3986.098	-4246.365	260.2664	2.023215	0.486746	0.624879	0.375121	1.283665
36006	-3995.464	-4255.496	260.0322	2.023215	0.5955475	0.612132	0.387868	1.335206
36012	-3997.065	-4257.009	259.9443	1.993774	0.5955475	0.667665	0.332335	1.427154
36018	-3985.369	-4245.026	259.6569	1.868046	0.5955475	0.667665	0.332335	1.729929
36024	-3979.611	-4239.562	259.9508	1.830807	0.5206319	0.680642	0.319358	1.62887
36030	-3981.884	-4241.875	259.9902	1.793053	0.5195823	0.680642	0.319358	1.62887
36036	-4000.112	-4260.169	260.0573	1.787625	0.4822481	0.704471	0.295529	1.62887
36042	-3983.37	-4243.478	260.1082	1.810363	0.4952108	0.598608	0.401392	1.559396
36048	-3990.433	-4250.349	259.9159	1.854615	0.6119191	0.763521	0.236479	1.535754
36054	-4008.005	-4268.351	260.3463	2.067456	0.4424577	0.642874	0.357126	1.244727
36060	-3997.194	-4257.424	260.2293	2.031695	0.505474	0.621396	0.378604	1.281606
36066	-3997.249	-4257.22	259.9712	1.89169	0.6250427	0.761519	0.238481	1.452302
36072	-3990.782	-4250.872	260.0899	1.897839	0.4986691	0.733631	0.266369	1.503745
36078	-4005.686	-4265.722	260.0355	1.934203	0.5385746	0.725239	0.274761	1.468864
36084	-4010.023	-4270.3	260.2772	1.937011	0.446124	0.727936	0.272064	1.399989
36090	-4003.725	-4263.913	260.1879	1.940412	0.4685697	0.671753	0.328247	1.435833
36096	-3994.674	-4254.758	260.0837	1.899102	0.60137	0.768659	0.231341	1.385895
36102	-4003.068	-4263.154	260.0864	1.95577	0.5992796	0.762732	0.237268	1.34143
36108	-3994.035	-4254.155	260.1197	1.990142	0.5992796	0.629071	0.370929	1.28674
36114	-3987.323	-4247.539	260.2161	2.058751	0.5424081	0.706691	0.293309	1.220837
36120	-3982.603	-4242.777	260.174	2.225006	0.581734	0.684424	0.315576	1.056524
36126	-3979.075	-4239.43	260.3548	2.225006	0.538413	0.68294	0.31706	0.9416694
36132	-3974.671	-4235.004	260.3325	2.247294	0.538413	0.690679	0.309321	0.9416694
36138	-3997.804	-4258.174	260.3705	2.211966	0.5821231	0.720464	0.279536	0.8638076
36144	-3984.368	-4244.785	260.4165	2.274706	0.5268246	0.762503	0.237497	0.8350802
36150	-3979.814	-4240.293	260.4795	2.225278	0.4916274	0.684643	0.315357	0.8874171
36156	-3987.697	-4248.064	260.3673	2.138745	0.5283571	0.655548	0.344452	1.032549
36162	-3976.737	-4237.096	260.3591	2.138745	0.5228989	0.653079	0.346921	1.048868
36168	-3987.058	-4247.353	260.2944	2.111575	0.6006187	0.603401	0.396599	1.023051
36174	-3968.25	-4228.667	260.4167	2.213681	0.5189517	0.66979	0.33021	0.9203964
36180	-3964.98	-4225.444	260.4633	2.197416	0.5107108	0.695848	0.304152	0.9016269
36186	-3979.204	-4239.479	260.2743	2.197416	0.6272707	0.695848	0.304152	0.9156647
36192	-3990.286	-4250.618	260.3324	2.197416	0.5941845	0.648762	0.351238	0.9039173
36198	-3987.851	-4248.051	260.1994	2.272296	0.6489301	0.648762	0.351238	0.8817121
36204	-3988.143	-4248.652	260.5085	2.29958	0.4810267	0.720516	0.279484	0.7805164
36210	-3972.31	-4232.538	260.2275	2.29958	0.6158727	0.720516	0.279484	0.8711518
36216	-3972.064	-4232.333	260.2694	2.29958	0.5870381	0.780428	0.219572	0.8711518
36222	-3972.398	-4232.662	260.2631	2.092857	0.5565719	0.61572	0.38428	1.131136
36228	-3996.193	-4256.236	260.0434	2.006351	0.5565719	0.763399	0.236601	1.385805
36234	-3987.538	-4247.813	260.2753	2.015271	0.489213	0.763399	0.236601	1.279495
36240	-3991.666	-4251.933	260.2672	2.030488	0.4799685	0.736442	0.263558	1.286427
36246	-3999.779	-4259.925	260.1465	2.081831	0.5435707	0.736442	0.263558	1.258314
36252	-3989.748	-4250.11	260.362	2.033021	0.5195855	0.75266	0.24734	1.148161
36258	-3983.252	-4243.608	260.3558	2.146279	0.4709538	0.743567	0.256433	1.124805
36264	-3994.394	-4254.647	260.2535	2.035574	0.4709538	0.770645	0.229355	1.306052
36270	-3973.127	-4233.297	260.1709	2.011459	0.6102761	0.727477	0.272523	1.213054
36276	-3981.121	-4241.433	260.3128	2.011459	0.5074534	0.63283	0.36717	1.226299
36282	-3977.48	-4237.62	260.1398	2.007188	0.5106567	0.63283	0.36717	1.366422
36288	-3983.884	-4244.09	260.2061	2.043545	0.5286193	0.661141	0.338859	1.260141
36294	-3982.749	-4243.044	260.2944	2.028352	0.4840182	0.658983	0.341017	1.260141
36300	-3982.602	-4242.807	260.2058	2.023374	0.5563971	0.738471	0.261529	1.241045
36306	-4001.483	-4261.473	259.9899	2.002895	0.6647721	0.738471	0.261529	1.307347
36312	-4000.374	-4260.731	260.3567	2.100973	0.4924927	0.707693	0.292307	1.131928
36318	-4007.342	-4267.404	260.0624	2.100973	0.6919763	0.611656	0.388344	1.131928
36324	-4026.091	-4286.403	260.3124	2.122454	0.4912632	0.580352	0.419648	1.154017
36330	-4012.455	-4272.679	260.2236	2.022269	0.4847049	0.563799	0.436201	1.321923
36336	-3991.674	-4251.841	260.1671	1.978277	0.5959767	0.641289	0.358711	1.261527
36342	-4001.923	-4262.055	260.1321	1.978518	0.5526361	0.600037	0.399963	1.342549
36348	-3997.286	-4257.38	260.094	1.966826	0.5855993	0.599448	0.400552	1.342549
36354	-3994.737	-4254.537	259.7997	1.961721	0.687866	0.62522	0.37478	1.464339
36360	-4007.335	-4267.613	260.2776	1.926315	0.5616046	0.665094	0.334906	1.255455
36366	-3990.545	-4250.569	260.0239	1.926315	0.5515087	0.640234	0.359766	1.468417
36372	-3999.006	-4259.02	260.0139	1.959786	0.5087049	0.758294	0.241706	1.501917
36378	-3981.859	-4242.035	260.1763	2.107535	0.5087049	0.719894	0.280106	1.258419
36384	-3992.306	-4252.722	260.4161	2.080078	0.4354531	0.624232	0.375768	1.185426
36390	-3988.245	-4248.545	260.3	2.102789	0.5597271	0.663822	0.336178	1.084058
36396	-3996.888	-4257.375	260.487	2.102789	0.4141864	0.663822	0.336178	1.137825
36402	-3990.419	-4250.57	260.1508	2.13777	0.5753403	0.741509	0.258491	1.165675
36408	-3977.434	-4237.717	260.2826	2.015578	0.4985136	0.613598	0.386402	1.260403
36414	-3995.88	-4256.138	260.2575	1.927666	0.5015527	0.697645	0.302355	1.34801
36420	-3997.86	-4258.031	260.171	1.864655	0.4402244	0.697645	0.302355	1.543269
36426	-3984.582	-4244.6	260.0182	1.872492	0.5896146	0.749641	0.250359	1.469963
36432	-3985.806	-4246.023	260.2171	1.905759	0.5263347	0.647239	0.352761	1.365464
36438	-3989.325	-4249.334	260.0098	1.862721	0.4811349	0.643631	0.356369	1.610293
36444	-3993.174	-4253.173	259.9993	1.862721	0.5540464	0.723153	0.276847	1.531581
36450	-3999.116	-4259.112	259.9956	1.882719	0.5540464	0.70724	0.29276	1.519498
36456	-4012.904	-4273.051	260.1472	1.837813	0.5704554	0.795367	0.204633	1.419669
36462	-4006.049	-4266.24	260.1916	1.891037	0.4945492	0.73653	0.26347	1.437038
36468	-3997.817	-4257.762	259.9452	1.821675	0.6750291	0.750435	0.249565	1.473083
36474	-3987.439	-4247.306	259.8666	1.834158	0.7162735	0.730741	0.269259	1.482294
36480	-3997.643	-4257.835	260.1917	1.820883	0.5170935	0.780836	0.219164	1.4623
36486	-4003.485	-4263.643	260.1581	1.912557	0.4819854	0.728789	0.271211	1.4623
36492	-3992.638	-4252.717	260.0784	1.948018	0.6480702	0.601256	0.398744	1.29854
36498	-3988.487	-4248.405	259.9183	1.909431	0.5778786	0.641333	0.358667	1.530262
36504	-3987.067	-4247.142	260.0751	1.846405	0.5506208	0.808899	0.191101	1.491138
36510	-3991.869	-4252.134	260.2658	1.924859	0.5604502	0.765234	0.234766	1.267951
36516	-3995.388	-4255.504	260.1157	1.965064	0.6001458	0.725989	0.274011	1.309373
36522	-3979.91	-4240.134	260.2239	1.973616	0.5400918	0.713078	0.286922	1.288141
36528	-3996.482	-4256.496	260.014	1.919461	0.5751202	0.721674	0.278326	1.453858
36534	-3991.045	-4251.05	260.0049	1.913317	0.5751202	0.618595	0.381405	1.465441
36540	-4004.387	-4264.321	259.9337	1.918692	0.5751202	0.65515	0.34485	1.514941
36546	-3991.376	-4251.295	259.919	1.918692	0.6957785	0.665087	0.334913	1.397713
36552	-3990.337	-4250.341	260.0045	1.918692	0.5594748	0.722031	0.277969	1.479587
36558	-3995.073	-4255.294	260.2212	1.918692	0.5244704	0.624926	0.375074	1.354389
36564	-3998.223	-4258.383	260.1602	2.018324	0.5113849	0.650971	0.349029	1.340424
36570	-4022.616	-4282.843	260.227	2.007727	0.5905843	0.748135	0.251865	1.192753
36576	-3999.167	-4259.638	260.4711	2.007727	0.4378691	0.602364	0.397636	1.196645
36582	-3988.403	-4248.546	260.1428	2.007727	0.6230385	0.744273	0.255727	1.22465
36588	-3993.192	-4253.656	260.4646	2.007727	0.4165504	0.699993	0.300007	1.235518
36594	-3994.86	-4255.288	260.428	1.975964	0.4408692	0.701908	0.298092	1.255291
36600	-3989.248	-4249.692	260.4443	1.975964	0.4495194	0.663926	0.336074	1.228697
36606	-3976.872	-4237.198	260.3251	1.944881	0.4495194	0.734417	0.265583	1.351443
36612	-3973.814	-4233.89	260.077	1.944881	0.4928734	0.753502	0.246498	1.485388
36618	-3984.956	-4245.137	260.1804	1.888524	0.5229524	0.54726	0.45274	1.411827
36624	-4002.249	-4262.37	260.1211	1.91598	0.5360695	0.690946	0.309054	1.420389
36630	-4012.297	-4272.749	260.4516	2.013413	0.4699959	0.690946	0.309054	1.159264
36636	-4021.169	-4281.465	260.2962	2.041451	0.5068938	0.736166	0.263834	1.215746
36642	-4011.914	-4272.429	260.515	2.073318	0.4344978	0.736166	0.263834	1.105249
36648	-4011.477	-4271.792	260.3142	2.101642	0.5475078	0.729394	0.270606	1.089425
36654	-4009.404	-4269.813	260.409	2.129352	0.5141221	0.729394	0.270606	1.023381
36660	-3992.716	-4253.01	260.294	2.181928	0.553623	0.688192	0.311808	1.023381
36666	-3996.267	-4256.832	260.5646	2.14167	0.4546387	0.780538	0.219462	0.9553039
36672	-4003.414	-4263.578	260.1642	2.085511	0.5545664	0.697613	0.302387	1.226105
36678	-3999.795	-4260.168	260.3724	2.100916	0.5064445	0.786788	0.213212	1.096764
36684	-4003.837	-4264.318	260.481	2.100916	0.4879618	0.630518	0.369482	1.022951
36690	-4006.932	-4267.406	260.4739	2.058288	0.5128571	0.722402	0.277598	1.031368
36696	-4009.238	-4269.352	260.1134	1.992927	0.5291564	0.734589	0.265411	1.374954
36702	-4016.192	-4276.547	260.3548	2.413007	0.509338	0.728742	0.271258	0.7708836
36708	-4018.554	-4279.024	260.4701	2.360278	0.5009969	0.77417	0.22583	0.6936071
36714	-3996.932	-4257.067	260.1352	2.316302	0.71908	0.716349	0.283651	0.7913707
36720	-3995.217	-4255.492	260.2758	2.309678	0.5831722	0.657868	0.342132	0.8583908
36726	-3995.22	-4255.625	260.405	2.309678	0.5392635	0.650342	0.349658	0.7781774
36732	-3991.893	-4252.082	260.1895	2.309678	0.6441718	0.716099	0.283901	0.8571894
36738	-3992.814	-4253.438	260.6241	2.309678	0.432662	0.695148	0.304852	0.7196853
36744	-3987.492	-4247.729	260.2374	2.263864	0.6356451	0.671958	0.328042	0.8687487
36750	-3991.258	-4251.506	260.2481	2.263864	0.5711729	0.63347	0.36653	0.9601269
36756	-3991.901	-4252.124	260.2233	2.100181	0.6481958	0.634634	0.365366	1.037912
36762	-3991.023	-4251.445	260.4223	2.100181	0.5146833	0.578803	0.421197	1.037912
36768	-3979.996	-4240.476	260.4801	2.100181	0.4798342	0.664256	0.335744	1.037912
36774	-3979.666	-4240.088	260.422	2.092016	0.421992	0.664256	0.335744	1.191464
36780	-3973.06	-4233.408	260.3481	2.082763	0.5590266	0.698129	0.301871	1.058754
36786	-3973.568	-4233.841	260.2735	2.065268	0.5590266	0.724045	0.275955	1.143154
36792	-3969.415	-4229.568	260.153	2.087513	0.6137481	0.600446	0.399554	1.158492
36798	-3994.845	-4255.277	260.4322	2.17171	0.5241064	0.560913	0.439087	0.9401341
36804	-4002.41	-4262.506	260.0959	2.17171	0.661299	0.66826	0.33174	1.073953
36810	-3985.903	-4246.175	260.2722	2.122449	0.5722893	0.713778	0.286222	1.073953
36816	-3991.379	-4251.66	260.2803	2.029234	0.4969438	0.680357	0.319643	1.253136
36822	-3989.719	-4249.777	260.0579	2.029234	0.603058	0.673504	0.326496	1.300785
36828	-3977.667	-4237.745	260.0785	1.973828	0.6317792	0.648573	0.351427	1.295859
36834	-3985.825	-4245.816	259.9908	1.955327	0.6409022	0.575305	0.424695	1.370628
36840	-3975.492	-4235.681	260.1886	1.959202	0.5248312	0.755203	0.244797	1.347679
36846	-3985.741	-4245.854	260.1133	1.960645	0.5507204	0.718001	0.281999	1.373878
36852	-3987.161	-4247.522	260.3609	1.944462	0.4239547	0.718001	0.281999	1.360157
36858	-3988.062	-4248.451	260.3888	1.969051	0.4421314	0.713546	0.286454	1.291383
36864	-3984.153	-4244.329	260.1759	1.808327	0.4421314	0.713546	0.286454	1.578597
36870	-3986.373	-4246.449	260.0757	1.828521	0.5218388	0.650459	0.349541	1.537812
36876	-3989.285	-4249.372	260.0867	1.866979	0.5301845	0.650459	0.349541	1.490961
36882	-3988.954	-4248.783	259.8286	1.783011	0.5413989	0.591122	0.408878	1.726534
36888	-3996.568	-4256.55	259.9819	1.873917	0.5413989	0.629616	0.370384	1.550705
36894	-4002.643	-4262.854	260.2114	1.907616	0.5240577	0.6425	0.3575	1.371379
36900	-4001.862	-4262.237	260.3748	2.033725	0.4614892	0.6425	0.3575	1.220767
36906	-4002.283	-4262.319	260.0362	2.033725	0.647659	0.597298	0.402702	1.26329
36912	-3990.352	-4250.482	260.1308	1.993561	0.5428257	0.661547	0.338453	1.343689
36918	-3999.908	-4259.691	259.7828	1.856454	0.6879724	0.66401	0.33599	1.555566
36924	-4005.385	-4265.165	259.7793	1.868263	0.6103048	0.690821	0.309179	1.627337
36930	-3994.325	-4254.293	259.9681	1.822299	0.5164995	0.690821	0.309179	1.627337
36936	-3993.496	-4253.707	260.2108	1.887742	0.5011502	0.690821	0.309179	1.416345
36942	-3987.733	-4247.829	260.0958	1.887742	0.5109381	0.684337	0.315663	1.49179
36948	-4006.485	-4266.363	259.8781	1.916797	0.6395913	0.645516	0.354484	1.488357
36954	-4001.034	-4261.316	260.2815	1.96625	0.4081517	0.684902	0.315098	1.428213
36960	-3999.582	-4259.298	259.716	1.864776	0.6540843	0.657548	0.342452	1.631265
36966	-4009.078	-4269.328	260.2501	1.89507	0.4256055	0.67202	0.32798	1.481471
36972	-4024.646	-4284.877	260.2306	1.943365	0.4207527	0.744006	0.255994	1.466432
36978	-3999.201	-4259.099	259.8985	1.8746	0.6432277	0.771481	0.228519	1.500938
36984	-3990.742	-4250.759	260.017	1.80248	0.5446097	0.7421	0.2579	1.573786
36990	-3984.664	-4244.638	259.9743	1.842163	0.4377524	0.707441	0.292559	1.704949
36996	-3992.128	-4252.123	259.9947	1.796617	0.4858743	0.753029	0.246971	1.662986
37002	-3988.011	-4247.963	259.952	1.796617	0.4698838	0.579296	0.420704	1.712751
37008	-3997.062	-4256.731	259.6687	1.721627	0.5190187	0.627813	0.372187	1.903771
37014	-3989.843	-4249.891	260.0481	1.732492	0.4382175	0.661625	0.338375	1.729674
37020	-3985.314	-4245.192	259.8782	1.782546	0.4382175	0.697355	0.302645	1.813111
37026	-3982.803	-4242.532	259.7294	1.782546	0.4920141	0.702392	0.297608	1.851127
37032	-3977.494	-4237.415	259.9213	1.782546	0.4593026	0.781728	0.218272	1.757113
37038	-3984.105	-4244.096	259.9912	1.82122	0.4245516	0.781728	0.218272	1.724815
37044	-3982.48	-4242.741	260.2609	1.873471	0.4245516	0.738716	0.261284	1.491026
37050	-3980.461	-4240.543	260.0822	1.791583	0.5821804	0.741828	0.258172	1.491026
37056	-3986.903	-4246.895	259.9923	1.748917	0.5701057	0.583522	0.416478	1.602335
37062	-4002.413	-4262.004	259.591	1.717078	0.5495805	0.739019	0.260981	1.926799
37068	-3982.653	-4242.153	259.4997	1.717078	0.5254703	0.663226	0.336774	2.013402
37074	-3977.293	-4236.985	259.6914	1.753628	0.5123734	0.672861	0.327139	1.873871
37080	-3989.302	-4248.812	259.5098	1.724412	0.5386584	0.629578	0.370422	1.987811
37086	-3990.15	-4249.524	259.3744	1.668544	0.3764027	0.565802	0.434198	2.299794
37092	-3990.087	-4249.53	259.4429	1.69544	0.535959	0.690319	0.309681	2.054376
37098	-3998.11	-4257.511	259.401	1.679186	0.5157819	0.668771	0.331229	2.113817
37104	-3985.952	-4245.579	259.6276	1.711917	0.4845923	0.719647	0.280353	1.976254
37110	-3980.255	-4240.13	259.8747	1.747965	0.432972	0.630861	0.369139	1.845893
37116	-3971.009	-4230.895	259.886	1.765286	0.42507	0.663974	0.336026	1.836239
37122	-3975.48	-4235.438	259.9581	1.765286	0.369335	0.663974	0.336026	1.860842
37128	-3979.708	-4239.673	259.9653	1.80423	0.5212202	0.766561	0.233439	1.636918
37134	-3986.025	-4245.937	259.9126	1.877569	0.4852968	0.685639	0.314361	1.664543
37140	-3993.628	-4253.466	259.8382	1.903729	0.568327	0.658192	0.341808	1.603808
37146	-3993.021	-4253.388	260.3662	1.924395	0.3836432	0.667638	0.332362	1.43185
37152	-3987.468	-4247.454	259.986	1.837931	0.6232427	0.680886	0.319114	1.483774
37158	-3991.77	-4252.118	260.3479	1.980318	0.4954712	0.680886	0.319114	1.239588
37164	-3994.184	-4254.449	260.265	1.980318	0.5372173	0.680886	0.319114	1.252458
37170	-3977.409	-4237.762	260.3537	1.980318	0.4760566	0.819128	0.180872	1.261997
37176	-3971.11	-4231.489	260.3789	1.980318	0.4760566	0.675639	0.324361	1.24106
37182	-3992.844	-4253.289	260.4451	1.980318	0.4070402	0.724472	0.275528	1.289229
37188	-3994.814	-4255.223	260.4091	2.003597	0.3991181	0.631362	0.368638	1.311908
37194	-3991.777	-4251.974	260.1973	2.003597	0.5715041	0.6605	0.3395	1.24549
37200	-3985.735	-4245.995	260.2602	1.907599	0.5332028	0.722078	0.277922	1.321018
37206	-3985.327	-4245.385	260.0578	1.838639	0.5419517	0.671306	0.328694	1.519977
37212	-3989.747	-4249.704	259.9568	1.838639	0.6093537	0.652152	0.347848	1.519977
37218	-3976.279	-4236.132	259.8523	1.79504	0.4614699	0.672205	0.327795	1.793798
37224	-3992.444	-4252.473	260.029	1.819591	0.5930971	0.617889	0.382111	1.497844
37230	-3989.748	-4249.996	260.2484	1.823891	0.4040541	0.681238	0.318762	1.565843
37236	-3991.707	-4251.798	260.0911	1.785748	0.4728192	0.641439	0.358561	1.617455
37242	-3981.871	-4241.85	259.9789	1.749458	0.4338997	0.648455	0.351545	1.771685
37248	-3984.243	-4244.269	260.0253	1.760028	0.4826234	0.631692	0.368308	1.671189
37254	-3993.308	-4253.087	259.7786	1.887308	0.616018	0.733706	0.266294	1.608134
37260	-3987.119	-4247.388	260.2682	1.89015	0.4227932	0.733706	0.266294	1.475394
37266	-3999.979	-4259.733	259.7536	1.733596	0.3933569	0.622303	0.377697	1.988085
37272	-3990.838	-4250.777	259.9387	1.894991	0.4960843	0.706391	0.293609	1.620266
37278	-3979.067	-4239.078	260.0107	1.885616	0.5009319	0.728878	0.271122	1.568745
37284	-4000.294	-4260.364	260.0704	1.885616	0.5022924	0.736475	0.263525	1.522964
37290	-3996.238	-4256.595	260.3569	1.992136	0.4291426	0.731877	0.268123	1.317709
37296	-3987.197	-4247.312	260.1156	1.874424	0.506499	0.70526	0.29474	1.492385
37302	-3997.348	-4257.294	259.9457	1.784481	0.4493642	0.717968	0.282032	1.750955
37308	-3977.597	-4237.086	259.4893	1.734165	0.4493642	0.732225	0.267775	2.093718
37314	-3986.527	-4246.139	259.6117	1.742091	0.4334721	0.595693	0.404307	2.026539
37320	-3987.581	-4246.896	259.3151	1.661434	0.586603	0.727728	0.272272	2.109977
37326	-4000.352	-4259.873	259.5208	1.791558	0.5485906	0.681737	0.318263	1.924973
37332	-4001.434	-4261.37	259.936	1.847704	0.5485906	0.708187	0.291813	1.595392
37338	-3996.309	-4256.241	259.9327	1.820101	0.493586	0.679017	0.320983	1.68123
37344	-3992.211	-4251.859	259.6483	1.760894	0.5580111	0.691127	0.308873	1.849215
37350	-3995.66	-4255.607	259.9465	1.820791	0.5845365	0.680065	0.319935	1.567542
37356	-3994.66	-4254.611	259.9518	1.888551	0.4614243	0.753233	0.246767	1.657944
37362	-3994.178	-4254.045	259.867	1.874116	0.459627	0.737969	0.262031	1.730557
37368	-4001.693	-4261.654	259.9604	1.874116	0.459717	0.657181	0.342819	1.664281
37374	-3996.657	-4256.479	259.8213	1.745898	0.4641366	0.796779	0.203221	1.845808
37380	-3996.952	-4256.9	259.9489	1.747445	0.4253293	0.595166	0.404834	1.804862
37386	-3999.269	-4258.954	259.6853	1.747445	0.5851644	0.653842	0.346158	1.804862
37392	-4006.032	-4266.152	260.1202	1.825027	0.5153432	0.653842	0.346158	1.515167
37398	-3999.11	-4259.082	259.9719	1.891627	0.562918	0.653203	0.346797	1.520424
37404	-3989.529	-4249.466	259.9367	1.891627	0.562918	0.647185	0.352815	1.546539
37410	-3990.92	-4251.008	260.088	2.038225	0.5201703	0.672453	0.327547	1.370642
37416	-3996.814	-4256.863	260.0492	2.038225	0.6614546	0.571923	0.428077	1.233021
37422	-4005.048	-4265.251	260.2035	2.05683	0.4856591	0.584243	0.415757	1.309002
37428	-3985.245	-4245.568	260.3225	2.028663	0.5470057	0.592842	0.407158	1.148625
37434	-3980.288	-4240.381	260.0927	2.023201	0.5470057	0.629942	0.370058	1.345197
37440	-3983.614	-4243.707	260.0926	1.917191	0.5828836	0.711193	0.288807	1.385968
37446	-3983.915	-4243.621	259.7063	1.827596	0.6089985	0.721745	0.278255	1.709868
37452	-3993.48	-4253.577	260.0969	1.972395	0.5129293	0.721844	0.278156	1.424067
37458	-3996.343	-4256.667	260.3233	1.972395	0.4880299	0.652376	0.347624	1.276889
37464	-3987.883	-4248.141	260.2585	2.052688	0.5339749	0.623947	0.376053	1.201111
37470	-3991.733	-4252.154	260.4208	2.017788	0.4166009	0.630267	0.369733	1.26355
37476	-3985.178	-4244.998	259.8201	1.996399	0.7111696	0.589107	0.410893	1.398691
37482	-3984.747	-4245.019	260.2718	1.992321	0.5292421	0.709707	0.290293	1.247234
37488	-3982.688	-4242.749	260.061	2.004001	0.5591495	0.709707	0.290293	1.370685
37494	-3971.75	-4232.061	260.311	2.004001	0.449523	0.732381	0.267619	1.315434
37500	-3970.43	-4230.604	260.1746	2.004001	0.4717238	0.555922	0.444078	1.392755
37506	-4004.462	-4264.566	260.1039	1.972633	0.5857474	0.728947	0.271053	1.329817
37512	-3996.608	-4256.553	259.945	2.063856	0.6688574	0.668936	0.331064	1.289768
37518	-4001.229	-4261.042	259.8134	1.82457	0.6688574	0.646881	0.353119	1.575202
37524	-3993.285	-4253.329	260.0436	1.863432	0.4892416	0.710332	0.289668	1.575202
37530	-4000.262	-4260.5	260.2376	1.864005	0.4767026	0.77153	0.22847	1.445617
37536	-3992.321	-4252.016	259.695	1.864005	0.5932286	0.663095	0.336905	1.708287
37542	-3988.465	-4248.105	259.6404	1.864005	0.6513416	0.704158	0.295842	1.688652
37548	-3986.094	-4245.918	259.8236	1.864005	0.6513416	0.704158	0.295842	1.556229
37554	-3986.902	-4247.108	260.2063	1.864005	0.4729309	0.71934	0.28066	1.474335
37560	-3982.387	-4242.509	260.1218	1.904839	0.4637676	0.631731	0.368269	1.518999
37566	-3979.249	-4239.34	260.0915	1.909225	0.4637676	0.716623	0.283377	1.538275
37572	-3994.654	-4254.626	259.9716	1.858703	0.5656779	0.735327	0.264673	1.541972
37578	-4004.139	-4264.138	259.9993	1.915671	0.5656779	0.735327	0.264673	1.478642
37584	-3994.517	-4254.527	260.0101	1.869642	0.5119996	0.734475	0.265525	1.567626
37590	-4010.754	-4270.528	259.7735	1.927592	0.6023599	0.666318	0.333682	1.59687
37596	-4001.047	-4261.386	260.3387	1.927592	0.464132	0.698523	0.301477	1.333829
37602	-3999.302	-4259.537	260.235	1.927592	0.394014	0.671248	0.328752	1.513359
37608	-4004.297	-4264.303	260.0062	1.866697	0.5433016	0.648797	0.351203	1.535924
37614	-4003.058	-4263.139	260.0808	1.945939	0.5433016	0.677609	0.322391	1.419634
37620	-3992.544	-4252.499	259.9552	1.885526	0.4681476	0.631775	0.368225	1.649315
37626	-3992.783	-4252.903	260.1196	1.885526	0.4622356	0.669933	0.330067	1.53699
37632	-3980.377	-4240.338	259.9614	1.885526	0.559231	0.657167	0.342833	1.536883
37638	-3978.514	-4238.437	259.9224	1.915914	0.5563356	0.726916	0.273084	1.546541
37644	-3990.34	-4250.609	260.2693	1.924002	0.5023984	0.733417	0.266583	1.340429
37650	-3995.441	-4255.64	260.1985	1.924002	0.5466428	0.670863	0.329137	1.340429
37656	-3987.289	-4247.52	260.2307	2.048015	0.5400406	0.656437	0.343563	1.22065
37662	-3994.508	-4254.657	260.1487	2.067596	0.5687607	0.620483	0.379517	1.236095
37668	-3999.723	-4260.222	260.4995	2.037548	0.5006869	0.716256	0.283744	1.045888
37674	-3989.703	-4249.913	260.2102	1.946533	0.5590801	0.707802	0.292198	1.297457
37680	-3992.931	-4252.635	259.704	1.761095	0.6165742	0.61964	0.38036	1.750607
37686	-3994.23	-4254.095	259.8658	1.77226	0.5043341	0.683127	0.316873	1.74967
37692	-3990.146	-4249.927	259.7813	1.782386	0.5024565	0.674681	0.325319	1.803581
37698	-3990.285	-4249.68	259.3952	1.781096	0.6198794	0.662777	0.337223	1.945411
37704	-3988.687	-4248.508	259.8205	1.76033	0.5611059	0.649447	0.350553	1.726783
37710	-4006.026	-4266.239	260.2122	1.960871	0.4945637	0.653025	0.346975	1.366697
37716	-4005.496	-4265.878	260.3822	1.96439	0.4495268	0.713878	0.286122	1.28974
37722	-4008.481	-4268.373	259.8915	1.976532	0.6446329	0.768371	0.231629	1.427395
37728	-3996.2	-4255.887	259.6868	1.820766	0.6446329	0.719679	0.280321	1.692962
37734	-3998.542	-4258.615	260.073	1.83909	0.5070385	0.529206	0.470794	1.549765
37740	-4001.637	-4261.657	260.0195	1.83909	0.4955183	0.747659	0.252341	1.60284
37746	-4010.706	-4270.554	259.8477	1.83909	0.6065801	0.693267	0.306733	1.60284
37752	-4026.531	-4286.504	259.9732	1.83909	0.5160601	0.694197	0.305803	1.612046
37758	-4023.33	-4283.602	260.272	2.078747	0.425772	0.733566	0.266434	1.321297
37764	-4013.843	-4274.238	260.3952	1.994264	0.425772	0.713916	0.286084	1.289889
37770	-3998.396	-4258.46	260.0643	1.963901	0.55683	0.710474	0.289526	1.402235
37776	-3996.115	-4256.31	260.1945	1.950494	0.5169836	0.712699	0.287301	1.35984
37782	-3999.029	-4259.326	260.2971	1.951859	0.5169836	0.629511	0.370489	1.27609
37788	-4014.917	-4275.248	260.3308	1.919642	0.4644944	0.70342	0.29658	1.34603
37794	-3996.882	-4256.953	260.0709	1.996139	0.5415756	0.636041	0.363959	1.39039
37800	-3995.385	-4255.431	260.0451	1.917198	0.5995667	0.759749	0.240251	1.403907
37806	-3999.014	-4258.798	259.7844	1.777909	0.5582277	0.728427	0.271573	1.742843
37812	-4019.244	-4279.005	259.7605	1.655632	0.4629956	0.739633	0.260367	1.949752
37818	-4017.131	-4276.789	259.658	1.689926	0.5508612	0.721785	0.278215	1.898451
37824	-4002.143	-4261.671	259.5277	1.74104	0.5668235	0.798209	0.201791	1.935506
37830	-3991.615	-4251.49	259.8745	1.746032	0.424636	0.734123	0.265877	1.857863
37836	-3991.974	-4251.638	259.6645	1.827419	0.4981314	0.666842	0.333158	1.857863
37842	-3989.792	-4249.762	259.9702	1.885751	0.4657459	0.702331	0.297669	1.641342
37848	-3983.534	-4243.592	260.0582	1.885751	0.5235045	0.693948	0.306052	1.506234
37854	-3992.715	-4252.937	260.2223	1.915766	0.4117555	0.682417	0.317583	1.506234
37860	-4003.609	-4263.983	260.3743	2.06498	0.5474129	0.67851	0.32149	1.067673
37866	-4026.622	-4286.653	260.0306	2.114609	0.5656917	0.657663	0.342337	1.29863
37872	-3986.092	-4246.006	259.9142	1.870327	0.5165098	0.557949	0.442051	1.631542
37878	-3981.998	-4241.542	259.5438	1.870327	0.6301002	0.670594	0.329406	1.772805
37884	-3980.375	-4240.154	259.7786	1.814837	0.5007783	0.763244	0.236756	1.784849
37890	-3975.162	-4234.819	259.6564	1.842691	0.6374995	0.745217	0.254783	1.705927
37896	-3974.56	-4234.401	259.8417	1.789154	0.5314746	0.648902	0.351098	1.723953
37902	-3985.538	-4245.376	259.8384	1.698541	0.4502163	0.77026	0.22974	1.883216
37908	-3989.149	-4248.699	259.5498	1.698541	0.4436309	0.6331	0.3669	2.084116
37914	-3986.386	-4245.961	259.5743	1.664815	0.465525	0.717483	0.282517	2.06472
37920	-3988.194	-4248.092	259.898	1.771776	0.5982044	0.717201	0.282799	1.623964
37926	-3997.159	-4256.919	259.7601	1.771776	0.5728813	0.702739	0.297261	1.748636
37932	-3979.279	-4239.548	260.269	1.846339	0.401056	0.67086	0.32914	1.538324
37938	-3993.074	-4252.993	259.9189	1.840417	0.6343123	0.702834	0.297166	1.52052
37944	-3988.208	-4248.083	259.8755	1.86054	0.6511109	0.754735	0.245265	1.52052
37950	-3981.471	-4241.339	259.8685	1.836433	0.5472152	0.754735	0.245265	1.653848
37956	-3979.269	-4239.244	259.9747	1.830934	0.5472152	0.733416	0.266584	1.580926
37962	-3994.803	-4255.002	260.1983	1.843983	0.4385219	0.801719	0.198281	1.540673
37968	-3974.61	-4234.49	259.8799	1.90639	0.4923025	0.716829	0.283171	1.658838
37974	-3991.713	-4251.702	259.989	1.858968	0.5395074	0.670293	0.329707	1.558668
37980	-3980.069	-4240.023	259.9537	1.894934	0.5390721	0.658256	0.341744	1.558668
37986	-3983.833	-4243.525	259.6915	1.885927	0.5816119	0.645454	0.354546	1.707362
37992	-3989.085	-4248.898	259.8136	1.825689	0.5704022	0.588663	0.411337	1.675376
37998	-3997.093	-4256.928	259.8352	1.873616	0.6071441	0.629289	0.370711	1.586176
38004	-3993.259	-4253.117	259.8581	1.938375	0.5412084	0.629289	0.370711	1.594448
38010	-3973.009	-4233.005	259.9961	1.912811	0.5100355	0.638463	0.361537	1.548464
38016	-3984.993	-4244.905	259.9122	1.912811	0.5100355	0.657865	0.342135	1.609862
38022	-3991.327	-4251.422	260.095	1.912811	0.5751714	0.658165	0.341835	1.396483
38028	-3987.731	-4247.909	260.1778	1.970933	0.4999183	0.694819	0.305181	1.378856
38034	-3978.387	-4238.624	260.237	1.81306	0.4806632	0.694819	0.305181	1.479584
38040	-4004.348	-4264.649	260.3009	1.944853	0.4075094	0.699877	0.300123	1.430689
38046	-3994.376	-4254.715	260.3392	1.983287	0.520811	0.729438	0.270562	1.209375
38052	-4005.831	-4266.315	260.4839	2.100348	0.5079465	0.714737	0.285263	0.987721
38058	-3994.39	-4254.957	260.5663	2.100348	0.4801397	0.65638	0.34362	0.9504774
38064	-3980.14	-4240.558	260.4177	2.194286	0.4768756	0.685179	0.314821	1.011856
38070	-3981.708	-4242.082	260.3743	2.194286	0.5514834	0.638107	0.361893	0.9318084
38076	-3996.423	-4256.583	260.16	2.173014	0.6556577	0.771854	0.228146	1.018639
38082	-3975.134	-4235.617	260.4825	2.173014	0.491319	0.711574	0.288426	0.9422502
38088	-3974.34	-4234.721	260.3809	2.024009	0.5298063	0.676348	0.323652	1.124705
38094	-3977.627	-4237.895	260.2674	2.086478	0.5257572	0.700585	0.299415	1.175565
38100	-3977.033	-4237.523	260.4901	2.154502	0.4852511	0.726667	0.273333	0.9645175
38106	-3982.472	-4242.841	260.369	2.176371	0.4852511	0.677892	0.322108	1.062459
38112	-3970.419	-4230.976	260.5567	2.176371	0.4428598	0.729713	0.270287	0.9492028
38118	-3981.126	-4241.422	260.296	2.225432	0.5717616	0.702881	0.297119	0.9492028
38124	-3975.698	-4236.223	260.5257	2.125353	0.4901081	0.704438	0.295562	0.9492028
38130	-3970.28	-4230.615	260.3346	2.073057	0.5507068	0.691343	0.308657	1.092375
38136	-3980.901	-4241.001	260.1001	1.902224	0.5439411	0.740426	0.259574	1.43761
38142	-3977.328	-4237.239	259.9105	1.912139	0.5669482	0.701852	0.298148	1.546195
38148	-3980.208	-4240.301	260.0924	1.901367	0.3284705	0.677447	0.322553	1.733321
38154	-3982.994	-4243.106	260.1112	1.81837	0.3585349	0.779507	0.220493	1.733321
38160	-3978.549	-4238.737	260.1875	1.859567	0.4217734	0.615768	0.384232	1.559789
38166	-3967.185	-4226.798	259.6134	1.859567	0.6347168	0.615768	0.384232	1.727139
38172	-3971.585	-4231.538	259.9531	1.951525	0.5054066	0.581344	0.418656	1.557259
38178	-3984.591	-4244.646	260.0542	1.854033	0.4855517	0.655794	0.344206	1.57883
38184	-3986.546	-4246.59	260.0444	1.891765	0.4724449	0.635627	0.364373	1.574766
38190	-3996.617	-4256.398	259.7811	1.83155	0.5752388	0.635627	0.364373	1.689174
38196	-4003.086	-4262.924	259.8377	1.741491	0.5663587	0.686953	0.313047	1.722331
38202	-4012.544	-4271.74	259.196	1.741491	0.6609851	0.686953	0.313047	2.066469
38208	-3991.488	-4250.863	259.3748	1.645929	0.5321435	0.664346	0.335654	2.135577
38214	-3996.267	-4256.045	259.7775	1.750713	0.3647309	0.631895	0.368105	1.998893
38220	-4022.68	-4282.857	260.1768	1.939439	0.5083744	0.796095	0.203905	1.393419
38226	-3987.138	-4247.151	260.013	1.900823	0.5367299	0.777487	0.222513	1.513108
38232	-3974.115	-4234.622	260.5066	1.9931	0.388169	0.702759	0.297241	1.258194
38238	-3967.073	-4227.369	260.2958	1.977697	0.5152314	0.702759	0.297241	1.258194
38244	-3981.738	-4241.982	260.2437	2.042641	0.5289563	0.641588	0.358412	1.228992
38250	-3991.264	-4251.493	260.2291	2.069767	0.5998402	0.73817	0.26183	1.124395
38256	-3996.594	-4256.809	260.214	2.041719	0.6416572	0.73817	0.26183	1.109749
38262	-3990.621	-4251.01	260.3893	2.034388	0.4743544	0.716637	0.283363	1.188759
38268	-4001.625	-4261.824	260.1992	2.056971	0.5792215	0.716637	0.283363	1.188759
38274	-3984.458	-4244.651	260.1933	2.032762	0.5792215	0.657453	0.342547	1.214594
38280	-3978.714	-4238.719	260.0041	2.080486	0.6797842	0.737636	0.262364	1.214594
38286	-3978.856	-4239.251	260.3947	2.017791	0.5033977	0.737636	0.262364	1.155963
38292	-3992.411	-4252.611	260.2003	2.017791	0.679657	0.65568	0.34432	1.097038
38298	-3992.61	-4252.976	260.3661	2.017791	0.5282346	0.791034	0.208966	1.145705
38304	-4008.492	-4268.957	260.4649	2.056159	0.4860421	0.731534	0.268466	1.084023
38310	-4006.817	-4267.154	260.3368	1.99207	0.5754655	0.731534	0.268466	1.129751
38316	-4005.556	-4265.9	260.3441	2.183382	0.5469734	0.581828	0.418172	0.9822325
38322	-3996.501	-4256.693	260.1914	2.183382	0.6517706	0.611038	0.388962	0.9822325
38328	-3986.649	-4247.09	260.4404	2.183382	0.4841641	0.578741	0.421259	0.9876993
38334	-4000.036	-4260.495	260.4589	2.164852	0.4841641	0.76245	0.23755	0.9876993
38340	-3996.761	-4257.128	260.3672	2.158122	0.5433381	0.733579	0.266421	0.9901015
38346	-3990.985	-4251.266	260.2813	2.186231	0.5757621	0.745524	0.254476	0.9984579
38352	-3988.875	-4248.978	260.1029	2.335988	0.6325732	0.736237	0.263763	0.9431998
38358	-3981.954	-4242.289	260.3347	2.301336	0.5227724	0.673716	0.326284	0.9074015
38364	-3979.373	-4239.623	260.2496	2.191092	0.6550893	0.56855	0.43145	0.9074015
38370	-3991.534	-4251.79	260.2559	2.191092	0.6065955	0.717215	0.282785	0.9733314
38376	-3992.494	-4252.882	260.3882	2.191092	0.5195652	0.717215	0.282785	0.9735635
38382	-3985.354	-4245.649	260.295	2.114252	0.5873839	0.616831	0.383169	1.038738
38388	-3993.597	-4253.892	260.295	2.114252	0.5873839	0.785321	0.214679	1.038738
38394	-3997.88	-4258.434	260.5538	2.214887	0.4532557	0.734137	0.265863	0.8897523
38400	-3989.516	-4250.011	260.4948	2.214887	0.4532557	0.638212	0.361788	0.9542197
38406	-3986.682	-4247.165	260.4832	2.133053	0.4894501	0.638212	0.361788	0.9863132
38412	-3990.908	-4251.263	260.3552	2.207597	0.4958386	0.659954	0.340046	1.028806
38418	-3977.072	-4237.358	260.2855	2.207597	0.5749689	0.707573	0.292427	0.973659
38424	-3976.938	-4237.31	260.3718	2.235569	0.5238941	0.707573	0.292427	0.936817
38430	-3979.643	-4239.884	260.2418	2.235569	0.617722	0.713548	0.286452	0.9243195
38436	-3991.878	-4252.147	260.2685	2.20249	0.617722	0.719614	0.280386	0.9312867
38442	-3989.52	-4249.71	260.1897	2.13705	0.5895287	0.677103	0.322897	1.11287
38448	-4001.536	-4261.954	260.4176	2.13705	0.4664634	0.58995	0.41005	1.083911
38454	-3990.63	-4251.105	260.4749	2.096939	0.4971328	0.608467	0.391533	1.017861
38460	-3997.005	-4257.511	260.5055	2.082408	0.4467032	0.797967	0.202033	1.085318
38466	-3974.281	-4234.242	259.9607	2.017172	0.6109649	0.740513	0.259487	1.378888
38472	-3984.986	-4244.979	259.9929	1.959555	0.5941132	0.744169	0.255831	1.417686
38478	-3993.427	-4253.577	260.1492	1.973264	0.554663	0.590985	0.409015	1.330531
38484	-3998.339	-4258.486	260.1469	2.022176	0.554663	0.733701	0.266299	1.292909
38490	-3996.213	-4256.479	260.2659	1.972754	0.5183904	0.733701	0.266299	1.282707
38496	-3998.124	-4258.369	260.2452	1.972754	0.5183904	0.775391	0.224609	1.299581
38502	-3996.423	-4256.699	260.2759	1.965576	0.4863419	0.644433	0.355567	1.323274
38508	-3987.971	-4248.177	260.2064	1.996513	0.5095775	0.644433	0.355567	1.323274
38514	-4009.543	-4269.958	260.4151	1.996513	0.4860644	0.677992	0.322008	1.181938
38520	-3986.567	-4246.685	260.1181	1.97135	0.541738	0.737489	0.262511	1.372643
38526	-3980.314	-4240.393	260.0781	1.993521	0.5596904	0.737489	0.262511	1.364852
38532	-3985.052	-4245.294	260.2424	2.015912	0.5348745	0.737489	0.262511	1.244682
38538	-3993.274	-4253.791	260.5168	1.99301	0.3948043	0.640645	0.359355	1.238907
38544	-3988.615	-4249.139	260.5239	2.009818	0.3948043	0.592189	0.407811	1.218787
38550	-3979.843	-4240.345	260.502	2.009818	0.4254788	0.692357	0.307643	1.187754
38556	-3983.979	-4244.34	260.3606	2.049815	0.4935538	0.725928	0.274072	1.172091
38562	-3993.081	-4253.46	260.3792	2.049815	0.5009469	0.725928	0.274072	1.144916
38568	-3989.585	-4249.969	260.384	2.049815	0.4365613	0.614096	0.385904	1.236888
38574	-3976.784	-4237.096	260.3127	2.184863	0.5513281	0.753621	0.246379	1.005518
38580	-3982.469	-4242.808	260.3396	2.173963	0.5778269	0.682478	0.317522	0.9478902
38586	-3982.39	-4242.906	260.5165	2.173963	0.4404706	0.682478	0.317522	0.9974278
38592	-3986.698	-4247.164	260.4666	2.173963	0.4404706	0.710362	0.289638	1.046305
38598	-3987.551	-4247.863	260.3115	2.173963	0.5477501	0.756219	0.243781	1.022957
38604	-3989.126	-4249.68	260.5535	2.173963	0.4304052	0.68206	0.31794	0.9784698
38610	-3986.574	-4247.047	260.4733	2.173963	0.4276628	0.650021	0.349979	1.062121
38616	-3992.153	-4252.722	260.5693	2.173963	0.4344043	0.650021	0.349979	0.9545914
38622	-3991.077	-4251.584	260.5071	2.21971	0.443473	0.624826	0.375174	0.9545914
38628	-3982.885	-4243.289	260.4042	2.21971	0.5033752	0.706614	0.293386	0.9545914
38634	-4001.896	-4262.343	260.4476	2.024458	0.5043411	0.673983	0.326017	1.101133
38640	-4015.015	-4275.338	260.3231	1.992942	0.4912506	0.673983	0.326017	1.25565
38646	-3998.734	-4258.717	259.9826	1.888021	0.500807	0.692889	0.307111	1.587696
38652	-3993.451	-4253.444	259.9926	1.810408	0.4652257	0.646186	0.353814	1.679897
38658	-3987.473	-4247.338	259.865	1.84276	0.4652257	0.672892	0.327108	1.7471
38664	-3994.393	-4254.366	259.9726	1.804927	0.4527896	0.760145	0.239855	1.713383
38670	-3994.587	-4254.208	259.6208	1.890121	0.5856737	0.654892	0.345108	1.749923
38676	-3987.466	-4247.677	260.2104	1.760347	0.454949	0.654892	0.345108	1.571758
38682	-3978.131	-4238.214	260.0837	1.860628	0.4700705	0.64458	0.35542	1.571758
38688	-3981.164	-4241.301	260.1372	1.895659	0.5573211	0.657989	0.342011	1.398073
38694	-3982.313	-4242.619	260.3063	2.002704	0.546756	0.703969	0.296031	1.18577
38700	-3988.376	-4248.755	260.3787	2.213625	0.502338	0.621673	0.378327	0.9888079
38706	-3992.106	-4252.435	260.3288	2.213625	0.5645075	0.725022	0.274978	0.938497
38712	-3998.673	-4259.32	260.6465	2.273592	0.3891355	0.624205	0.375795	0.8522569
38718	-3994.269	-4254.908	260.6391	2.136708	0.4060165	0.624205	0.375795	0.9756983
38724	-4000.69	-4260.928	260.2373	2.11287	0.6224942	0.737423	0.262577	1.046757
38730	-3987.896	-4248.16	260.2635	2.121919	0.5443815	0.692591	0.307409	1.121588
38736	-3991.128	-4251.491	260.3631	2.121919	0.4916216	0.692591	0.307409	1.108549
38742	-3983.931	-4244.003	260.0719	2.05498	0.5617896	0.660254	0.339746	1.318212
38748	-4009.753	-4269.969	260.2161	2.030434	0.5592792	0.778059	0.221941	1.222762
38754	-3993.255	-4253.505	260.2501	1.957917	0.5297075	0.749829	0.250171	1.292928
38760	-3988.359	-4248.465	260.1055	1.975976	0.5709498	0.761716	0.238284	1.343458
38766	-3977.284	-4237.479	260.1946	2.001449	0.505425	0.715412	0.284588	1.334265
38772	-3992.639	-4252.494	259.8544	1.860492	0.5555833	0.726325	0.273675	1.637419
38778	-3993.175	-4253.397	260.2213	1.839032	0.5004618	0.678956	0.321044	1.446625
38784	-4000.365	-4260.335	259.9701	1.724661	0.4706149	0.694525	0.305475	1.749703
38790	-4006.367	-4266.396	260.0293	1.856284	0.5123098	0.643437	0.356563	1.562938
38796	-3993.307	-4253.278	259.9715	1.856284	0.4584074	0.643437	0.356563	1.670684
38802	-3991.301	-4251.24	259.9389	1.873651	0.5686448	0.745244	0.254756	1.551733
38808	-3979.856	-4239.764	259.9073	1.873651	0.5095407	0.695814	0.304186	1.642311
38814	-3982.207	-4242.261	260.0543	1.905578	0.4595628	0.695814	0.304186	1.573783
38820	-3983.551	-4243.854	260.303	1.988105	0.4342995	0.699299	0.300701	1.356425
38826	-3992.83	-4253.125	260.2951	2.026668	0.5039124	0.601422	0.398578	1.233307
38832	-3986.908	-4247.112	260.2038	2.083406	0.5165433	0.692811	0.307189	1.244972
38838	-3980.204	-4240.292	260.0876	2.083406	0.6551151	0.659975	0.340025	1.168764
38844	-3974.69	-4235.049	260.3583	2.163195	0.558552	0.598866	0.401134	0.9700311
38850	-3989.538	-4249.801	260.2624	2.245359	0.558552	0.744914	0.255086	0.9841497
38856	-3984.161	-4244.649	260.4881	2.101024	0.489223	0.734697	0.265303	1.013845
38862	-3982.267	-4242.949	260.6815	2.134465	0.3989985	0.65789	0.34211	0.9479506
38868	-3970.602	-4231.072	260.47	2.134465	0.4630424	0.695967	0.304033	1.042534
38874	-3978.452	-4238.793	260.3406	2.179182	0.6046417	0.757098	0.242902	0.8981492
38880	-3981.462	-4241.714	260.2513	2.184271	0.6046417	0.603689	0.396311	0.987828
38886	-3985.392	-4245.413	260.0207	2.169938	0.7513765	0.652642	0.347358	1.036313
38892	-3979.896	-4240.232	260.3361	2.202064	0.5433259	0.674191	0.325809	0.9771486
38898	-3988.428	-4248.766	260.3374	2.30325	0.5377434	0.79529	0.20471	0.8751294
38904	-3985.545	-4246.168	260.6223	2.253719	0.359637	0.694099	0.305901	0.9673549
38910	-3978.935	-4239.159	260.2245	2.140545	0.5430875	0.649015	0.350985	1.141649
38916	-3983.417	-4243.609	260.1927	2.096	0.6061609	0.591811	0.408189	1.125306
38922	-3985.933	-4246.294	260.3607	2.067964	0.4810467	0.634484	0.365516	1.174544
38928	-3991.112	-4251.402	260.2903	2.003464	0.4810467	0.676734	0.323266	1.288171
38934	-3991.237	-4251.708	260.4701	2.068832	0.4966789	0.682769	0.317231	1.050427
38940	-3989.911	-4250.116	260.2052	2.104872	0.6238279	0.639134	0.360866	1.082756
38946	-3986.318	-4246.559	260.2417	2.066378	0.4947429	0.639134	0.360866	1.257356
38952	-3984.184	-4244.623	260.4382	2.050625	0.4702722	0.582225	0.417775	1.137791
38958	-3979.687	-4240.115	260.4274	2.201518	0.5029954	0.70812	0.29188	0.9499134
38964	-3980.883	-4241.135	260.2516	2.227807	0.579028	0.730779	0.269221	0.9814761
38970	-3972.156	-4232.395	260.2391	2.213518	0.579028	0.627115	0.372885	1.008478
38976	-3976.617	-4236.984	260.367	2.213518	0.4804683	0.627115	0.372885	1.036668
38982	-3979.165	-4239.667	260.5019	2.223443	0.4804683	0.687936	0.312064	0.8853634
38988	-3978.33	-4238.808	260.4777	2.195476	0.4804683	0.687936	0.312064	0.94301
38994	-3982.929	-4243.28	260.3504	2.195476	0.5177806	0.78885	0.21115	1.010091
39000	-3986.399	-4246.671	260.2722	2.243301	0.5661335	0.660359	0.339641	0.9642843
39006	-3988.268	-4248.707	260.4386	2.137829	0.494747	0.700305	0.299695	1.017199
39012	-3994.826	-4255.333	260.5071	2.069343	0.494747	0.598406	0.401594	1.017199
39018	-3979.921	-4240.317	260.3963	2.11487	0.5350723	0.710219	0.289781	1.017199
39024	-3976.73	-4237.02	260.2893	2.156308	0.5777621	0.710219	0.289781	1.017199
39030	-3982.795	-4243.096	260.3016	2.120262	0.5555463	0.645856	0.354144	1.072242
39036	-3982.591	-4242.797	260.2062	2.140976	0.6057486	0.645856	0.354144	1.072242
39042	-3983.703	-4243.97	260.2664	2.088207	0.6057486	0.600628	0.399372	1.065234
39048	-3979.834	-4240.08	260.2461	2.12173	0.5487326	0.700555	0.299445	1.131338
39054	-3986.653	-4247.126	260.4728	2.07878	0.4388525	0.669314	0.330686	1.131338
39060	-3994.53	-4254.749	260.2183	2.177445	0.6135549	0.750945	0.249055	1.01477
39066	-3991.45	-4251.605	260.1544	2.058832	0.5286126	0.618256	0.381744	1.290055
39072	-3979.94	-4240.25	260.3097	2.128072	0.5599794	0.681185	0.318815	1.050844
39078	-3989.36	-4249.883	260.5235	2.173821	0.4358126	0.681185	0.318815	0.9989546
39084	-3999.341	-4259.936	260.595	2.15694	0.4542954	0.681185	0.318815	0.9065537
39090	-3989.307	-4249.536	260.2284	2.226837	0.6449864	0.702378	0.297622	0.9065537
39096	-3978.004	-4238.28	260.2754	2.223378	0.5537558	0.757489	0.242511	1.000554
39102	-3982.485	-4242.8	260.3154	2.23014	0.5875096	0.633099	0.366901	0.8973354
39108	-3986.099	-4246.559	260.4603	2.23014	0.4959952	0.625275	0.374725	0.8954312
39114	-3988.596	-4249.055	260.4592	2.207617	0.4877103	0.659309	0.340691	0.936628
39120	-3995.732	-4256.186	260.4537	2.031213	0.4963573	0.641625	0.358375	1.101408
39126	-3989.398	-4249.646	260.2482	2.045797	0.5308606	0.641625	0.358375	1.219984
39132	-3995.568	-4256.01	260.4422	2.045797	0.4833891	0.712545	0.287455	1.118403
39138	-3996.711	-4257.145	260.4338	2.125461	0.4735262	0.62617	0.37383	1.06822
39144	-3997.055	-4257.496	260.4409	2.150676	0.518185	0.706856	0.293144	0.9631364
39150	-3996.482	-4256.746	260.2644	2.161444	0.5765179	0.688886	0.311114	1.038242
39156	-4006.442	-4266.698	260.2565	2.067725	0.5765179	0.756072	0.243928	1.132577
39162	-3989.671	-4249.925	260.2539	2.056722	0.5856357	0.71399	0.28601	1.132577
39168	-3990.211	-4250.525	260.3145	2.056722	0.5249353	0.692318	0.307682	1.161538
39174	-3976.801	-4237.115	260.3145	2.056722	0.5249353	0.689238	0.310762	1.161538
39180	-3991.647	-4251.932	260.285	2.206706	0.577101	0.689398	0.310602	0.9718472
39186	-3995.89	-4256.265	260.3749	2.25647	0.5128745	0.703585	0.296415	0.9300591
39192	-4009.95	-4270.33	260.3802	2.174777	0.5081723	0.687584	0.312416	1.01655
39198	-3987.937	-4248.196	260.2595	2.158261	0.5437722	0.715117	0.284883	1.093001
39204	-3995.779	-4256.118	260.3388	2.123499	0.4947408	0.665098	0.334902	1.124417
39210	-3986.271	-4246.876	260.6055	2.123499	0.4338456	0.656562	0.343438	0.9704881
39216	-3983.442	-4243.773	260.331	2.105299	0.5583662	0.656562	0.343438	1.054526
39222	-3980.736	-4240.871	260.1353	2.23675	0.6349458	0.656562	0.343438	1.008336
39228	-3981.573	-4242.012	260.4388	2.272775	0.4849725	0.656562	0.343438	0.8923462
39234	-3991.64	-4251.933	260.2927	2.240926	0.5986227	0.767869	0.232131	0.8923462
39240	-3990.685	-4251.164	260.4785	2.235318	0.4731724	0.629498	0.370502	0.9124001
39246	-3990.204	-4250.408	260.2047	2.343631	0.6108267	0.669335	0.330665	0.8545404
39252	-3985.083	-4245.311	260.2283	2.343631	0.6108267	0.669335	0.330665	0.8253012
39258	-3970.883	-4231.17	260.2865	2.343631	0.5721552	0.693056	0.306944	0.823517
39264	-3989.341	-4249.807	260.4656	2.343631	0.4615498	0.772249	0.227751	0.823517
39270	-3977.263	-4237.545	260.2828	2.307772	0.5651881	0.703402	0.296598	0.8840001
39276	-3969.787	-4230.149	260.3622	2.307772	0.5145369	0.664191	0.335809	0.8840001
39282	-3981.251	-4241.616	260.3645	2.307772	0.5572085	0.700227	0.299773	0.7982618
39288	-3988.619	-4248.976	260.3567	2.386663	0.5265445	0.72663	0.27337	0.7660353
39294	-3985.324	-4245.737	260.4133	2.324452	0.4941247	0.646452	0.353548	0.8434253
39300	-3988.271	-4248.631	260.3598	2.271854	0.5422057	0.684217	0.315783	0.8774199
39306	-3985.453	-4245.876	260.4225	2.276024	0.4758939	0.807021	0.192979	0.9240966
39312	-3996.579	-4256.854	260.2747	2.195479	0.6001934	0.734359	0.265641	0.958856
39318	-3982.868	-4243.195	260.3266	2.212195	0.5543014	0.673735	0.326265	0.958856
39324	-3988.831	-4249.261	260.4295	2.167018	0.5066769	0.768413	0.231587	0.9773327
39330	-3982.532	-4242.524	259.9927	2.159426	0.6806768	0.644251	0.355749	1.155139
39336	-3999.746	-4259.654	259.9085	2.16396	0.7737678	0.781063	0.218937	1.121025
39342	-3982.568	-4242.949	260.3819	2.112365	0.4995499	0.761869	0.238131	1.087957
39348	-3988.743	-4248.837	260.0948	2.115135	0.6788368	0.683957	0.316043	1.105511
39354	-3991.197	-4251.509	260.3124	2.13095	0.5189837	0.689617	0.310383	1.105511
39360	-4001.412	-4261.949	260.5367	2.206748	0.3783991	0.753617	0.246383	1.060544
39366	-4008.739	-4269.188	260.4498	2.121054	0.4802427	0.639365	0.360635	1.046282
39372	-3991.574	-4252.042	260.4681	2.194538	0.4356518	0.676498	0.323502	1.03341
39378	-3988.422	-4248.872	260.45	2.214483	0.4518628	0.688899	0.311101	1.003041
39384	-3977.651	-4237.892	260.2403	2.214483	0.5542287	0.688899	0.311101	1.042944
39390	-3968.969	-4229.28	260.3112	2.214483	0.5542287	0.772488	0.227512	0.972567
39396	-3967.985	-4228.404	260.4187	2.188904	0.5160555	0.706031	0.293969	0.9499094
39402	-3974.941	-4235.256	260.315	2.188904	0.5431727	0.644831	0.355169	1.011815
39408	-3987.619	-4248.133	260.5141	2.09379	0.4758744	0.604496	0.395504	1.017591
39414	-3988.101	-4248.531	260.43	2.147157	0.480462	0.656763	0.343237	1.039881
39420	-3981.727	-4242.064	260.3372	2.147157	0.5372472	0.656763	0.343237	1.039881
39426	-3984.732	-4245.106	260.3743	2.138263	0.5527238	0.640219	0.359781	0.9883496
39432	-3985.077	-4245.485	260.4083	2.057003	0.5109253	0.640219	0.359781	1.097386
39438	-3995.027	-4255.396	260.3688	2.088454	0.5109253	0.819243	0.180757	1.104754
39444	-3979.038	-4239.283	260.2454	2.082388	0.5949026	0.599385	0.400615	1.104754
39450	-3980.084	-4240.327	260.2436	2.128623	0.5949026	0.742789	0.257211	1.063441
39456	-3979.99	-4240.111	260.1212	2.156883	0.5949026	0.639593	0.360407	1.149405
39462	-3986.361	-4246.557	260.1964	2.080389	0.5955965	0.712017	0.287983	1.149621
39468	-3984.517	-4244.825	260.3075	2.05919	0.50412	0.730419	0.269581	1.194783
39474	-3993.166	-4253.507	260.3409	2.019096	0.4453354	0.730419	0.269581	1.284913
39480	-3993.76	-4253.918	260.1582	1.967728	0.5229594	0.706686	0.293314	1.367367
39486	-4004.683	-4264.78	260.097	1.896313	0.6182076	0.757939	0.242061	1.358588
39492	-3998.453	-4258.64	260.1871	1.979131	0.435334	0.723025	0.276975	1.451959
39498	-3984.484	-4244.686	260.2019	1.931558	0.435334	0.736405	0.263595	1.476789
39504	-3990.533	-4250.56	260.0278	1.866813	0.478535	0.679864	0.320136	1.597477
39510	-3998.751	-4258.731	259.9799	1.790956	0.4467951	0.718142	0.281858	1.725663
39516	-3989.573	-4249.236	259.6627	1.747068	0.4683405	0.656684	0.343316	1.947777
39522	-3990.919	-4251.057	260.1386	1.747068	0.4678005	0.656684	0.343316	1.617348
39528	-3984.841	-4244.638	259.7973	1.893863	0.5898423	0.71523	0.28477	1.617348
39534	-3988.767	-4249.085	260.3184	1.893863	0.4541517	0.71523	0.28477	1.390405
39540	-3999.535	-4259.815	260.2796	1.933051	0.4539318	0.681211	0.318789	1.390405
39546	-4018.835	-4279.27	260.4345	1.933051	0.418725	0.689705	0.310295	1.31833
39552	-3997.742	-4258.109	260.3663	1.933051	0.423372	0.645197	0.354803	1.36577
39558	-4002.816	-4263.113	260.2969	1.922873	0.3927392	0.680436	0.319564	1.472218
39564	-3990.329	-4250.54	260.2104	1.914309	0.5157369	0.666396	0.333604	1.377417
39570	-3988.786	-4249.067	260.2806	1.905167	0.478981	0.580798	0.419202	1.377417
39576	-3988.78	-4249.011	260.2311	1.926964	0.477483	0.724635	0.275365	1.401009
39582	-3988.711	-4248.771	260.0596	1.917525	0.5657596	0.588464	0.411536	1.431235
39588	-4005.9	-4266.107	260.2071	1.923937	0.5880705	0.61553	0.38447	1.282889
39594	-4014.063	-4273.038	258.9751	1.554817	0.578194	0.731879	0.268121	2.404968
39600	-4010.149	-4270.068	259.9184	1.856043	0.5241577	0.673125	0.326875	1.629949
39606	-3989.387	-4248.939	259.5523	1.75351	0.5321606	0.673125	0.326875	1.946679
39612	-3988.528	-4248.309	259.7813	1.715559	0.4332641	0.673125	0.326875	1.931107
39618	-3995.887	-4255.342	259.455	1.736829	0.6255875	0.673125	0.326875	1.929502
39624	-3993.8	-4253.617	259.8168	1.736829	0.4420797	0.708115	0.291885	1.881797
39630	-3998.698	-4258.28	259.5816	1.550258	0.5211433	0.708115	0.291885	2.0742
39636	-3997.911	-4257.045	259.1335	1.510127	0.4809028	0.715157	0.284843	2.430862
39642	-3999.432	-4259.053	259.6208	1.62371	0.4152685	0.767349	0.232651	2.120768
39648	-3999.119	-4258.613	259.4946	1.667543	0.4951176	0.681152	0.318848	2.082276
39654	-3991.991	-4251.312	259.3213	1.612526	0.4574085	0.672351	0.327649	2.272357
39660	-3999.044	-4258.334	259.2898	1.710965	0.5433645	0.673563	0.326437	2.13705
39666	-3996.793	-4256.28	259.4873	1.702338	0.5231874	0.673563	0.326437	2.033817
39672	-3994.43	-4253.966	259.5361	1.633798	0.535635	0.610873	0.389127	2.033817
39678	-3992.749	-4252.398	259.6486	1.596646	0.4687039	0.61489	0.38511	2.057006
39684	-3992.511	-4252.28	259.7691	1.660946	0.5761013	0.684957	0.315043	1.816032
39690	-4003.738	-4263.099	259.3601	1.660946	0.5952433	0.639201	0.360799	2.072397
39696	-3993.093	-4252.66	259.567	1.645948	0.4739191	0.756074	0.243926	2.072397
39702	-3992.495	-4252.001	259.5065	1.635697	0.5276424	0.663269	0.336731	2.060513
39708	-3998.044	-4257.345	259.3013	1.635697	0.6468426	0.714135	0.285865	2.07952
39714	-3995.443	-4254.874	259.4316	1.670045	0.649207	0.786695	0.213305	1.968012
39720	-3994.799	-4254.428	259.6291	1.837306	0.6521689	0.553218	0.446782	1.714703
39726	-4000.402	-4260.25	259.8482	1.837306	0.6276891	0.634247	0.365753	1.581823
39732	-3997.398	-4257.45	260.0523	1.858347	0.5706156	0.794977	0.205023	1.476327
39738	-3986.518	-4246.692	260.174	2.097932	0.5320896	0.718554	0.281446	1.236939
39744	-3994.25	-4254.723	260.4737	2.031563	0.4577964	0.663438	0.336562	1.142478
39750	-3996.726	-4257.129	260.4031	2.031563	0.4577964	0.663438	0.336562	1.204013
39756	-3977.758	-4238.018	260.2608	2.031563	0.5411957	0.727857	0.272143	1.20756
39762	-3974.658	-4234.848	260.1904	1.953048	0.46573	0.722478	0.277522	1.428014
39768	-3985.844	-4245.95	260.1061	1.954892	0.5902264	0.67963	0.32037	1.336922
39774	-3990.558	-4250.442	259.8839	1.909116	0.5902264	0.701334	0.298666	1.542427
39780	-3999.698	-4259.785	260.0861	1.833293	0.5236498	0.69278	0.30722	1.524452
39786	-3983.934	-4243.972	260.038	1.833293	0.5436037	0.694684	0.305316	1.536734
39792	-3983.746	-4243.429	259.6828	1.837429	0.633002	0.660714	0.339286	1.695423
39798	-3981.469	-4241.341	259.8722	1.871593	0.5128816	0.564517	0.435483	1.665029
39804	-4000.37	-4260.398	260.0275	1.853636	0.5128816	0.677162	0.322838	1.565531
39810	-4006.765	-4266.961	260.1967	1.875243	0.4818491	0.694477	0.305523	1.461536
39816	-3984.11	-4244.365	260.2551	1.990511	0.4818491	0.659415	0.340585	1.326011
39822	-3995.273	-4255.509	260.236	1.933792	0.4390951	0.634563	0.365437	1.444007
39828	-3981.672	-4241.652	259.9803	2.077982	0.6939735	0.77321	0.22679	1.22102
39834	-3985.673	-4245.743	260.0701	2.033602	0.6242886	0.653383	0.346617	1.262297
39840	-4007.789	-4267.967	260.1779	1.975696	0.6242886	0.713538	0.286462	1.220518
39846	-4012.008	-4272.399	260.3917	1.975696	0.5159229	0.688607	0.311393	1.177542
39852	-3995.818	-4256.078	260.2592	2.038084	0.4657669	0.761588	0.238412	1.306636
39858	-3984.894	-4245.043	260.1494	1.916589	0.5347373	0.673701	0.326299	1.399591
39864	-3990.777	-4251.024	260.2468	1.916589	0.5151725	0.705061	0.294939	1.34762
39870	-3986.825	-4247.199	260.3743	2.040871	0.5058767	0.693642	0.306358	1.150002
39876	-3984.408	-4244.802	260.3946	2.040871	0.5058767	0.610089	0.389911	1.131971
39882	-3984.697	-4245.156	260.4591	2.044203	0.4656802	0.606122	0.393878	1.131971
39888	-3980.883	-4241.324	260.4415	2.172224	0.4766928	0.745055	0.254945	1.010468
39894	-3982.324	-4242.613	260.2894	2.172224	0.6067721	0.714094	0.285906	0.957826
39900	-3986.174	-4246.268	260.0941	2.242107	0.6932997	0.714094	0.285906	0.9646521
39906	-4007.171	-4267.669	260.4978	2.132915	0.4934145	0.70514	0.29486	0.9646521
39912	-3992.339	-4252.578	260.2384	2.2158	0.5725544	0.648688	0.351312	1.016448
39918	-3992.432	-4252.71	260.278	2.194559	0.5858911	0.722551	0.277449	0.978048
39924	-3992.346	-4252.774	260.4283	2.234491	0.4911384	0.782588	0.217412	0.9348015
39930	-4013.541	-4273.718	260.1766	1.969951	0.5671009	0.6678	0.3322	1.2958
39936	-4000.344	-4260.667	260.3229	1.980115	0.4701362	0.68502	0.31498	1.2958
39942	-3999.042	-4259.337	260.2949	2.243932	0.5558478	0.67294	0.32706	0.9563194
39948	-3991.242	-4251.606	260.3632	2.175749	0.5558478	0.693448	0.306552	0.9562603
39954	-3984.749	-4245.257	260.5079	2.217775	0.4383257	0.671453	0.328547	0.9655029
39960	-3998.913	-4259.407	260.4939	2.070842	0.4791404	0.666295	0.333705	1.05394
39966	-3995.474	-4255.833	260.3596	2.186055	0.4929173	0.727726	0.272274	1.049969
39972	-3989.726	-4250.188	260.4619	2.14279	0.5179288	0.751715	0.248285	0.9498063
39978	-3990.775	-4251.041	260.2659	2.133667	0.5179288	0.750435	0.249565	1.146507
39984	-3981.515	-4241.946	260.4314	2.057027	0.5179288	0.750435	0.249565	1.065368
39990	-3984.729	-4245.031	260.3011	1.999219	0.5179288	0.666058	0.333942	1.232118
39996	-3980.314	-4240.534	260.2207	1.999219	0.5695001	0.665363	0.334637	1.232118
40002	-3974.495	-4234.94	260.4456	2.0217	0.4657413	0.697868	0.302132	1.163723
40008	-3979.463	-4239.781	260.3179	1.947552	0.4584414	0.691159	0.308841	1.342451
40014	-3983.222	-4243.383	260.1613	1.957865	0.5166863	0.751015	0.248985	1.380558
40020	-3980.001	-4240.257	260.2554	1.963813	0.5055404	0.673046	0.326954	1.315444
40026	-3983.268	-4243.566	260.2983	1.900357	0.4852859	0.714276	0.285724	1.358847
40032	-3987.277	-4247.171	259.8937	1.943873	0.582624	0.677876	0.322124	1.51769
40038	-3985.853	-4245.928	260.0751	1.943873	0.582624	0.67201	0.32799	1.379084
40044	-3975.651	-4235.764	260.1133	1.978894	0.4755464	0.67201	0.32799	1.45428
40050	-3962.473	-4222.686	260.2131	2.06773	0.5613166	0.701629	0.298371	1.190788
40056	-3964.793	-4225.075	260.2826	2.06773	0.5282211	0.797449	0.202551	1.175249
40062	-3980.707	-4240.944	260.2372	2.078348	0.5285338	0.797449	0.202551	1.204817
40068	-3976.979	-4237.006	260.0273	2.076914	0.6637927	0.625239	0.374761	1.216099
40074	-3978.86	-4238.918	260.0583	2.045919	0.6637927	0.728273	0.271727	1.216099
40080	-3976.813	-4237.081	260.2674	2.047908	0.5168973	0.728273	0.271727	1.220847
40086	-3969.654	-4229.874	260.2198	2.039528	0.4892821	0.613345	0.386655	1.304865
40092	-3980.381	-4240.84	260.4589	2.06757	0.4892821	0.613345	0.386655	1.073884
40098	-3998.155	-4258.535	260.3801	2.12081	0.5314405	0.612397	0.387603	1.032779
40104	-3987.807	-4248.223	260.4153	2.12081	0.5314405	0.656064	0.343936	0.9980854
40110	-3981.324	-4241.771	260.4477	2.136272	0.517425	0.754985	0.245015	0.9722996
40116	-3976.619	-4237.024	260.4048	2.160012	0.5106977	0.679902	0.320098	1.00271
40122	-3978.352	-4238.744	260.3917	2.082616	0.5441286	0.65751	0.34249	1.039181
40128	-3986.113	-4246.125	260.0117	2.082616	0.6106883	0.788739	0.211261	1.285976
40134	-3990.862	-4251.083	260.2219	2.099279	0.5332175	0.762798	0.237202	1.193574
40140	-3988.088	-4248.282	260.1947	2.262567	0.5884823	0.757133	0.242867	0.9897709
40146	-3994.828	-4255.386	260.5584	2.14157	0.4393923	0.582744	0.417256	0.9897709
40152	-3984.204	-4244.608	260.4046	2.184438	0.4966406	0.768301	0.231699	1.001635
40158	-3975.064	-4235.371	260.3075	2.173114	0.5724721	0.594962	0.405038	0.9902536
40164	-3982.261	-4242.555	260.2934	2.159185	0.5313537	0.666202	0.333798	1.078803
40170	-3979.829	-4240.181	260.3514	2.184209	0.5313537	0.677585	0.322415	0.9987638
40176	-3983.387	-4243.661	260.2744	2.177685	0.5646422	0.704564	0.295436	1.030199
40182	-3972.774	-4233.049	260.2743	2.205582	0.5867456	0.571697	0.428303	0.9692674
40188	-3978.116	-4238.366	260.2499	2.1687	0.5682338	0.758613	0.241387	1.057088
40194	-3988.959	-4249.409	260.4494	2.145133	0.4564503	0.7039	0.2961	1.062939
40200	-3978.102	-4238.408	260.3065	2.145133	0.5538602	0.633261	0.366739	1.046567
40206	-3979.978	-4240.465	260.4862	2.179414	0.5025029	0.682264	0.317736	0.9111813
40212	-3985.72	-4246.166	260.4452	2.212488	0.5025029	0.672807	0.327193	0.9199106
40218	-3991.233	-4251.634	260.4008	2.234329	0.4964971	0.715023	0.284977	0.9546755
40224	-3997.792	-4258.251	260.459	2.219651	0.4593294	0.614483	0.385517	0.9753534
40230	-3993.034	-4253.4	260.3661	2.219651	0.4593294	0.714707	0.285293	1.066449
40236	-3997.435	-4257.888	260.4521	2.263402	0.4636351	0.714707	0.285293	0.9286459
40242	-3989.16	-4249.743	260.5821	2.240797	0.4148077	0.605641	0.394359	0.9076783
40248	-3983.016	-4243.439	260.4235	2.247942	0.5057121	0.633766	0.366234	0.8987202
40254	-3982.498	-4242.939	260.4405	2.113583	0.4752142	0.733293	0.266707	1.070359
40260	-3994.54	-4255.072	260.5318	2.120834	0.417129	0.70528	0.29472	1.075454
40266	-3994.638	-4254.909	260.271	2.116297	0.576106	0.633313	0.366687	1.075454
40272	-3992.736	-4253.249	260.5131	2.108891	0.4470968	0.560122	0.439878	1.052611
40278	-4002.351	-4262.62	260.269	2.024267	0.5392377	0.770354	0.229646	1.209365
40284	-3993.308	-4253.446	260.1386	1.991249	0.6013724	0.671064	0.328936	1.267817
40290	-3999.961	-4260.36	260.3987	2.016728	0.4765245	0.726119	0.273881	1.192634
40296	-3999.772	-4260.161	260.3889	2.19063	0.5004579	0.801893	0.198107	1.004812
40302	-4003.744	-4264.079	260.3351	2.175235	0.5477044	0.699299	0.300701	0.9983418
40308	-4011.074	-4271.44	260.3658	2.10425	0.5477044	0.713561	0.286439	1.037989
40314	-3998.324	-4258.716	260.3922	2.126589	0.4905207	0.585236	0.414764	1.079088
40320	-3996.706	-4257.041	260.3349	2.078886	0.55604	0.532424	0.467576	1.079088
40326	-3994.527	-4254.891	260.3639	2.063916	0.5688144	0.729048	0.270952	1.04748
40332	-3999.684	-4259.995	260.3118	2.063916	0.562036	0.729048	0.270952	1.105721
40338	-3988.58	-4248.777	260.1978	2.063916	0.5543863	0.720366	0.279634	1.216173
40344	-3990.099	-4250.225	260.1258	2.056121	0.5543863	0.713934	0.286066	1.282746
40350	-4002.638	-4263.003	260.3653	2.044418	0.5481795	0.672333	0.327667	1.094127
40356	-3990.559	-4250.8	260.2407	2.044418	0.5084979	0.686014	0.313986	1.257592
40362	-3984.696	-4244.896	260.1998	1.967696	0.5450122	0.583743	0.416257	1.306307
40368	-3984.018	-4244.243	260.2255	1.967668	0.5714628	0.677505	0.322495	1.252002
40374	-4002.573	-4262.742	260.1698	2.008959	0.646091	0.749603	0.250397	1.172787
40380	-4000.711	-4261.001	260.29	1.979819	0.4557421	0.727565	0.272435	1.34278
40386	-3988.851	-4249.089	260.2378	1.979819	0.4825305	0.666911	0.333089	1.347481
40392	-4002.994	-4263.181	260.1871	1.996763	0.5558116	0.604897	0.395103	1.279331
40398	-3991.423	-4251.543	260.1197	1.992879	0.5704449	0.635708	0.364292	1.319192
40404	-3996.172	-4255.913	259.7404	1.854455	0.5727424	0.663986	0.336014	1.704468
40410	-4020.581	-4280.721	260.1405	2.012974	0.6198513	0.675019	0.324981	1.226001
40416	-4016.048	-4276.385	260.3372	2.06422	0.5027459	0.725784	0.274216	1.166591
40422	-4019.527	-4279.866	260.3387	2.06422	0.4411608	0.638906	0.361094	1.255683
40428	-4000.971	-4261.302	260.3303	2.019519	0.4411608	0.713972	0.286028	1.299346
40434	-4008.944	-4269.233	260.2884	1.946535	0.4922062	0.675858	0.324142	1.320612
40440	-3985.121	-4245.368	260.2474	1.960165	0.4849435	0.700149	0.299851	1.352232
40446	-3986.526	-4246.504	259.9778	2.027628	0.6152929	0.700149	0.299851	1.352232
40452	-3974.783	-4235.045	260.2619	1.997615	0.4891542	0.700149	0.299851	1.304887
40458	-3994.775	-4255.047	260.2714	2.046565	0.5226139	0.761121	0.238879	1.210801
40464	-3979.08	-4239.191	260.1102	2.046565	0.6630812	0.721507	0.278493	1.17171
40470	-3988.076	-4248.307	260.231	2.108546	0.5949598	0.719343	0.280657	1.093861
40476	-3987.3	-4247.374	260.0745	2.127085	0.5882031	0.654437	0.345563	1.224024
40482	-4003.13	-4263.246	260.1157	2.05622	0.608581	0.654437	0.345563	1.224024
40488	-3986.482	-4246.817	260.3348	2.071749	0.4604213	0.734059	0.265941	1.224024
40494	-3981.984	-4241.989	260.0052	2.032673	0.536119	0.691517	0.308483	1.419711
40500	-3985.592	-4245.801	260.2097	1.959953	0.4695071	0.691517	0.308483	1.40267
40506	-3985.957	-4245.959	260.002	1.940507	0.6008464	0.742103	0.257897	1.417784
40512	-3979.429	-4239.289	259.86	1.940507	0.6008464	0.675332	0.324668	1.525319
40518	-3981.751	-4241.863	260.1114	1.855183	0.5561403	0.65297	0.34703	1.450497
40524	-3994.811	-4254.813	260.0015	1.959845	0.5596002	0.65297	0.34703	1.450497
40530	-3990.023	-4249.946	259.9231	1.86742	0.5596002	0.582292	0.417708	1.578068
40536	-3987.3	-4247.677	260.3769	1.967231	0.4571605	0.68213	0.31787	1.280726
40542	-3983.403	-4243.608	260.2046	1.982101	0.4702534	0.724281	0.275719	1.388396
40548	-3992.51	-4252.739	260.2292	2.004974	0.4702534	0.598468	0.401532	1.351031
40554	-3993.92	-4254.391	260.4711	2.004974	0.4702534	0.734263	0.265737	1.149091
40560	-3987.631	-4247.876	260.2455	2.07411	0.573902	0.776116	0.223884	1.140111
40566	-3999.399	-4259.65	260.2503	2.120537	0.573902	0.608326	0.391674	1.093804
40572	-3993.781	-4254.318	260.5375	2.084622	0.4523418	0.696152	0.303848	1.043565
40578	-3987.629	-4247.819	260.1909	2.084622	0.5173278	0.696152	0.303848	1.25367
40584	-3992.756	-4252.987	260.2306	2.012041	0.470356	0.643903	0.356097	1.34412
40590	-3989.422	-4249.443	260.0211	2.014442	0.6088358	0.669262	0.330738	1.335665
40596	-3974.738	-4234.962	260.2241	1.974438	0.528571	0.654378	0.345622	1.302116
40602	-3994.812	-4255.048	260.236	1.980151	0.5004891	0.734287	0.265713	1.324629
40608	-3991.248	-4251.222	259.9738	1.980151	0.6608793	0.757287	0.242713	1.342769
40614	-3980.113	-4240.566	260.4533	1.962641	0.4295231	0.683595	0.316405	1.262493
40620	-3994.25	-4254.623	260.3724	2.139921	0.4805298	0.674503	0.325497	1.100645
40626	-3991.631	-4252.038	260.4076	2.192646	0.4805298	0.605274	0.394726	1.017293
40632	-3984.18	-4244.609	260.4286	2.192646	0.4665086	0.674758	0.325242	1.020408
40638	-3982.101	-4242.572	260.4704	2.185426	0.4796102	0.707492	0.292508	0.9627117
40644	-3990.243	-4250.546	260.3027	2.185426	0.5666377	0.663524	0.336476	0.9915661
40650	-4019.35	-4279.711	260.3606	2.185426	0.554796	0.804507	0.195493	0.9504441
40656	-3994.982	-4255.305	260.3226	2.152189	0.554796	0.804507	0.195493	1.02273
40662	-4002.092	-4262.387	260.2954	2.054183	0.6156086	0.703436	0.296564	1.056561
40668	-3990.515	-4250.898	260.3833	2.043954	0.49652	0.748363	0.251637	1.152985
40674	-3979.387	-4239.634	260.2465	2.077903	0.6174401	0.648003	0.351997	1.077855
40680	-3978.914	-4239.294	260.3798	2.074531	0.4972569	0.64019	0.35981	1.127738
40686	-4003.808	-4264.091	260.2829	2.150519	0.5544301	0.761448	0.238552	1.063034
40692	-3989.324	-4249.554	260.2297	1.934066	0.5217769	0.761448	0.238552	1.33886
40698	-3992.382	-4252.567	260.1857	1.908373	0.5217769	0.657652	0.342348	1.393782
40704	-3995.398	-4255.586	260.1883	1.903814	0.5230102	0.743972	0.256028	1.393782
40710	-4002.458	-4262.869	260.4111	1.903814	0.4421669	0.743972	0.256028	1.326035
40716	-3993.069	-4253.237	260.168	1.918165	0.5007932	0.625546	0.374454	1.426361
40722	-3990.278	-4250.513	260.2348	1.911761	0.5007932	0.681321	0.318679	1.379436
40728	-3993.713	-4254.106	260.3935	1.95779	0.4122111	0.727621	0.272379	1.34115
40734	-3994.018	-4254.423	260.405	1.966936	0.3874941	0.632089	0.367911	1.362606
40740	-3979.628	-4240.039	260.4109	2.030263	0.4450146	0.771897	0.228103	1.217766
40746	-3997.439	-4257.788	260.349	2.06041	0.4558255	0.673	0.327	1.228427
40752	-4000.17	-4260.117	259.9465	2.06041	0.6615203	0.705124	0.294876	1.299466
40758	-3987.974	-4247.995	260.0208	2.003382	0.5773639	0.709625	0.290375	1.381155
40764	-3983.171	-4243.655	260.4842	2.061546	0.4534048	0.712142	0.287858	1.113104
40770	-3998.642	-4258.954	260.3116	2.038018	0.4994965	0.712142	0.287858	1.215911
40776	-3999.193	-4259.547	260.3535	2.038018	0.4767116	0.65678	0.34322	1.212815
40782	-3976.178	-4236.597	260.4186	2.038018	0.4493551	0.665285	0.334715	1.198013
40788	-3993.484	-4254.002	260.5176	2.038018	0.4409103	0.614562	0.385438	1.124346
40794	-3991.377	-4251.462	260.0847	1.953763	0.6356745	0.614562	0.385438	1.302731
40800	-3995.381	-4255.595	260.2137	1.931405	0.5183903	0.689151	0.310849	1.357981
40806	-4002.952	-4263.157	260.2055	1.934137	0.4908823	0.691007	0.308993	1.397742
40812	-3993.973	-4254.442	260.4689	1.862099	0.3946525	0.704604	0.295396	1.383711
40818	-3993.994	-4254.19	260.1965	1.797819	0.4090791	0.726254	0.273746	1.615687
40824	-3972.191	-4232.404	260.2135	1.866676	0.486023	0.648078	0.351922	1.449857
40830	-3978.214	-4238.319	260.1052	1.973534	0.5759814	0.770588	0.229412	1.339688
40836	-3989.463	-4249.403	259.9395	1.96651	0.6619436	0.669767	0.330233	1.379518
40842	-3986.422	-4246.677	260.255	1.96651	0.4915151	0.658406	0.341594	1.332327
40848	-3996.723	-4257.06	260.3368	2.004466	0.5897084	0.722434	0.277566	1.099325
40854	-3983.396	-4243.594	260.1986	1.863949	0.5824508	0.758978	0.241022	1.344851
40860	-3995.902	-4255.924	260.022	2.020033	0.5858143	0.701993	0.298007	1.357185
40866	-4001.863	-4262.051	260.1877	1.999353	0.5606886	0.774215	0.225785	1.27062
40872	-3995.812	-4256.099	260.2873	2.039733	0.5273252	0.71639	0.28361	1.196642
40878	-3983.271	-4243.706	260.4352	2.213461	0.4916974	0.699021	0.300979	0.9488426
40884	-3990.535	-4251.085	260.5497	2.31401	0.4325712	0.699998	0.300002	0.8200477
40890	-3980.249	-4240.592	260.3432	2.231944	0.5449419	0.694566	0.305434	0.9357556
40896	-3983.225	-4243.644	260.419	2.157935	0.5449419	0.719676	0.280324	0.9338025
40902	-3976.901	-4237.337	260.436	2.067056	0.5449419	0.772263	0.227737	1.009924
40908	-3995.677	-4256.044	260.3667	2.112141	0.528917	0.597579	0.402421	1.057746
40914	-3978.231	-4238.507	260.2765	2.181924	0.5848622	0.589291	0.410709	0.9939669
40920	-3971.154	-4231.532	260.378	2.229633	0.5227315	0.617647	0.382353	0.9384648
40926	-3980.223	-4240.449	260.2264	2.252117	0.6903486	0.715245	0.284755	0.8049191
40932	-4000.195	-4260.487	260.2915	2.252117	0.6078304	0.707902	0.292098	0.8652714
40938	-3985.34	-4245.948	260.6084	2.223567	0.431119	0.730078	0.269922	0.8624786
40944	-3976.813	-4237.401	260.5878	2.210735	0.4720234	0.689307	0.310693	0.8139485
40950	-3977.568	-4237.966	260.3979	2.243142	0.5501669	0.755794	0.244206	0.8515734
40956	-3988.608	-4249.087	260.479	2.33468	0.4334333	0.778035	0.221965	0.8789496
40962	-3990.52	-4250.903	260.3829	2.000431	0.4268797	0.763468	0.236532	1.293234
40968	-3983.631	-4244.037	260.4058	1.978246	0.4792894	0.583057	0.416943	1.215472
40974	-3992.005	-4252.107	260.102	1.860203	0.532458	0.737106	0.262894	1.481854
40980	-4003.753	-4263.976	260.2228	1.860203	0.5097214	0.689216	0.310784	1.417495
40986	-4003.664	-4263.955	260.2919	1.860203	0.4686135	0.71443	0.28557	1.417495
40992	-3991.603	-4251.732	260.1287	1.805866	0.5479095	0.596983	0.403017	1.484406
40998	-4002.138	-4262.187	260.0483	1.805866	0.4738254	0.652707	0.347293	1.632606
41004	-3991.457	-4251.197	259.7397	1.792798	0.5658188	0.718234	0.281766	1.755639
41010	-4003.112	-4262.961	259.8491	1.792798	0.491609	0.572342	0.427658	1.761752
41016	-3997.409	-4257.657	260.2479	1.807319	0.3852906	0.822318	0.177682	1.605005
41022	-3982.735	-4242.877	260.1414	1.895758	0.4353994	0.654951	0.345049	1.548678
41028	-3994.629	-4254.656	260.0273	1.842734	0.5443385	0.654951	0.345049	1.536825
41034	-3985.022	-4245.011	259.9895	1.848118	0.5639851	0.699987	0.300013	1.538425
41040	-3987.381	-4247.291	259.9098	1.834674	0.5639851	0.809445	0.190555	1.606702
41046	-3986.798	-4246.906	260.1084	1.851449	0.490186	0.613853	0.386147	1.53507
41052	-3988.166	-4248.005	259.8387	1.828137	0.5587764	0.730864	0.269136	1.668306
41058	-3992.217	-4252.287	260.0703	1.814496	0.4594938	0.639098	0.360902	1.628447
41064	-4000.466	-4260.817	260.351	1.962121	0.4442317	0.697518	0.302482	1.32452
41070	-3994.481	-4254.722	260.2411	1.939573	0.4434079	0.656371	0.343629	1.429725
41076	-3998.892	-4259.015	260.1232	1.919088	0.5894473	0.801956	0.198044	1.352772
41082	-4008.677	-4268.733	260.056	1.909719	0.6209699	0.580246	0.419754	1.377188
41088	-4005.014	-4265.051	260.0369	1.928352	0.4748794	0.778778	0.221222	1.55031
41094	-3992.374	-4252.198	259.8233	1.771355	0.4858886	0.675573	0.324427	1.801209
41100	-3994.591	-4254.101	259.5098	1.781294	0.6031311	0.633221	0.366779	1.883956
41106	-4002.968	-4263.007	260.0394	1.781294	0.4091741	0.711377	0.288623	1.739272
41112	-4012.142	-4272.197	260.055	1.830316	0.5194331	0.736553	0.263447	1.554691
41118	-4021.044	-4281.176	260.1322	1.830226	0.4730559	0.718842	0.281158	1.554691
41124	-4002.022	-4261.988	259.9651	1.720923	0.5025911	0.676782	0.323218	1.717999
41130	-4004.893	-4264.854	259.9614	1.824927	0.5427079	0.635009	0.364991	1.600153
41136	-4007.874	-4267.912	260.0382	1.865119	0.4664708	0.635009	0.364991	1.606233
41142	-4002.735	-4262.939	260.2032	1.902729	0.4033524	0.812258	0.187742	1.542043
41148	-4018.744	-4278.656	259.9129	1.955422	0.6446605	0.765025	0.234975	1.427136
41154	-4000.433	-4260.548	260.1151	1.956624	0.5149756	0.680618	0.319382	1.41961
41160	-3983.981	-4244.24	260.2585	1.956624	0.5149756	0.672263	0.327737	1.306347
41166	-3990.036	-4250.269	260.2327	1.956624	0.5149756	0.700172	0.299828	1.327121
41172	-3981.248	-4241.437	260.1888	1.936867	0.502339	0.715333	0.284667	1.393829
41178	-3989.671	-4249.956	260.2848	2.01934	0.5474488	0.604138	0.395862	1.189076
41184	-3981.34	-4241.9	260.5598	1.956515	0.4077745	0.715456	0.284544	1.212395
41190	-3992.111	-4252.564	260.4531	2.059418	0.4077745	0.715456	0.284544	1.215607
41196	-3994.21	-4254.69	260.4802	2.059418	0.4300949	0.757056	0.242944	1.156075
41202	-3989.547	-4250.021	260.4735	2.02977	0.4265035	0.700924	0.299076	1.193498
41208	-3989.777	-4250.117	260.3406	1.96063	0.5252565	0.669547	0.330453	1.221452
41214	-3998.019	-4258.369	260.3503	1.96063	0.4461923	0.688393	0.311607	1.323452
41220	-4004.036	-4264.375	260.3393	2.023673	0.4599331	0.677685	0.322315	1.261198
41226	-4007.314	-4267.55	260.2366	2.112501	0.4678596	0.732365	0.267635	1.261198
41232	-3995.861	-4256.096	260.2347	2.235631	0.5052124	0.684864	0.315136	1.101363
41238	-3999.449	-4259.627	260.1775	1.959013	0.5345441	0.684864	0.315136	1.344365
41244	-3983.581	-4243.927	260.3467	1.980815	0.5318227	0.711885	0.288115	1.190017
41250	-3983.696	-4243.717	260.0213	1.927163	0.6402004	0.711885	0.288115	1.369601
41256	-4000.75	-4260.97	260.2199	1.868717	0.4560518	0.688415	0.311585	1.482678
41262	-3991.737	-4251.833	260.0959	1.892946	0.4777784	0.778612	0.221388	1.529135
41268	-3992.173	-4252.381	260.208	1.887607	0.4541091	0.639245	0.360755	1.479995
41274	-3985.639	-4245.925	260.2859	1.900847	0.3941045	0.643179	0.356821	1.4951
41280	-3986.347	-4246.485	260.1381	1.900847	0.4751212	0.626361	0.373639	1.4951
41286	-3986.575	-4246.378	259.8031	1.909196	0.6109979	0.677128	0.322872	1.579584
41292	-3987.072	-4246.961	259.8892	1.895394	0.5205325	0.542585	0.457415	1.626811
41298	-3985.607	-4245.876	260.269	1.886811	0.5046311	0.678074	0.321926	1.367229
41304	-3985.659	-4245.985	260.3258	2.08708	0.5652066	0.75913	0.24087	1.066866
41310	-4002.452	-4262.588	260.1356	2.012343	0.6180661	0.716372	0.283628	1.232769
41316	-3985.46	-4245.729	260.2684	2.124415	0.4879321	0.656281	0.343719	1.195461
41322	-3988.903	-4249.135	260.2319	2.105362	0.5888061	0.63816	0.36184	1.104283
41328	-3984.925	-4245.155	260.2299	2.065107	0.5843036	0.766043	0.233957	1.148274
41334	-3990.413	-4250.698	260.2845	1.964625	0.5562543	0.675354	0.324646	1.22445
41340	-3989.743	-4249.825	260.0824	1.878347	0.5648772	0.694984	0.305016	1.444793
41346	-3987.205	-4247.516	260.3117	1.970816	0.481078	0.698921	0.301079	1.297299
41352	-3982.22	-4242.663	260.4434	1.981328	0.4404314	0.741752	0.258248	1.238634
41358	-3988.618	-4248.838	260.2202	1.967079	0.5215167	0.730535	0.269465	1.320284
41364	-3989.843	-4250.301	260.4578	1.998341	0.4467608	0.68154	0.31846	1.202335
41370	-3993.54	-4254.002	260.4616	2.032715	0.4282464	0.740929	0.259071	1.198388
41376	-4000.25	-4260.73	260.4797	2.041663	0.4061454	0.688152	0.311848	1.2107
41382	-3991.564	-4251.951	260.3864	2.041663	0.5380101	0.643382	0.356618	1.091802
41388	-3993.714	-4253.968	260.2546	2.041663	0.5380101	0.675992	0.324008	1.208483
41394	-3997.149	-4257.205	260.0565	2.04523	0.644742	0.643088	0.356912	1.240177
41400	-3989.265	-4249.542	260.2772	2.006371	0.412784	0.639416	0.360584	1.393701
41406	-3996.871	-4257.13	260.2586	1.994729	0.412784	0.710433	0.289567	1.417107
41412	-3983.046	-4243.194	260.148	2.04833	0.5795499	0.60698	0.39302	1.239238
41418	-3981.547	-4241.925	260.3786	2.014926	0.4631658	0.713032	0.286968	1.230967
41424	-4000.845	-4261.118	260.2726	1.979539	0.4631658	0.604025	0.395975	1.346473
41430	-3995.112	-4255.142	260.0309	1.979539	0.4904002	0.603323	0.396677	1.497103
41436	-3981.339	-4241.315	259.9769	1.872273	0.5934282	0.603323	0.396677	1.497103
41442	-3984.697	-4244.365	259.668	1.858762	0.5792696	0.627647	0.372353	1.745497
41448	-4004.985	-4264.694	259.7088	1.825529	0.4539344	0.683234	0.316766	1.880502
41454	-3981.95	-4241.565	259.6151	1.716673	0.4539344	0.656442	0.343558	2.016761
41460	-3977.562	-4236.881	259.3192	1.71961	0.4726346	0.625605	0.374395	2.187629
41466	-3988.341	-4248.004	259.6633	1.70179	0.510245	0.671667	0.328333	1.930485
41472	-3999.392	-4258.779	259.3868	1.70179	0.5505534	0.744633	0.255367	2.072179
41478	-3994.654	-4254.127	259.473	1.696432	0.4683715	0.769195	0.230805	2.107287
41484	-3995.909	-4255.504	259.5951	1.696432	0.5081961	0.729287	0.270713	1.982139
41490	-3994.622	-4254.306	259.684	1.778743	0.5110462	0.67136	0.32864	1.86329
41496	-3986.41	-4246.66	260.2499	1.920667	0.4862889	0.700466	0.299534	1.379572
41502	-3987.078	-4247.078	260.0005	1.920667	0.584664	0.665452	0.334548	1.452367
41508	-3978.918	-4238.736	259.8181	1.800866	0.5828713	0.675811	0.324189	1.676601
41514	-3979.909	-4239.73	259.8208	1.844092	0.5828713	0.675811	0.324189	1.643749
41520	-3996.3	-4256.121	259.8208	1.844092	0.5828713	0.640028	0.359972	1.643749
41526	-3992.274	-4252.017	259.7433	1.808575	0.6990493	0.673388	0.326612	1.608827
41532	-3994.617	-4254.349	259.7319	1.812106	0.6649152	0.774048	0.225952	1.647157
41538	-3992.142	-4252.294	260.1519	2.004268	0.4596636	0.630858	0.369142	1.426386
41544	-3987.752	-4247.866	260.1132	1.912967	0.5857459	0.596498	0.403502	1.369831
41550	-3985.116	-4245.369	260.2539	1.971224	0.4929367	0.640379	0.359621	1.32754
41556	-3996.649	-4256.828	260.1793	1.903776	0.5538156	0.714892	0.285108	1.362882
41562	-3993.542	-4253.61	260.0677	1.96398	0.5203662	0.675515	0.324485	1.44369
41568	-3998.389	-4258.356	259.9668	1.944115	0.5899672	0.675515	0.324485	1.454197
41574	-3999.663	-4259.658	259.9943	1.835766	0.3953032	0.702146	0.297854	1.751416
41580	-3996.442	-4256.381	259.9381	1.835766	0.4715988	0.751976	0.248024	1.692729
41586	-3989.624	-4249.668	260.0432	1.916048	0.5962689	0.582694	0.417306	1.409968
41592	-3994.252	-4254.501	260.249	1.954202	0.6091894	0.591104	0.408896	1.196616
41598	-3985.98	-4246.133	260.153	2.074955	0.5874042	0.69555	0.30445	1.202622
41604	-3987.153	-4247.554	260.4011	2.020123	0.4612838	0.585027	0.414973	1.210237
41610	-3994.855	-4255.279	260.4231	2.020123	0.4743409	0.709913	0.290087	1.171821
41616	-3991.91	-4251.905	259.9945	2.020123	0.6310532	0.668155	0.331845	1.327144
41622	-3993.952	-4254.041	260.0898	1.95157	0.6041287	0.756134	0.243866	1.336451
41628	-3994.843	-4254.868	260.0251	1.994855	0.5579607	0.664782	0.335218	1.407356
41634	-3992.48	-4252.769	260.2887	1.994855	0.5778736	0.762329	0.237671	1.166726
41640	-3997.54	-4257.592	260.0523	1.960656	0.5778736	0.678104	0.321896	1.389325
41646	-3993.214	-4253.519	260.3042	1.906205	0.4989686	0.753096	0.246904	1.331284
41652	-3993.856	-4253.818	259.9618	1.946627	0.5493173	0.711634	0.288366	1.502444
41658	-3995.754	-4255.798	260.0449	1.913302	0.534992	0.644605	0.355395	1.481827
41664	-4000.882	-4260.907	260.0251	1.906525	0.5520384	0.744046	0.255954	1.481827
41670	-4006.61	-4266.698	260.0877	1.82492	0.5714553	0.627409	0.372591	1.473825
41676	-3984.735	-4244.847	260.1123	1.927146	0.5728817	0.731905	0.268095	1.374432
41682	-3998.925	-4259.095	260.1707	1.927146	0.5029344	0.768661	0.231339	1.414649
41688	-3982.977	-4243.222	260.2455	1.885495	0.5397901	0.68226	0.31774	1.342193
41694	-3979.551	-4239.535	259.9845	1.839242	0.5507656	0.684452	0.315548	1.563605
41700	-3987.235	-4247.227	259.9915	1.88575	0.5169348	0.811271	0.188729	1.563605
41706	-3991.555	-4251.473	259.9187	1.919374	0.5611184	0.652368	0.347632	1.541315
41712	-3984.133	-4244.451	260.3176	1.938792	0.5160123	0.652368	0.347632	1.271261
41718	-3994.461	-4254.727	260.2658	1.938792	0.5478847	0.664767	0.335233	1.272353
41724	-3991.287	-4251.633	260.3459	1.956245	0.4875066	0.664767	0.335233	1.272353
41730	-3998.247	-4258.28	260.0329	1.842184	0.5602248	0.643674	0.356326	1.514873
41736	-3997.03	-4257.096	260.0658	1.861884	0.5602248	0.643674	0.356326	1.475311
41742	-3983.923	-4243.722	259.7987	1.861884	0.5617693	0.742907	0.257093	1.669529
41748	-3996.238	-4256.17	259.9317	1.861884	0.454452	0.797455	0.202545	1.700004
41754	-4003.42	-4263.563	260.1421	1.807131	0.4706723	0.742404	0.257596	1.567367
41760	-4004.398	-4264.189	259.7909	1.91516	0.6055504	0.731518	0.268482	1.589872
41766	-4003.268	-4262.791	259.5236	1.744486	0.5296193	0.665219	0.334781	1.97471
41772	-4007.31	-4267.198	259.8879	1.777015	0.5663602	0.722883	0.277117	1.66146
41778	-3987.915	-4247.783	259.8684	1.799484	0.5663602	0.647331	0.352669	1.659361
41784	-3993.076	-4252.931	259.8547	1.853257	0.5403101	0.630124	0.369876	1.659361
41790	-3987.588	-4247.899	260.3108	1.900029	0.4953531	0.776551	0.223449	1.335756
41796	-3991.036	-4251.432	260.3957	1.86956	0.442458	0.766033	0.233967	1.365148
41802	-3994.455	-4254.691	260.2361	1.86956	0.4169421	0.566333	0.433667	1.523096
41808	-3982.392	-4242.796	260.4042	1.896543	0.4169421	0.599845	0.400155	1.374113
41814	-3985.214	-4245.354	260.1405	1.952447	0.6143838	0.66409	0.33591	1.282787
41820	-3967.516	-4227.637	260.1208	1.942135	0.4578096	0.62562	0.37438	1.499633
41826	-3974.788	-4234.812	260.0237	1.942135	0.4867837	0.653493	0.346507	1.534912
41832	-3989.852	-4250.311	260.4598	1.996584	0.3982618	0.691946	0.308054	1.277685
41838	-4007.231	-4267.557	260.3256	1.93402	0.4896585	0.691946	0.308054	1.304075
41844	-4013.192	-4273.409	260.2178	1.9928	0.4808669	0.753171	0.246829	1.355258
41850	-4002.156	-4262.321	260.1644	1.9928	0.4808669	0.608609	0.391391	1.397229
41856	-3994.063	-4254.344	260.2811	2.022829	0.4673545	0.724695	0.275305	1.299001
41862	-3990.713	-4250.992	260.2796	2.03308	0.465196	0.691941	0.308059	1.294963
41868	-3991.565	-4251.664	260.099	2.03308	0.5924994	0.771968	0.228032	1.276664
41874	-3996.18	-4256.434	260.2541	2.140264	0.5120841	0.658962	0.341038	1.159427
41880	-4007.215	-4267.268	260.0529	2.140264	0.6703879	0.57275	0.42725	1.130847
41886	-4001.538	-4261.756	260.2183	2.042001	0.5076683	0.754439	0.245561	1.279208
41892	-3994.854	-4254.744	259.8903	2.098041	0.709353	0.754439	0.245561	1.262822
41898	-3995.72	-4255.776	260.0558	2.010302	0.5327577	0.611654	0.388346	1.401971
41904	-3980.962	-4241.537	260.575	1.973805	0.3655264	0.697535	0.302465	1.255117
41910	-3986.074	-4246.392	260.3182	1.885547	0.3980282	0.697535	0.302465	1.476527
41916	-3991.32	-4251.427	260.1072	1.934586	0.3980282	0.744357	0.255643	1.596641
41922	-4003.817	-4263.676	259.8594	1.936606	0.5254167	0.741995	0.258005	1.612909
41928	-3988.305	-4248.206	259.901	1.896599	0.4553293	0.733004	0.266996	1.69604
41934	-3991.093	-4251.167	260.0746	1.811823	0.4294155	0.76426	0.23574	1.665982
41940	-3993.944	-4254.022	260.0788	1.864598	0.3991499	0.770717	0.229283	1.665982
41946	-3992.949	-4252.937	259.9878	1.85171	0.4052472	0.732789	0.267211	1.731355
41952	-4010.506	-4270.523	260.0163	1.773434	0.4186812	0.721977	0.278023	1.748469
41958	-3993.528	-4253.313	259.7852	1.773434	0.3991279	0.674704	0.325296	1.932669
41964	-3992.019	-4251.868	259.8494	1.765112	0.3708677	0.720635	0.279365	1.932669
41970	-3988.556	-4248.387	259.8307	1.718282	0.4618175	0.672764	0.327236	1.861069
41976	-3993.258	-4253.224	259.9659	1.689464	0.405534	0.701333	0.298667	1.858568
41982	-3999.448	-4258.734	259.286	1.548746	0.5555797	0.662356	0.337644	2.232486
41988	-4016.751	-4275.983	259.2327	1.738933	0.6315849	0.7228	0.2772	2.070685
41994	-4018.778	-4278.642	259.8648	1.970456	0.6342067	0.69325	0.30675	1.463506
42000	-4005.648	-4265.851	260.2028	1.928962	0.4460309	0.659223	0.340777	1.463506
42006	-4020.612	-4280.827	260.2151	1.893858	0.4406155	0.585006	0.414994	1.48808
42012	-4019.805	-4279.79	259.985	1.85593	0.5183854	0.585006	0.414994	1.588419
42018	-4014.652	-4274.533	259.8815	1.853408	0.5553193	0.652014	0.347986	1.623209
42024	-3992.845	-4252.929	260.084	1.853408	0.5468327	0.785616	0.214384	1.483566
42030	-3996.241	-4256.496	260.2549	2.019234	0.4574822	0.699939	0.300061	1.336886
42036	-3996.406	-4256.691	260.285	2.052729	0.5702159	0.699939	0.300061	1.128892
42042	-3996.694	-4256.973	260.2798	2.052729	0.5241315	0.630391	0.369609	1.196246
42048	-4002.232	-4262.539	260.3062	2.268234	0.5241315	0.796436	0.203564	0.9709393
42054	-3983.854	-4244.213	260.3592	2.191835	0.5226	0.718823	0.281177	0.9972953
42060	-3991.039	-4251.55	260.5114	2.159581	0.4775674	0.729043	0.270957	0.9504902
42066	-3979.182	-4239.437	260.2549	2.145817	0.5276615	0.659049	0.340951	1.131498
42072	-3981.99	-4242.562	260.5725	2.092099	0.3809339	0.760496	0.239504	1.128494
42078	-3984.993	-4245.502	260.5094	2.092099	0.3755626	0.659718	0.340282	1.193355
42084	-3987.957	-4248.317	260.3601	2.024884	0.494088	0.686252	0.313748	1.193355
42090	-3984.298	-4244.577	260.2785	2.069973	0.494088	0.657448	0.342552	1.224468
42096	-3982.646	-4242.981	260.335	2.055023	0.440405	0.684233	0.315767	1.267511
42102	-3998.635	-4258.808	260.1732	2.088222	0.5086427	0.70053	0.29947	1.276963
42108	-3994.185	-4254.499	260.3141	2.088222	0.4859016	0.678315	0.321685	1.190219
42114	-3995.98	-4256.32	260.3393	2.081154	0.4319328	0.701816	0.298184	1.255042
42120	-4000.816	-4261.284	260.468	2.128053	0.4669942	0.728374	0.271626	1.043929
42126	-3998.136	-4258.389	260.2525	2.122993	0.4669942	0.767922	0.232078	1.240525
42132	-4006.055	-4266.312	260.2568	2.040211	0.5137927	0.630596	0.369404	1.240525
42138	-4000.285	-4260.758	260.4734	2.040211	0.3918858	0.704882	0.295118	1.240525
42144	-3993.177	-4253.343	260.166	2.040211	0.5368477	0.704882	0.295118	1.285211
42150	-3990.379	-4250.369	259.9895	1.973123	0.5368477	0.562468	0.437532	1.476261
42156	-3982.793	-4242.841	260.0479	1.973068	0.5328137	0.703888	0.296112	1.436688
42162	-3984.645	-4244.724	260.0792	1.973982	0.5295629	0.675754	0.324246	1.415858
42168	-3985.184	-4245.24	260.0559	1.976615	0.5295629	0.698013	0.301987	1.431812
42174	-3988.001	-4248.349	260.3484	1.88114	0.4873133	0.684912	0.315088	1.331506
42180	-3986.497	-4246.73	260.2333	2.024873	0.4552116	0.60574	0.39426	1.35276
42186	-3979.466	-4239.707	260.2409	1.969734	0.5694257	0.606228	0.393772	1.240008
42192	-3979.846	-4240.258	260.4119	1.969734	0.4385923	0.677042	0.322958	1.277116
42198	-3990.692	-4250.922	260.2297	2.029608	0.575414	0.631608	0.368392	1.190999
42204	-3981.346	-4241.452	260.1053	2.029608	0.5537966	0.553297	0.446703	1.32166
42210	-3983.96	-4244.091	260.1307	1.898382	0.4513396	0.697519	0.302481	1.533396
42216	-3984.052	-4244.342	260.2902	1.912183	0.4648078	0.674438	0.325562	1.383503
42222	-3982.238	-4242.481	260.2432	2.010526	0.424673	0.58284	0.41716	1.399619
42228	-3997.694	-4258.226	260.5322	1.963821	0.4049155	0.736537	0.263463	1.234138
42234	-3991.225	-4251.415	260.1895	1.941377	0.5343839	0.698283	0.301717	1.349044
42240	-3990.535	-4250.824	260.2894	1.813073	0.4431062	0.698283	0.301717	1.489579
42246	-4003.733	-4263.856	260.1237	1.885157	0.5057653	0.620789	0.379211	1.479064
42252	-3989.568	-4249.609	260.0405	1.83614	0.4355309	0.690218	0.309782	1.664987
42258	-3988.646	-4248.678	260.0317	1.88115	0.518701	0.690218	0.309782	1.53519
42264	-3981.265	-4241.3	260.0344	1.908996	0.518701	0.690218	0.309782	1.512423
42270	-3989.967	-4250.331	260.364	1.908996	0.4255651	0.601808	0.398192	1.383248
42276	-3981.983	-4242.076	260.0927	1.879883	0.4947187	0.716268	0.283732	1.520012
42282	-3983.972	-4244.339	260.3676	1.906681	0.4510412	0.677716	0.322284	1.345851
42288	-3983.994	-4244.362	260.3685	1.965555	0.4510412	0.672341	0.327659	1.297787
42294	-3983.144	-4243.587	260.4432	1.965555	0.4103177	0.711971	0.288029	1.297787
42300	-3983.329	-4243.253	259.9233	1.829243	0.6039281	0.711971	0.288029	1.557522
42306	-3967.109	-4227.032	259.9232	1.748581	0.5544141	0.711971	0.288029	1.669596
42312	-3978.533	-4238.819	260.2858	1.924294	0.4721076	0.713548	0.286452	1.367493
42318	-3997.327	-4257.265	259.9375	1.932437	0.6203254	0.711723	0.288277	1.45201
42324	-4000.644	-4260.981	260.3371	1.950839	0.4342785	0.768899	0.231101	1.358967
42330	-3992.142	-4252.31	260.168	1.950839	0.5204594	0.621074	0.378926	1.376071
42336	-3992.316	-4252.564	260.2477	1.866363	0.4574371	0.720258	0.279742	1.461513
42342	-3998.3	-4258.539	260.2386	1.962156	0.4099476	0.676662	0.323338	1.461513
42348	-4005.468	-4265.547	260.079	1.889197	0.5591656	0.67572	0.32428	1.445727
42354	-4001.734	-4261.926	260.192	1.921335	0.4163392	0.64633	0.35367	1.51828
42360	-3994.889	-4254.958	260.0694	1.954461	0.4659283	0.64633	0.35367	1.51828
42366	-3998.042	-4258.111	260.0683	1.997212	0.5195671	0.639734	0.360266	1.4187
42372	-3997.934	-4257.987	260.0526	1.936912	0.5527326	0.731576	0.268424	1.437011
42378	-3989.987	-4250.116	260.1288	1.840828	0.4182555	0.647397	0.352603	1.621054
42384	-3991.055	-4250.973	259.9185	1.837444	0.4694847	0.650123	0.349877	1.708015
42390	-3981.447	-4241.488	260.041	1.81281	0.4452124	0.661424	0.338576	1.668805
42396	-4000.416	-4260.451	260.035	1.800393	0.4721456	0.661417	0.338583	1.648181
42402	-3993.716	-4253.086	259.37	1.740451	0.5261356	0.652564	0.347436	2.083008
42408	-3980.888	-4240.734	259.8459	1.738561	0.4338369	0.708235	0.291765	1.870969
42414	-3983.173	-4242.602	259.4292	1.778202	0.5646815	0.708235	0.291765	1.978935
42420	-3996.129	-4256.095	259.9663	1.778202	0.4178518	0.57218	0.42782	1.781107
42426	-3990.141	-4250.191	260.0499	1.816054	0.4120995	0.639091	0.360909	1.703521
42432	-3994.532	-4254.083	259.551	1.792322	0.5532733	0.737626	0.262374	1.899057
42438	-3997.919	-4257.907	259.9875	1.773042	0.4604268	0.700692	0.299308	1.715896
42444	-3996.591	-4256.348	259.7566	1.721695	0.5616539	0.700692	0.299308	1.797763
42450	-3987.038	-4246.809	259.7711	1.721695	0.4583958	0.725403	0.274597	1.903396
42456	-3989.059	-4248.642	259.5828	1.653059	0.4373149	0.658488	0.341512	2.099814
42462	-3980.217	-4239.626	259.4086	1.638455	0.3729439	0.715542	0.284458	2.301645
42468	-4000.56	-4260.163	259.6032	1.714756	0.4915393	0.715542	0.284458	1.982905
42474	-3982.71	-4242.233	259.5227	1.714756	0.5010548	0.656156	0.343844	2.025953
42480	-3995.887	-4255.607	259.7206	1.629954	0.4292714	0.746932	0.253068	2.033822
42486	-4011.045	-4269.951	258.9055	1.556969	0.6223692	0.609207	0.390793	2.406988
42492	-4015.353	-4274.214	258.8617	1.535115	0.4935997	0.597202	0.402798	2.57174
42498	-4011.34	-4270.35	259.0102	1.586855	0.4249272	0.639093	0.360907	2.522165
42504	-3991.846	-4251.165	259.3183	1.542006	0.4820067	0.665671	0.334329	2.292236
42510	-4004.132	-4263.108	258.9757	1.542006	0.3937094	0.630515	0.369485	2.608274
42516	-3996.388	-4255.457	259.0692	1.566994	0.4557749	0.660805	0.339195	2.462843
42522	-3978.267	-4237.619	259.3514	1.643181	0.5190756	0.676011	0.323989	2.166154
42528	-3979.124	-4238.734	259.6104	1.653236	0.473256	0.767731	0.232269	2.039646
42534	-3981.019	-4240.082	259.0635	1.605216	0.4239231	0.661824	0.338176	2.478533
42540	-3990.938	-4250.183	259.2451	1.656414	0.6016322	0.760259	0.239741	2.144675
42546	-3977.879	-4237.337	259.4577	1.599339	0.4816875	0.685831	0.314169	2.165761
42552	-3983.141	-4242.623	259.4823	1.59495	0.3998818	0.691996	0.308004	2.248241
42558	-3992.309	-4251.546	259.2377	1.625656	0.5217145	0.691996	0.308004	2.248241
42564	-3985.543	-4244.833	259.2896	1.625656	0.4900962	0.708732	0.291268	2.248241
42570	-4002.818	-4262.264	259.4463	1.625656	0.4963185	0.694324	0.305676	2.140016
42576	-3991.822	-4250.756	258.9341	1.544779	0.5292388	0.656927	0.343073	2.484429
42582	-4009.913	-4268.65	258.7372	1.553171	0.5427989	0.656927	0.343073	2.588544
42588	-3998.349	-4257.24	258.8916	1.474161	0.4508825	0.670458	0.329542	2.636448
42594	-4007.549	-4266.143	258.5939	1.49399	0.4167955	0.59819	0.40181	2.844475
42600	-3990.713	-4249.45	258.7368	1.565377	0.5356891	0.711683	0.288317	2.588139
42606	-4001.272	-4260.401	259.1288	1.57053	0.5356891	0.730318	0.269682	2.33894
42612	-3992.919	-4251.65	258.7302	1.616091	0.513876	0.694468	0.305532	2.58238
42618	-3996.871	-4256.729	259.8581	1.747802	0.4688321	0.674351	0.325649	1.81362
42624	-4000.436	-4260.391	259.9553	1.811132	0.4520568	0.674351	0.325649	1.722135
42630	-3987.31	-4247.323	260.0132	1.873194	0.4813035	0.749007	0.250993	1.600018
42636	-3982.29	-4242.237	259.9469	1.881447	0.4914586	0.663991	0.336009	1.62966
42642	-3984.419	-4244.352	259.9328	1.836529	0.5144845	0.787288	0.212712	1.644855
42648	-3989.503	-4249.651	260.1475	1.887108	0.5144845	0.710352	0.289648	1.448743
42654	-3998.29	-4258.582	260.2916	1.887108	0.4489769	0.710352	0.289648	1.423538
42660	-4006.31	-4266.386	260.0762	1.953002	0.5384721	0.703731	0.296269	1.423538
42666	-4004.584	-4264.574	259.99	1.799734	0.4930576	0.767692	0.232308	1.655464
42672	-4026.184	-4285.804	259.6201	1.834212	0.54819	0.629946	0.370054	1.828572
42678	-4001.441	-4261.257	259.8152	1.936109	0.6084318	0.623814	0.376186	1.553627
42684	-3982.392	-4242.518	260.1266	1.859703	0.4474021	0.730506	0.269494	1.570149
42690	-3993.268	-4253.257	259.9884	1.859703	0.5515254	0.665105	0.334895	1.544831
42696	-3998.099	-4258.308	260.209	1.859703	0.4749387	0.717071	0.282929	1.472921
42702	-3987.377	-4247.439	260.0627	1.870697	0.5436459	0.670855	0.329145	1.490335
42708	-4001.975	-4261.97	259.9943	1.874544	0.5188411	0.733734	0.266266	1.567498
42714	-3992.348	-4252.39	260.0417	1.86499	0.4957374	0.724932	0.275068	1.567498
42720	-3994.042	-4254.145	260.103	1.86499	0.5034817	0.709493	0.290507	1.512624
42726	-3989.682	-4249.927	260.245	1.931223	0.4774892	0.709493	0.290507	1.38685
42732	-3985.515	-4245.894	260.3792	1.967692	0.4705967	0.709493	0.290507	1.259099
42738	-3998.429	-4258.716	260.2865	1.976924	0.4951804	0.524918	0.475082	1.293528
42744	-4000.943	-4261.277	260.3339	1.990932	0.4951804	0.504851	0.495149	1.242829
42750	-4004.113	-4264.583	260.4702	1.990932	0.3674279	0.504851	0.495149	1.323563
42756	-3986.619	-4246.814	260.1944	1.975497	0.5573696	0.679181	0.320819	1.28887
42762	-3981.509	-4241.759	260.2499	2.085487	0.4564726	0.665537	0.334463	1.28887
42768	-3979.042	-4239.493	260.4511	2.155823	0.4564726	0.665537	0.334463	1.051212
42774	-3981.738	-4242.349	260.6113	2.107858	0.4007208	0.665537	0.334463	1.041943
42780	-3996.959	-4257.457	260.498	2.21327	0.455538	0.549135	0.450865	0.9483548
42786	-3993.756	-4253.939	260.1826	2.285618	0.6396776	0.639837	0.360163	0.9002595
42792	-3990.155	-4250.757	260.6023	2.237676	0.4092807	0.586313	0.413687	0.9002595
42798	-3978	-4238.334	260.3333	2.237676	0.5472567	0.739642	0.260358	0.9363655
42804	-3978.965	-4239.332	260.367	2.140919	0.5058336	0.671305	0.328695	1.065532
42810	-3987.43	-4247.919	260.4895	2.122805	0.5058336	0.599993	0.400007	0.9624386
42816	-3980.534	-4240.876	260.3428	2.122805	0.5656395	0.752398	0.247602	1.015527
42822	-3985.055	-4245.395	260.3398	2.144644	0.5289076	0.752398	0.247602	1.052413
42828	-3985.65	-4246.071	260.421	2.144644	0.4897067	0.787539	0.212461	1.035954
42834	-3989.786	-4250.296	260.5095	2.105463	0.4510544	0.767316	0.232684	1.052638
42840	-4009.074	-4269.539	260.4648	2.083379	0.4597688	0.676844	0.323156	1.100638
42846	-3993.866	-4254.323	260.4567	2.140735	0.4934413	0.625728	0.374272	0.9985949
42852	-3994.393	-4254.967	260.5745	2.149288	0.4216174	0.738167	0.261833	0.9985949
42858	-3997.001	-4257.385	260.3836	2.136614	0.4885902	0.743474	0.256526	1.080774
42864	-3986.596	-4246.845	260.249	2.081942	0.5486914	0.657237	0.342763	1.164055
42870	-3987.718	-4248.022	260.3044	2.081942	0.5142329	0.691228	0.308772	1.163415
42876	-3995.494	-4255.737	260.2434	2.074263	0.5395218	0.677179	0.322821	1.188051
42882	-3999.635	-4259.802	260.1666	2.074263	0.5908844	0.583159	0.416841	1.187092
42888	-3976.572	-4236.506	259.9343	1.92673	0.6069884	0.737371	0.262629	1.473272
42894	-3972.373	-4232.709	260.3359	1.995177	0.4822917	0.722027	0.277973	1.255669
42900	-3966.69	-4226.876	260.1852	2.020639	0.5678939	0.655716	0.344284	1.245906
42906	-3976.616	-4236.794	260.1784	2.016413	0.5294681	0.655716	0.344284	1.303991
42912	-4006.493	-4266.711	260.2182	1.97923	0.5670395	0.79717	0.20283	1.253994
42918	-4007.906	-4268.038	260.1313	2.039051	0.6118136	0.664251	0.335749	1.221406
42924	-4000.967	-4261.194	260.2273	1.970897	0.5421368	0.696604	0.303396	1.284995
42930	-3999.952	-4260.198	260.2461	1.93487	0.464599	0.616471	0.383529	1.400519
42936	-3984.732	-4244.717	259.9848	1.928684	0.5777529	0.706997	0.293003	1.46607
42942	-3978.462	-4238.721	260.259	1.979517	0.5239897	0.752378	0.247622	1.275383
42948	-3970.575	-4230.956	260.3815	2.059862	0.505098	0.648511	0.351489	1.127841
42954	-3985.748	-4245.998	260.2496	2.059862	0.5899953	0.750914	0.249086	1.127841
42960	-3982.088	-4242.552	260.4642	2.119567	0.4651241	0.68838	0.31162	1.058765
42966	-3984.193	-4244.645	260.4517	2.120909	0.4621227	0.675904	0.324096	1.074187
42972	-3989.017	-4249.323	260.3064	2.008557	0.5155401	0.797528	0.202472	1.222994
42978	-3975.854	-4236.218	260.3646	2.008557	0.4804633	0.769625	0.230375	1.222994
42984	-3977.639	-4237.99	260.3512	1.974727	0.4804633	0.743381	0.256619	1.262525
42990	-3986.445	-4246.698	260.2533	1.99279	0.5330153	0.714204	0.285796	1.257293
42996	-3984.571	-4245.007	260.4361	2.020513	0.4876941	0.698039	0.301961	1.140003
43002	-3990.853	-4251.198	260.3443	2.040596	0.4680624	0.747001	0.252999	1.231025
43008	-3985.689	-4245.906	260.2172	2.040596	0.6061746	0.735574	0.264426	1.152898
43014	-3992.189	-4252.452	260.2628	2.162848	0.5602113	0.681648	0.318352	1.061993
43020	-3999.313	-4259.519	260.2054	2.074133	0.6418023	0.66305	0.33695	1.087733
43026	-3978.598	-4238.884	260.286	2.084822	0.5301916	0.686779	0.313221	1.154523
43032	-3975.239	-4235.536	260.2967	2.084822	0.5301916	0.705839	0.294161	1.145024
43038	-3985.582	-4245.976	260.3945	2.084822	0.4958526	0.726948	0.273052	1.107297
43044	-3990.525	-4250.917	260.3915	2.084822	0.4958526	0.732742	0.267258	1.110045
43050	-3989.062	-4249.417	260.3546	2.125538	0.4902645	0.624202	0.375798	1.114995
43056	-4009.427	-4269.85	260.4223	2.075578	0.4902645	0.738446	0.261554	1.098806
43062	-3986.949	-4247.318	260.3693	1.910162	0.4530416	0.664713	0.335287	1.338887
43068	-3991.422	-4251.596	260.1747	1.980478	0.5262791	0.763038	0.236962	1.339953
43074	-3997.121	-4257.187	260.0661	2.026094	0.6592623	0.692435	0.307565	1.231475
43080	-3990.256	-4250.537	260.281	1.944471	0.5360387	0.692435	0.307565	1.270427
43086	-3990.976	-4251.134	260.158	2.017065	0.5360387	0.692003	0.307997	1.311539
43092	-3987.406	-4247.536	260.1305	1.939063	0.6060468	0.692003	0.307997	1.311539
43098	-3979.593	-4240.005	260.4127	1.939063	0.4774207	0.669115	0.330885	1.245373
43104	-3978.703	-4238.755	260.0522	1.939063	0.5675532	0.645516	0.354484	1.418215
43110	-3978.451	-4238.593	260.142	1.939063	0.510368	0.629883	0.370117	1.418215
43116	-3975.535	-4235.748	260.2125	1.939063	0.4273574	0.644977	0.355023	1.474139
43122	-3980.598	-4240.53	259.9322	1.939063	0.5565366	0.594784	0.405216	1.521879
43128	-3992.622	-4252.501	259.8783	1.915319	0.6417408	0.814917	0.185083	1.487075
43134	-3986.199	-4246.159	259.9601	1.869446	0.5939722	0.717543	0.282457	1.511181
43140	-3988.243	-4248.629	260.3861	1.998706	0.471136	0.664237	0.335763	1.226644
43146	-3986.703	-4246.919	260.2158	1.944719	0.6077713	0.686684	0.313316	1.234631
43152	-3985.388	-4245.718	260.3307	2.02532	0.5217051	0.74449	0.25551	1.179358
43158	-3985.283	-4245.622	260.3385	2.02532	0.4762629	0.67628	0.32372	1.236937
43164	-3990.998	-4251.326	260.3278	1.987592	0.5077447	0.689726	0.310274	1.233333
43170	-3986.594	-4246.766	260.1727	1.918312	0.5382781	0.742489	0.257511	1.375692
43176	-3995.559	-4255.862	260.3026	1.959079	0.4275638	0.819571	0.180429	1.389231
43182	-4000.229	-4260.451	260.2217	1.91903	0.4967847	0.819571	0.180429	1.389231
43188	-3993.629	-4253.788	260.1597	1.91903	0.5707721	0.776762	0.223238	1.345929
43194	-3993.103	-4253.162	260.0589	1.98079	0.6201866	0.668844	0.331156	1.319306
43200	-3995.687	-4255.979	260.2919	1.954372	0.492166	0.64416	0.35584	1.311497
43206	-3989.644	-4249.783	260.1392	1.952835	0.492166	0.64416	0.35584	1.432894
43212	-3992.678	-4252.911	260.233	1.952835	0.4245678	0.576218	0.423782	1.45206
43218	-3991.282	-4251.61	260.3273	1.943204	0.398369	0.636088	0.363912	1.425089
43224	-3994.675	-4254.693	260.0184	1.943204	0.5143449	0.62731	0.37269	1.504105
43230	-3995.838	-4255.887	260.049	1.836275	0.5629833	0.668059	0.331941	1.504105
43236	-3988.664	-4248.697	260.0336	1.984362	0.5645522	0.636903	0.363097	1.401061
43242	-3995.537	-4255.75	260.2127	1.933593	0.5102637	0.659792	0.340208	1.367477
43248	-3975.143	-4235.329	260.1859	1.894498	0.5157501	0.708601	0.291399	1.411937
43254	-3987.49	-4247.455	259.9642	1.847722	0.55372	0.700997	0.299003	1.56893
43260	-4001.024	-4261.116	260.0923	1.976361	0.5101883	0.798139	0.201861	1.428
43266	-4003.924	-4263.968	260.0439	1.897092	0.5928324	0.798139	0.201861	1.428
43272	-3988.327	-4248.246	259.9183	1.856943	0.4440681	0.644988	0.355012	1.725951
43278	-3989.109	-4248.964	259.8559	1.813298	0.5510019	0.629836	0.370164	1.675187
43284	-3988.22	-4248.356	260.1356	1.89182	0.5510019	0.685076	0.314924	1.409836
43290	-3989.857	-4250.012	260.1548	1.89182	0.5510019	0.677456	0.322544	1.394927
43296	-3990.372	-4250.369	259.9977	1.892046	0.5514764	0.677456	0.322544	1.513907
43302	-3988.33	-4248.409	260.0786	1.83871	0.5338162	0.756685	0.243315	1.513907
43308	-3989.81	-4249.645	259.8346	1.813259	0.5546106	0.817607	0.182393	1.686402
43314	-3999.792	-4259.711	259.9189	1.700384	0.5546106	0.618224	0.381776	1.706629
43320	-3996.392	-4256.236	259.844	1.709334	0.493464	0.680933	0.319067	1.821
43326	-4005.061	-4265.115	260.0532	1.735417	0.3994627	0.532881	0.467119	1.774665
43332	-3990.145	-4249.829	259.6838	1.757485	0.5964971	0.742161	0.257839	1.787407
43338	-3999.334	-4259.119	259.7852	1.757485	0.5490655	0.789224	0.210776	1.766461
43344	-4011.291	-4271.104	259.8125	1.736127	0.5715112	0.755637	0.244363	1.738303
43350	-4001.186	-4261.267	260.0809	1.853082	0.5744258	0.731644	0.268356	1.454234
43356	-4002.064	-4262.267	260.2027	1.844657	0.4069439	0.629654	0.370346	1.580056
43362	-4001.937	-4261.896	259.9594	1.784321	0.5648941	0.764208	0.235792	1.606237
43368	-3997.11	-4257.176	260.0657	1.858704	0.4528566	0.752427	0.247573	1.608228
43374	-4000.221	-4260.195	259.9742	1.832181	0.4421361	0.629198	0.370802	1.706481
43380	-3989.119	-4249.322	260.2028	1.832181	0.4178637	0.581066	0.418934	1.574066
43386	-3992.436	-4252.372	259.9366	1.821958	0.4875025	0.71113	0.28887	1.684379
43392	-3988.252	-4247.971	259.7184	1.821958	0.5468459	0.71113	0.28887	1.770459
43398	-3994.493	-4254.601	260.1082	1.762859	0.4303121	0.575262	0.424738	1.675786
43404	-3998.262	-4258.075	259.8133	1.797428	0.5636791	0.641435	0.358565	1.702914
43410	-3987.023	-4247.044	260.0212	1.797428	0.4868232	0.636496	0.363504	1.642284
43416	-3978.584	-4238.671	260.0875	1.841305	0.4868232	0.623125	0.376875	1.562207
43422	-3988.451	-4248.66	260.2096	1.896956	0.4868232	0.623125	0.376875	1.428645
43428	-3985.474	-4245.882	260.4083	1.896956	0.3783845	0.557531	0.442469	1.428645
43434	-3995.435	-4255.753	260.3181	1.959918	0.4342934	0.599728	0.400272	1.366793
43440	-4008.142	-4268.428	260.2858	2.024017	0.4342934	0.663545	0.336455	1.341544
43446	-3999.774	-4260.101	260.3265	1.81611	0.4282693	0.69018	0.30982	1.479641
43452	-3978.543	-4238.503	259.9601	1.828761	0.5838715	0.69018	0.30982	1.552429
43458	-3983.764	-4243.37	259.6054	1.724273	0.5430083	0.723015	0.276985	1.919114
43464	-4007.346	-4266.992	259.6458	1.724273	0.5430083	0.656303	0.343697	1.891692
43470	-3970.84	-4230.868	260.0272	1.77733	0.5761727	0.767865	0.232135	1.549332
43476	-3988.957	-4248.956	259.9994	1.77733	0.4853562	0.758915	0.241085	1.674005
43482	-3981.463	-4241.482	260.0195	1.782675	0.5021407	0.670381	0.329619	1.635748
43488	-3978.416	-4238.518	260.1021	1.921969	0.5021407	0.670381	0.329619	1.47207
43494	-3985.847	-4245.779	259.9319	1.655014	0.4489672	0.703639	0.296361	1.850663
43500	-3985.677	-4245.41	259.7334	1.781382	0.6306056	0.726462	0.273538	1.70168
43506	-3990.212	-4250.169	259.9567	1.806308	0.52416	0.599536	0.400464	1.638186
43512	-3985.763	-4245.709	259.9462	1.806308	0.52416	0.634672	0.365328	1.645754
43518	-3994.582	-4253.916	259.3336	1.789007	0.6695158	0.634672	0.365328	1.93539
43524	-3983.043	-4242.674	259.6314	1.738031	0.5188612	0.707865	0.292135	1.918114
43530	-3981.805	-4241.637	259.832	1.729381	0.4800592	0.707865	0.292135	1.831025
43536	-3988.663	-4248.373	259.7105	1.909282	0.6417377	0.714422	0.285578	1.61539
43542	-3980.727	-4240.723	259.9954	1.821091	0.510603	0.794346	0.205654	1.61539
43548	-3979.225	-4239.131	259.9056	1.844634	0.5524284	0.794346	0.205654	1.61539
43554	-3979.071	-4239.045	259.9741	1.865165	0.5747929	0.644976	0.355024	1.525109
43560	-3987.852	-4248.119	260.2666	1.959328	0.4569535	0.679692	0.320308	1.375794
43566	-3995.934	-4255.773	259.8395	1.9192	0.695829	0.733646	0.266354	1.458455
43572	-3990.042	-4249.896	259.854	1.833664	0.5301972	0.733646	0.266354	1.685185
43578	-3976.944	-4236.645	259.7011	1.874558	0.6146571	0.685832	0.314168	1.674493
43584	-3980.011	-4240.287	260.276	1.919219	0.4662175	0.613379	0.386621	1.387188
43590	-3973.391	-4233.549	260.1575	1.901462	0.5017214	0.729168	0.270832	1.446064
43596	-3981.862	-4242.125	260.2631	1.904968	0.395046	0.666125	0.333875	1.507728
43602	-3989.394	-4249.461	260.0669	1.857402	0.4964991	0.734312	0.265688	1.553599
43608	-3992.148	-4252.136	259.9877	1.857402	0.4964991	0.689463	0.310537	1.611444
43614	-3984.063	-4244.213	260.1503	1.830266	0.4791982	0.772419	0.227581	1.533483
43620	-3978.932	-4238.965	260.0332	1.800077	0.5180489	0.575747	0.424253	1.594418
43626	-3977.389	-4237.436	260.047	1.791241	0.4891717	0.667889	0.332111	1.625297
43632	-3989.004	-4248.516	259.5125	1.755917	0.6412102	0.771478	0.228522	1.862643
43638	-3995.682	-4255.715	260.0325	1.903207	0.4531313	0.792393	0.207607	1.599685
43644	-3982.443	-4242.188	259.7452	1.903207	0.6069853	0.792393	0.207607	1.630166
43650	-3984.121	-4244.273	260.1524	1.999659	0.5366305	0.801217	0.198783	1.329294
43656	-3992.86	-4253.138	260.2782	1.942101	0.5300381	0.695406	0.304594	1.282458
43662	-3990.692	-4250.813	260.1214	1.956694	0.5300381	0.753339	0.246661	1.395929
43668	-3967.528	-4227.768	260.2398	1.888841	0.5300381	0.710695	0.289305	1.356234
43674	-3972.97	-4233.196	260.2259	1.994142	0.5833312	0.822303	0.177697	1.214494
43680	-3987.749	-4247.879	260.1305	1.956228	0.5183156	0.733617	0.266383	1.403806
43686	-3989.392	-4249.422	260.03	1.953223	0.5540791	0.541901	0.458099	1.440255
43692	-3980.01	-4240.277	260.2671	1.908152	0.5324152	0.732409	0.267591	1.316002
43698	-3986.714	-4246.872	260.158	1.895125	0.4925209	0.732409	0.267591	1.462149
43704	-3990.583	-4250.625	260.0422	1.895125	0.5653124	0.74627	0.25373	1.462149
43710	-3992.888	-4252.968	260.0804	1.895125	0.5688637	0.639219	0.360781	1.428847
43716	-3990.823	-4251.282	260.4597	1.926751	0.4918612	0.673085	0.326915	1.195301
43722	-3985.832	-4246.113	260.2809	1.970342	0.4847625	0.613345	0.386655	1.317505
43728	-4000.902	-4261.246	260.3443	1.945507	0.4280723	0.625507	0.374493	1.366408
43734	-4001.286	-4261.784	260.4974	1.945507	0.4572409	0.673109	0.326891	1.197784
43740	-3994.28	-4254.527	260.247	1.941831	0.4698112	0.678171	0.321829	1.387331
43746	-3994.701	-4254.981	260.2801	1.941831	0.4150495	0.761162	0.238838	1.438029
43752	-3988.562	-4248.739	260.177	1.941097	0.4913538	0.768598	0.231402	1.413878
43758	-3989.991	-4250.223	260.2322	2.042461	0.5437721	0.699694	0.300306	1.219206
43764	-3997.482	-4257.729	260.2471	2.017576	0.5501978	0.74129	0.25871	1.219206
43770	-3985.678	-4245.882	260.2044	2.017576	0.5776488	0.74129	0.25871	1.220004
43776	-3977.743	-4237.932	260.1883	2.017576	0.4927118	0.592445	0.407555	1.343196
43782	-3983.846	-4244.071	260.2251	2.097743	0.5725629	0.698728	0.301272	1.139071
43788	-3980.474	-4240.688	260.2143	2.097743	0.5417921	0.721562	0.278438	1.189874
43794	-3987.393	-4247.713	260.3196	2.27859	0.5417921	0.620861	0.379139	0.9159771
43800	-4000.231	-4260.66	260.429	2.221011	0.4666538	0.730122	0.269878	0.9914965
43806	-3994.343	-4254.808	260.4652	2.221011	0.4648401	0.630699	0.369301	0.9576125
43812	-3983.54	-4244.131	260.5905	2.18056	0.4337146	0.684476	0.315524	0.9261644
43818	-3990.656	-4251.103	260.4476	2.18056	0.4886812	0.757617	0.242383	0.9754894
43824	-3988.052	-4248.364	260.3123	2.214914	0.5669342	0.700151	0.299849	0.9507921
43830	-4008.273	-4268.654	260.3815	2.190572	0.5550496	0.680957	0.319043	0.9220909
43836	-4005.484	-4265.767	260.2831	2.167821	0.5876258	0.705963	0.294037	0.9974254
43842	-3981.556	-4241.625	260.0698	2.000826	0.5751272	0.67605	0.32395	1.34715
43848	-3984.019	-4244.279	260.2601	2.000826	0.4893989	0.70056	0.29944	1.30337
43854	-3996.555	-4256.527	259.972	1.944108	0.5636061	0.768664	0.231336	1.480176
43860	-3992.11	-4252.017	259.9064	1.965085	0.5625838	0.768664	0.231336	1.514827
43866	-3991.361	-4251.327	259.9667	1.983947	0.6383919	0.663924	0.336076	1.369825
43872	-3995.369	-4255.85	260.4812	1.991292	0.4489061	0.702497	0.297503	1.184976
43878	-3998.123	-4258.495	260.3717	2.082045	0.5065255	0.648521	0.351479	1.114503
43884	-3970.95	-4231.289	260.3397	2.057895	0.5104947	0.651834	0.348166	1.158819
43890	-3975.543	-4235.598	260.0552	2.201339	0.6491066	0.687749	0.312251	1.099645
43896	-3985.572	-4245.973	260.4006	2.201339	0.5408755	0.707758	0.292242	0.9134833
43902	-3999.49	-4259.547	260.0571	2.250401	0.733085	0.738581	0.261419	0.9411157
43908	-3995.253	-4255.505	260.2523	2.250401	0.6062778	0.656989	0.343011	0.9145616
43914	-4007.02	-4267.415	260.3942	2.201857	0.5301052	0.655614	0.344386	0.9383049
43920	-3994.716	-4255.138	260.4224	2.235968	0.5070136	0.665348	0.334652	0.9109216
43926	-3997.002	-4257.366	260.3648	2.17417	0.5679253	0.691456	0.308544	0.9366968
43932	-4001.552	-4261.809	260.257	2.17417	0.5523125	0.661997	0.338003	1.068198
43938	-3987.937	-4248.137	260.1995	2.17417	0.5948961	0.658092	0.341908	1.06209
43944	-3989.34	-4249.485	260.1448	2.168491	0.5948961	0.658092	0.341908	1.117875
43950	-3989.355	-4249.812	260.4578	2.295252	0.5159609	0.658092	0.341908	0.7765112
43956	-3990.99	-4251.232	260.2425	2.444026	0.5428449	0.731971	0.268029	0.8087737
43962	-3998.749	-4258.959	260.2092	2.444764	0.5917264	0.712002	0.287998	0.7509267
43968	-3996.996	-4257.338	260.342	2.415334	0.5256428	0.729265	0.270735	0.747657
43974	-3990.813	-4251.237	260.4244	2.490788	0.4645747	0.638269	0.361731	0.6482462
43980	-3995.061	-4255.579	260.518	2.455438	0.430041	0.684837	0.315163	0.6557184
43986	-3991.773	-4252.1	260.3265	2.451751	0.534571	0.697336	0.302664	0.6898433
43992	-3986.036	-4246.468	260.432	2.439638	0.4741354	0.725319	0.274681	0.7006315
43998	-3984.923	-4245.359	260.436	2.43677	0.4814138	0.725319	0.274681	0.67577
44004	-3990.652	-4251.147	260.4953	2.458187	0.4350857	0.710817	0.289183	0.6770867
44010	-3998.236	-4258.679	260.4427	2.458187	0.4646384	0.669528	0.330472	0.6770867
44016	-3981.931	-4242.219	260.288	2.458187	0.5674292	0.666825	0.333175	0.6532567
44022	-3985.821	-4246.269	260.4477	2.406593	0.4851067	0.726589	0.273411	0.6982892
44028	-4002.379	-4262.673	260.2937	2.595029	0.4851067	0.755724	0.244276	0.6280256
44034	-3992.062	-4252.309	260.2467	2.406834	0.5763649	0.664681	0.335319	0.7842735
44040	-3981.894	-4242.319	260.4251	2.330906	0.5196082	0.749597	0.250403	0.7639031
44046	-3983.399	-4243.839	260.4403	2.283493	0.5196082	0.688283	0.311717	0.8081323
44052	-3976.447	-4236.788	260.3413	2.335885	0.5536829	0.723649	0.276351	0.7989116
44058	-3977.227	-4237.62	260.3928	2.329558	0.5048357	0.746689	0.253311	0.8405225
44064	-3977.961	-4238.344	260.3831	2.312795	0.5087478	0.701503	0.298497	0.8647085
44070	-3990.372	-4250.672	260.3006	2.312795	0.5610612	0.701503	0.298497	0.8647085
44076	-3980.48	-4240.989	260.5093	2.256195	0.4674217	0.611092	0.388908	0.8647085
44082	-3992.155	-4252.34	260.1847	2.256922	0.6346406	0.716055	0.283945	0.9371354
44088	-3980.767	-4240.981	260.2146	2.246041	0.6346406	0.664749	0.335251	0.9165587
44094	-3985.898	-4246.305	260.4065	2.252598	0.494187	0.664749	0.335251	0.9333313
44100	-3988.386	-4248.883	260.4966	2.115054	0.4880304	0.745447	0.254553	0.9933417
44106	-3980.284	-4240.666	260.3818	2.102548	0.4880304	0.651425	0.348575	1.11459
44112	-3987.493	-4247.943	260.4498	2.126315	0.4880304	0.701022	0.298978	1.028512
44118	-3977.481	-4237.927	260.4459	2.22821	0.4880304	0.639076	0.360924	0.9282355
44124	-3987.486	-4247.833	260.3464	2.22821	0.5328376	0.655502	0.344498	0.9564345
44130	-3983.571	-4243.719	260.1473	2.155412	0.6462717	0.593866	0.406134	1.060252
44136	-3989.086	-4249.542	260.4557	2.109172	0.4812461	0.782997	0.217003	1.050461
44142	-3996.286	-4256.737	260.4507	2.081883	0.4812461	0.633584	0.366416	1.080813
44148	-3989.377	-4249.294	259.9166	1.956435	0.6618522	0.695529	0.304471	1.405293
44154	-3982.936	-4243.018	260.0825	1.906868	0.4886805	0.682962	0.317038	1.515035
44160	-3991.884	-4252.081	260.1978	1.851073	0.4484156	0.682962	0.317038	1.522597
44166	-3987.72	-4247.845	260.1249	1.855094	0.4611779	0.649081	0.350919	1.556898
44172	-3986.204	-4246.269	260.0645	1.893433	0.5150617	0.608548	0.391452	1.506016
44178	-3996.377	-4256.492	260.115	1.880095	0.5404123	0.656644	0.343356	1.447335
44184	-4001.149	-4261.327	260.1772	1.910949	0.4150624	0.650917	0.349083	1.538715
44190	-3991.069	-4250.969	259.9	1.90902	0.6474135	0.650917	0.349083	1.469528
44196	-3995.745	-4255.589	259.8445	1.828897	0.5590868	0.62182	0.37818	1.663331
44202	-3983.801	-4243.798	259.997	1.959996	0.5590868	0.628114	0.371886	1.454387
44208	-3979.765	-4240.038	260.2724	2.040234	0.5719701	0.697106	0.302894	1.14892
44214	-3989.598	-4249.774	260.1763	2.001626	0.5719701	0.747714	0.252286	1.264003
44220	-3994.854	-4255.236	260.3817	2.02796	0.4319251	0.61717	0.38283	1.264003
44226	-3987.063	-4247.409	260.3463	1.974798	0.5156102	0.736417	0.263583	1.21776
44232	-3993.334	-4253.621	260.2872	1.934781	0.448013	0.589185	0.410815	1.391287
44238	-4006.491	-4266.722	260.2311	1.924456	0.4680311	0.531556	0.468444	1.41556
44244	-3991.548	-4251.681	260.1328	1.975808	0.4594436	0.660953	0.339047	1.462984
44250	-3981.34	-4241.389	260.0494	2.006007	0.6186126	0.655388	0.344612	1.308431
44256	-3972.341	-4232.384	260.0431	1.956336	0.5433894	0.654242	0.345758	1.440495
44262	-3979.504	-4239.714	260.2098	1.960934	0.4187382	0.663842	0.336158	1.471756
44268	-3988.218	-4248.501	260.2825	1.983008	0.4777435	0.637386	0.362614	1.315627
44274	-3981.926	-4242.343	260.4161	2.012705	0.4777435	0.695496	0.304504	1.17933
44280	-3994.501	-4254.868	260.3667	2.089089	0.4777435	0.700276	0.299724	1.155723
44286	-3982.223	-4242.558	260.3348	2.03236	0.5296049	0.700276	0.299724	1.1586
44292	-3987.333	-4247.557	260.2242	2.000774	0.5160683	0.693751	0.306249	1.296879
44298	-3989.24	-4249.41	260.1702	1.843896	0.5545031	0.636071	0.363929	1.415969
44304	-3989.448	-4249.734	260.2859	1.834067	0.462088	0.635481	0.364519	1.450864
44310	-3984.279	-4244.377	260.0977	1.836507	0.5786055	0.682133	0.317867	1.449302
44316	-3982.108	-4241.878	259.7696	1.835544	0.5786055	0.637428	0.362572	1.690951
44322	-3988.33	-4248.291	259.9609	1.835544	0.5165225	0.637428	0.362572	1.622931
44328	-4001.212	-4261.065	259.8535	1.855086	0.5729365	0.693361	0.306639	1.622931
44334	-4001.858	-4261.773	259.915	1.784741	0.4512787	0.709565	0.290435	1.769878
44340	-3999.354	-4259.686	260.332	1.959529	0.4703657	0.755372	0.244628	1.304828
44346	-3996.581	-4256.809	260.2285	1.961766	0.4991652	0.695009	0.304991	1.347087
44352	-3987.614	-4247.845	260.2308	1.965782	0.5097216	0.723687	0.276313	1.328161
44358	-3995.402	-4255.75	260.3487	2.075367	0.5097216	0.723687	0.276313	1.136479
44364	-4008.599	-4268.964	260.3643	2.013413	0.5513756	0.723687	0.276313	1.118742
44370	-3987.224	-4247.39	260.1656	2.030915	0.5473088	0.745316	0.254684	1.279755
44376	-3984.711	-4245.113	260.402	2.063686	0.5314978	0.747876	0.252124	1.066347
44382	-3988.062	-4248.516	260.4536	2.116098	0.4877166	0.737581	0.262419	1.035289
44388	-3982.477	-4242.798	260.3217	2.100172	0.5020523	0.635078	0.364922	1.149674
44394	-3987.529	-4247.967	260.4378	2.058393	0.5020523	0.635078	0.364922	1.082261
44400	-3990.555	-4250.931	260.377	2.058393	0.4859437	0.635078	0.364922	1.161438
44406	-3998.44	-4258.412	259.9719	2.032421	0.682817	0.622228	0.377772	1.278277
44412	-3999.328	-4259.12	259.7919	2.008876	0.6119087	0.769341	0.230659	1.513276
44418	-3987.714	-4247.968	260.2546	2.022799	0.522734	0.665369	0.334631	1.244871
44424	-3985.553	-4245.881	260.3278	2.022799	0.522734	0.796061	0.203939	1.18263
44430	-3980.785	-4240.969	260.1843	2.014354	0.6074428	0.626794	0.373206	1.202691
44436	-3980.304	-4240.388	260.0843	1.958021	0.6074428	0.741956	0.258044	1.331809
44442	-3982.389	-4242.721	260.3327	2.003911	0.4654074	0.619252	0.380748	1.275068
44448	-3980.734	-4241.292	260.5583	2.024853	0.4177751	0.619252	0.380748	1.137746
44454	-3990.287	-4250.545	260.2576	2.032288	0.5101064	0.617373	0.382627	1.251424
44460	-3968.114	-4228.469	260.355	2.037531	0.533765	0.678752	0.321248	1.130231
44466	-3984.564	-4244.928	260.3634	2.055897	0.5099839	0.68169	0.31831	1.140359
44472	-3990.436	-4250.701	260.2647	2.095532	0.5204683	0.737273	0.262727	1.177406
44478	-3987.584	-4248.032	260.4482	2.106193	0.474623	0.656566	0.343434	1.071039
44484	-4006.031	-4266.382	260.3506	2.120341	0.4910786	0.678934	0.321066	1.122117
44490	-3988.731	-4249.186	260.455	2.103257	0.4738974	0.667852	0.332148	1.068564
44496	-3989.616	-4249.643	260.0264	2.127353	0.6781592	0.748113	0.251887	1.156634
44502	-3984.29	-4244.675	260.3849	2.058054	0.5191519	0.670263	0.329737	1.105688
44508	-3984.653	-4244.936	260.2835	2.058054	0.5191519	0.635445	0.364555	1.195378
44514	-3998.99	-4259.444	260.4533	2.043794	0.4304007	0.607021	0.392979	1.192663
44520	-3999.651	-4259.833	260.1822	2.152767	0.6125926	0.797522	0.202478	1.074463
44526	-4003.86	-4264.162	260.3023	2.136322	0.5600089	0.649206	0.350794	1.049951
44532	-4007.171	-4266.918	259.7467	1.637234	0.4670039	0.589291	0.410709	1.966683
44538	-3985.384	-4244.759	259.3751	1.665009	0.5748319	0.594907	0.405093	2.079721
44544	-3983.264	-4242.845	259.5808	1.67626	0.5338544	0.734337	0.265663	1.977595
44550	-3995.507	-4255.088	259.5809	1.7311	0.4803299	0.734337	0.265663	1.999452
44556	-4001.875	-4261.584	259.709	1.681137	0.4358977	0.773154	0.226846	1.999452
44562	-3991.912	-4251.43	259.5182	1.677892	0.4009426	0.773154	0.226846	2.170093
44568	-3972.621	-4231.97	259.3491	1.751839	0.5464135	0.666155	0.333845	2.068236
44574	-3977.17	-4236.657	259.4874	1.727508	0.5464135	0.681617	0.318383	1.992607
44580	-3984.613	-4244.241	259.6283	1.75676	0.43945	0.778535	0.221465	1.99854
44586	-3989.235	-4248.909	259.6745	1.72894	0.4525233	0.750599	0.249401	1.970602
44592	-3995.043	-4255.199	260.1565	1.80658	0.5715006	0.733238	0.266762	1.435313
44598	-4005.955	-4266.008	260.0534	1.80658	0.4750349	0.623042	0.376958	1.626939
44604	-3989.462	-4249.666	260.2042	1.856655	0.4750349	0.618502	0.381498	1.478751
44610	-3989.58	-4249.683	260.1029	1.820545	0.5915895	0.751142	0.248858	1.442858
44616	-3983.414	-4243.411	259.9972	1.928201	0.5915895	0.714187	0.285813	1.441321
44622	-3981.773	-4242.038	260.2652	1.927072	0.5263334	0.793576	0.206424	1.310102
44628	-3971.637	-4232.166	260.5288	2.014613	0.4576272	0.688028	0.311972	1.108443
44634	-3975.26	-4235.543	260.2831	2.094057	0.5591335	0.641223	0.358777	1.108443
44640	-3980.304	-4240.597	260.2938	1.964194	0.5345709	0.661296	0.338704	1.245341
44646	-3982.371	-4242.512	260.141	2.073543	0.5345709	0.520819	0.479181	1.281316
44652	-3987.067	-4247.371	260.3041	2.073543	0.5305934	0.627329	0.372671	1.147943
44658	-3989.874	-4249.994	260.1201	2.141508	0.5395012	0.690325	0.309675	1.235798
44664	-3997.57	-4257.704	260.1335	1.951711	0.5036026	0.66522	0.33478	1.423539
44670	-4001.936	-4262.242	260.3054	2.056036	0.5521124	0.71964	0.28036	1.132444
44676	-3990.672	-4250.901	260.2286	2.056036	0.5174404	0.65598	0.34402	1.245923
44682	-3982.621	-4242.888	260.2673	2.056036	0.5324993	0.697276	0.302724	1.192728
44688	-3987.957	-4248.224	260.2673	2.056036	0.5324993	0.728964	0.271036	1.192728
44694	-4002.596	-4262.945	260.3487	2.177325	0.4976979	0.62541	0.37459	1.061057
44700	-4003.385	-4263.64	260.2547	2.184915	0.6329273	0.62541	0.37459	0.9419007
44706	-4000.545	-4260.884	260.3388	2.219174	0.5958422	0.7247	0.2753	0.8688819
44712	-3992.137	-4252.5	260.363	2.164882	0.5255505	0.772481	0.227519	1.015617
44718	-4005.345	-4265.752	260.4075	2.111331	0.5255505	0.65414	0.34586	1.024428
44724	-4000.945	-4261.217	260.2714	2.102344	0.5663726	0.688763	0.311237	1.101504
44730	-3988.859	-4249.401	260.5421	2.102344	0.4640693	0.620753	0.379247	1.00157
44736	-3981.514	-4241.91	260.3955	2.075368	0.4781688	0.68857	0.31143	1.141701
44742	-3993.03	-4253.054	260.0238	2.039466	0.6712326	0.637162	0.362838	1.242237
44748	-3994.511	-4254.729	260.2188	2.039466	0.5816751	0.651002	0.348998	1.1838
44754	-3994.706	-4254.959	260.2529	1.991665	0.474057	0.610202	0.389798	1.337492
44760	-3993.032	-4253.194	260.1623	1.939655	0.4509509	0.746773	0.253227	1.479423
44766	-3990.843	-4250.916	260.0735	1.92854	0.4519349	0.726232	0.273768	1.552632
44772	-3984.116	-4244.538	260.4221	1.964062	0.4176762	0.733501	0.266499	1.304826
44778	-3978.961	-4239.142	260.1813	1.94902	0.5391351	0.668047	0.331953	1.343503
44784	-3982.646	-4242.87	260.2233	1.94902	0.5091232	0.668501	0.331499	1.348314
44790	-3990.633	-4250.486	259.8529	1.935188	0.5781975	0.737002	0.262998	1.559237
44796	-3990.404	-4250.376	259.9714	1.840226	0.6051398	0.6239	0.3761	1.512441
44802	-3998.182	-4258.343	260.1613	1.829105	0.4895764	0.617649	0.382351	1.513135
44808	-4002.282	-4262.189	259.9074	1.783511	0.4998754	0.593864	0.406136	1.717655
44814	-3995.979	-4255.549	259.5697	1.754348	0.6084675	0.665619	0.334381	1.856261
44820	-3992.484	-4252.594	260.1105	1.772019	0.4631358	0.796686	0.203314	1.625516
44826	-3993.704	-4253.713	260.0089	1.772019	0.4920859	0.747767	0.252233	1.662939
44832	-3999.179	-4259.012	259.8326	1.778029	0.6015866	0.743848	0.256152	1.662939
44838	-3989.426	-4249.505	260.0793	1.812997	0.4816517	0.768283	0.231717	1.595303
44844	-3986.571	-4246.457	259.8861	1.785026	0.4943304	0.641838	0.358162	1.738096
44850	-3974.427	-4234.308	259.8804	1.691305	0.4855419	0.694998	0.305002	1.817481
44856	-3983.53	-4242.628	259.0983	1.578177	0.5895816	0.694998	0.305002	2.301234
44862	-3985.378	-4244.9	259.5217	1.578177	0.5895816	0.694998	0.305002	2.025738
44868	-3989.04	-4248.02	258.9796	1.640884	0.5895816	0.694998	0.305002	2.336907
44874	-3999.802	-4259.336	259.534	1.626606	0.606113	0.694998	0.305002	1.969204
44880	-3988.98	-4248.587	259.6077	1.671834	0.4946064	0.707112	0.292888	2.005074
44886	-3993.499	-4253.408	259.9095	1.671834	0.4567724	0.674385	0.325615	1.844963
44892	-3995.117	-4254.894	259.7774	1.698822	0.4212206	0.720408	0.279592	1.959897
44898	-3998.737	-4258.466	259.7284	1.737853	0.5520094	0.598706	0.401294	1.816299
44904	-3982.443	-4242.262	259.8191	1.768403	0.4840117	0.614928	0.385072	1.808402
44910	-3985.17	-4245.049	259.8789	1.761847	0.4922929	0.759545	0.240455	1.761726
44916	-4004.099	-4263.912	259.8123	1.782631	0.5358653	0.574226	0.425774	1.744308
44922	-4001.985	-4261.98	259.9946	1.768252	0.502638	0.574226	0.425774	1.663399
44928	-4008.663	-4268.726	260.0632	1.743638	0.4948986	0.771694	0.228306	1.641024
44934	-3990.449	-4250.427	259.9785	1.821376	0.5458947	0.738158	0.261842	1.586646
44940	-3999.088	-4258.951	259.8628	1.821376	0.5207943	0.733369	0.266631	1.698312
44946	-3997.062	-4256.884	259.8224	1.784834	0.5465699	0.676371	0.323629	1.723949
44952	-3982.429	-4242.23	259.8005	1.784834	0.556074	0.712088	0.287912	1.729047
44958	-3982.211	-4242.008	259.797	1.819364	0.5092032	0.725262	0.274738	1.759226
44964	-3986.443	-4246.247	259.8043	1.810465	0.5705355	0.687033	0.312967	1.692699
44970	-3996.327	-4256.033	259.706	1.837025	0.4803228	0.763939	0.236061	1.843281
44976	-3990.095	-4249.785	259.6901	1.894848	0.6191602	0.772715	0.227285	1.663249
44982	-3996.005	-4256.197	260.1918	1.746805	0.4261895	0.638457	0.361543	1.632842
44988	-3978.957	-4238.863	259.9062	1.810491	0.5038625	0.674884	0.325116	1.694771
44994	-4001.092	-4261.118	260.0267	1.916291	0.4959107	0.65379	0.34621	1.540497
45000	-3992.762	-4252.948	260.1869	1.916291	0.5276907	0.723976	0.276024	1.379273
45006	-3988.546	-4248.628	260.0818	1.933225	0.5276907	0.723976	0.276024	1.447451
45012	-3986.602	-4246.729	260.1271	1.933225	0.509324	0.723976	0.276024	1.435463
45018	-3994.472	-4254.577	260.1045	1.952942	0.509324	0.755954	0.244046	1.437676
45024	-4009.209	-4269.569	260.3607	1.844368	0.4328435	0.71853	0.28147	1.425646
45030	-4007.369	-4267.141	259.772	1.844368	0.6144274	0.64442	0.35558	1.645573
45036	-3989.357	-4249.211	259.8541	1.84278	0.5430501	0.720327	0.279673	1.664241
45042	-3977.748	-4237.842	260.0937	1.933508	0.5681865	0.719309	0.280691	1.389566
45048	-3981.064	-4241.377	260.3133	1.897497	0.4676874	0.719309	0.280691	1.372984
45054	-3997.081	-4257.29	260.2092	1.897328	0.4676874	0.676134	0.323866	1.453672
45060	-3982.001	-4242.03	260.0283	1.897328	0.5805013	0.676134	0.323866	1.453672
45066	-3984.169	-4244.101	259.9318	1.830075	0.5659679	0.708225	0.291775	1.591862
45072	-4002.185	-4262.694	260.5091	2.226069	0.4760865	0.677252	0.322748	0.8827013
45078	-3994.343	-4254.802	260.4594	2.226069	0.5052817	0.648321	0.351679	0.8835892
45084	-3995.78	-4256.351	260.5704	2.176429	0.4336559	0.803464	0.196536	0.9522418
45090	-3993.429	-4253.729	260.2996	2.117021	0.4989473	0.803464	0.196536	1.158766
45096	-4005.562	-4265.727	260.1653	2.117021	0.6226506	0.734967	0.265033	1.109777
45102	-4000.533	-4260.833	260.2996	2.032175	0.5520178	0.705342	0.294658	1.158861
45108	-3980.437	-4240.631	260.194	1.960356	0.6034203	0.705342	0.294658	1.245029
45114	-3988.439	-4248.612	260.173	2.139334	0.5102232	0.65496	0.34504	1.232484
45120	-3976.639	-4236.979	260.3404	1.996668	0.4728348	0.630855	0.369145	1.264123
45126	-3997.285	-4257.328	260.0428	1.981016	0.4683724	0.602345	0.397655	1.515098
45132	-3974.404	-4234.311	259.9065	1.814612	0.4643375	0.663483	0.336517	1.738863
45138	-3986.552	-4246.438	259.8859	1.798811	0.5932598	0.696752	0.303248	1.618355
45144	-3986.552	-4246.366	259.8137	1.714257	0.4751587	0.678545	0.321455	1.859652
45150	-3974.989	-4235.127	260.1379	1.859097	0.4334547	0.729632	0.270368	1.580736
45156	-3980.173	-4240.334	260.1616	1.897825	0.4423219	0.729632	0.270368	1.522872
45162	-3988.39	-4248.24	259.8495	1.897825	0.7092652	0.569535	0.430465	1.453827
45168	-3985.28	-4245.029	259.7496	1.989535	0.7096827	0.569535	0.430465	1.459617
45174	-3988.55	-4248.35	259.8003	1.924229	0.7045936	0.644223	0.355777	1.475729
45180	-3985.995	-4245.943	259.948	1.917747	0.60152	0.632091	0.367909	1.475729
45186	-3976.42	-4236.447	260.0266	1.908327	0.5551658	0.621317	0.378683	1.475729
45192	-3977.105	-4237.231	260.1263	1.908327	0.5043206	0.657777	0.342223	1.461377
45198	-3985.118	-4245.308	260.1898	1.908327	0.518091	0.746446	0.253554	1.395261
45204	-3978.974	-4239.015	260.0411	1.90702	0.5469268	0.606114	0.393886	1.475337
45210	-4010.794	-4270.731	259.9376	1.84306	0.5624924	0.545268	0.454732	1.582004
45216	-3986.406	-4246.249	259.843	1.805483	0.5624924	0.695214	0.304786	1.677375
45222	-3985.308	-4245.367	260.0592	1.842974	0.4811194	0.695214	0.304786	1.58875
45228	-3980.882	-4240.914	260.0318	1.736593	0.4585763	0.640436	0.359564	1.712651
45234	-3983.663	-4243.489	259.8266	1.66602	0.430663	0.755505	0.244495	1.937197
45240	-3981.253	-4240.766	259.513	1.695511	0.595895	0.692691	0.307309	1.947012
45246	-3999.622	-4258.811	259.1886	1.653412	0.5868739	0.611617	0.388383	2.197357
45252	-3990.845	-4250.197	259.3521	1.634362	0.5135739	0.700074	0.299926	2.177232
45258	-3982.885	-4242.341	259.456	1.666584	0.5500845	0.626258	0.373742	2.050182
45264	-3990.991	-4250.828	259.837	1.807294	0.4520797	0.697856	0.302144	1.807353
45270	-3987.363	-4247.274	259.9114	1.73831	0.4520797	0.688549	0.311451	1.803613
45276	-3999.663	-4259.687	260.0235	1.803732	0.5125421	0.739828	0.260172	1.605306
45282	-3993.718	-4253.73	260.0128	1.755082	0.4824383	0.739828	0.260172	1.683841
45288	-4003.508	-4263.131	259.6231	1.733265	0.4744028	0.769952	0.230048	1.976601
45294	-4003.429	-4263.057	259.6278	1.733265	0.4754759	0.627805	0.372195	1.972213
45300	-3989.013	-4248.606	259.5927	1.733265	0.4962928	0.620194	0.379806	1.972213
45306	-3998.451	-4258.492	260.0412	1.779463	0.5363185	0.674855	0.325145	1.58239
45312	-3995.7	-4255.925	260.2253	1.815719	0.4112269	0.658073	0.341927	1.578772
45318	-3996.085	-4255.999	259.9135	1.918792	0.5320715	0.706332	0.293668	1.578772
45324	-4000.385	-4260.237	259.8523	1.935079	0.6628522	0.689445	0.310555	1.46998
45330	-4007.255	-4267.054	259.7991	1.765226	0.6180353	0.740971	0.259029	1.679107
45336	-3993.915	-4253.858	259.9432	1.760288	0.5151712	0.660707	0.339293	1.691068
45342	-3981.295	-4241.253	259.9581	1.745382	0.5151712	0.689608	0.310392	1.691068
45348	-3990.867	-4250.88	260.0129	1.824627	0.6023825	0.757235	0.242765	1.496027
45354	-3985.658	-4245.715	260.0561	1.830142	0.5128591	0.588096	0.411904	1.561795
45360	-3979.177	-4239.111	259.9343	1.830142	0.5586977	0.585237	0.414763	1.598089
45366	-3974.503	-4234.046	259.5429	1.762037	0.7033981	0.689235	0.310765	1.780058
45372	-3976.693	-4236.392	259.6991	1.81836	0.5306072	0.712803	0.287197	1.804063
45378	-3977.891	-4237.355	259.4633	1.737742	0.5746823	0.622485	0.377515	1.973061
45384	-3982.13	-4241.869	259.7398	1.709218	0.5549815	0.615306	0.384694	1.825031
45390	-3997.687	-4257.366	259.6785	1.692456	0.4516367	0.581073	0.418927	1.993369
45396	-3995.604	-4255.464	259.8599	1.711288	0.5136787	0.581073	0.418927	1.785674
45402	-3982.717	-4242.662	259.9446	1.775859	0.5136787	0.59858	0.40142	1.680719
45408	-3977.584	-4237.68	260.0966	1.770882	0.5170526	0.699163	0.300837	1.570636
45414	-3987.002	-4247.289	260.2865	1.936618	0.4571781	0.699163	0.300837	1.377684
45420	-3972.3	-4232.526	260.2262	1.991846	0.5487664	0.672624	0.327376	1.260111
45426	-3981.266	-4241.472	260.206	2.000941	0.5021379	0.683814	0.316186	1.329849
45432	-3972.262	-4232.58	260.3179	1.983812	0.5021379	0.702985	0.297015	1.252466
45438	-3994.323	-4254.944	260.6214	2.048124	0.3857149	0.702985	0.297015	1.115474
45444	-3972.131	-4232.429	260.2983	1.990743	0.4657456	0.702985	0.297015	1.313319
45450	-3971.972	-4232.243	260.2702	2.005583	0.5415733	0.702985	0.297015	1.22116
45456	-3982.861	-4243.008	260.1475	2.073294	0.5415733	0.743028	0.256972	1.267108
45462	-3985.604	-4245.818	260.2145	2.002351	0.5440658	0.740893	0.259107	1.267108
45468	-3973.405	-4233.666	260.2618	2.010735	0.5440658	0.680723	0.319277	1.2206
45474	-3991.419	-4251.597	260.1778	2.026099	0.5791244	0.629796	0.370204	1.233445
45480	-3976.178	-4236.411	260.2326	2.026099	0.4973394	0.616578	0.383422	1.2944
45486	-3991.965	-4252.3	260.3353	1.955816	0.5080025	0.61589	0.38411	1.253321
45492	-3985.935	-4246.219	260.2838	2.023649	0.491255	0.723591	0.276409	1.262736
45498	-3988.47	-4248.723	260.2528	2.105332	0.5321124	0.705917	0.294083	1.16304
45504	-3996.562	-4256.874	260.3119	2.105332	0.548114	0.642137	0.357863	1.087272
45510	-3993.661	-4253.925	260.264	2.010477	0.548114	0.59577	0.40423	1.21358
45516	-3999.423	-4259.773	260.3505	2.129783	0.5268037	0.7317	0.2683	1.05962
45522	-3975.978	-4236.327	260.349	2.131222	0.5268037	0.62989	0.37011	1.05962
45528	-3978.442	-4238.907	260.465	2.135315	0.4541322	0.646095	0.353905	1.061313
45534	-3965.19	-4225.436	260.2467	2.104797	0.5573092	0.73324	0.26676	1.134127
45540	-3977.193	-4237.375	260.1812	2.141004	0.5912526	0.649236	0.350764	1.114723
45546	-3976.061	-4236.447	260.3855	2.219261	0.5444299	0.710569	0.289431	0.9041066
45552	-3998.879	-4259.275	260.3963	2.219261	0.4913213	0.710569	0.289431	0.9838589
45558	-4006.111	-4266.331	260.2207	2.131909	0.6447989	0.75792	0.24208	1.014016
45564	-3993.923	-4254.287	260.3637	2.156013	0.5317127	0.678039	0.321961	1.014016
45570	-3980.553	-4240.815	260.2621	2.107696	0.6364355	0.654441	0.345559	1.008547
45576	-3986.983	-4247.352	260.3691	2.039883	0.507147	0.627653	0.372347	1.153597
45582	-3996.005	-4256.191	260.1865	2.039883	0.5927979	0.690015	0.309985	1.197179
45588	-3996.863	-4256.959	260.0958	2.120659	0.6392937	0.719305	0.280695	1.147923
45594	-3992.521	-4252.787	260.2668	2.128367	0.6108786	0.591757	0.408243	1.019111
45600	-4012.873	-4273.223	260.3504	2.261102	0.508121	0.591757	0.408243	0.9593431
45606	-3995.492	-4255.77	260.2784	2.261102	0.5515414	0.719876	0.280124	0.9625899
45612	-3991.99	-4252.367	260.3768	2.277177	0.5340943	0.719876	0.280124	0.866215
45618	-4002.018	-4262.362	260.3439	2.277177	0.5450018	0.58035	0.41965	0.8846697
45624	-3995.96	-4256.278	260.3185	2.310428	0.5450018	0.689564	0.310436	0.8755493
45630	-3991.114	-4251.446	260.3325	2.316098	0.5450018	0.689564	0.310436	0.8521794
45636	-3999.718	-4260.073	260.3556	2.295097	0.5344474	0.717282	0.282718	0.8694022
45642	-4001.913	-4262.13	260.2171	2.211192	0.5903755	0.690478	0.309522	1.015856
45648	-3980.89	-4241.307	260.4168	2.121931	0.5083479	0.719481	0.280519	1.032131
45654	-3990.598	-4251.108	260.5094	2.121931	0.4574963	0.675219	0.324781	1.025848
45660	-3999.747	-4260.248	260.5006	2.11449	0.4488711	0.654384	0.345616	1.056253
45666	-3998.152	-4258.529	260.3775	2.11449	0.5018929	0.630383	0.369617	1.086409
45672	-3999.291	-4259.635	260.3444	2.109382	0.5254776	0.622657	0.377343	1.086409
45678	-3986.373	-4246.759	260.3854	2.061915	0.5295073	0.72926	0.27074	1.086409
45684	-3986.635	-4246.901	260.266	2.03126	0.5295073	0.701757	0.298243	1.219054
45690	-3979.495	-4239.849	260.3542	2.061401	0.4527261	0.710668	0.289332	1.227832
45696	-4002.99	-4263.16	260.17	2.018232	0.5574774	0.811685	0.188315	1.27365
45702	-3987.811	-4248.033	260.2219	2.013526	0.5574774	0.739944	0.260056	1.234423
45708	-3989.095	-4249.605	260.51	2.119075	0.4425813	0.721579	0.278421	1.053575
45714	-3981.527	-4242.005	260.478	2.161818	0.4425813	0.607611	0.392389	1.043307
45720	-3985.876	-4246.166	260.2895	2.154311	0.6021425	0.641118	0.358882	0.9831323
45726	-3999.266	-4259.75	260.4833	2.165656	0.4928567	0.685696	0.314304	0.9464956
45732	-4002.847	-4263.37	260.5229	2.165656	0.462545	0.726325	0.273675	0.9592957
45738	-3995.725	-4256.053	260.3278	2.165656	0.5718323	0.702478	0.297522	0.9781472
45744	-3998.332	-4258.55	260.2172	2.249878	0.6413805	0.753946	0.246054	0.8989093
45750	-3985.677	-4245.923	260.2458	2.206805	0.6413805	0.753946	0.246054	0.9150209
45756	-3997.644	-4258.204	260.5597	2.085287	0.4547519	0.614792	0.385208	1.017268
45762	-3999.927	-4260.371	260.4434	1.997741	0.436798	0.634856	0.365144	1.230315
45768	-4002.748	-4262.983	260.2349	1.94805	0.5539765	0.695179	0.304821	1.28243
45774	-4012.793	-4273.083	260.2909	1.94805	0.4947717	0.691818	0.308182	1.313936
45780	-4002.854	-4263.027	260.1727	1.94805	0.5191964	0.732336	0.267664	1.376141
45786	-3973.099	-4233.332	260.2322	1.94805	0.5340697	0.730904	0.269096	1.309869
45792	-3988.704	-4248.903	260.1991	1.94805	0.4632772	0.691818	0.308182	1.428418
45798	-3991.819	-4252.015	260.1956	1.94805	0.4653146	0.733883	0.266117	1.428418
45804	-3981.967	-4242.076	260.1084	1.956472	0.5121601	0.733883	0.266117	1.428418
45810	-3981.353	-4241.307	259.9538	1.950617	0.6001955	0.665879	0.334121	1.447799
45816	-3986.14	-4246.305	260.1657	1.861458	0.3643084	0.752695	0.247305	1.655655
45822	-3996.483	-4256.409	259.9258	1.861458	0.4983867	0.632512	0.367488	1.650945
45828	-3994.637	-4254.685	260.0478	1.861458	0.5076156	0.745653	0.254347	1.551184
45834	-4005.95	-4265.974	260.0235	1.861458	0.4787222	0.735526	0.264474	1.604221
45840	-3994.268	-4254.364	260.096	1.866779	0.5731721	0.685158	0.314842	1.433658
45846	-3990.984	-4251.039	260.0557	1.852427	0.4956267	0.685158	0.314842	1.566564
45852	-4010.363	-4270.681	260.3186	1.875003	0.4633259	0.685158	0.314842	1.392402
45858	-3998.826	-4259.047	260.2209	1.912773	0.4985902	0.685158	0.314842	1.392402
45864	-4010.345	-4270.443	260.0985	1.881872	0.5263948	0.749271	0.250729	1.475428
45870	-3990.734	-4250.821	260.0862	1.888784	0.5297712	0.692979	0.307021	1.475428
45876	-4004.79	-4264.673	259.8827	1.888784	0.5007015	0.692979	0.307021	1.659479
45882	-3998.454	-4258.545	260.0909	1.873266	0.5415354	0.800689	0.199311	1.469544
45888	-4003.706	-4263.762	260.0557	1.873266	0.5233546	0.747815	0.252185	1.517677
45894	-3994.571	-4254.848	260.2773	1.915788	0.4646138	0.795768	0.204232	1.390995
45900	-3995.018	-4255.184	260.1664	1.857795	0.5492541	0.700021	0.299979	1.414428
45906	-3986.941	-4247.014	260.0729	1.853744	0.4304715	0.684978	0.315022	1.635777
45912	-3981.165	-4240.884	259.7191	1.853744	0.6217515	0.658445	0.341555	1.669263
45918	-3983.653	-4243.571	259.9184	1.954777	0.6059683	0.746092	0.253908	1.465214
45924	-3973.639	-4233.786	260.147	1.954777	0.5453013	0.656673	0.343327	1.358532
45930	-3983.538	-4243.699	260.1613	1.954777	0.5746897	0.741728	0.258272	1.311237
45936	-3983.846	-4244.296	260.4499	1.999862	0.4818722	0.768827	0.231173	1.154848
45942	-3985.023	-4245.157	260.1348	1.999862	0.5778985	0.618094	0.381906	1.292261
45948	-3986.364	-4246.262	259.8984	1.8825	0.5111954	0.699355	0.300645	1.640356
45954	-3988.528	-4248.514	259.9867	1.877837	0.5906737	0.704752	0.295248	1.488551
45960	-4002.841	-4262.999	260.1582	1.857726	0.4882722	0.666132	0.333868	1.495669
45966	-3979.17	-4239.357	260.1873	1.942641	0.4622376	0.516007	0.483993	1.442989
45972	-3983.174	-4243.178	260.0039	1.934429	0.5519852	0.522095	0.477905	1.476817
45978	-3991.886	-4251.947	260.0604	1.976825	0.5994239	0.636427	0.363573	1.345168
45984	-3998.02	-4258.099	260.0792	1.895074	0.5994239	0.679832	0.320168	1.394717
45990	-3985.443	-4245.713	260.2698	1.895074	0.462477	0.679832	0.320168	1.415862
45996	-3992.062	-4251.986	259.9243	1.857787	0.4896683	0.679832	0.320168	1.66505
46002	-3989.242	-4249.236	259.9937	1.857787	0.6243095	0.700688	0.299312	1.461779
46008	-3981.096	-4241.012	259.9155	1.857787	0.6234118	0.700688	0.299312	1.521515
46014	-3981.309	-4241.203	259.8939	1.857787	0.6001228	0.700688	0.299312	1.562224
46020	-3990.288	-4250.455	260.1669	1.886577	0.5106988	0.620003	0.379997	1.439011
46026	-3982.758	-4242.767	260.0084	1.789952	0.478974	0.721793	0.278207	1.666344
46032	-3971.753	-4231.767	260.0149	1.789952	0.478974	0.721793	0.278207	1.661677
46038	-3996.744	-4256.756	260.012	1.778392	0.5431458	0.625195	0.374805	1.59668
46044	-3998.102	-4257.946	259.8437	1.807183	0.5922114	0.646861	0.353139	1.643856
46050	-3999.593	-4259.744	260.1507	1.807183	0.4801204	0.756799	0.243201	1.549099
46056	-3987.298	-4247.406	260.1084	1.807183	0.4801204	0.654304	0.345696	1.580215
46062	-3980.649	-4241.118	260.4693	1.926112	0.4847687	0.660045	0.339955	1.197851
46068	-3985.496	-4245.89	260.3938	1.853757	0.5039293	0.697351	0.302649	1.294636
46074	-3981.556	-4242.021	260.4654	1.872276	0.4444047	0.682195	0.317805	1.304482
46080	-3986.976	-4247.05	260.0741	1.84656	0.4444047	0.682195	0.317805	1.621856
46086	-3989.327	-4249.315	259.9886	1.784208	0.5534619	0.576333	0.423667	1.597859
46092	-4000.212	-4260.139	259.927	1.784208	0.4917012	0.740735	0.259265	1.71294
46098	-3984.237	-4244.014	259.7764	1.777813	0.5919931	0.749166	0.250834	1.71294
46104	-3994.57	-4254.151	259.581	1.735546	0.6992065	0.600697	0.399303	1.775729
46110	-3998.108	-4257.823	259.7157	1.80526	0.5147962	0.626517	0.373483	1.81911
46116	-3973.931	-4233.717	259.7859	1.705773	0.5010292	0.680021	0.319979	1.854759
46122	-3982.814	-4242.411	259.5961	1.76847	0.5700714	0.686551	0.313449	1.867164
46128	-3971.873	-4232.062	260.1894	1.880027	0.5700714	0.656757	0.343243	1.354124
46134	-3968.52	-4228.677	260.1564	1.880027	0.5315018	0.672215	0.327785	1.42644
46140	-3985.317	-4245.523	260.2065	1.872662	0.5746132	0.677047	0.322953	1.34096
46146	-3974.752	-4234.857	260.1048	1.872662	0.4544646	0.737329	0.262671	1.567456
46152	-3980.218	-4240.348	260.1302	1.927621	0.5020269	0.737329	0.262671	1.446568
46158	-3991.143	-4251.193	260.0506	1.891506	0.5020269	0.735116	0.264884	1.533634
46164	-3978.983	-4238.998	260.0144	1.943199	0.5168273	0.707473	0.292527	1.504076
46170	-3974.618	-4234.923	260.3049	1.95851	0.521963	0.742093	0.257907	1.257529
46176	-3971.714	-4231.921	260.2073	1.950958	0.5662014	0.745001	0.254999	1.287323
46182	-3986.684	-4246.938	260.2539	1.936885	0.5834635	0.639276	0.360724	1.239042
46188	-3984.322	-4244.706	260.3842	2.027738	0.447244	0.729672	0.270328	1.239042
46194	-3984.721	-4244.81	260.0891	2.010532	0.5110503	0.729672	0.270328	1.40296
46200	-3982.69	-4243.104	260.4133	2.09657	0.4719605	0.736575	0.263425	1.116228
46206	-3984.871	-4245.277	260.4066	2.076324	0.4877977	0.736575	0.263425	1.116228
46212	-3977.392	-4237.593	260.2016	2.033041	0.5250754	0.584348	0.415652	1.277161
46218	-3976.909	-4237.445	260.5357	2.034185	0.4233019	0.708973	0.291027	1.14042
46224	-3985.985	-4246.449	260.4637	2.011494	0.399929	0.641822	0.358178	1.259501
46230	-3990.823	-4251.022	260.1994	2.066874	0.5611025	0.679894	0.320106	1.203587
46236	-3987.1	-4247.312	260.2117	2.03145	0.594022	0.634119	0.365881	1.181143
46242	-3971.477	-4231.93	260.4532	1.997339	0.4224138	0.634119	0.365881	1.24464
46248	-3982.154	-4242.335	260.1802	1.92832	0.5963301	0.735042	0.264958	1.291334
46254	-3983.422	-4243.45	260.0272	2.081366	0.5963301	0.661324	0.338676	1.291334
46260	-3976.149	-4236.622	260.4724	2.111021	0.4561259	0.661324	0.338676	1.073905
46266	-3986.065	-4246.462	260.3975	2.107742	0.4749155	0.578625	0.421375	1.115884
46272	-3989.406	-4249.664	260.2586	2.155948	0.6137377	0.688553	0.311447	0.9958643
46278	-3979.523	-4239.932	260.4096	2.208475	0.5244624	0.733417	0.266583	0.9242321
46284	-3987.87	-4248.104	260.2337	2.223419	0.6528773	0.549665	0.450335	0.8922395
46290	-3977.964	-4238.499	260.5346	2.231879	0.4753436	0.747986	0.252014	0.8470766
46296	-3981.499	-4241.852	260.3532	2.262914	0.5755227	0.717908	0.282092	0.8348056
46302	-3985.382	-4245.741	260.359	2.271428	0.5755227	0.774287	0.225713	0.8167695
46308	-3983.39	-4243.763	260.3731	2.243649	0.5755227	0.730601	0.269399	0.8340873
46314	-3978.519	-4238.818	260.2999	2.243649	0.5755227	0.65285	0.34715	0.919392
46320	-3989.665	-4249.836	260.1716	2.243649	0.6065117	0.679135	0.320865	1.005546
46326	-3984.209	-4244.59	260.3817	2.049353	0.4773827	0.743562	0.256438	1.177836
46332	-3989.203	-4249.466	260.2627	2.027124	0.5234744	0.733513	0.266487	1.233429
46338	-3989.458	-4249.8	260.3413	2.003171	0.5136988	0.710634	0.289366	1.200417
46344	-3974.012	-4234.353	260.3413	2.003171	0.5136988	0.670357	0.329643	1.200417
46350	-3980.923	-4241.375	260.4513	2.003171	0.4286522	0.670357	0.329643	1.231676
46356	-3979.996	-4240.234	260.2384	2.101895	0.5739304	0.763066	0.236934	1.121617
46362	-3995.578	-4256.03	260.4524	2.101895	0.4942212	0.700916	0.299084	1.039617
46368	-3994.008	-4254.513	260.5043	2.21015	0.4427043	0.700916	0.299084	0.9689167
46374	-3992.198	-4252.421	260.2229	2.185705	0.5692695	0.716718	0.283282	1.065137
46380	-3990.975	-4251.228	260.2527	2.179922	0.5630018	0.645501	0.354499	1.05133
46386	-3981.19	-4241.613	260.4233	2.214317	0.5027283	0.70345	0.29655	0.9412087
46392	-3990.295	-4250.567	260.2722	2.27178	0.5814394	0.660874	0.339126	0.9091135
46398	-3993.073	-4253.368	260.2943	2.27178	0.5067697	0.676662	0.323338	1.007886
46404	-3987.018	-4247.441	260.4226	2.252526	0.4654814	0.649059	0.350941	0.967893
46410	-3988.494	-4248.917	260.4234	2.287372	0.4621792	0.686712	0.313288	0.9364753
46416	-3988.401	-4248.825	260.4233	2.287372	0.4710863	0.643319	0.356681	0.9197839
46422	-3995.164	-4255.482	260.3179	2.193144	0.4710863	0.643319	0.356681	1.116522
46428	-3987.588	-4247.923	260.3345	2.193309	0.5499181	0.72364	0.27636	0.9772457
46434	-3970.183	-4230.704	260.5209	2.193309	0.4070923	0.766033	0.233967	1.034921
46440	-3983.608	-4243.889	260.2812	2.132658	0.5760678	0.63065	0.36935	1.050406
46446	-3982.097	-4242.561	260.464	2.162027	0.4520515	0.739062	0.260938	1.040372
46452	-3994.586	-4255.055	260.4695	2.120167	0.4675998	0.602589	0.397411	1.049125
46458	-3971.535	-4232.012	260.477	2.150407	0.4098867	0.687274	0.312726	1.111254
46464	-3980.41	-4240.676	260.2661	2.143246	0.5308098	0.747188	0.252812	1.119261
46470	-3984.882	-4245.27	260.3878	2.135481	0.56322	0.726787	0.273213	0.9608625
46476	-3988.702	-4248.975	260.2728	2.06654	0.56322	0.679635	0.320365	1.136994
46482	-3987.042	-4247.445	260.4022	2.074441	0.4948895	0.72701	0.27299	1.111164
46488	-3989.189	-4249.382	260.1929	2.074441	0.5712617	0.741457	0.258543	1.189438
46494	-3974.708	-4235.093	260.3856	2.005076	0.4768275	0.618163	0.381837	1.213437
46500	-3980.828	-4241.272	260.4444	1.9761	0.4748265	0.654058	0.345942	1.190752
46506	-3981.296	-4241.507	260.2104	1.963946	0.4744445	0.633125	0.366875	1.392417
46512	-3993.307	-4253.5	260.1929	1.869734	0.5298967	0.728327	0.271673	1.408187
46518	-3992.126	-4252.27	260.1441	1.895068	0.5451667	0.728327	0.271673	1.407758
46524	-4008.887	-4269.212	260.3243	1.895068	0.4121035	0.742676	0.257324	1.444203
46530	-3991.749	-4252.21	260.4613	1.954158	0.4259488	0.694565	0.305435	1.268331
46536	-3986.447	-4246.693	260.2452	1.954158	0.5357789	0.669546	0.330454	1.292192
46542	-3976.422	-4236.62	260.1984	1.937708	0.5357789	0.663414	0.336586	1.343147
46548	-3993.788	-4253.88	260.0921	1.937708	0.5215974	0.735893	0.264107	1.443618
46554	-4002.912	-4262.747	259.8353	1.905538	0.6412562	0.784359	0.215641	1.52708
46560	-3999.857	-4260.097	260.2395	2.024215	0.548114	0.79078	0.20922	1.222692
46566	-4016.868	-4277.296	260.4276	2.024215	0.4729804	0.792792	0.207208	1.166339
46572	-3991.556	-4251.893	260.3365	1.962333	0.4827421	0.671208	0.328792	1.281653
46578	-4014.732	-4275.13	260.398	1.953932	0.4218041	0.61485	0.38515	1.326265
46584	-3999.57	-4259.493	259.9226	1.907803	0.5600696	0.703723	0.296277	1.548169
46590	-4001.524	-4261.611	260.0869	1.931317	0.5236913	0.702549	0.297451	1.449912
46596	-3989.615	-4249.759	260.144	2.021042	0.5236913	0.672748	0.327252	1.335329
46602	-3989.534	-4249.88	260.3459	2.043855	0.4844904	0.594993	0.405007	1.20311
46608	-3987.658	-4247.958	260.2999	2.043855	0.5281379	0.714887	0.285113	1.181018
46614	-3988.339	-4248.679	260.3399	2.043855	0.4641972	0.738529	0.261471	1.237675
46620	-4001.401	-4261.469	260.0684	2.126697	0.581612	0.657059	0.342941	1.237675
46626	-4007.467	-4267.62	260.1529	1.997557	0.4350864	0.600417	0.399583	1.464278
46632	-3980.201	-4240.253	260.052	1.875685	0.462469	0.76068	0.23932	1.59357
46638	-3983.811	-4243.713	259.9021	1.779088	0.5565041	0.736992	0.263008	1.660571
46644	-3998.949	-4258.988	260.0394	1.834112	0.4396424	0.740233	0.259767	1.661885
46650	-3998.883	-4259.103	260.2201	1.834112	0.3764992	0.707896	0.292104	1.61836
46656	-3999.427	-4259.296	259.8688	1.834112	0.5398569	0.707896	0.292104	1.663506
46662	-3997.426	-4257.21	259.7845	1.837426	0.5933118	0.633315	0.366685	1.663506
46668	-3990.904	-4250.81	259.9062	1.799732	0.4603945	0.73384	0.26616	1.754305
46674	-3984.916	-4245.173	260.2573	1.871222	0.4603945	0.727254	0.272746	1.446575
46680	-3985.374	-4245.417	260.0421	1.945232	0.4524591	0.727254	0.272746	1.562828
46686	-3981.84	-4242.28	260.44	1.947308	0.4524591	0.727254	0.272746	1.251931
46692	-3980.01	-4239.831	259.8206	1.936012	0.7016227	0.663734	0.336266	1.454287
46698	-3985.885	-4246.217	260.3314	2.056989	0.5716585	0.700431	0.299569	1.08062
46704	-3992.276	-4252.327	260.051	1.958173	0.5581408	0.700431	0.299569	1.415465
46710	-3989.021	-4249.092	260.0701	1.885761	0.5943683	0.660549	0.339451	1.414736
46716	-3991.886	-4251.998	260.1127	1.991031	0.5881969	0.660549	0.339451	1.304963
46722	-3984.082	-4244.289	260.2071	1.991031	0.5038271	0.780625	0.219375	1.334677
46728	-3997.294	-4257.437	260.1435	2.079775	0.5038271	0.626542	0.373458	1.314475
46734	-3989.811	-4249.908	260.0972	2.182254	0.6212867	0.722184	0.277816	1.114129
46740	-3975.628	-4235.999	260.3708	2.23814	0.5059119	0.772924	0.227076	0.9658189
46746	-3976.62	-4237.047	260.4272	2.236518	0.4828251	0.783554	0.216446	0.9487744
46752	-3977.618	-4238.039	260.4205	2.212692	0.4770624	0.691878	0.308122	0.9904442
46758	-3988.945	-4249.043	260.0976	2.157704	0.6453974	0.731452	0.268548	1.105417
46764	-3992.362	-4252.829	260.4673	2.166485	0.5019444	0.651538	0.348462	0.9466384
46770	-3983.338	-4243.751	260.4124	2.14097	0.4821029	0.740091	0.259909	1.059948
46776	-3993.847	-4254.012	260.1652	2.14097	0.5869226	0.730187	0.269813	1.134859
46782	-3994.391	-4254.706	260.3154	2.079177	0.5292162	0.706998	0.293002	1.134859
46788	-3999.853	-4260.04	260.1874	2.079177	0.5888746	0.633917	0.366083	1.16731
46794	-4007.624	-4267.887	260.2628	2.079177	0.5693225	0.576148	0.423852	1.126311
46800	-4005.869	-4265.977	260.1074	2.056554	0.6061939	0.609474	0.390526	1.233653
46806	-3987.59	-4247.788	260.1982	1.942267	0.4773122	0.746198	0.253802	1.414901
46812	-3985.614	-4245.507	259.8927	1.981595	0.712552	0.734908	0.265092	1.351859
46818	-3982.067	-4242.315	260.2484	1.988572	0.4481622	0.737586	0.262414	1.379388
46824	-3979.698	-4239.871	260.1731	2.015538	0.5308741	0.62898	0.37102	1.30714
46830	-3984.062	-4244.556	260.4935	2.015538	0.4200819	0.733803	0.266197	1.198813
46836	-3984.52	-4244.949	260.4287	2.015538	0.4474257	0.733803	0.266197	1.211533
46842	-3986.391	-4246.667	260.2755	2.059982	0.5112252	0.692689	0.307311	1.211533
46848	-3994.804	-4255.018	260.2138	2.035268	0.5662719	0.734813	0.265187	1.211533
46854	-3999.473	-4259.607	260.134	2.035268	0.6207533	0.734813	0.265187	1.211533
46860	-3991.349	-4251.418	260.0691	2.056373	0.6275647	0.750436	0.249564	1.240364
46866	-3998.889	-4259.182	260.2935	2.012184	0.4639799	0.72363	0.27637	1.30236
46872	-3999.472	-4259.879	260.4077	2.031821	0.4326414	0.714763	0.285237	1.238061
46878	-3991.585	-4252.018	260.4328	1.934572	0.4733871	0.661531	0.338469	1.238061
46884	-3999.903	-4259.956	260.0533	1.934572	0.5623876	0.680789	0.319211	1.42687
46890	-4010.393	-4270.34	259.9465	1.884543	0.5624711	0.731514	0.268486	1.544988
46896	-4019.105	-4279.332	260.2273	1.880358	0.3949189	0.642739	0.357261	1.552766
46902	-3997.587	-4257.734	260.1478	1.880358	0.5022864	0.704027	0.295973	1.468776
46908	-3995.936	-4255.91	259.9742	1.878936	0.583377	0.582958	0.417042	1.505229
46914	-4007.784	-4267.892	260.1076	1.857164	0.5114931	0.721774	0.278226	1.505229
46920	-4003.257	-4262.88	259.6232	1.794466	0.5001165	0.658681	0.341319	1.906161
46926	-4000.21	-4260.189	259.979	1.867261	0.4976676	0.721802	0.278198	1.609224
46932	-3986.615	-4246.67	260.0549	1.887428	0.473543	0.662324	0.337676	1.568862
46938	-4006.171	-4266.045	259.8742	1.910702	0.5715841	0.747435	0.252565	1.568862
46944	-3994.267	-4254.286	260.0191	1.906182	0.5522642	0.680693	0.319307	1.486364
46950	-3978.855	-4238.821	259.9661	1.906182	0.5598098	0.72993	0.27007	1.517436
46956	-3986.208	-4246.095	259.8876	1.821708	0.5507579	0.72993	0.27007	1.646773
46962	-4004.606	-4264.731	260.1252	1.883257	0.4299928	0.700037	0.299963	1.576989
46968	-3989.87	-4249.823	259.9528	1.831216	0.4397681	0.664785	0.335215	1.725269
46974	-3989.723	-4249.358	259.6352	1.831216	0.6413187	0.664785	0.335215	1.725269
46980	-3982.933	-4242.856	259.9236	1.818581	0.4633239	0.668711	0.331289	1.725269
46986	-3999.152	-4259.266	260.1142	1.887431	0.5239108	0.63803	0.36197	1.462271
46992	-3984.798	-4245.003	260.2048	2.001026	0.4942169	0.672197	0.327803	1.341204
46998	-3989.995	-4249.926	259.9307	1.844231	0.5290457	0.684237	0.315763	1.624006
47004	-4000.753	-4260.513	259.7599	1.856415	0.5059012	0.697326	0.302674	1.763054
47010	-3987.198	-4247.07	259.8721	1.858253	0.5059012	0.697326	0.302674	1.682716
47016	-4002.312	-4262.582	260.2699	1.858253	0.4642499	0.718077	0.281923	1.441727
47022	-3999.199	-4259.36	260.1615	1.909031	0.4588433	0.734866	0.265134	1.492612
47028	-3995.921	-4255.913	259.9925	1.84421	0.5384239	0.662207	0.337793	1.568183
47034	-3985.962	-4246.004	260.0413	1.887479	0.4693199	0.732168	0.267832	1.584081
47040	-4000.901	-4260.94	260.0388	1.841193	0.5123883	0.661745	0.338255	1.566941
47046	-3998.895	-4258.973	260.0782	1.825102	0.4982009	0.661745	0.338255	1.566941
47052	-4012.416	-4272.556	260.1396	1.838381	0.4982009	0.761961	0.238039	1.511677
47058	-3998.595	-4258.774	260.1791	1.832933	0.4831068	0.761961	0.238039	1.505126
47064	-3996.014	-4255.963	259.9489	1.825675	0.5588087	0.705111	0.294889	1.590558
47070	-3993.57	-4253.719	260.1493	1.835421	0.4641436	0.6553	0.3447	1.549588
47076	-3989.609	-4249.403	259.7945	1.88202	0.6660856	0.64669	0.35331	1.549588
47082	-3990.235	-4250.309	260.074	1.854517	0.4823802	0.672096	0.327904	1.567902
47088	-3978.245	-4238.227	259.9822	1.854517	0.4733071	0.672096	0.327904	1.645794
47094	-3991.514	-4251.358	259.8438	1.854517	0.5280417	0.817331	0.182669	1.680087
47100	-3995.521	-4255.567	260.0462	1.762499	0.480828	0.797635	0.202365	1.656702
47106	-3984.895	-4244.763	259.8677	1.850111	0.5876026	0.779869	0.220131	1.60038
47112	-3987.095	-4247.026	259.9302	1.822599	0.483106	0.681871	0.318129	1.693744
47118	-3998.168	-4258.288	260.1207	1.886596	0.5680596	0.567678	0.432322	1.405213
47124	-3983.697	-4244.054	260.3569	2.024148	0.5003674	0.571764	0.428236	1.187717
47130	-4005.652	-4265.788	260.1361	1.889546	0.4563293	0.746769	0.253231	1.529437
47136	-4001.117	-4261.263	260.1461	1.889546	0.4782723	0.665029	0.334971	1.493512
47142	-4001.806	-4262.097	260.2908	2.005788	0.4730909	0.638133	0.361867	1.296906
47148	-3985.487	-4246.056	260.5695	2.096242	0.4574407	0.64701	0.35299	0.9918557
47154	-3987.605	-4247.976	260.371	2.096242	0.4912268	0.704489	0.295511	1.125241
47160	-3984.206	-4244.651	260.4446	2.063523	0.4671936	0.635668	0.364332	1.125241
47166	-3971.634	-4231.955	260.3204	2.026984	0.4816074	0.714652	0.285348	1.243016
47172	-3984.545	-4244.767	260.2223	2.026984	0.4816074	0.714652	0.285348	1.323455
47178	-3981.884	-4242.275	260.3903	2.025571	0.4820539	0.79425	0.20575	1.184107
47184	-3982.972	-4243.346	260.3749	2.029315	0.5066799	0.639078	0.360922	1.158528
47190	-3987.043	-4247.348	260.305	2.071498	0.5237598	0.676201	0.323799	1.158528
47196	-3982.168	-4242.475	260.3071	1.951929	0.4441303	0.66303	0.33697	1.367733
47202	-3985	-4245.243	260.243	1.93475	0.506775	0.664759	0.335241	1.347098
47208	-3974.773	-4235.005	260.2316	1.902175	0.5340752	0.648939	0.351061	1.347098
47214	-3978.64	-4238.949	260.309	1.943771	0.5124857	0.706756	0.293244	1.278981
47220	-3976.603	-4236.838	260.2353	1.989124	0.4879853	0.683181	0.316819	1.33467
47226	-3969.379	-4229.668	260.2887	1.949229	0.506907	0.66953	0.33047	1.298517
47232	-3974.452	-4234.704	260.2524	1.949229	0.5007935	0.66953	0.33047	1.335904
47238	-3971.655	-4232.133	260.4783	2.016161	0.4231323	0.692634	0.307366	1.206393
47244	-3992.465	-4252.871	260.4067	1.995995	0.4793281	0.634243	0.365757	1.199477
47250	-3988.193	-4248.5	260.3073	1.995995	0.4338503	0.634243	0.365757	1.347409
47256	-3973.664	-4234	260.3364	1.964119	0.4353326	0.713517	0.286483	1.347409
47262	-3993.431	-4253.727	260.2953	1.90054	0.5088288	0.718032	0.281968	1.329943
47268	-3995.301	-4255.544	260.2437	1.90054	0.4837874	0.565454	0.434546	1.403463
47274	-3988.169	-4248.009	259.8401	1.864467	0.6865056	0.752006	0.247994	1.508473
47280	-3989.546	-4249.704	260.1586	1.86575	0.4300897	0.680427	0.319573	1.5652
47286	-3998.127	-4257.871	259.7444	1.794526	0.6023528	0.726655	0.273345	1.713087
47292	-3997.308	-4256.969	259.6606	1.800077	0.5691773	0.613045	0.386955	1.802061
47298	-3995.026	-4254.898	259.872	1.768691	0.5155793	0.628706	0.371294	1.734976
47304	-4004.109	-4264.002	259.8929	1.73001	0.4250658	0.628706	0.371294	1.855687
47310	-4008.688	-4268.591	259.9037	1.703729	0.5500536	0.761798	0.238202	1.72
47316	-4006.194	-4266.217	260.0238	1.815719	0.43914	0.670237	0.329763	1.686821
47322	-3992.956	-4252.928	259.9719	1.774918	0.4590172	0.61854	0.38146	1.727296
47328	-3993.038	-4253.027	259.9895	1.805895	0.5994457	0.78648	0.21352	1.530647
47334	-4003.526	-4263.145	259.619	1.805895	0.5994457	0.603777	0.396223	1.795812
47340	-3991.594	-4251.31	259.7165	1.805895	0.5786635	0.745596	0.254404	1.749166
47346	-3998.232	-4258.026	259.7936	1.747927	0.5687256	0.725916	0.274084	1.746278
47352	-3985.847	-4245.627	259.78	1.761446	0.5687256	0.71567	0.28433	1.746278
47358	-3981.205	-4241.367	260.1624	1.975952	0.5326471	0.716671	0.283329	1.345288
47364	-3999.345	-4259.736	260.3913	1.950543	0.4544659	0.737853	0.262147	1.286442
47370	-3992.549	-4252.71	260.161	1.919891	0.4668782	0.662624	0.337376	1.474211
47376	-3988.087	-4248.234	260.1463	1.919891	0.4924201	0.728233	0.271767	1.452319
47382	-3991.092	-4251.217	260.1246	1.846328	0.4505416	0.612093	0.387907	1.577329
47388	-3992.486	-4252.614	260.1286	1.868601	0.4604696	0.612093	0.387907	1.545097
47394	-3981.074	-4241.405	260.3313	1.914746	0.5366443	0.663295	0.336705	1.252604
47400	-3991.884	-4252.239	260.3544	2.035023	0.500206	0.616139	0.383861	1.180746
47406	-3984.435	-4244.791	260.3561	1.970261	0.5092442	0.72778	0.27222	1.221988
47412	-3981.976	-4242.335	260.3585	1.970261	0.5508056	0.733089	0.266911	1.163114
47418	-3982.521	-4242.784	260.2634	1.974215	0.516061	0.655931	0.344069	1.286626
47424	-3987.951	-4248.313	260.3618	2.056209	0.516061	0.707854	0.292146	1.132729
47430	-3997.705	-4258.222	260.5169	2.000721	0.4156927	0.73946	0.26054	1.198423
47436	-4004.59	-4264.814	260.2237	1.977708	0.5236594	0.714663	0.285337	1.306095
47442	-4000.389	-4260.213	259.8237	1.729096	0.5037958	0.717	0.283	1.80959
47448	-3990.358	-4250.241	259.8825	1.792577	0.5037958	0.717	0.283	1.724271
47454	-3992.245	-4251.929	259.6844	1.792577	0.679996	0.647217	0.352783	1.680653
47460	-3987.807	-4247.592	259.7852	1.749006	0.5416363	0.707546	0.292454	1.780413
47466	-3990.742	-4250.52	259.7778	1.781794	0.5292853	0.750296	0.249704	1.776301
47472	-3984.637	-4244.663	260.0253	1.749508	0.4746094	0.651991	0.348009	1.688417
47478	-3984.118	-4243.811	259.6932	1.705709	0.5138633	0.645842	0.354158	1.903601
47484	-3985.695	-4245.479	259.7839	1.731329	0.5774972	0.743581	0.256419	1.755397
47490	-3994.745	-4254.774	260.0287	1.79847	0.558797	0.76521	0.23479	1.551979
47496	-3971.506	-4231.649	260.1437	1.868198	0.4820306	0.611616	0.388384	1.506586
47502	-3987.25	-4247.217	259.967	1.805925	0.555375	0.789602	0.210398	1.595568
47508	-3973.423	-4233.336	259.9122	1.856466	0.5650586	0.598329	0.401671	1.587912
47514	-3980.61	-4240.576	259.9663	1.880241	0.6056993	0.710983	0.289017	1.485593
47520	-3983.387	-4243.327	259.9395	1.880241	0.629172	0.648155	0.351845	1.480615
47526	-3982.873	-4242.908	260.035	1.949158	0.5640498	0.688183	0.311817	1.427797
47532	-3981.945	-4242.062	260.1168	1.976595	0.58185	0.644995	0.355005	1.320896
47538	-3979.716	-4239.82	260.1046	1.976595	0.5222262	0.613597	0.386403	1.403253
47544	-3991.296	-4251.444	260.148	1.933162	0.5222262	0.69242	0.30758	1.403253
47550	-4002.675	-4262.704	260.0294	1.933129	0.5289352	0.687039	0.312961	1.485829
47556	-3999.387	-4259.677	260.2898	1.933129	0.5573604	0.687039	0.312961	1.245021
47562	-3980.523	-4240.681	260.1589	1.879014	0.4716658	0.724891	0.275109	1.500364
47568	-3987.907	-4248.02	260.113	1.875071	0.5572742	0.643465	0.356535	1.432744
47574	-3995.175	-4255.244	260.0696	1.878176	0.5572742	0.65494	0.34506	1.463542
47580	-4000.712	-4260.837	260.124	1.980785	0.4612046	0.65494	0.34506	1.463542
47586	-3994.535	-4254.463	259.9281	1.980785	0.6759147	0.669039	0.330961	1.362431
47592	-3988.103	-4248.171	260.0689	2.001303	0.5753553	0.669039	0.330961	1.347239
47598	-3972.546	-4232.589	260.0437	2.033479	0.6391631	0.639136	0.360864	1.266987
47604	-3975.743	-4235.778	260.0355	2.105952	0.5956115	0.734609	0.265391	1.265205
47610	-3995.83	-4256.033	260.2028	2.049298	0.4980506	0.668607	0.331393	1.298885
47616	-3985.613	-4245.709	260.0964	2.039256	0.624531	0.665545	0.334455	1.23542
47622	-4003.42	-4263.849	260.4298	2.029726	0.379048	0.665545	0.334455	1.305959
47628	-4004.61	-4264.681	260.0704	1.990156	0.5586947	0.665545	0.334455	1.374731
47634	-3996.984	-4257.081	260.0963	1.914839	0.5443696	0.81005	0.18995	1.430371
47640	-3988.93	-4248.868	259.938	2.062329	0.655617	0.735618	0.264382	1.311291
47646	-4003.918	-4264.392	260.4743	2.024547	0.5488223	0.67892	0.32108	1.008071
47652	-4003.51	-4263.758	260.2486	2.032983	0.5339221	0.725558	0.274442	1.226406
47658	-3994.701	-4254.945	260.2444	2.045342	0.5390044	0.725558	0.274442	1.212682
47664	-3997.431	-4257.903	260.4721	2.019165	0.4116264	0.649826	0.350174	1.227407
47670	-3997.593	-4257.752	260.1596	1.996093	0.5696952	0.649826	0.350174	1.285129
47676	-4002.134	-4262.3	260.1667	1.996093	0.5977842	0.705982	0.294018	1.244811
47682	-3998.046	-4258.172	260.1258	1.887187	0.6305555	0.686166	0.313834	1.329037
47688	-3995.404	-4255.356	259.952	1.940629	0.5072469	0.571056	0.428944	1.563836
47694	-3992.602	-4252.451	259.8492	1.940629	0.5252336	0.79502	0.20498	1.617634
47700	-3992.423	-4252.464	260.0408	1.909644	0.5252336	0.68454	0.31546	1.499325
47706	-4000.645	-4260.895	260.2504	1.84265	0.4305506	0.711221	0.288779	1.513757
47712	-3998.222	-4258.332	260.1095	1.863467	0.5152641	0.688513	0.311487	1.494478
47718	-3987.895	-4248.006	260.1104	1.863467	0.515524	0.76466	0.23534	1.49349
47724	-3993.702	-4253.908	260.2066	1.863373	0.515524	0.668149	0.331851	1.420277
47730	-3986.52	-4246.578	260.0578	1.903351	0.5859121	0.645541	0.354459	1.420277
47736	-3980.175	-4240.129	259.9539	1.903351	0.5646943	0.7021	0.2979	1.523044
47742	-3978.814	-4238.994	260.1802	1.998408	0.5515899	0.78995	0.21005	1.288969
47748	-3992.015	-4252.218	260.2023	2.090629	0.5971462	0.727425	0.272575	1.13328
47754	-4000.987	-4261.361	260.3745	2.090629	0.5525101	0.727425	0.272575	1.035572
47760	-4009.395	-4269.737	260.3422	2.090629	0.5166837	0.774986	0.225014	1.118518
47766	-4014.433	-4274.462	260.0288	2.05403	0.6841679	0.598087	0.401913	1.211142
47772	-4000.954	-4260.952	259.9987	1.98318	0.6467361	0.638154	0.361846	1.335931
47778	-4001.712	-4261.818	260.1061	1.98318	0.5985326	0.665822	0.334178	1.304405
47784	-3981.754	-4241.852	260.0981	2.026029	0.5389961	0.723798	0.276202	1.348634
47790	-3985.456	-4245.854	260.398	2.0929	0.5588053	0.640317	0.359683	1.000697
47796	-3982.516	-4242.85	260.3335	2.105564	0.5517175	0.659382	0.340618	1.061654
47802	-3992.574	-4252.8	260.2255	2.074276	0.615552	0.556761	0.443239	1.103088
47808	-3991.349	-4251.56	260.2102	2.169961	0.5762521	0.744832	0.255168	1.081863
47814	-3993.438	-4253.743	260.305	2.103955	0.5592915	0.6458	0.3542	1.078921
47820	-3989.008	-4249.242	260.234	2.06839	0.5753991	0.717453	0.282547	1.153451
47826	-3986.592	-4246.827	260.2343	2.06839	0.5549481	0.693459	0.306541	1.180302
47832	-3983.849	-4244.071	260.2225	2.06839	0.595019	0.717671	0.282329	1.13788
47838	-4003.697	-4263.484	259.7872	2.06839	0.7997312	0.646452	0.353548	1.280459
47844	-3997.566	-4257.805	260.2388	1.981867	0.611771	0.570228	0.429772	1.178326
47850	-3994.033	-4254.432	260.3989	2.020856	0.5032992	0.62169	0.37831	1.14968
47856	-3986.636	-4247.155	260.5187	2.045232	0.44035	0.765408	0.234592	1.117708
47862	-3992.725	-4252.913	260.1885	2.14558	0.5948092	0.727319	0.272681	1.099118
47868	-4002.208	-4262.529	260.3213	2.147773	0.5746357	0.749893	0.250107	0.99856
47874	-3989.563	-4249.644	260.0811	2.050032	0.6189787	0.614736	0.385264	1.245743
47880	-3985.175	-4245.421	260.2451	2.048647	0.5119355	0.661977	0.338023	1.245743
47886	-3977.43	-4237.653	260.2234	2.067791	0.5054788	0.661977	0.338023	1.256689
47892	-3983.229	-4243.613	260.3841	1.937677	0.4382154	0.786603	0.213397	1.326276
47898	-3979.479	-4239.519	260.0405	1.937677	0.549843	0.587578	0.412422	1.449074
47904	-3977.921	-4238.126	260.205	1.893145	0.5929703	0.721703	0.278297	1.30381
47910	-3979.364	-4239.43	260.0654	1.893145	0.5371479	0.742195	0.257805	1.479052
47916	-3987.299	-4247.359	260.0595	1.893145	0.5408622	0.673943	0.326057	1.479052
47922	-3984.636	-4244.706	260.0699	1.890964	0.4787556	0.670274	0.329726	1.548664
47928	-3985.461	-4245.649	260.1881	1.863704	0.4643439	0.682867	0.317133	1.499431
47934	-3971.693	-4231.932	260.239	1.863704	0.5162263	0.6191	0.3809	1.394003
47940	-3976.471	-4236.611	260.1394	1.918894	0.5162263	0.687609	0.312391	1.428415
47946	-3986.044	-4246.254	260.2099	1.918894	0.5435358	0.693832	0.306168	1.339281
47952	-3994.434	-4254.51	260.0761	1.869435	0.5248336	0.752977	0.247023	1.503523
47958	-3980.695	-4240.657	259.9622	1.869435	0.5636576	0.715891	0.284109	1.543263
47964	-3989.763	-4249.541	259.7777	1.869435	0.694669	0.748271	0.251729	1.543263
47970	-3997.622	-4257.576	259.9545	1.864861	0.5331734	0.654748	0.345252	1.586974
47976	-3994.081	-4254.327	260.2462	1.950635	0.5048898	0.766198	0.233802	1.334318
47982	-3986.404	-4246.552	260.1482	1.952439	0.5420064	0.656617	0.343383	1.363517
47988	-4007.865	-4268.367	260.5015	1.88131	0.4110781	0.541006	0.458994	1.317627
47994	-3998.856	-4259.023	260.167	1.954017	0.4749605	0.702381	0.297619	1.432966
48000	-4001.889	-4262.165	260.276	1.94093	0.5114268	0.763111	0.236889	1.309532
48006	-3983.392	-4243.697	260.305	2.089221	0.515662	0.707052	0.292948	1.15439
48012	-3994.107	-4254.274	260.1667	2.172018	0.6062674	0.773794	0.226206	1.079452
48018	-4005.706	-4266.12	260.4138	2.160285	0.4961897	0.773794	0.226206	1.01718
48024	-3984.526	-4244.916	260.3903	2.160285	0.524425	0.688704	0.311296	0.9948148
48030	-3979.017	-4239.434	260.417	2.218223	0.524425	0.709311	0.290689	0.9054149
48036	-3997.439	-4257.882	260.4429	2.313205	0.4871292	0.712048	0.287952	0.8351435
48042	-3988.518	-4248.952	260.4341	2.313205	0.4923703	0.557607	0.442393	0.8351435
48048	-4011.188	-4271.518	260.3306	2.256014	0.6065955	0.772642	0.227358	0.8143436
48054	-3998.372	-4258.598	260.2266	2.234849	0.6152805	0.735043	0.264957	0.9451596
48060	-3998.72	-4259.147	260.4271	2.226914	0.490602	0.725553	0.274447	0.9451596
48066	-3973.421	-4233.746	260.3248	2.226914	0.5473782	0.692955	0.307045	0.9565719
48072	-3979.905	-4240.497	260.5923	2.210083	0.4639379	0.670772	0.329228	0.8269673
48078	-3974.113	-4234.297	260.1838	2.210083	0.6292807	0.77577	0.22423	0.9944455
48084	-3976.731	-4237.057	260.3261	2.168878	0.5688929	0.66759	0.33241	0.9811879
48090	-3983.931	-4244.27	260.3389	2.168878	0.5545096	0.713213	0.286787	0.9903547
48096	-3978.584	-4239.012	260.4284	2.116634	0.5148495	0.713213	0.286787	1.015686
48102	-3964.527	-4224.908	260.3815	2.116634	0.5438731	0.641831	0.358169	1.016421
48108	-3996.513	-4256.899	260.3862	2.116634	0.5408549	0.751311	0.248689	1.016421
48114	-3985.065	-4245.299	260.2337	2.099803	0.5408549	0.723017	0.276983	1.17252
48120	-3985.985	-4246.078	260.0927	2.021651	0.6394222	0.612361	0.387639	1.235804
48126	-3989.944	-4250.272	260.3281	2.036162	0.6159359	0.612751	0.387249	1.042172
48132	-3986.104	-4246.428	260.3245	1.981368	0.5079368	0.775129	0.224871	1.241045
48138	-3989.583	-4249.743	260.16	2.014719	0.5926837	0.775129	0.224871	1.241045
48144	-3988.531	-4248.707	260.176	1.943238	0.5231015	0.667642	0.332358	1.372417
48150	-3983.116	-4243.295	260.1794	1.945992	0.4774206	0.67255	0.32745	1.426385
48156	-3987.254	-4247.356	260.1018	1.92023	0.506084	0.692837	0.307163	1.468709
48162	-3989.67	-4249.78	260.1105	1.90465	0.5102984	0.615265	0.384735	1.468709
48168	-3999.925	-4259.979	260.0538	1.974065	0.5682764	0.655675	0.344325	1.388988
48174	-3979.924	-4240.126	260.2015	1.974065	0.4959524	0.672349	0.327651	1.362915
48180	-3990.569	-4250.751	260.182	1.977532	0.4847573	0.672313	0.327687	1.39026
48186	-3986.345	-4246.68	260.3345	1.977532	0.4652777	0.739447	0.260553	1.295329
48192	-3993.408	-4253.809	260.4013	1.979671	0.4821099	0.740282	0.259718	1.214033
48198	-3991.106	-4251.372	260.2657	2.09445	0.5743073	0.628543	0.371457	1.103004
48204	-3996.644	-4256.845	260.2009	1.942191	0.4532198	0.662857	0.337143	1.445102
48210	-4007.321	-4267.415	260.094	1.901568	0.5419951	0.559239	0.440761	1.445102
48216	-4003.259	-4263.279	260.0199	1.901568	0.5175832	0.664747	0.335253	1.53012
48222	-3996.393	-4256.526	260.133	1.933952	0.5031769	0.610424	0.389576	1.438124
48228	-4004.765	-4264.782	260.017	1.944693	0.4544776	0.610424	0.389576	1.578954
48234	-3998.238	-4258.185	259.9473	1.850197	0.4825421	0.717369	0.282631	1.662618
48240	-4003.99	-4264.412	260.422	1.847978	0.4433731	0.684081	0.315919	1.360164
48246	-3989.11	-4249.524	260.4144	1.945882	0.4234816	0.635257	0.364743	1.316993
48252	-3985.814	-4245.861	260.047	1.966685	0.5481769	0.671078	0.328922	1.423832
48258	-3968.908	-4229.153	260.2443	1.966685	0.551076	0.632247	0.367753	1.262988
48264	-3974.531	-4234.749	260.2172	1.966685	0.5051987	0.701974	0.298026	1.344244
48270	-3981.957	-4241.998	260.0407	1.885412	0.5930972	0.763767	0.236233	1.439095
48276	-3990.539	-4250.639	260.1003	1.892753	0.5486803	0.603481	0.396519	1.439095
48282	-3985.283	-4245.37	260.0863	1.970807	0.5486803	0.603481	0.396519	1.389502
48288	-3995.89	-4256.136	260.2458	1.882053	0.5798726	0.740084	0.259916	1.295375
48294	-3972.028	-4232.2	260.1715	1.882053	0.5204732	0.723082	0.276918	1.426819
48300	-3982.56	-4242.875	260.3148	1.971327	0.4933143	0.723082	0.276918	1.277483
48306	-3981.642	-4241.749	260.1076	1.929573	0.4966058	0.6335	0.3665	1.469116
48312	-3978.253	-4238.336	260.0823	1.934089	0.537465	0.791706	0.208294	1.434616
48318	-3988.673	-4248.787	260.1141	1.930436	0.537465	0.576697	0.423303	1.412939
48324	-4000.803	-4261.36	260.5565	2.168685	0.4638832	0.735306	0.264694	0.9176344
48330	-3987.212	-4247.627	260.4153	2.26518	0.4873796	0.659763	0.340237	0.9225048
48336	-4000.382	-4260.815	260.4324	2.131644	0.4873796	0.643232	0.356768	1.041238
48342	-3998.36	-4258.815	260.4542	2.117653	0.5142039	0.604506	0.395494	0.9898848
48348	-4002.83	-4263.153	260.3227	2.117653	0.5795588	0.692607	0.307393	1.01972
48354	-3993.194	-4253.418	260.2242	2.262149	0.5919452	0.731817	0.268183	0.9545217
48360	-3994.159	-4254.478	260.3185	2.279678	0.4988594	0.716836	0.283164	0.988753
48366	-4009.282	-4269.653	260.3718	2.279678	0.5235603	0.716836	0.283164	0.888597
48372	-3994.745	-4255.086	260.3411	2.327493	0.5197299	0.748987	0.251013	0.8759125
48378	-3994.327	-4254.652	260.3247	2.315886	0.5373484	0.624497	0.375503	0.8759125
48384	-3990.836	-4251.198	260.3626	2.239839	0.5373484	0.672508	0.327492	0.9189442
48390	-3993.428	-4253.826	260.3973	2.239839	0.5033405	0.739832	0.260168	0.9406237
48396	-4006.94	-4267.467	260.5275	2.178976	0.4256215	0.678456	0.321544	1.008515
48402	-4010.224	-4270.63	260.4068	2.191638	0.5304562	0.615408	0.384592	0.9351799
48408	-4002.605	-4263.033	260.4281	2.213841	0.5254054	0.56259	0.43741	0.8960622
48414	-3998.616	-4258.789	260.1732	2.213841	0.6136741	0.702488	0.297512	1.023148
48420	-3999.641	-4260.038	260.3972	2.154148	0.5160699	0.702488	0.297512	1.007411
48426	-3985.58	-4245.943	260.3627	2.154148	0.5392422	0.649649	0.350351	1.005022
48432	-3983.346	-4243.667	260.3206	2.154148	0.4975797	0.703655	0.296345	1.10882
48438	-3998.719	-4258.935	260.2161	2.154148	0.5672908	0.632226	0.367774	1.103448
48444	-3990.978	-4251.291	260.3124	1.938256	0.4682913	0.655991	0.344009	1.340552
48450	-3990.645	-4250.615	259.97	1.879936	0.5190532	0.75999	0.24001	1.581112
48456	-3983.872	-4244.035	260.1631	1.824242	0.4651205	0.688345	0.311655	1.546431
48462	-3994.387	-4254.14	259.7522	1.71797	0.4897863	0.607604	0.392396	1.882167
48468	-4013.587	-4273.069	259.482	1.696487	0.5536005	0.633773	0.366227	2.009497
48474	-4004.04	-4263.428	259.3879	1.785825	0.7533689	0.673649	0.326351	1.827072
48480	-3992.591	-4252.396	259.805	1.738016	0.4573389	0.632834	0.367166	1.870524
48486	-3988.232	-4247.99	259.7587	1.735286	0.4290922	0.632834	0.367166	1.938157
48492	-3982.911	-4242.467	259.5563	1.773232	0.5252223	0.63039	0.36961	1.938157
48498	-3995.069	-4255.008	259.939	1.836986	0.4362392	0.63039	0.36961	1.735412
48504	-3993.142	-4253.323	260.1807	1.826377	0.4675691	0.710481	0.289519	1.52865
48510	-3992.027	-4252.044	260.0173	1.826377	0.4610235	0.686238	0.313762	1.656057
48516	-3987.695	-4247.746	260.0512	1.729771	0.4658294	0.721021	0.278979	1.694797
48522	-4005.97	-4265.808	259.8387	1.758444	0.5196158	0.767345	0.232655	1.760904
48528	-4002.363	-4262.047	259.6847	1.75294	0.5753818	0.721771	0.278229	1.811513
48534	-4000.416	-4260.069	259.6532	1.711513	0.5695302	0.536233	0.463767	1.867632
48540	-4003.293	-4263.059	259.766	1.734897	0.5311247	0.685823	0.314177	1.81496
48546	-3988.844	-4248.748	259.9037	1.791727	0.5072944	0.685823	0.314177	1.705895
48552	-3990.446	-4250.399	259.9527	1.848526	0.4078	0.613927	0.386073	1.754746
48558	-3988.978	-4248.75	259.7717	1.819424	0.5784261	0.613927	0.386073	1.701065
48564	-3995.043	-4255.041	259.9974	1.819424	0.4766133	0.645192	0.354808	1.656023
48570	-3991.425	-4251.644	260.2182	1.819805	0.4766133	0.688093	0.311907	1.493914
48576	-3996.461	-4256.555	260.0942	1.889496	0.5180598	0.710666	0.289334	1.482943
48582	-3988.763	-4248.422	259.659	1.889496	0.6465255	0.494206	0.505794	1.661915
48588	-3979.955	-4239.742	259.7871	1.887408	0.6465255	0.56373	0.43627	1.570722
48594	-3989.667	-4249.427	259.7596	1.866661	0.6465255	0.751144	0.248856	1.605886
48600	-3991.954	-4251.935	259.9808	1.872832	0.5732509	0.717547	0.282453	1.516105
48606	-3998.348	-4258.246	259.8984	1.987056	0.5523642	0.759516	0.240484	1.516105
48612	-4001.764	-4261.821	260.057	1.987056	0.5523642	0.54946	0.45054	1.39527
48618	-3997.724	-4257.856	260.1321	2.013136	0.5228238	0.777314	0.222686	1.352272
48624	-3992.083	-4252.112	260.0288	1.945193	0.5228238	0.612476	0.387524	1.484522
48630	-4006.914	-4265.448	258.5336	1.612229	0.6169997	0.69166	0.30834	2.609568
48636	-4017.149	-4276.336	259.1871	1.631106	0.5047039	0.622792	0.377208	2.294929
48642	-4016.354	-4275.438	259.0841	1.628355	0.4749712	0.65988	0.34012	2.393857
48648	-4006.395	-4265.345	258.9498	1.659153	0.7445125	0.731266	0.268734	2.210123
48654	-4000.158	-4260.039	259.8811	1.803047	0.524389	0.672932	0.327068	1.694295
48660	-3995.335	-4255.163	259.8276	1.803047	0.577326	0.672932	0.327068	1.674126
48666	-3976.392	-4236.227	259.8351	1.805351	0.4822103	0.694363	0.305637	1.773794
48672	-3982.172	-4242.135	259.9637	1.799192	0.503446	0.649995	0.350005	1.662414
48678	-3993.187	-4252.845	259.6577	1.799192	0.503446	0.587631	0.412369	1.875797
48684	-3980.068	-4239.768	259.7002	1.820459	0.5109835	0.647941	0.352059	1.823634
48690	-3983.98	-4243.718	259.7382	1.782432	0.5109835	0.617612	0.382388	1.823634
48696	-3985.707	-4245.378	259.6715	1.771099	0.5819249	0.76389	0.23611	1.801391
48702	-3987.245	-4247.101	259.8557	1.771099	0.489602	0.70088	0.29912	1.77462
48708	-3989.925	-4249.844	259.9189	1.744271	0.489602	0.590314	0.409686	1.749202
48714	-3998.157	-4257.417	259.2599	1.682329	0.461318	0.590314	0.409686	2.262574
48720	-3998.075	-4257.618	259.5432	1.649522	0.4672297	0.577079	0.422921	2.093296
48726	-3976.246	-4235.669	259.4234	1.671819	0.5258809	0.672732	0.327268	2.093296
48732	-3996.876	-4256.317	259.4406	1.67111	0.5156323	0.659795	0.340205	2.093296
48738	-3989.103	-4248.827	259.7241	1.721177	0.6118938	0.783732	0.216268	1.769099
48744	-3989.07	-4248.711	259.6411	1.821745	0.6213796	0.60602	0.39398	1.747409
48750	-3986.618	-4246.588	259.9699	1.803646	0.4692149	0.60602	0.39398	1.695918
48756	-3988.198	-4248.089	259.8909	1.821502	0.5552607	0.751025	0.248975	1.639556
48762	-3987.57	-4247.644	260.0746	1.755972	0.4783701	0.666996	0.333004	1.644012
48768	-3983.982	-4243.991	260.0088	1.789059	0.4852007	0.609143	0.390857	1.659112
48774	-3972.369	-4232.172	259.803	1.750447	0.4722172	0.666578	0.333422	1.845674
48780	-3973.857	-4233.713	259.8558	1.823779	0.4352093	0.666578	0.333422	1.803907
48786	-3979.845	-4239.619	259.7731	1.716206	0.4952436	0.691952	0.308048	1.862937
48792	-3981.789	-4241.743	259.9546	1.709047	0.4521907	0.810942	0.189058	1.793786
48798	-3986.615	-4246.164	259.5493	1.629893	0.4663259	0.751396	0.248604	2.103192
48804	-3993.094	-4253.031	259.9363	1.71085	0.4765503	0.751396	0.248604	1.775814
48810	-3997.681	-4257.779	260.0986	1.971174	0.5485479	0.725419	0.274581	1.37982
48816	-3992.903	-4253.098	260.1954	2.081525	0.5547351	0.733877	0.266123	1.202763
48822	-3975.157	-4235.162	260.0055	1.924935	0.4891722	0.726581	0.273419	1.55805
48828	-3970.669	-4230.727	260.0575	1.829352	0.4519631	0.58105	0.41895	1.636537
48834	-3973.37	-4233.218	259.8489	1.755795	0.5776269	0.679235	0.320765	1.692249
48840	-3977.842	-4237.748	259.9058	1.733682	0.4002371	0.698529	0.301471	1.876369
48846	-3994.018	-4254.112	260.0935	1.880508	0.5482063	0.671029	0.328971	1.454183
48852	-3985.872	-4245.579	259.7067	1.966592	0.7680736	0.645411	0.354589	1.454183
48858	-3977.987	-4238.074	260.0868	1.966592	0.5658984	0.720326	0.279674	1.371788
48864	-3981.857	-4242.17	260.313	2.002615	0.4673055	0.721975	0.278025	1.289592
48870	-3983.498	-4243.784	260.2859	2.071874	0.4654029	0.658863	0.341137	1.257548
48876	-3974.286	-4234.541	260.2551	2.046843	0.4654029	0.720744	0.279256	1.303342
48882	-3981.695	-4242.148	260.4533	2.106501	0.4968494	0.6569	0.3431	1.030076
48888	-3981.055	-4241.367	260.312	2.161076	0.6051683	0.6569	0.3431	0.9482829
48894	-3991.599	-4251.775	260.1763	2.338114	0.6308775	0.572512	0.427488	0.8611136
48900	-3994.967	-4255.402	260.435	2.38321	0.5002797	0.806852	0.193148	0.7166574
48906	-3998.084	-4258.375	260.2911	2.38321	0.568099	0.714931	0.285069	0.772612
48912	-4000.786	-4260.98	260.194	2.299458	0.6290297	0.716805	0.283195	0.8885246
48918	-3988.78	-4249.208	260.4279	2.259586	0.5395869	0.637147	0.362853	0.8141267
48924	-3986.793	-4247.34	260.5472	2.279359	0.4558437	0.72195	0.27805	0.8141267
48930	-3978.96	-4239.484	260.5232	2.279359	0.4693572	0.63985	0.36015	0.81473
48936	-3995.173	-4255.532	260.3592	2.279359	0.5711627	0.757997	0.242003	0.81473
48942	-4012.106	-4272.571	260.4657	2.030882	0.4563995	0.646813	0.353187	1.152365
48948	-3998.298	-4258.453	260.1552	2.118693	0.5954655	0.623241	0.376759	1.152365
48954	-3992.125	-4252.391	260.2662	2.134165	0.5479989	0.666422	0.333578	1.102916
48960	-3975.297	-4235.583	260.2866	2.151309	0.5576768	0.676282	0.323718	1.053997
48966	-3990.119	-4250.407	260.2887	2.151309	0.5563582	0.694469	0.305531	1.053997
48972	-3974.533	-4234.737	260.2046	2.112817	0.5563582	0.693638	0.306362	1.165606
48978	-3992.987	-4253.275	260.2872	2.09926	0.5563582	0.693638	0.306362	1.103858
48984	-3992.894	-4253.239	260.3451	2.059126	0.5388	0.668432	0.331568	1.112466
48990	-3992.731	-4252.873	260.1417	2.050543	0.5794318	0.699374	0.300626	1.242837
48996	-3993.441	-4253.81	260.3689	2.050543	0.4919112	0.699374	0.300626	1.166592
49002	-3986.69	-4247.104	260.4138	2.050543	0.4919112	0.655359	0.344641	1.126808
49008	-3987.427	-4247.82	260.3926	2.050543	0.4685486	0.655359	0.344641	1.180542
49014	-3979.56	-4239.87	260.3096	2.050543	0.5013935	0.684529	0.315471	1.204253
49020	-3974.882	-4235.137	260.2549	1.88563	0.4711459	0.684529	0.315471	1.422996
49026	-3995.305	-4255.183	259.8784	1.88563	0.5227703	0.628962	0.371038	1.639064
49032	-3980.44	-4240.327	259.8872	1.805997	0.5227703	0.764543	0.235457	1.68968
49038	-3979.448	-4239.225	259.7773	1.853691	0.5626418	0.763527	0.236473	1.68968
49044	-3985.143	-4245.21	260.0669	1.898755	0.5196986	0.648647	0.351353	1.494575
49050	-3972.362	-4232.297	259.9351	1.86872	0.5010637	0.628938	0.371062	1.63583
49056	-3973.28	-4233.259	259.9789	1.940328	0.5010637	0.706287	0.293713	1.551714
49062	-3982.032	-4242.081	260.049	1.9121	0.5359673	0.652395	0.347605	1.478521
49068	-3979.558	-4239.532	259.9743	1.891061	0.5359673	0.615297	0.384703	1.549953
49074	-3983.582	-4243.772	260.1902	1.818257	0.466584	0.566756	0.433244	1.528867
49080	-3988.345	-4248.539	260.1943	1.823324	0.4613362	0.738211	0.261789	1.528867
49086	-3986.563	-4246.667	260.1033	1.843458	0.4820377	0.661541	0.338459	1.554935
49092	-3976.48	-4236.589	260.1096	1.818337	0.4579791	0.661541	0.338459	1.599082
49098	-3970.298	-4230.416	260.1187	1.786534	0.4944048	0.708314	0.291686	1.570189
49104	-3981.012	-4241.102	260.0897	1.765876	0.4310688	0.744736	0.255264	1.685806
49110	-3990.001	-4249.967	259.9662	1.848493	0.5059038	0.744736	0.255264	1.622269
49116	-3974.815	-4234.756	259.9402	1.848493	0.52191	0.690506	0.309494	1.622269
49122	-3975.543	-4235.589	260.046	1.832199	0.4895698	0.703652	0.296348	1.595863
49128	-4001.419	-4261.481	260.0619	1.886322	0.4490043	0.609255	0.390745	1.595863
49134	-3999.878	-4259.988	260.11	1.937404	0.4916384	0.696566	0.303434	1.467619
49140	-3995.711	-4256.078	260.367	1.937404	0.4578482	0.770809	0.229191	1.312064
49146	-3994.823	-4254.886	260.0637	1.937404	0.559792	0.603059	0.396941	1.419756
49152	-3979.413	-4239.591	260.1772	1.969223	0.5708085	0.807329	0.192671	1.291362
49158	-3972.568	-4233.089	260.5209	1.98889	0.4409627	0.730438	0.269562	1.164952
49164	-3984.877	-4245.275	260.3977	1.974097	0.4279342	0.668961	0.331039	1.301018
49170	-3974.586	-4234.933	260.3472	1.897987	0.4849871	0.758127	0.241873	1.322137
49176	-3976.519	-4236.754	260.235	1.942594	0.5261273	0.602255	0.397745	1.322137
49182	-3987.274	-4247.177	259.9026	1.824316	0.6013744	0.750889	0.249111	1.579065
49188	-3987.654	-4247.429	259.7752	1.911129	0.6120021	0.777139	0.222861	1.597494
49194	-3995.744	-4255.506	259.7622	1.78982	0.6260398	0.5741	0.4259	1.679783
49200	-3998.11	-4257.998	259.8885	1.775385	0.5497254	0.59603	0.40397	1.680357
49206	-3993.943	-4253.672	259.7283	1.794682	0.5841954	0.766555	0.233445	1.743008
49212	-4005.259	-4265.095	259.8362	1.794682	0.5912764	0.745091	0.254909	1.659202
49218	-3996.962	-4256.793	259.8308	1.794682	0.5912764	0.78278	0.21722	1.663092
49224	-3998.148	-4258.211	260.0628	1.787136	0.4526744	0.663795	0.336205	1.662077
49230	-3990.803	-4250.741	259.9384	1.761537	0.4747808	0.663795	0.336205	1.741079
49236	-3986.048	-4246.059	260.0116	1.814515	0.4807046	0.727974	0.272026	1.644345
49242	-3984.246	-4244.259	260.0127	1.765157	0.5548255	0.589529	0.410471	1.59262
49248	-3980.6	-4240.77	260.1698	1.879162	0.4567468	0.771308	0.228692	1.511472
49254	-3979.083	-4238.872	259.7886	1.860374	0.626028	0.714204	0.285796	1.61017
49260	-3986.509	-4246.918	260.4093	1.90132	0.4200761	0.700853	0.299147	1.361728
49266	-4001.578	-4261.597	260.0185	2.039566	0.5712231	0.750549	0.249451	1.361728
49272	-3992.773	-4253.093	260.3202	2.003703	0.5379689	0.596517	0.403483	1.184766
49278	-3996.914	-4257.304	260.3901	1.913748	0.4870696	0.67592	0.32408	1.271485
49284	-4003.428	-4263.776	260.3481	2.013424	0.507251	0.637794	0.362206	1.194798
49290	-4002.551	-4263.064	260.5124	2.010702	0.507251	0.717239	0.282761	1.048866
49296	-3992.622	-4252.86	260.238	2.069122	0.5684935	0.697052	0.302948	1.158437
49302	-4005.894	-4266.013	260.1191	2.143722	0.6340884	0.67866	0.32134	1.112858
49308	-3993.567	-4253.906	260.3399	2.143038	0.5178718	0.695237	0.304763	1.070589
49314	-3977.409	-4237.754	260.3451	2.15377	0.5080387	0.662497	0.337503	1.070589
49320	-3985.893	-4246.334	260.4413	2.123654	0.4963675	0.662497	0.337503	1.025875
49326	-3986.795	-4247.074	260.2786	2.075489	0.5788824	0.651603	0.348397	1.102319
49332	-3991.078	-4251.469	260.3902	2.086079	0.481603	0.673385	0.326615	1.131622
49338	-3987.953	-4248.333	260.3794	2.042946	0.5366755	0.676138	0.323862	1.099001
49344	-3982.445	-4242.611	260.1658	2.044704	0.5319388	0.609607	0.390393	1.287982
49350	-3986.804	-4246.781	259.9768	1.867839	0.5403076	0.793315	0.206685	1.560207
49356	-3977.651	-4237.96	260.3096	1.891841	0.4908045	0.562659	0.437341	1.349215
49362	-3977.609	-4237.957	260.3482	2.005106	0.4728487	0.627081	0.372919	1.250547
49368	-3979.784	-4239.981	260.1971	2.039689	0.5441301	0.732215	0.267785	1.250547
49374	-3968.365	-4228.656	260.291	2.063749	0.5441301	0.740998	0.259002	1.149338
49380	-3980.102	-4240.367	260.265	2.057861	0.4617217	0.622333	0.377667	1.291588
49386	-3995.306	-4255.296	259.9905	1.995296	0.6071403	0.599911	0.400089	1.377016
49392	-3980.875	-4241.104	260.2283	2.031231	0.517506	0.679917	0.320083	1.266687
49398	-3969.883	-4230.093	260.2097	2.031231	0.5024604	0.791377	0.208623	1.301991
49404	-3979.713	-4240.07	260.3567	2.031231	0.4959811	0.666351	0.333649	1.188104
49410	-3966.316	-4226.75	260.4345	2.204995	0.4959811	0.706748	0.293252	0.95107
49416	-3982.078	-4242.53	260.4524	2.204995	0.4959811	0.795218	0.204782	0.9319604
49422	-3984.653	-4244.999	260.3462	2.314417	0.521003	0.752881	0.247119	0.8828049
49428	-3981.859	-4242.115	260.2563	2.347651	0.5997818	0.665097	0.334903	0.8045975
49434	-3979.285	-4239.589	260.3047	2.347651	0.5997818	0.665097	0.334903	0.7354565
49440	-3978.294	-4238.644	260.3502	2.326237	0.5493163	0.637175	0.362825	0.8088146
49446	-3968.728	-4229.147	260.4187	2.326237	0.5216486	0.662233	0.337767	0.7749311
49452	-3972.407	-4232.609	260.2025	2.326237	0.6289774	0.643308	0.356692	0.8469494
49458	-3977.972	-4238.408	260.4364	2.326237	0.5077927	0.582233	0.417767	0.7816623
49464	-3979.805	-4240.22	260.4151	2.319629	0.5246805	0.72366	0.27634	0.782491
49470	-3972.775	-4233.259	260.4841	2.258218	0.4897744	0.72366	0.27634	0.8466604
49476	-3979.403	-4239.679	260.2757	2.267239	0.6191068	0.669636	0.330364	0.8466604
49482	-3984.393	-4244.747	260.3542	2.267239	0.5670402	0.641999	0.358001	0.8441187
49488	-3991.332	-4251.751	260.4193	2.267239	0.5251482	0.641999	0.358001	0.8441187
49494	-3994.147	-4254.512	260.3655	2.324977	0.5571148	0.658921	0.341079	0.7733856
49500	-4003.259	-4263.828	260.5688	2.234195	0.4203961	0.711097	0.288903	0.9181562
49506	-3993.028	-4253.349	260.3209	2.217553	0.5337884	0.591948	0.408052	0.9919726
49512	-3978.506	-4238.825	260.3186	2.217553	0.5337884	0.645814	0.354186	0.99435
49518	-3987.148	-4247.489	260.3404	2.173794	0.5619051	0.713176	0.286824	0.9722921
49524	-3993.083	-4253.516	260.4329	2.081357	0.5222096	0.713176	0.286824	1.034122
49530	-4001.901	-4262.24	260.3394	1.973627	0.5222096	0.730871	0.269129	1.215515
49536	-3998.488	-4258.802	260.3138	1.973627	0.5067216	0.663093	0.336907	1.258077
49542	-3990.777	-4251.219	260.442	2.208736	0.5110272	0.757035	0.242965	0.9121392
49548	-3974.806	-4235.225	260.4193	2.208736	0.5110272	0.635128	0.364872	0.9369192
49554	-3984.902	-4245.215	260.3133	2.208736	0.5475568	0.59729	0.40271	0.9868286
49560	-3977.336	-4237.705	260.3694	2.207971	0.5475568	0.747325	0.252675	0.9289571
49566	-3972.557	-4233	260.4426	2.273803	0.4749117	0.667562	0.332438	0.9061713
49572	-3975.324	-4235.668	260.3437	2.256317	0.5462961	0.706834	0.293166	0.9061713
49578	-3979.138	-4239.42	260.2817	2.284507	0.5462961	0.716865	0.283135	0.9429856
49584	-3984.546	-4244.87	260.3244	2.284507	0.5462961	0.737512	0.262488	0.8962038
49590	-3980.901	-4241.298	260.3968	2.301858	0.4906235	0.674971	0.325029	0.8962038
49596	-3975.839	-4236.334	260.4952	2.192501	0.4335165	0.650051	0.349949	1.01271
49602	-3990.065	-4250.453	260.3878	1.97216	0.486615	0.658226	0.341774	1.225353
49608	-3985.716	-4245.737	260.0208	1.916126	0.5258672	0.664587	0.335413	1.508688
49614	-3986.783	-4246.811	260.0285	1.846992	0.5629625	0.733841	0.266159	1.511406
49620	-3994.135	-4254.458	260.3226	1.920942	0.4585022	0.662113	0.337887	1.359815
49626	-3988.75	-4249.154	260.4038	1.98503	0.5012048	0.695802	0.304198	1.179834
49632	-3988.171	-4248.376	260.2045	2.085795	0.5638535	0.695802	0.304198	1.179272
49638	-3981.103	-4241.477	260.3735	2.085795	0.4227327	0.695802	0.304198	1.23677
49644	-3973.913	-4234.115	260.2023	2.100266	0.5146888	0.770275	0.229725	1.234654
49650	-3978.833	-4239.237	260.4042	2.129394	0.4281779	0.72733	0.27267	1.164485
49656	-3981.095	-4241.575	260.4801	2.242389	0.4314015	0.698406	0.301594	0.9817459
49662	-3982.926	-4243.389	260.463	2.246157	0.4618086	0.698406	0.301594	0.9388753
49668	-3979.986	-4240.338	260.3521	2.246157	0.4857052	0.710557	0.289443	1.010627
49674	-3979.031	-4239.334	260.3031	2.246157	0.5153946	0.603118	0.396882	1.010627
49680	-3983.968	-4244.318	260.3499	2.199356	0.5153946	0.781628	0.218372	1.010627
49686	-4006.277	-4266.832	260.5545	2.239104	0.424409	0.667067	0.332933	0.9202507
49692	-3987.543	-4247.921	260.3777	2.193267	0.5296978	0.667067	0.332933	0.9654275
49698	-3970.335	-4230.788	260.4526	2.193267	0.4487339	0.685511	0.314489	1.026866
49704	-3977.854	-4238.352	260.4975	2.183246	0.4341236	0.701742	0.298258	1.0185
49710	-3974.509	-4234.86	260.3512	2.183246	0.5774662	0.701742	0.298258	0.9261395
49716	-3975.032	-4235.34	260.3079	2.117211	0.5235756	0.707288	0.292712	1.115415
49722	-3970.294	-4230.61	260.316	2.1171	0.5235756	0.701577	0.298423	1.108146
49728	-3970.731	-4231.105	260.3733	2.1171	0.4886258	0.725546	0.274454	1.108146
49734	-3974.823	-4235.197	260.3744	2.075914	0.4833678	0.772699	0.227301	1.152083
49740	-3986.081	-4246.425	260.3446	1.967556	0.466966	0.755446	0.244554	1.292831
49746	-3997.676	-4257.926	260.2494	2.02968	0.5476685	0.67838	0.32162	1.210311
49752	-3983.136	-4243.476	260.3398	2.040689	0.5071351	0.645975	0.354025	1.178633
49758	-3986.117	-4246.292	260.1747	2.10159	0.5858512	0.645975	0.354025	1.162686
49764	-3979.042	-4239.337	260.2957	2.10159	0.5080277	0.58465	0.41535	1.162686
49770	-3992.691	-4253.043	260.3516	2.10159	0.508053	0.641486	0.358514	1.112754
49776	-3991.733	-4252.111	260.3775	2.095968	0.5084951	0.609412	0.390588	1.093513
49782	-3988.727	-4249.145	260.4183	2.083949	0.4502004	0.752319	0.247681	1.157036
49788	-3983.228	-4243.512	260.2838	2.083949	0.5463909	0.752319	0.247681	1.134696
49794	-3984.551	-4245.12	260.5693	2.119937	0.4301542	0.775279	0.224721	1.017232
49800	-3973.384	-4233.632	260.2481	1.992718	0.5136215	0.709111	0.290889	1.287204
49806	-3970.146	-4230.417	260.2709	1.99275	0.5136215	0.625792	0.374208	1.268458
49812	-3988.166	-4248.414	260.2487	1.97641	0.4939076	0.636763	0.363237	1.326175
49818	-3975.415	-4235.693	260.278	2.068791	0.4735967	0.642467	0.357533	1.254897
49824	-3974.05	-4234.45	260.3994	2.068791	0.5122142	0.794104	0.205896	1.092861
49830	-3991.563	-4252.109	260.5457	2.052125	0.425896	0.657541	0.342459	1.110904
49836	-4004.509	-4264.922	260.4125	2.14905	0.425896	0.710327	0.289673	1.143526
49842	-3978.719	-4239.108	260.389	2.078131	0.4769301	0.679328	0.320672	1.146888
49848	-3975.695	-4236.084	260.389	2.078131	0.4769301	0.679328	0.320672	1.146888
49854	-3980.224	-4240.499	260.2755	2.07925	0.5287292	0.662637	0.337363	1.170666
49860	-3981.345	-4241.786	260.4411	2.064806	0.5221959	0.672885	0.327115	1.042153
49866	-3987.129	-4247.437	260.3081	2.164769	0.5439475	0.672885	0.327115	1.040904
49872	-4014.522	-4274.639	260.1179	1.975088	0.4923989	0.659066	0.340934	1.431891
49878	-4006.576	-4266.786	260.2101	1.917426	0.4720199	0.705666	0.294334	1.431891
49884	-4010.118	-4270.529	260.4104	2.142263	0.5216296	0.579649	0.420351	0.9971765
49890	-4007.707	-4268.148	260.4412	2.187599	0.432493	0.604769	0.395231	1.071117
49896	-4005.955	-4266.343	260.3879	2.196429	0.5119654	0.620154	0.379846	0.980914
49902	-3983.656	-4244.019	260.3629	2.196429	0.5627429	0.766567	0.233433	0.923136
49908	-3995.536	-4255.804	260.2678	2.286457	0.5525688	0.731502	0.268498	0.9454322
49914	-3974.989	-4235.284	260.295	2.330267	0.5525688	0.731502	0.268498	0.8661202
49920	-3978.504	-4239.042	260.5381	2.348485	0.4004132	0.756214	0.243786	0.8661202
49926	-3974.369	-4234.603	260.2345	2.170845	0.5300409	0.655728	0.344272	1.123994
49932	-3979.311	-4239.684	260.3724	2.204574	0.5300409	0.557866	0.442134	0.9585692
49938	-3986.453	-4247.053	260.6004	2.16031	0.418377	0.700755	0.299245	0.9672551
49944	-3974.958	-4235.481	260.5226	2.230454	0.418377	0.742185	0.257815	0.9751276
49950	-3981.268	-4241.567	260.2996	2.150456	0.570791	0.723497	0.276503	1.023146
49956	-3992.331	-4252.629	260.2981	2.160073	0.570791	0.723497	0.276503	1.015135
49962	-3988.851	-4249.172	260.3214	2.188084	0.5700508	0.723497	0.276503	0.964435
49968	-3988.271	-4248.599	260.3286	2.188084	0.5700508	0.636043	0.363957	0.9569185
49974	-3999.632	-4259.946	260.314	2.188084	0.5509657	0.69208	0.30792	1.001628
49980	-4004.355	-4264.718	260.3628	2.236495	0.5509657	0.69208	0.30792	0.8988578
49986	-4015.916	-4276.375	260.4587	2.196947	0.5028925	0.689606	0.310394	0.9214161
49992	-3995.871	-4256.258	260.3869	2.196947	0.5188517	0.661831	0.338169	0.9700621
49998	-3999.65	-4259.723	260.073	2.196947	0.6375975	0.749881	0.250119	1.101932
50004	-3988.568	-4248.688	260.1206	2.138574	0.6740639	0.749881	0.250119	1.065783
50010	-3981.753	-4242.107	260.3538	2.079842	0.5406113	0.61853	0.38147	1.082909
50016	-3976.289	-4236.816	260.5271	2.065899	0.4453052	0.74413	0.25587	1.082909
50022	-3983.683	-4244.017	260.3347	2.125203	0.4825973	0.707891	0.292109	1.144722
50028	-3974.154	-4234.523	260.369	2.140497	0.4620174	0.71603	0.28397	1.132089
50034	-3988.979	-4249.506	260.5277	2.231993	0.4227212	0.634068	0.365932	0.9598194
50040	-3989.782	-4250.078	260.2958	2.243005	0.553709	0.771221	0.228779	0.9598194
50046	-3980.042	-4240.509	260.467	2.19912	0.48932	0.6174	0.3826	0.9345488
50052	-3974.338	-4234.728	260.39	2.324923	0.48932	0.770081	0.229919	0.8801848
50058	-3990.454	-4250.758	260.304	2.357603	0.5894636	0.799454	0.200546	0.7445358
50064	-3981.645	-4241.93	260.2851	2.357603	0.5755322	0.664967	0.335033	0.8005899
50070	-3990.977	-4251.375	260.3987	2.357603	0.4834284	0.574332	0.425668	0.8426875
50076	-3977.131	-4237.517	260.3855	2.357603	0.5213816	0.737457	0.262543	0.7782114
50082	-3988.68	-4249.093	260.4128	2.387418	0.4921221	0.717902	0.282098	0.7652024
50088	-4001.742	-4262.164	260.4211	2.422199	0.466775	0.747207	0.252793	0.7652024
50094	-3973.941	-4234.379	260.4379	2.43372	0.4732252	0.658653	0.341347	0.7033395
50100	-3984.577	-4244.977	260.3995	2.403084	0.4891954	0.738099	0.261901	0.768833
50106	-3982.721	-4243.128	260.4073	2.347917	0.4891954	0.61265	0.38735	0.8318938
50112	-3989.986	-4250.166	260.1795	2.382902	0.6138518	0.647413	0.352587	0.8318938
50118	-3988.709	-4248.881	260.1726	2.309683	0.6738101	0.694024	0.305976	0.8284374
50124	-3988.994	-4249.496	260.5023	2.2704	0.4804996	0.703578	0.296422	0.8284374
50130	-3993.909	-4254.319	260.4101	2.330327	0.4997619	0.731997	0.268003	0.8284374
50136	-3979.885	-4240.239	260.3547	2.319126	0.5411443	0.685457	0.314543	0.8284374
50142	-3986.202	-4246.706	260.5042	2.194959	0.4808072	0.685457	0.314543	0.9142355
50148	-3993.123	-4253.626	260.503	2.19812	0.4719376	0.742333	0.257667	0.9285816
50154	-3981.881	-4242.179	260.2979	2.282641	0.5946879	0.758575	0.241425	0.8437432
50160	-3981.246	-4241.653	260.4067	2.389327	0.4984776	0.703038	0.296962	0.755833
50166	-3975.675	-4236.09	260.415	2.389327	0.4984776	0.703038	0.296962	0.7433663
50172	-3965.872	-4226.378	260.506	2.389327	0.4516365	0.735147	0.264853	0.7266402
50178	-3974.984	-4235.238	260.2543	2.35931	0.6291463	0.687	0.313	0.7303813
50184	-3980.385	-4240.673	260.2882	2.48337	0.5230722	0.759204	0.240796	0.7320495
50190	-3979.312	-4239.646	260.334	2.48337	0.5087177	0.61012	0.38988	0.6941531
50196	-3992.527	-4252.943	260.4155	2.513888	0.4490955	0.61012	0.38988	0.6750036
50202	-3992.449	-4252.952	260.5035	2.361841	0.482156	0.674435	0.325565	0.6874378
50208	-3991.494	-4251.978	260.4845	2.326081	0.4783971	0.682923	0.317077	0.7832805
50214	-3983.893	-4244.213	260.32	2.308316	0.5459053	0.708566	0.291434	0.8746017
50220	-3981.03	-4241.627	260.5966	2.338133	0.3963582	0.708566	0.291434	0.8164165
50226	-3990.735	-4251.009	260.274	2.338133	0.6035096	0.708566	0.291434	0.7862401
50232	-3977.632	-4237.938	260.3053	2.292268	0.5642937	0.715697	0.284303	0.8775092
50238	-3972.148	-4232.626	260.4787	2.259941	0.5016846	0.700153	0.299847	0.8266757
50244	-3979.846	-4240.275	260.4292	2.248126	0.4787801	0.793763	0.206237	0.9416049
50250	-3978.274	-4238.546	260.2716	2.137025	0.6241469	0.613471	0.386529	0.9868971
50256	-3986.758	-4247.257	260.4996	2.085284	0.451924	0.645072	0.354928	1.079522
50262	-3994.15	-4254.65	260.5005	2.123996	0.451924	0.721395	0.278605	1.042061
50268	-3995.871	-4256.41	260.5385	2.142982	0.4384325	0.666002	0.333998	1.009992
50274	-3986.867	-4247.485	260.6186	2.150204	0.381336	0.816224	0.183776	1.030611
50280	-3986.208	-4246.606	260.3975	2.211561	0.5157369	0.656662	0.343338	0.9489321
50286	-3982.447	-4243.068	260.6217	2.133122	0.4423576	0.651843	0.348157	0.9268703
50292	-3990.211	-4250.585	260.3745	2.247945	0.5619461	0.651843	0.348157	0.8523093
50298	-3991.374	-4251.864	260.49	2.2124	0.4678021	0.701535	0.298465	0.9349914
50304	-3995.674	-4256.214	260.5401	2.2124	0.4633549	0.729655	0.270345	0.8880138
50310	-3983.068	-4243.461	260.3933	2.194915	0.5395053	0.663039	0.336961	0.9307951
50316	-3982.205	-4242.584	260.3791	2.170442	0.5395053	0.67854	0.32146	0.971588
50322	-3977.252	-4237.743	260.4909	2.170442	0.4710455	0.656863	0.343137	0.972238
50328	-3970.997	-4231.494	260.4974	2.184006	0.4785802	0.699065	0.300935	0.9375896
50334	-3978.794	-4239.264	260.4698	2.184006	0.5056524	0.699065	0.300935	0.9184781
50340	-3975.382	-4235.678	260.2955	2.184006	0.5530339	0.699572	0.300428	1.020791
50346	-3977.859	-4238.264	260.4044	2.315638	0.4620188	0.671318	0.328682	0.9267252
50352	-3993.751	-4254.234	260.4825	2.315638	0.4620188	0.69804	0.30196	0.8364137
50358	-3978.223	-4238.724	260.5011	2.297848	0.4615809	0.743427	0.256573	0.8364137
50364	-3967.263	-4227.68	260.417	2.299292	0.4661451	0.634036	0.365964	0.9230151
50370	-3977.866	-4238.359	260.4927	2.23717	0.4661451	0.827266	0.172734	0.9080316
50376	-3988.173	-4248.736	260.5631	2.251857	0.4317827	0.762169	0.237831	0.8810196
50382	-3981.236	-4241.615	260.3793	2.255019	0.5569227	0.681825	0.318175	0.847137
50388	-3992.428	-4252.936	260.5071	2.220939	0.5101619	0.612439	0.387561	0.8224569
50394	-3986.136	-4246.587	260.4511	2.279331	0.499049	0.772948	0.227052	0.8423533
50400	-3991.778	-4252.252	260.474	2.279331	0.499049	0.729441	0.270559	0.8133746
50406	-3979.089	-4239.497	260.4074	2.181652	0.499049	0.810297	0.189703	0.9976356
50412	-3981.608	-4241.767	260.1585	2.181652	0.6003271	0.711437	0.288563	1.086074
50418	-3983.874	-4244.064	260.1899	2.181615	0.5913555	0.711437	0.288563	1.069064
50424	-3985.497	-4245.676	260.1793	2.104097	0.653537	0.687594	0.312406	1.069064
50430	-3987.966	-4248.175	260.2093	2.076345	0.653537	0.696436	0.303564	1.066934
50436	-3980.84	-4241.205	260.365	2.126194	0.5038613	0.644719	0.355281	1.084196
50442	-3964.631	-4225.061	260.4297	2.126194	0.472127	0.610342	0.389658	1.07359
50448	-3972.497	-4232.884	260.3875	2.126194	0.5269556	0.639694	0.360306	1.027272
50454	-3980.523	-4240.791	260.2682	2.174032	0.5731925	0.760632	0.239368	1.027272
50460	-3983.617	-4244.077	260.46	2.165439	0.5058925	0.760632	0.239368	0.948605
50466	-3977.393	-4237.589	260.1963	2.177766	0.553796	0.637728	0.362272	1.118668
50472	-3979.949	-4240.252	260.3026	2.08724	0.553796	0.71259	0.28741	1.1044
50478	-3986.31	-4246.747	260.4374	2.08724	0.5228742	0.56221	0.43779	1.022988
50484	-3980.676	-4241.092	260.4159	2.13923	0.5228742	0.66399	0.33601	0.992731
50490	-3987.044	-4247.42	260.3762	2.131799	0.522434	0.746527	0.253473	1.039808
50496	-3991.348	-4251.542	260.1941	2.117033	0.5734317	0.775402	0.224598	1.14831
50502	-3996.106	-4256.465	260.3591	1.998931	0.4887976	0.777423	0.222577	1.22389
50508	-4011.415	-4271.559	260.1442	2.11863	0.6215154	0.644294	0.355706	1.128831
50514	-3996.978	-4257.336	260.3586	2.027459	0.5241909	0.748673	0.251327	1.149477
50520	-3982.295	-4242.599	260.3035	2.097748	0.5147782	0.69163	0.30837	1.149477
50526	-3996.507	-4256.956	260.4497	2.097748	0.5128248	0.745757	0.254243	1.016511
50532	-3971.56	-4231.986	260.4264	2.019534	0.5128248	0.790259	0.209741	1.112256
50538	-3966.076	-4226.568	260.4924	2.076635	0.4899644	0.616203	0.383797	1.032281
50544	-3982.539	-4243.07	260.5311	2.076635	0.4742992	0.768425	0.231575	1.020472
50550	-3976.615	-4237.023	260.4078	2.076635	0.5036889	0.69278	0.30722	1.09068
50556	-3973.38	-4233.725	260.3452	2.076635	0.5718869	0.723026	0.276974	1.048843
50562	-3990.134	-4250.362	260.2281	2.091928	0.5668318	0.629552	0.370448	1.149211
50568	-3982.38	-4242.78	260.3996	2.077973	0.5061825	0.736943	0.263057	1.093255
50574	-3981.968	-4242.275	260.3077	1.982972	0.5074009	0.581404	0.418596	1.254449
50580	-3970.647	-4230.904	260.2571	2.048659	0.5223533	0.711424	0.288576	1.221555
50586	-3993.973	-4254.33	260.3572	1.954864	0.5184045	0.717991	0.282009	1.221555
50592	-4005.617	-4265.95	260.3331	1.925806	0.4635634	0.638501	0.361499	1.340582
50598	-4001.26	-4261.383	260.1226	1.904801	0.504516	0.716446	0.283554	1.466581
50604	-3980.444	-4240.494	260.0497	1.904801	0.4710101	0.718128	0.281872	1.563083
50610	-3996.385	-4256.628	260.2435	1.904801	0.4428688	0.72077	0.27923	1.455217
50616	-3999.181	-4259.348	260.1672	1.904801	0.5516848	0.639393	0.360607	1.374219
50622	-4003.087	-4263.235	260.148	2.139531	0.5851452	0.688778	0.311222	1.153775
50628	-3998.481	-4258.965	260.4832	2.130914	0.4595434	0.662583	0.337417	1.039111
50634	-3989.636	-4250.117	260.4818	2.171644	0.4848566	0.73026	0.26974	0.9559967
50640	-3991.613	-4251.984	260.3713	2.170591	0.5499201	0.693504	0.306496	0.9626462
50646	-3977.332	-4237.668	260.3357	2.184964	0.5938254	0.70805	0.29195	0.9147431
50652	-3988.206	-4248.583	260.3766	2.184964	0.4948632	0.597947	0.402053	1.031554
50658	-3989.148	-4249.536	260.3878	2.141789	0.4857249	0.611106	0.388894	1.076596
50664	-3984.377	-4244.696	260.3188	2.077821	0.4857249	0.614735	0.385265	1.195424
50670	-3984.518	-4244.848	260.3297	1.992291	0.4382827	0.68028	0.31972	1.325973
50676	-3990.035	-4250.535	260.5007	1.992291	0.4037273	0.68028	0.31972	1.238545
50682	-3984.209	-4244.586	260.3769	1.9605	0.5183272	0.648452	0.351548	1.200109
50688	-3994.216	-4254.478	260.2616	1.943818	0.485927	0.641199	0.358801	1.352621
50694	-3981.049	-4241.095	260.0453	1.865314	0.488199	0.73493	0.26507	1.57387
50700	-3982.977	-4242.941	259.9633	1.850607	0.5518261	0.73493	0.26507	1.56966
50706	-3979.272	-4239.216	259.9445	1.938671	0.5518261	0.67069	0.32931	1.518414
50712	-3999.787	-4260.013	260.2257	1.908451	0.5476038	0.622872	0.377128	1.329943
50718	-3987.159	-4247.379	260.22	1.946894	0.5267517	0.622872	0.377128	1.329943
50724	-3985.895	-4246.281	260.3868	1.996811	0.5267517	0.680959	0.319041	1.148031
50730	-3970.458	-4230.767	260.3095	2.08171	0.5267517	0.677069	0.322931	1.141349
50736	-3971.928	-4232.159	260.2309	2.037962	0.5267517	0.722073	0.277927	1.246652
50742	-3980.212	-4240.591	260.3793	2.010556	0.4692969	0.744251	0.255749	1.225063
50748	-3996.153	-4256.595	260.442	2.010556	0.4586359	0.812519	0.187481	1.187409
50754	-3997.28	-4257.77	260.4899	2.10613	0.4379362	0.717103	0.282897	1.092411
50760	-3992.451	-4252.839	260.388	2.095447	0.5031374	0.702086	0.297914	1.092411
50766	-4003.257	-4263.603	260.3452	2.084123	0.4887347	0.726986	0.273014	1.162613
50772	-4003.372	-4263.527	260.1554	2.023138	0.5273558	0.675165	0.324835	1.319855
50778	-3990.902	-4251.388	260.4855	1.993887	0.3983537	0.752417	0.247583	1.25853
50784	-3987.048	-4247.019	259.9707	1.968973	0.5965788	0.722767	0.277233	1.42473
50790	-3980.79	-4240.841	260.0514	1.912062	0.5829824	0.616545	0.383455	1.421865
50796	-3980.159	-4240.434	260.2749	1.918148	0.486253	0.738781	0.261219	1.361954
50802	-3983.059	-4243.074	260.0156	1.97257	0.565189	0.682777	0.317223	1.423389
50808	-3982.076	-4242.213	260.137	1.97257	0.565189	0.541496	0.458504	1.327978
50814	-3977.144	-4237.187	260.0432	1.91996	0.565189	0.782857	0.217143	1.442575
50820	-3984.954	-4245.254	260.2996	1.903606	0.4953367	0.706195	0.293805	1.341809
50826	-3984.037	-4244.312	260.2752	1.853775	0.4953367	0.685374	0.314626	1.400221
50832	-4006.658	-4266.934	260.276	1.789468	0.5345405	0.751817	0.248183	1.400221
50838	-3992.345	-4252.595	260.2502	1.874485	0.4979288	0.699803	0.300197	1.400221
50844	-3989.742	-4250.082	260.34	1.872577	0.4979288	0.725027	0.274973	1.330926
50850	-3973.31	-4233.584	260.2737	1.951118	0.5293909	0.657237	0.342763	1.279609
50856	-3982.139	-4242.688	260.5481	2.027887	0.5293909	0.657237	0.342763	0.9607292
50862	-3987.481	-4247.805	260.3245	2.140265	0.5661579	0.699099	0.300901	1.015593
50868	-3983.99	-4244.35	260.3602	2.140265	0.5313603	0.671381	0.328619	1.033324
50874	-3983.646	-4244.205	260.5591	2.140265	0.4742561	0.653647	0.346353	0.9262265
50880	-3991.353	-4251.81	260.4569	2.146095	0.4816884	0.653647	0.346353	1.012668
50886	-4004.244	-4264.761	260.5175	2.0531	0.4211327	0.626075	0.373925	1.143312
50892	-3987.576	-4247.928	260.352	1.867666	0.4299851	0.684991	0.315009	1.418408
50898	-3980.659	-4240.696	260.0366	1.867666	0.4748417	0.718322	0.281678	1.595063
50904	-3986.025	-4245.628	259.6028	1.814998	0.5642341	0.693174	0.306826	1.836811
50910	-3993.773	-4253.866	260.0927	1.813873	0.5248289	0.596389	0.403611	1.532578
50916	-3986.428	-4246.584	260.156	1.863133	0.5045089	0.705247	0.294753	1.472845
50922	-3974.723	-4234.869	260.146	1.843663	0.5227148	0.675632	0.324368	1.472845
50928	-4002.011	-4261.575	259.5636	1.689664	0.4981908	0.750536	0.249464	2.018611
50934	-3992.626	-4252.482	259.8559	1.764189	0.4651611	0.7064	0.2936	1.808189
50940	-3999.938	-4259.222	259.2833	1.559891	0.4352125	0.7064	0.2936	2.355515
50946	-3976.778	-4236.423	259.6442	1.722365	0.4952106	0.644375	0.355625	1.946177
50952	-3994.039	-4254.005	259.9652	1.722365	0.575804	0.627611	0.372389	1.635005
50958	-4005.287	-4265.145	259.8572	1.787413	0.6049683	0.4976	0.5024	1.635005
50964	-3979.226	-4239.084	259.8578	1.865159	0.5525073	0.623642	0.376358	1.635005
50970	-3983.437	-4243.263	259.826	1.851003	0.521193	0.623642	0.376358	1.702964
50976	-3991.707	-4251.566	259.8594	1.843959	0.5049466	0.593674	0.406326	1.702964
50982	-3996.695	-4256.836	260.1407	1.843959	0.4662425	0.738876	0.261124	1.546955
50988	-4005.959	-4265.951	259.9917	1.891068	0.4662425	0.752716	0.247284	1.621383
50994	-3980.977	-4240.828	259.8508	1.800436	0.5416802	0.761349	0.238651	1.698203
51000	-3996.491	-4256.817	260.3253	2.11002	0.5311079	0.755885	0.244115	1.0952
51006	-4001.109	-4261.458	260.3492	2.107335	0.5311079	0.698027	0.301973	1.075534
51012	-3992.119	-4252.506	260.3863	2.110533	0.4790445	0.575931	0.424069	1.117037
51018	-3999.26	-4259.548	260.2886	2.110533	0.6026038	0.67618	0.32382	1.026916
51024	-3996.035	-4256.418	260.3835	2.110533	0.5206634	0.687993	0.312007	1.055853
51030	-3985.661	-4246.017	260.3567	2.110533	0.4940682	0.725513	0.274487	1.120976
51036	-4006.675	-4267.001	260.3259	2.157666	0.466865	0.808237	0.191763	1.147678
51042	-3999.164	-4259.277	260.1132	1.895175	0.4820234	0.7948	0.2052	1.509212
51048	-4003.578	-4263.671	260.0927	1.907162	0.5116922	0.688377	0.311623	1.478558
51054	-4004.178	-4264.357	260.179	1.94194	0.4906069	0.637419	0.362581	1.412578
51060	-4012.422	-4272.811	260.3889	2.222767	0.5098855	0.607638	0.392362	0.9562572
51066	-4012.899	-4273.367	260.4688	2.405232	0.4593535	0.626682	0.373318	0.7386923
51072	-4012.533	-4273.01	260.4764	2.355928	0.4835502	0.626682	0.373318	0.7386923
51078	-3999.464	-4259.896	260.4315	2.355928	0.4835502	0.632482	0.367518	0.8027129
51084	-3999.769	-4260.181	260.4119	2.151219	0.5668379	0.661552	0.338448	0.9122401
51090	-3984.828	-4245.265	260.4376	2.143899	0.4528721	0.726153	0.273847	1.08112
51096	-3993.584	-4254.146	260.5625	2.149601	0.4457581	0.726153	0.273847	0.9657035
51102	-3994.886	-4255.17	260.2847	2.149601	0.6238339	0.691529	0.308471	0.9609566
51108	-3996.591	-4257.105	260.5141	2.149601	0.4881807	0.713611	0.286389	0.9392117
51114	-4009.401	-4269.87	260.4689	2.149601	0.5049733	0.713611	0.286389	0.9574943
51120	-3995.699	-4256.227	260.5275	2.149601	0.4428042	0.713611	0.286389	1.006518
51126	-3996.031	-4256.402	260.3707	2.290588	0.5051062	0.68212	0.31788	0.9111659
51132	-3991.681	-4252.164	260.4825	2.290588	0.4401437	0.658121	0.341879	0.9111659
51138	-3984.55	-4244.891	260.3412	2.264611	0.6050302	0.630468	0.369532	0.7918985
51144	-3989.481	-4249.759	260.2777	2.325244	0.5603619	0.714117	0.285883	0.8782469
51150	-3984.062	-4244.477	260.4151	2.204647	0.5436994	0.663956	0.336044	0.8884815
51156	-3988.749	-4249.063	260.3138	2.163484	0.5891168	0.719524	0.280476	0.9683864
51162	-3985.144	-4245.489	260.3452	2.157358	0.5034921	0.682824	0.317176	1.074141
51168	-3992.87	-4253.104	260.2339	2.164257	0.5137113	0.753729	0.246271	1.153781
51174	-3985.007	-4245.517	260.5097	2.268076	0.4580792	0.741672	0.258328	0.8694472
51180	-3986.868	-4246.904	260.0365	2.268076	0.6741138	0.72751	0.27249	1.022076
51186	-3984.112	-4244.349	260.2366	2.274269	0.564438	0.618803	0.381197	0.9717692
51192	-3980.34	-4240.624	260.2837	2.274269	0.5591468	0.71973	0.28027	0.9305901
51198	-3970.686	-4231.101	260.415	2.274269	0.4963724	0.673085	0.326915	0.8960465
51204	-3990.721	-4251.072	260.3513	2.238215	0.495995	0.670031	0.329969	1.002257
51210	-3983.887	-4244.209	260.3221	2.186445	0.5409959	0.588058	0.411942	1.010596
51216	-3981.403	-4241.819	260.4156	2.183496	0.4896628	0.667568	0.332432	1.003176
51222	-3997.49	-4257.877	260.3864	2.183496	0.4996255	0.706692	0.293308	1.01571
51228	-3994.026	-4254.445	260.4199	2.183496	0.484122	0.727374	0.272626	1.008233
51234	-3998.066	-4258.269	260.2034	2.062789	0.5877327	0.558442	0.441558	1.169111
51240	-3994.84	-4255.116	260.2751	2.104132	0.5123354	0.688059	0.311941	1.172344
51246	-3995.494	-4255.727	260.2327	2.063445	0.6226022	0.672514	0.327486	1.097242
51252	-3992.049	-4252.302	260.252	2.063445	0.584245	0.701778	0.298222	1.13007
51258	-3994.541	-4254.723	260.1825	2.066505	0.5409502	0.701778	0.298222	1.244484
51264	-4023.883	-4284.205	260.3218	2.066505	0.481102	0.657149	0.342851	1.209248
51270	-3999.915	-4260.235	260.3202	2.056976	0.4876624	0.621973	0.378027	1.209248
51276	-3983.797	-4243.939	260.1424	1.973172	0.5513939	0.661578	0.338422	1.340057
51282	-3987.141	-4247.334	260.1921	1.927736	0.4865358	0.7445	0.2555	1.418738
51288	-3999.251	-4259.353	260.1013	1.927736	0.6252519	0.7445	0.2555	1.322103
51294	-3992.004	-4252.065	260.061	2.012912	0.6533266	0.7445	0.2555	1.253508
51300	-3990.541	-4250.572	260.0306	2.037832	0.5666934	0.7445	0.2555	1.358939
51306	-4003.084	-4263.388	260.3038	1.908877	0.5157096	0.668173	0.331827	1.307399
51312	-3989.57	-4249.633	260.0628	1.894124	0.5182015	0.765318	0.234682	1.50294
51318	-3992.759	-4253.246	260.4871	1.995391	0.4464941	0.694188	0.305812	1.180045
51324	-3983.628	-4243.932	260.3042	1.923958	0.4464941	0.679817	0.320183	1.388622
51330	-3980.635	-4240.896	260.261	2.021618	0.4812893	0.722177	0.277823	1.296922
51336	-3985.856	-4245.963	260.1065	1.937157	0.5621003	0.653386	0.346614	1.383896
51342	-3973.173	-4233.33	260.1576	1.951874	0.4691465	0.702724	0.297276	1.449458
51348	-3979.262	-4239.145	259.8837	1.896505	0.5324569	0.647275	0.352725	1.616246
51354	-3994.211	-4254.044	259.8331	1.924988	0.5043976	0.710217	0.289783	1.664667
51360	-3986.173	-4246.125	259.9529	1.924988	0.5043976	0.710217	0.289783	1.578096
51366	-3993.174	-4253.514	260.34	1.923826	0.4649438	0.778327	0.221673	1.334712
51372	-3983.148	-4243.344	260.1959	1.961321	0.5290948	0.698753	0.301247	1.334712
51378	-3994.253	-4254.484	260.231	1.978474	0.5290948	0.629098	0.370902	1.292572
51384	-4003.68	-4264.027	260.3468	1.978474	0.4596435	0.628499	0.371501	1.292572
51390	-3998.447	-4258.749	260.3024	1.985936	0.4596435	0.628499	0.371501	1.322472
51396	-3995.778	-4255.984	260.2065	1.985936	0.5422297	0.72706	0.27294	1.289543
51402	-3992.382	-4252.744	260.3613	1.967943	0.5104506	0.685433	0.314567	1.217906
51408	-3989.043	-4249.404	260.3604	1.983811	0.4767513	0.70295	0.29705	1.252612
51414	-3990.529	-4250.863	260.3343	1.995716	0.5122422	0.627367	0.372633	1.214761
51420	-3978.973	-4239.086	260.1124	2.073771	0.5991408	0.758445	0.241555	1.223472
51426	-3991.09	-4251.412	260.3221	2.073771	0.5417305	0.709916	0.290084	1.115869
51432	-3977.138	-4237.455	260.3168	2.073771	0.5417305	0.699858	0.300142	1.120668
51438	-3986.738	-4246.995	260.2565	2.061654	0.4560737	0.735646	0.264354	1.303438
51444	-3985.009	-4245.094	260.0857	2.01502	0.5258062	0.640041	0.359959	1.383592
51450	-3987.335	-4247.359	260.0232	1.900352	0.492517	0.685602	0.314398	1.559041
51456	-3997.513	-4257.778	260.2647	1.918804	0.47191	0.749197	0.250803	1.388636
51462	-3982.464	-4242.76	260.2961	1.902811	0.4719231	0.749197	0.250803	1.376585
51468	-3986.438	-4246.739	260.3012	1.92017	0.486984	0.727147	0.272853	1.338477
51474	-3995.051	-4255.321	260.2705	1.887942	0.4521717	0.659359	0.340641	1.434746
51480	-3990.809	-4250.99	260.1809	1.992574	0.5111596	0.597283	0.402717	1.344764
51486	-3988.775	-4249.135	260.3602	1.992574	0.4208049	0.71764	0.28236	1.327043
51492	-3979.765	-4240.069	260.3034	1.972691	0.4993228	0.726957	0.273043	1.277514
51498	-3990.257	-4250.353	260.0955	1.995291	0.5461427	0.747076	0.252924	1.36621
51504	-3978.352	-4238.508	260.1558	1.99933	0.4740131	0.707741	0.292259	1.407935
51510	-3988.698	-4248.746	260.0483	1.95617	0.4758958	0.692194	0.307806	1.519897
51516	-3976.86	-4236.878	260.018	1.951106	0.4417289	0.648686	0.351314	1.590191
51522	-3985.332	-4245.36	260.028	1.903799	0.4479113	0.729705	0.270295	1.60928
51528	-3974.685	-4234.747	260.0624	1.907277	0.5001105	0.727537	0.272463	1.515448
51534	-3974.44	-4234.575	260.1353	1.907277	0.4896799	0.611991	0.388009	1.473794
51540	-3966.958	-4227.236	260.2782	1.923093	0.4896799	0.613825	0.386175	1.350865
51546	-3974.058	-4234.519	260.4609	1.914042	0.3366946	0.698915	0.301085	1.441626
51552	-3983.251	-4243.409	260.1582	1.914042	0.4972079	0.594881	0.405119	1.441626
51558	-3995.525	-4255.788	260.2633	1.914042	0.4755614	0.659923	0.340077	1.388561
51564	-3992.316	-4252.68	260.3638	1.916562	0.470329	0.658375	0.341625	1.313916
51570	-3979.486	-4239.697	260.2108	1.968801	0.5174892	0.622899	0.377101	1.331717
51576	-3979.148	-4239.407	260.2585	2.065282	0.4901616	0.710671	0.289329	1.250729
51582	-3981.451	-4241.686	260.2358	2.183761	0.620988	0.687866	0.312134	0.9803467
51588	-3997.562	-4257.706	260.1446	2.183761	0.5630422	0.762882	0.237118	1.146942
51594	-3993.797	-4254.392	260.5955	2.183761	0.4052631	0.806362	0.193638	0.9736256
51600	-3991.753	-4252.028	260.2755	2.183761	0.5644391	0.746139	0.253861	1.023476
51606	-3975.507	-4235.971	260.4635	2.186586	0.448301	0.709893	0.290107	1.023476
51612	-3980.3	-4240.665	260.3652	2.208786	0.4998979	0.770513	0.229487	1.011203
51618	-3983.071	-4243.497	260.4262	2.208786	0.4583586	0.832105	0.167895	1.020873
51624	-3993.603	-4253.811	260.2083	2.271974	0.6567258	0.817168	0.182832	0.8591472
51630	-3980.122	-4240.321	260.199	2.315108	0.6567258	0.62874	0.37126	0.8172304
51636	-3981.719	-4241.942	260.2234	2.346376	0.6167932	0.62874	0.37126	0.8172304
51642	-3971.971	-4232.315	260.3434	2.28702	0.512936	0.692122	0.307878	0.9309765
51648	-3970.951	-4231.338	260.3865	2.264828	0.4868619	0.737143	0.262857	0.9545809
51654	-3977.06	-4237.49	260.4302	2.264828	0.4868619	0.730436	0.269564	0.9074602
51660	-3978.095	-4238.364	260.2691	2.32728	0.5654361	0.74545	0.25455	0.8768455
51666	-3977.79	-4238.298	260.5076	2.293045	0.4447093	0.621259	0.378741	0.8703901
51672	-3989.709	-4249.982	260.2729	2.327451	0.5664789	0.753685	0.246315	0.8703901
51678	-3988.141	-4248.471	260.33	2.356429	0.5342023	0.595799	0.404201	0.8263353
51684	-3988.023	-4248.39	260.3667	2.387531	0.5342023	0.68005	0.31995	0.731367
51690	-3994.121	-4254.312	260.191	2.387531	0.5675291	0.685237	0.314763	0.893713
51696	-4014.136	-4274.5	260.3648	2.362775	0.5118336	0.66908	0.33092	0.8196161
51702	-4011.53	-4271.956	260.426	2.362775	0.4451119	0.7553	0.2447	0.883414
51708	-4002.92	-4263.426	260.5062	2.362775	0.4451119	0.743505	0.256495	0.7828971
51714	-4009.335	-4269.534	260.1985	2.381351	0.6304653	0.731352	0.268648	0.7777002
51720	-4011.987	-4272.234	260.2464	2.337442	0.5874411	0.729396	0.270604	0.85274
51726	-4000.583	-4261.038	260.4549	2.374307	0.4646203	0.688634	0.311366	0.7902685
51732	-3995.236	-4255.303	260.0666	2.436808	0.7079042	0.688634	0.311366	0.7369725
51738	-3987.027	-4247.369	260.3417	2.466451	0.5102214	0.65778	0.34222	0.7059987
51744	-3987.202	-4247.582	260.3798	2.345032	0.5102214	0.663379	0.336621	0.8263877
51750	-3990.567	-4251.011	260.444	2.321296	0.4486021	0.663379	0.336621	0.9029172
51756	-3989.539	-4249.708	260.1689	2.295569	0.6157756	0.639357	0.360643	0.9412415
51762	-3990.763	-4251.15	260.3871	2.172887	0.5740871	0.70696	0.29304	0.9034885
51768	-3970.127	-4230.532	260.4046	2.172887	0.4994349	0.697754	0.302246	1.008504
51774	-3983.079	-4243.445	260.3661	2.222742	0.4515322	0.658706	0.341294	1.076478
51780	-3978.222	-4238.547	260.3242	2.175013	0.5601997	0.71126	0.28874	0.9902054
51786	-3977.505	-4237.865	260.3602	2.173087	0.4909842	0.71126	0.28874	1.064807
51792	-3993.173	-4253.624	260.4515	2.127044	0.5103047	0.737518	0.262482	0.9895451
51798	-3997.973	-4258.468	260.4948	2.10222	0.4560569	0.707041	0.292959	1.061304
51804	-3979.633	-4239.97	260.3371	2.064595	0.5693892	0.75454	0.24546	1.071409
51810	-3988.377	-4248.795	260.4181	2.07891	0.4868611	0.809485	0.190515	1.104857
51816	-3989.313	-4249.799	260.486	1.968764	0.5135477	0.738388	0.261612	1.103154
51822	-4016.731	-4277.163	260.4322	2.098431	0.4266871	0.834098	0.165902	1.169475
51828	-4015.252	-4275.544	260.2915	1.998489	0.446713	0.754089	0.245911	1.339506
51834	-4009.475	-4269.611	260.1365	1.983971	0.6366313	0.754089	0.245911	1.23389
51840	-3995.012	-4255.349	260.3366	1.983971	0.5000952	0.554164	0.445836	1.239559
51846	-3987.529	-4247.624	260.0954	1.903236	0.5000952	0.66387	0.33613	1.493805
51852	-3997.639	-4257.652	260.0128	2.053389	0.5876825	0.729998	0.270002	1.335823
51858	-3998.265	-4258.568	260.3034	1.933427	0.4967955	0.659131	0.340869	1.31288
51864	-4000.203	-4260.526	260.323	1.933427	0.4731931	0.755068	0.244932	1.32923
51870	-3989.643	-4249.668	260.0249	1.886287	0.5545424	0.712644	0.287356	1.494341
51876	-3989.176	-4249.248	260.0719	1.943876	0.4766358	0.679828	0.320172	1.51056
51882	-3979.396	-4239.628	260.232	1.994672	0.4766358	0.783018	0.216982	1.348251
51888	-3992.652	-4252.738	260.0855	1.970006	0.5740267	0.768558	0.231442	1.360429
51894	-3998.248	-4258.485	260.2368	2.050492	0.5241426	0.623223	0.376777	1.234672
51900	-3986.976	-4247.165	260.1891	1.980207	0.5455571	0.775786	0.224214	1.304117
51906	-4000.098	-4260.459	260.3611	1.968426	0.5057392	0.733005	0.266995	1.22417
51912	-4001.392	-4261.566	260.1735	2.028548	0.5849118	0.732226	0.267774	1.22773
51918	-4004.77	-4265.071	260.3014	2.027267	0.5380132	0.732226	0.267774	1.180624
51924	-3993.503	-4254.109	260.6066	2.073139	0.428407	0.672554	0.327446	1.029659
51930	-4001.56	-4262.124	260.5638	2.150549	0.428407	0.73046	0.26954	0.9954889
51936	-3993.287	-4253.749	260.4621	2.127401	0.5000569	0.706791	0.293209	0.9954889
51942	-4007.386	-4267.717	260.3313	2.156601	0.564193	0.734999	0.265001	0.9954889
51948	-4009.339	-4269.87	260.5314	2.156601	0.4460566	0.718615	0.281385	0.9897568
51954	-3998.362	-4258.681	260.3193	2.09601	0.5389695	0.677275	0.322725	1.102115
51960	-3985.654	-4245.868	260.2138	2.063005	0.5389695	0.62087	0.37913	1.223699
51966	-3990.378	-4250.686	260.3084	2.001355	0.5389695	0.803024	0.196976	1.195624
51972	-3987.156	-4247.438	260.2811	1.884063	0.4476826	0.662972	0.337028	1.435686
51978	-3989.041	-4249.225	260.1843	1.872656	0.4843291	0.750588	0.249412	1.469697
51984	-3970.339	-4230.395	260.0559	1.920973	0.5289299	0.640025	0.359975	1.474965
51990	-3987.256	-4247.412	260.1553	1.822653	0.5282662	0.670153	0.329847	1.474965
51996	-3981.315	-4241.568	260.253	2.029897	0.5282662	0.696376	0.303624	1.232805
52002	-3998.712	-4258.775	260.0634	1.876594	0.6271674	0.727277	0.272723	1.390533
52008	-3990.377	-4250.388	260.0116	1.975242	0.6005936	0.680306	0.319694	1.383585
52014	-4001.72	-4261.838	260.1179	1.975242	0.6005936	0.793616	0.206384	1.298843
52020	-3999.903	-4259.988	260.0848	2.033769	0.617255	0.712748	0.287252	1.258268
52026	-3981.891	-4242.035	260.1439	1.949259	0.5742597	0.715992	0.284008	1.33022
52032	-3985.664	-4245.642	259.9779	1.995535	0.6686175	0.699265	0.300735	1.318747
52038	-3984.039	-4244.311	260.2721	1.960735	0.4750221	0.718628	0.281372	1.345562
52044	-3978.197	-4238.408	260.2112	1.960735	0.4650637	0.653114	0.346886	1.406911
52050	-3984.386	-4244.656	260.2694	1.959213	0.5092263	0.683449	0.316551	1.302967
52056	-4000.203	-4260.206	260.0034	1.929545	0.5092263	0.743038	0.256962	1.531678
52062	-3986.007	-4245.915	259.9084	1.929545	0.658869	0.759094	0.240906	1.435558
52068	-3986.264	-4246.359	260.0955	1.908073	0.5448649	0.759094	0.240906	1.435558
52074	-3988.357	-4248.506	260.1494	1.908073	0.4776726	0.723692	0.276308	1.477846
52080	-3982.459	-4242.584	260.1257	1.963544	0.5241557	0.695834	0.304166	1.394548
52086	-3981.016	-4241.238	260.2221	1.938027	0.4912843	0.624399	0.375601	1.381242
52092	-3979.575	-4239.764	260.1892	1.864923	0.477308	0.699894	0.300106	1.48089
52098	-3984.723	-4244.963	260.2406	1.872954	0.4258743	0.662223	0.337777	1.504846
52104	-3975.464	-4235.705	260.2403	1.908033	0.4066634	0.662223	0.337777	1.505777
52110	-3974.251	-4234.381	260.1297	1.860154	0.4273904	0.71051	0.28949	1.594099
52116	-3979.015	-4238.724	259.709	1.767446	0.4890443	0.663543	0.336457	1.878786
52122	-3995.498	-4255.352	259.854	1.723011	0.431644	0.674838	0.325162	1.878786
52128	-4000.308	-4259.958	259.6501	1.649174	0.4736979	0.639147	0.360853	2.015486
52134	-3994.638	-4254.214	259.5762	1.797093	0.5554282	0.536922	0.463078	1.876432
52140	-3986.288	-4246.308	260.0203	1.814415	0.431044	0.78758	0.21242	1.700636
52146	-3993.331	-4253.152	259.8215	1.814415	0.5008999	0.699018	0.300982	1.755088
52152	-3995.807	-4255.678	259.8711	1.799944	0.4799601	0.759898	0.240102	1.755088
52158	-3996.707	-4256.609	259.9018	1.80772	0.5757421	0.679834	0.320166	1.619232
52164	-3990.523	-4250.501	259.9781	1.851324	0.4914868	0.607531	0.392469	1.628819
52170	-3986.563	-4246.656	260.093	1.895114	0.5452872	0.662885	0.337115	1.446858
52176	-3988.718	-4248.866	260.1484	1.895114	0.5695875	0.655418	0.344582	1.375111
52182	-3987.104	-4247.433	260.3291	1.935361	0.4471496	0.703092	0.296908	1.359149
52188	-3990.015	-4250.07	260.0545	1.900491	0.5189937	0.604675	0.395325	1.503438
52194	-3996.982	-4257.426	260.4439	1.915552	0.4088644	0.65113	0.34887	1.339723
52200	-3984.179	-4244.15	259.9711	1.882258	0.5666601	0.731239	0.268761	1.523715
52206	-3977.182	-4237.508	260.3267	1.916455	0.4766407	0.674789	0.325211	1.335088
52212	-3981.84	-4242.043	260.203	1.873615	0.4766407	0.635096	0.364904	1.4647
52218	-3966.643	-4226.919	260.2758	1.946477	0.4543743	0.635096	0.364904	1.382274
52224	-3976.96	-4236.95	259.9899	2.060784	0.5762923	0.706941	0.293059	1.361568
52230	-3972.416	-4232.6	260.1837	1.893951	0.5541729	0.706941	0.293059	1.366735
52236	-3983.626	-4243.857	260.2313	2.011862	0.5216982	0.726777	0.273223	1.274636
52242	-3975.793	-4236.043	260.25	2.011862	0.5029726	0.687553	0.312447	1.284234
52248	-3972.714	-4232.988	260.274	2.009165	0.5152283	0.719166	0.280834	1.250141
52254	-3972.237	-4232.462	260.2246	2.009165	0.5425744	0.719166	0.280834	1.25506
52260	-3972.017	-4232.213	260.1967	1.974034	0.5050648	0.666674	0.333326	1.354895
52266	-3966.177	-4226.314	260.137	1.982095	0.5097758	0.731575	0.268425	1.389442
52272	-3970.704	-4230.819	260.1149	1.982095	0.5296381	0.731575	0.268425	1.381706
52278	-3980.949	-4241.117	260.1681	1.954937	0.5133949	0.739367	0.260633	1.381706
52284	-3986.954	-4246.884	259.9297	1.960142	0.6386495	0.726782	0.273218	1.416974
52290	-3991.778	-4251.928	260.1498	1.990493	0.5271566	0.726782	0.273218	1.350662
52296	-4000.72	-4260.918	260.1985	1.941824	0.5271566	0.726782	0.273218	1.350662
52302	-4004.513	-4264.833	260.3197	1.988957	0.5074963	0.505091	0.494909	1.239308
52308	-3994.179	-4254.457	260.2789	2.030933	0.5068346	0.758953	0.241047	1.239308
52314	-3984.738	-4244.917	260.1793	2.052082	0.5566446	0.789282	0.210718	1.238897
52320	-3991.261	-4251.346	260.0851	1.976901	0.5566446	0.748012	0.251988	1.376073
52326	-3994.741	-4254.572	259.8308	1.994092	0.7051719	0.630283	0.369717	1.398202
52332	-3997.287	-4257.399	260.112	2.045296	0.6165282	0.669867	0.330133	1.226723
52338	-3989.632	-4249.596	259.9634	2.045296	0.5257621	0.795747	0.204253	1.454637
52344	-4014.135	-4274.118	259.9826	1.680579	0.4529918	0.749098	0.250902	1.793112
52350	-4004.03	-4263.968	259.9387	1.932713	0.570075	0.74095	0.25905	1.506424
52356	-4003.919	-4264.245	260.3251	1.889721	0.449399	0.752039	0.247961	1.394981
52362	-4015.581	-4276.023	260.4419	2.161497	0.5155363	0.583617	0.416383	0.9552887
52368	-3999.292	-4259.653	260.3614	2.092669	0.5835102	0.714632	0.285368	1.000316
52374	-3993.444	-4253.954	260.51	2.167248	0.5066771	0.714632	0.285368	0.8903829
52380	-3980.283	-4240.708	260.4247	2.24501	0.5348806	0.715711	0.284289	0.8457971
52386	-3970.683	-4231.148	260.4645	2.172252	0.513618	0.614252	0.385748	0.9229488
52392	-3991.219	-4251.283	260.0645	2.188834	0.6982627	0.614252	0.385748	1.040851
52398	-3981.418	-4241.828	260.4097	2.132026	0.5178374	0.639054	0.360946	1.014138
52404	-3983.293	-4243.781	260.4878	2.091636	0.4978471	0.699303	0.300697	1.009182
52410	-3990.848	-4251.171	260.3235	2.107024	0.543562	0.699303	0.300697	1.081512
52416	-3988.637	-4249.267	260.6304	2.107024	0.3488306	0.620646	0.379354	1.122192
52422	-3991.063	-4251.654	260.5912	2.073764	0.3804627	0.675865	0.324135	1.128997
52428	-3985.033	-4245.44	260.4062	2.047824	0.4855851	0.737783	0.262217	1.145494
52434	-3994.782	-4255.14	260.3572	2.094475	0.4718672	0.762083	0.237917	1.168188
52440	-3987.464	-4247.726	260.2614	1.958977	0.5064921	0.607841	0.392159	1.313239
52446	-4004.005	-4264.202	260.1969	2.056371	0.5283995	0.753011	0.246989	1.257406
52452	-4003.972	-4264.26	260.2879	2.001067	0.5186652	0.753011	0.246989	1.240637
52458	-4000.623	-4260.884	260.2606	2.001067	0.5252173	0.729593	0.270407	1.254652
52464	-3983.33	-4243.313	259.9837	1.923683	0.5729446	0.696766	0.303234	1.476085
52470	-3980.282	-4240.428	260.1468	1.923683	0.5507596	0.661238	0.338762	1.376543
52476	-3982.064	-4242.311	260.2474	1.940072	0.4786301	0.661238	0.338762	1.376543
52482	-3992.233	-4252.458	260.2258	1.940146	0.5661377	0.653029	0.346971	1.281137
52488	-3974.918	-4235.252	260.3332	2.034213	0.5131284	0.571672	0.428328	1.181444
52494	-3978.259	-4238.57	260.3109	2.002493	0.554148	0.696333	0.303667	1.172069
52500	-3977.094	-4237.325	260.2313	2.105821	0.5633475	0.637551	0.362449	1.138795
52506	-3977.29	-4237.642	260.3524	2.061045	0.5336454	0.660353	0.339647	1.111507
52512	-3977.198	-4237.671	260.473	2.1051	0.4599463	0.668741	0.331259	1.07265
52518	-3988.519	-4248.866	260.3474	2.100707	0.5153357	0.678889	0.321111	1.106607
52524	-3994.051	-4254.388	260.3369	2.021227	0.5153357	0.694737	0.305263	1.186434
52530	-3990.885	-4251.092	260.207	1.949848	0.5523683	0.722204	0.277796	1.305695
52536	-3991.449	-4251.773	260.3233	1.933911	0.4353511	0.765195	0.234805	1.381561
52542	-3996.974	-4257.417	260.4423	1.950308	0.4869961	0.652929	0.347071	1.197031
52548	-3991.655	-4252.041	260.3863	1.988844	0.5042615	0.746372	0.253628	1.187282
52554	-3994.346	-4254.412	260.066	2.003904	0.5890023	0.618151	0.381849	1.331272
52560	-3990.637	-4250.757	260.1204	1.990748	0.5728275	0.603437	0.396563	1.317452
52566	-3994.62	-4254.815	260.1949	1.974392	0.5728275	0.681949	0.318051	1.270097
52572	-4002.223	-4262.596	260.3731	2.035629	0.4487483	0.5632	0.4368	1.23954
52578	-3990.847	-4251.234	260.3869	2.08256	0.4886347	0.798916	0.201084	1.127117
52584	-3989.57	-4249.917	260.3473	2.12214	0.4886347	0.677515	0.322485	1.127117
52590	-3999.515	-4260.066	260.5511	2.12214	0.4310454	0.642032	0.357968	1.031319
52596	-3989.631	-4249.96	260.3293	2.12214	0.5864946	0.617401	0.382599	0.9985923
52602	-3981.411	-4241.807	260.3957	2.152585	0.5864946	0.626094	0.373906	0.8959131
52608	-3984.531	-4244.97	260.4389	2.283423	0.5531106	0.702129	0.297871	0.7353156
52614	-3987.471	-4247.733	260.2623	2.197839	0.5817706	0.705272	0.294728	0.9968974
52620	-3983.962	-4244.323	260.3609	2.02137	0.5230776	0.719219	0.280781	1.154473
52626	-3974.624	-4234.988	260.364	2.02137	0.5200333	0.63969	0.36031	1.156017
52632	-4004.05	-4264.323	260.2729	2.07552	0.5119065	0.570311	0.429689	1.199558
52638	-4012.816	-4273.062	260.2456	2.07552	0.5564391	0.570311	0.429689	1.162229
52644	-4003.904	-4264.281	260.3775	2.142143	0.5108675	0.743092	0.256908	1.046561
52650	-4004.958	-4265.396	260.4379	2.055129	0.5273643	0.743092	0.256908	1.046561
52656	-4004.534	-4264.699	260.1647	2.055129	0.5613601	0.657949	0.342051	1.242511
52662	-3986.376	-4246.578	260.2022	1.980835	0.5213165	0.682425	0.317575	1.323975
52668	-3979.615	-4239.736	260.1202	1.936088	0.6156278	0.691252	0.308748	1.311128
52674	-3983.603	-4243.84	260.2368	1.936088	0.4260468	0.73558	0.26442	1.459855
52680	-3988.771	-4248.973	260.2025	1.953487	0.5270876	0.698817	0.301183	1.338224
52686	-3992.383	-4252.42	260.037	1.885718	0.5182158	0.710121	0.289879	1.528467
52692	-3990.364	-4250.457	260.0931	1.885718	0.4244602	0.58226	0.41774	1.606051
52698	-3980.008	-4240.198	260.1904	1.85181	0.4600049	0.645236	0.354764	1.512254
52704	-3989.359	-4249.192	259.8326	1.832189	0.5340535	0.645236	0.354764	1.697083
52710	-3987.098	-4247.22	260.1222	1.806784	0.5115057	0.703841	0.296159	1.531834
52716	-3990.348	-4250.741	260.3939	1.934775	0.4935112	0.680403	0.319597	1.241958
52722	-3989.502	-4250.004	260.5021	1.983988	0.401048	0.609944	0.390056	1.248685
52728	-4003.159	-4263.365	260.2058	1.980478	0.6475382	0.6163	0.3837	1.164503
52734	-3992.186	-4252.592	260.406	2.279181	0.4785615	0.723615	0.276385	0.9336148
52740	-3983.2	-4243.645	260.4453	2.272404	0.4785615	0.723615	0.276385	0.8977846
52746	-3983.133	-4243.538	260.4046	2.241625	0.5091271	0.589882	0.410118	0.9205115
52752	-3987.198	-4247.794	260.5961	2.168416	0.4328821	0.620938	0.379062	0.9348899
52758	-3981.191	-4241.499	260.3079	2.168416	0.4966375	0.65569	0.34431	1.108815
52764	-3980.599	-4240.962	260.3635	2.136032	0.5108129	0.65569	0.34431	1.06576
52770	-3981.628	-4242.056	260.4286	2.136032	0.5242611	0.661444	0.338556	0.9808446
52776	-3988.07	-4248.37	260.3001	2.127353	0.5242611	0.637353	0.362647	1.112356
52782	-3995.127	-4255.502	260.3749	2.127353	0.5324226	0.6284	0.3716	1.030012
52788	-3993.339	-4253.743	260.4041	2.127353	0.5324226	0.665546	0.334454	1.001219
52794	-3995.277	-4255.704	260.4267	2.048368	0.5143019	0.665546	0.334454	1.083294
52800	-3991.056	-4251.355	260.2983	1.982425	0.4841845	0.662908	0.337092	1.294416
52806	-3982.937	-4243.161	260.224	1.974039	0.4573483	0.656586	0.343414	1.397115
52812	-3983.23	-4243.415	260.1847	1.818395	0.4972569	0.737684	0.262316	1.494012
52818	-3980.548	-4240.405	259.857	1.819487	0.4611427	0.639132	0.360868	1.77395
52824	-3979.868	-4239.462	259.5942	1.737102	0.4611427	0.700092	0.299908	2.008658
52830	-3989.63	-4249.423	259.7929	1.739417	0.4076675	0.638187	0.361813	1.939337
52836	-3979.208	-4239.004	259.7955	1.781745	0.5264768	0.733695	0.266305	1.767094
52842	-3977.448	-4237.093	259.6456	1.761806	0.5264768	0.733695	0.266305	1.88407
52848	-3984.744	-4244.453	259.709	1.743995	0.4984328	0.733695	0.266305	1.88407
52854	-3988.28	-4247.951	259.6704	1.743995	0.4887197	0.679716	0.320284	1.921225
52860	-3984.593	-4244.616	260.023	1.802708	0.4678149	0.679716	0.320284	1.66047
52866	-3983.487	-4243.461	259.9742	1.802708	0.4678149	0.679716	0.320284	1.695221
52872	-3982.242	-4242.097	259.8556	1.89575	0.572316	0.722309	0.277691	1.592595
52878	-3981.851	-4241.812	259.9607	1.911123	0.5228511	0.695208	0.304792	1.560586
52884	-3987.365	-4247.578	260.2123	1.959592	0.4173348	0.674351	0.325649	1.472886
52890	-3981.599	-4241.643	260.0445	2.01756	0.6260431	0.647811	0.352189	1.294464
52896	-3969	-4229.304	260.3037	2.01756	0.5037081	0.717717	0.282283	1.234022
52902	-3966.408	-4226.768	260.3593	2.00661	0.466291	0.717717	0.282283	1.249482
52908	-3977.063	-4237.256	260.1931	2.010025	0.5668932	0.717717	0.282283	1.249482
52914	-3989.598	-4250.003	260.4044	1.981515	0.4254308	0.670523	0.329477	1.2933
52920	-3978.337	-4238.667	260.3304	1.985794	0.4683003	0.634019	0.365981	1.287701
52926	-3987.755	-4247.971	260.2154	1.985794	0.4666022	0.710212	0.289788	1.381992
52932	-3972.364	-4232.539	260.1752	1.98179	0.4110379	0.670558	0.329442	1.493019
52938	-3977.669	-4237.819	260.1501	1.973425	0.4046741	0.714532	0.285468	1.527105
52944	-3987.77	-4248.046	260.2762	1.973425	0.4675762	0.714532	0.285468	1.342391
52950	-3985.86	-4246.082	260.2216	2.008428	0.4553248	0.702308	0.297692	1.374875
52956	-3985.84	-4246.056	260.2161	2.008428	0.5401029	0.717988	0.282012	1.265881
52962	-3990.944	-4251.208	260.2646	2.018938	0.5052294	0.639865	0.360135	1.263329
52968	-3983.829	-4243.965	260.1356	2.044207	0.5667972	0.738181	0.261819	1.268935
52974	-3979.126	-4239.306	260.1799	2.030909	0.4506011	0.603225	0.396775	1.396437
52980	-3973.442	-4233.696	260.2535	2.067249	0.5408082	0.759631	0.240369	1.183651
52986	-3984.49	-4245.024	260.5333	2.082471	0.4373967	0.694385	0.305615	1.07497
52992	-3980.727	-4241.038	260.3104	2.145161	0.5488127	0.673368	0.326632	1.050261
52998	-3985.16	-4245.762	260.6014	2.145161	0.4360379	0.650228	0.349772	0.9479586
53004	-3982.834	-4243.027	260.193	2.150599	0.5677563	0.689126	0.310874	1.127002
53010	-3991.526	-4251.792	260.2654	2.150599	0.5464671	0.685407	0.314593	1.090713
53016	-3983.937	-4244.314	260.3775	2.086937	0.4901839	0.783378	0.216622	1.129304
53022	-3996.718	-4256.964	260.2457	2.086937	0.544169	0.783378	0.216622	1.168771
53028	-4004.364	-4264.535	260.1705	2.081135	0.5888988	0.783378	0.216622	1.180261
53034	-3995.046	-4255.448	260.4023	2.03362	0.4835831	0.628749	0.371251	1.16443
53040	-3981.994	-4242.171	260.1773	2.054503	0.5374577	0.671612	0.328388	1.263321
53046	-3976.655	-4236.961	260.3058	1.969394	0.4541306	0.654814	0.345186	1.340728
53052	-3973.5	-4233.475	259.9752	1.926195	0.6282251	0.744211	0.255789	1.419328
53058	-3991.611	-4251.675	260.0632	1.899533	0.5560427	0.670276	0.329724	1.453588
53064	-3998.089	-4258.067	259.9789	1.847758	0.5077391	0.635828	0.364172	1.611412
53070	-3980.119	-4239.969	259.8493	1.83989	0.5077391	0.734161	0.265839	1.709737
53076	-3986.742	-4246.697	259.955	1.75757	0.493636	0.61748	0.38252	1.709737
53082	-3987.787	-4247.376	259.5886	1.809517	0.6708203	0.651251	0.348749	1.744966
53088	-3988.766	-4248.728	259.9623	1.734812	0.4175189	0.651251	0.348749	1.814315
53094	-3984.961	-4244.791	259.8303	1.734812	0.5484565	0.651251	0.348749	1.75147
53100	-3978.594	-4238.442	259.848	1.760732	0.4589759	0.628955	0.371045	1.823504
53106	-3980.362	-4239.738	259.3755	1.666224	0.5174489	0.628098	0.371902	2.137144
53112	-3975.465	-4234.875	259.4098	1.598651	0.602971	0.676625	0.323375	2.073317
53118	-3991.439	-4250.733	259.2937	1.585463	0.4544108	0.66489	0.33511	2.310717
53124	-3988.48	-4248.115	259.6347	1.590142	0.4636564	0.705169	0.294831	2.076221
53130	-3989.555	-4248.82	259.2657	1.579543	0.5929441	0.776464	0.223536	2.18949
53136	-3975.251	-4234.611	259.3602	1.615783	0.4637112	0.776464	0.223536	2.238158
53142	-4000.051	-4259.345	259.2941	1.683935	0.463595	0.688927	0.311073	2.237
53148	-4000.869	-4260.444	259.5754	1.68234	0.463595	0.729598	0.270402	2.054629
53154	-3988.726	-4248.516	259.79	1.725023	0.4721867	0.736895	0.263105	1.871959
53160	-3991.103	-4250.764	259.6615	1.81278	0.4697761	0.738232	0.261768	1.902559
53166	-3983.52	-4243.536	260.0163	1.838429	0.3773207	0.738232	0.261768	1.758962
53172	-3988.06	-4248.188	260.1276	1.8911	0.5535387	0.651168	0.348832	1.413555
53178	-3983.598	-4243.77	260.1724	1.879554	0.4526165	0.65803	0.34197	1.514755
53184	-3981.473	-4241.802	260.3284	2.005392	0.5277553	0.687746	0.312254	1.190183
53190	-3991.558	-4251.963	260.4056	1.95296	0.4629785	0.689775	0.310225	1.260426
53196	-3991.548	-4251.869	260.3217	1.95296	0.3975436	0.667932	0.332068	1.423186
53202	-3987.669	-4248.112	260.4435	1.877891	0.3738504	0.667932	0.332068	1.423186
53208	-3984.354	-4244.49	260.1367	1.985816	0.4815808	0.636472	0.363528	1.423186
53214	-3978.786	-4239.055	260.269	1.97327	0.4955426	0.693113	0.306887	1.310213
53220	-3980.239	-4240.43	260.191	1.9984	0.5810028	0.720634	0.279366	1.243227
53226	-3982.674	-4242.969	260.2953	2.03397	0.5582154	0.631763	0.368237	1.152706
53232	-3978.099	-4238.448	260.3491	2.03397	0.4771371	0.584283	0.415717	1.219419
53238	-3985.431	-4245.657	260.226	1.993852	0.487737	0.579409	0.420591	1.338666
53244	-3979.588	-4239.637	260.0495	1.87985	0.487737	0.586506	0.413494	1.560657
53250	-3979.937	-4240.06	260.1232	1.890952	0.5947316	0.808165	0.191835	1.368825
53256	-3973.104	-4233.109	260.0051	1.931848	0.5879495	0.739616	0.260384	1.436579
53262	-3968.563	-4228.828	260.2644	1.993031	0.4802602	0.603627	0.396373	1.318724
53268	-3984.825	-4245.107	260.2817	1.993031	0.4550079	0.719729	0.280271	1.33989
53274	-3988.773	-4249.059	260.2863	1.961531	0.5034028	0.752143	0.247857	1.295135
53280	-3994.02	-4254.25	260.2298	1.961531	0.5246791	0.718756	0.281244	1.312963
53286	-3986.967	-4247.275	260.3074	1.987236	0.4627723	0.718756	0.281244	1.312963
53292	-3991.745	-4252.061	260.3159	1.987236	0.4627723	0.779264	0.220736	1.30614
53298	-3992.374	-4252.602	260.2276	2.059793	0.4718424	0.655179	0.344821	1.30614
53304	-3995.265	-4255.559	260.2942	2.059793	0.5118504	0.622199	0.377801	1.194873
53310	-3978.502	-4238.89	260.3885	2.059793	0.5118504	0.680411	0.319589	1.111607
53316	-3993.588	-4253.697	260.1087	1.905784	0.5259467	0.700817	0.299183	1.450048
53322	-4004.183	-4264.246	260.0634	1.947711	0.5259467	0.656769	0.343231	1.452605
53328	-4002.071	-4262.037	259.966	1.989244	0.5649004	0.640708	0.359292	1.449009
53334	-3996.516	-4256.767	260.2508	1.971197	0.5163721	0.653145	0.346855	1.298971
53340	-4002.639	-4262.669	260.0303	1.971197	0.5163721	0.615165	0.384835	1.471604
53346	-3992.101	-4251.625	259.5243	1.80816	0.6205669	0.732286	0.267714	1.838605
53352	-3990.003	-4249.662	259.6597	1.80816	0.5427292	0.772369	0.227631	1.825152
53358	-3987.225	-4247.135	259.9095	1.780078	0.5314254	0.639824	0.360176	1.682435
53364	-3982.767	-4242.707	259.9399	1.799509	0.418359	0.739817	0.260183	1.783937
53370	-3980.934	-4241.184	260.2508	1.900928	0.4371933	0.622184	0.377816	1.460435
53376	-3999.455	-4259.552	260.0962	1.900928	0.4437397	0.615447	0.384553	1.567026
53382	-4009.725	-4269.846	260.1211	2.008489	0.5272648	0.642328	0.357672	1.359031
53388	-4005.457	-4265.574	260.1166	1.983883	0.5234068	0.604092	0.395908	1.386751
53394	-3993.065	-4253.122	260.0568	1.939484	0.5234068	0.626616	0.373384	1.466937
53400	-4011.932	-4272.136	260.2042	1.905127	0.4544061	0.624425	0.375575	1.469164
53406	-4010.584	-4270.698	260.1139	1.964378	0.5256452	0.589369	0.410631	1.401245
53412	-4008.782	-4268.698	259.9161	1.977313	0.5493738	0.67202	0.32798	1.513582
53418	-3994.208	-4254.358	260.1501	1.931574	0.4994773	0.67202	0.32798	1.431488
53424	-3985.601	-4245.743	260.1418	1.897685	0.4540164	0.664366	0.335634	1.522148
53430	-3979.671	-4239.726	260.0546	1.897685	0.5717291	0.732083	0.267917	1.443386
53436	-3988.542	-4248.073	259.5314	1.802051	0.5717291	0.681277	0.318723	1.886679
53442	-3992.896	-4252.76	259.8639	1.7879	0.4377313	0.764685	0.235315	1.819882
53448	-3991.105	-4251.091	259.9855	1.845089	0.4509103	0.632529	0.367471	1.67817
53454	-3994.421	-4254.298	259.8779	1.922419	0.468136	0.65473	0.34527	1.67817
53460	-3985.838	-4245.999	260.1613	1.922419	0.4166457	0.65473	0.34527	1.539853
53466	-3986.847	-4247.006	260.1591	1.996257	0.4035299	0.65473	0.34527	1.505035
53472	-3975.06	-4235.098	260.038	1.881887	0.5405273	0.741051	0.258949	1.504088
53478	-3978.036	-4238.162	260.1256	1.952736	0.4602074	0.749363	0.250637	1.484938
53484	-3976.926	-4237.01	260.0839	1.897008	0.4602074	0.633626	0.366374	1.557514
53490	-3982.894	-4243.07	260.1756	1.897008	0.4365926	0.729581	0.270419	1.520776
53496	-3982.559	-4242.274	259.7157	1.897008	0.5960719	0.638479	0.361521	1.667177
53502	-3997.393	-4257.343	259.9497	1.877231	0.5960719	0.638479	0.361521	1.510825
53508	-3994.639	-4254.78	260.1404	1.878032	0.495713	0.638479	0.361521	1.484382
53514	-3980.513	-4240.63	260.1171	1.979159	0.5134784	0.740482	0.259518	1.402477
53520	-3982.14	-4242.126	259.9854	1.979159	0.5725572	0.657817	0.342183	1.433006
53526	-3992.77	-4252.813	260.0428	2.013882	0.5135616	0.709851	0.290149	1.433006
53532	-3980.614	-4241.013	260.3995	2.035271	0.4121772	0.696637	0.303363	1.273558
53538	-3990.557	-4250.872	260.3148	2.016262	0.5243131	0.732595	0.267405	1.197273
53544	-3995.642	-4256.215	260.573	2.04033	0.3989804	0.70366	0.29634	1.142658
53550	-3998.027	-4258.682	260.6556	2.08806	0.3826529	0.795548	0.204452	1.052321
53556	-3999.389	-4259.502	260.1129	2.08806	0.6377756	0.630828	0.369172	1.16345
53562	-3993.049	-4253.473	260.4236	2.054646	0.4718124	0.621069	0.378931	1.144806
53568	-3986.454	-4246.892	260.4386	2.054626	0.5142558	0.785832	0.214168	1.066456
53574	-3986.93	-4247.348	260.4181	2.054626	0.5269708	0.781646	0.218354	1.066456
53580	-3989.14	-4249.401	260.2607	2.067431	0.5002068	0.686349	0.313651	1.233061
53586	-4002.118	-4262.275	260.1562	2.108506	0.6776449	0.746834	0.253166	1.055954
53592	-3992.647	-4252.943	260.2962	2.021553	0.5232789	0.73168	0.26832	1.210091
53598	-3995.702	-4256.212	260.5092	2.097394	0.4682407	0.726989	0.273011	1.031722
53604	-3991.104	-4251.536	260.4314	2.117122	0.4334197	0.756701	0.243299	1.142834
53610	-4009.089	-4269.11	260.0219	1.914374	0.5241315	0.775991	0.224009	1.511269
53616	-3990.096	-4250.009	259.9125	1.803455	0.4685149	0.661338	0.338662	1.73735
53622	-3996.949	-4257.011	260.0615	1.841896	0.5114932	0.675402	0.324598	1.550812
53628	-4019.478	-4279.325	259.8464	1.814687	0.5161876	0.660758	0.339242	1.71993
53634	-4001.172	-4261.234	260.0622	1.855061	0.4894728	0.677573	0.322427	1.56737
53640	-3991.424	-4251.457	260.0325	1.87468	0.4894728	0.654556	0.345444	1.574807
53646	-3985.738	-4245.86	260.1222	1.848415	0.4822121	0.659564	0.340436	1.537058
53652	-3992.629	-4253.06	260.4301	1.977505	0.3679407	0.66944	0.33056	1.365309
53658	-3991.999	-4252.063	260.0637	1.930866	0.5514469	0.617419	0.382581	1.434656
53664	-3999.379	-4259.438	260.0593	1.952339	0.5764327	0.840511	0.159489	1.392088
53670	-3986.2	-4246.238	260.0377	1.94445	0.5580591	0.685545	0.314455	1.436386
53676	-3987.935	-4248.092	260.157	1.960362	0.5580591	0.622258	0.377742	1.330444
53682	-3990.682	-4250.785	260.103	1.973021	0.5132088	0.622258	0.377742	1.418563
53688	-3984.295	-4244.576	260.2815	1.954817	0.4900071	0.650758	0.349242	1.322432
53694	-3984.474	-4244.661	260.1866	1.949284	0.6155482	0.650758	0.349242	1.245881
53700	-3972.558	-4232.722	260.1635	2.042323	0.5679499	0.696396	0.303604	1.245881
53706	-3991.69	-4252.17	260.4798	2.095279	0.4455884	0.710837	0.289163	1.099009
53712	-4006.548	-4267.147	260.5986	2.095279	0.4455884	0.651696	0.348304	0.9847306
53718	-3996.138	-4256.498	260.3603	2.095279	0.4764613	0.58599	0.41401	1.157842
53724	-3996.915	-4257.176	260.2608	2.1001	0.5582454	0.589238	0.410762	1.124472
53730	-3979.258	-4239.486	260.2274	2.099712	0.5210231	0.759994	0.240006	1.205193
53736	-3986.435	-4246.731	260.2963	2.126463	0.479591	0.637594	0.362406	1.181838
53742	-3973.457	-4233.948	260.4913	2.22522	0.4426717	0.738222	0.261778	0.9668372
53748	-3971.192	-4231.576	260.3842	2.22522	0.5439378	0.684881	0.315119	0.8997702
53754	-3971.603	-4231.962	260.3595	2.23731	0.5387284	0.684579	0.315421	0.9227354
53760	-3977.615	-4237.964	260.3486	2.23731	0.5387284	0.732363	0.267637	0.9346044
53766	-3994.796	-4255.392	260.5959	2.254047	0.3781175	0.57638	0.42362	0.9553235
53772	-3984.926	-4245.469	260.5429	2.15585	0.4768251	0.712423	0.287577	0.9221061
53778	-3984.283	-4244.762	260.4789	2.192722	0.4866738	0.74553	0.25447	0.933389
53784	-3987.627	-4248.021	260.3941	2.192722	0.5053981	0.727794	0.272206	0.9893365
53790	-3987.946	-4248.424	260.4778	2.117393	0.4587326	0.736733	0.263267	1.058552
53796	-3989.244	-4249.66	260.4156	2.232957	0.5002237	0.577592	0.422408	0.9338635
53802	-3996.673	-4257.099	260.4252	2.249243	0.5002237	0.627262	0.372738	0.9054793
53808	-3993.972	-4254.468	260.4957	2.214142	0.4643761	0.791645	0.208355	0.9333847
53814	-3989.112	-4249.242	260.1301	2.17512	0.6629346	0.73351	0.26649	1.036142
53820	-3977.032	-4237.566	260.5342	2.17512	0.4467106	0.690336	0.309664	0.9667772
53826	-3978.524	-4238.969	260.4447	2.200677	0.4435415	0.590727	0.409273	1.036292
53832	-3981.55	-4241.862	260.312	2.23001	0.5481016	0.684723	0.315277	0.9654926
53838	-3980.934	-4241.499	260.5653	2.23001	0.3877285	0.670555	0.329445	0.991914
53844	-3980.569	-4240.971	260.4018	2.23001	0.4986367	0.712332	0.287668	0.9544851
53850	-3974.448	-4234.972	260.5243	2.23001	0.4421133	0.731466	0.268534	0.9279117
53856	-3991.857	-4252.347	260.4899	2.179906	0.5065808	0.751077	0.248923	0.8989948
53862	-3982.217	-4242.375	260.1587	1.928132	0.4877857	0.720603	0.279397	1.442508
53868	-3985.342	-4245.344	260.0018	1.892905	0.468605	0.744947	0.255053	1.609753
53874	-3980.572	-4240.654	260.0813	1.886969	0.6122756	0.723438	0.276562	1.384934
53880	-3976.715	-4236.928	260.2123	1.942082	0.5233533	0.723438	0.276562	1.344268
53886	-3988.948	-4249.119	260.1718	1.942082	0.5491178	0.760944	0.239056	1.344268
53892	-3985.702	-4245.923	260.2215	2.013726	0.5491178	0.730683	0.269317	1.245404
53898	-3976.293	-4236.47	260.1767	2.112651	0.4796766	0.66966	0.33034	1.293675
53904	-3985.123	-4245.399	260.2754	1.97179	0.4806311	0.77543	0.22457	1.326432
53910	-3994.382	-4254.506	260.1246	1.920491	0.3922488	0.638561	0.361439	1.602388
53916	-3991.886	-4251.942	260.0565	1.821131	0.4451605	0.646834	0.353166	1.651868
53922	-3988.606	-4248.772	260.1667	1.945266	0.4515141	0.653824	0.346176	1.471099
53928	-3974.901	-4235.415	260.5143	2.013118	0.4002615	0.653824	0.346176	1.215121
53934	-3993.379	-4253.663	260.2839	2.084931	0.5195119	0.653013	0.346987	1.17124
53940	-3993.116	-4253.268	260.1513	2.04866	0.5195119	0.632038	0.367962	1.312716
53946	-3980.014	-4240.407	260.3934	2.104787	0.4852347	0.644796	0.355204	1.106258
53952	-3984.616	-4244.867	260.2513	2.121861	0.5008266	0.680061	0.319939	1.193883
53958	-3984.753	-4245.109	260.356	2.121861	0.5008266	0.680061	0.319939	1.101106
53964	-3980.561	-4241.057	260.496	2.06238	0.4536975	0.716846	0.283154	1.101106
53970	-3985.768	-4246.078	260.31	2.069993	0.3857158	0.713408	0.286592	1.35896
53976	-3980.322	-4240.616	260.294	2.069993	0.4564772	0.732862	0.267138	1.265368
53982	-3988.014	-4248.411	260.3977	2.109173	0.4557813	0.608024	0.391976	1.144246
53988	-3998.535	-4258.868	260.3329	2.122668	0.5374961	0.777701	0.222299	1.066903
53994	-3985.319	-4245.688	260.3684	2.122668	0.5034835	0.583888	0.416112	1.084887
54000	-3991.901	-4252.156	260.2557	2.122668	0.5298835	0.841648	0.158352	1.148268
54006	-3979.706	-4240.121	260.4153	2.01848	0.5296166	0.692212	0.307788	1.098724
54012	-3971.45	-4231.889	260.4394	2.116305	0.4859727	0.670137	0.329863	1.051508
54018	-3977.693	-4238.08	260.3864	2.169327	0.4859727	0.670137	0.329863	1.051508
54024	-3988.342	-4248.741	260.3987	2.086105	0.4825052	0.649355	0.350645	1.122656
54030	-3972.371	-4232.833	260.4616	2.086105	0.4825052	0.789642	0.210358	1.064626
54036	-3989.713	-4249.962	260.2488	2.094778	0.5241358	0.743251	0.256749	1.186738
54042	-3995.687	-4255.95	260.2635	2.127494	0.6030332	0.53317	0.46683	1.034235
54048	-3984.054	-4244.481	260.4269	2.127494	0.4975287	0.66315	0.33685	1.034235
54054	-3990.445	-4250.904	260.4592	2.127494	0.4529556	0.682857	0.317143	1.07608
54060	-3997.094	-4257.447	260.3532	2.129244	0.497346	0.644156	0.355844	1.102137
54066	-3982.631	-4242.871	260.24	2.003354	0.5201963	0.717161	0.282839	1.276446
54072	-3983.255	-4243.556	260.3005	2.067654	0.5246781	0.716883	0.283117	1.164594
54078	-3989.729	-4249.92	260.1911	2.054654	0.5246781	0.789806	0.210194	1.268584
54084	-3985.796	-4246.046	260.2494	1.993893	0.4908953	0.718891	0.281109	1.315613
54090	-3987.305	-4247.367	260.0621	1.890439	0.5401086	0.711674	0.288326	1.480014
54096	-3980.439	-4240.709	260.2698	1.834055	0.4973128	0.684561	0.315439	1.417172
54102	-3985.447	-4245.325	259.8773	1.881004	0.499578	0.691558	0.308442	1.670201
54108	-3978.061	-4238.061	260.0004	1.864913	0.4377483	0.669584	0.330416	1.670201
54114	-3977.944	-4238.138	260.194	1.937345	0.4774847	0.660405	0.339595	1.421736
54120	-3982.15	-4242.428	260.2776	1.975294	0.4695109	0.637929	0.362071	1.337125
54126	-3980.777	-4241.099	260.3219	2.069884	0.5124863	0.707229	0.292771	1.161082
54132	-3989.723	-4250.145	260.4221	2.069884	0.453381	0.70079	0.29921	1.161082
54138	-3991.733	-4252.043	260.3097	2.078524	0.531719	0.610109	0.389891	1.136947
54144	-3998.009	-4258.114	260.1046	2.037306	0.5563959	0.773232	0.226768	1.312778
54150	-3985.128	-4245.337	260.2093	2.032357	0.5474099	0.646722	0.353278	1.242203
54156	-3996.416	-4256.687	260.2711	2.032357	0.5000146	0.683827	0.316173	1.253997
54162	-4002.341	-4262.625	260.284	2.032357	0.5948139	0.70587	0.29413	1.115271
54168	-3987.037	-4247.197	260.1602	2.155277	0.5948139	0.694326	0.305674	1.116084
54174	-3985.406	-4245.864	260.4579	2.155277	0.4785439	0.694326	0.305674	1.007873
54180	-3984.547	-4244.862	260.3151	2.155277	0.5445396	0.778751	0.221249	1.042363
54186	-3977.822	-4238.222	260.4	2.147793	0.457978	0.611876	0.388124	1.103849
54192	-3978.067	-4238.518	260.4512	2.251217	0.457978	0.730994	0.269006	0.9531869
54198	-3981.608	-4242.014	260.406	2.320801	0.5106453	0.742588	0.257412	0.8229911
54204	-3988.49	-4248.897	260.4067	2.320801	0.5102543	0.755093	0.244907	0.8229911
54210	-3984.589	-4245.041	260.4513	2.359822	0.4515477	0.697662	0.302338	0.8431338
54216	-3996.142	-4256.386	260.2438	2.190417	0.6023432	0.59126	0.40874	0.9926
54222	-3999.369	-4259.622	260.2528	2.249335	0.631259	0.59126	0.40874	0.8748727
54228	-3993.917	-4254.217	260.2998	2.249335	0.5837828	0.726781	0.273219	0.8994879
54234	-3972.131	-4232.604	260.4738	2.252797	0.4923957	0.68273	0.31727	0.8603453
54240	-3983.221	-4243.637	260.4166	2.307349	0.4923957	0.703526	0.296474	0.863569
54246	-3994.741	-4255.222	260.4803	2.330809	0.4672946	0.703526	0.296474	0.8081486
54252	-4005.807	-4266.157	260.3499	2.313228	0.556824	0.612651	0.387349	0.8110606
54258	-4006.036	-4266.41	260.3743	2.270134	0.5722053	0.617615	0.382385	0.8050017
54264	-3992.549	-4253.117	260.5678	2.222519	0.4337887	0.728676	0.271324	0.9048486
54270	-4005.619	-4265.938	260.3195	2.287654	0.5548548	0.711154	0.288846	0.8831
54276	-3999.581	-4260.015	260.4338	2.210618	0.5239597	0.784463	0.215537	0.8958334
54282	-4007.74	-4268.021	260.2811	2.31632	0.5707373	0.774416	0.225584	0.8662148
54288	-3979.402	-4239.819	260.4176	2.255279	0.5442652	0.721981	0.278019	0.823544
54294	-3997.735	-4258.175	260.4398	2.262328	0.4568498	0.721981	0.278019	0.9555951
54300	-3996.837	-4257.132	260.2958	1.959688	0.5338148	0.651252	0.348748	1.248435
54306	-3999.254	-4259.592	260.3378	2.112688	0.5032351	0.737411	0.262589	1.12232
54312	-3991.028	-4251.419	260.3914	2.127411	0.5032351	0.596998	0.403002	1.059225
54318	-3998.064	-4258.239	260.1749	2.104333	0.7040789	0.596657	0.403343	1.008209
54324	-3993.96	-4254.447	260.4866	2.041372	0.4943439	0.755447	0.244553	1.064473
54330	-3976.224	-4236.574	260.35	2.033827	0.489813	0.670606	0.329394	1.200488
54336	-3965.582	-4225.874	260.2915	2.024494	0.489813	0.670606	0.329394	1.257655
54342	-3973.069	-4233.321	260.2525	1.958023	0.5304587	0.691379	0.308621	1.289875
54348	-3981.406	-4241.532	260.1255	2.018382	0.597621	0.691379	0.308621	1.260766
54354	-3985.946	-4246.3	260.3536	2.018382	0.4745935	0.691379	0.308621	1.232476
54360	-3973.951	-4234.193	260.2419	2.018382	0.5354311	0.691379	0.308621	1.242294
54366	-3997.667	-4257.844	260.1771	2.018382	0.5624327	0.691379	0.308621	1.261441
54372	-3998.178	-4258.607	260.4296	1.935405	0.4646187	0.713646	0.286354	1.252708
54378	-3990.069	-4250.268	260.1989	2.032972	0.5165495	0.68925	0.31075	1.290698
54384	-3990.076	-4250.379	260.3028	2.032972	0.5629683	0.763456	0.236544	1.140464
54390	-3990.664	-4251.067	260.4028	2.089641	0.4664112	0.771005	0.228995	1.140464
54396	-3978.824	-4239.221	260.3962	2.06368	0.5362748	0.660521	0.339479	1.064652
54402	-3982.947	-4243.312	260.365	2.085353	0.5362748	0.737432	0.262568	1.073656
54408	-3985.161	-4245.329	260.1688	2.087367	0.6668244	0.740234	0.259766	1.077702
54414	-4008.932	-4269.311	260.3786	2.368432	0.5573913	0.773806	0.226194	0.6820033
54420	-3998.87	-4259.123	260.2537	2.454044	0.5826927	0.632324	0.367676	0.6841012
54426	-3991.22	-4251.613	260.3931	2.451928	0.4972229	0.651361	0.348639	0.6780356
54432	-3991.464	-4251.831	260.3666	2.418417	0.5400299	0.758511	0.241489	0.6602099
54438	-3987.622	-4247.953	260.3313	2.456771	0.5400299	0.582105	0.417895	0.6539821
54444	-3999.334	-4259.632	260.2988	2.505492	0.5400299	0.696917	0.303083	0.6157854
54450	-3994.384	-4254.795	260.4111	2.498538	0.4750057	0.637101	0.362899	0.6187898
54456	-3989.601	-4249.934	260.3332	2.498538	0.5257709	0.637101	0.362899	0.6019882
54462	-3995.305	-4255.763	260.4587	2.513441	0.4485463	0.730108	0.269892	0.5664618
54468	-4001.756	-4262.094	260.338	2.513441	0.5174992	0.685347	0.314653	0.5810913
54474	-4013.347	-4273.734	260.3872	2.299783	0.5429371	0.679187	0.320813	0.8079907
54480	-3997.121	-4257.659	260.5381	2.386027	0.448653	0.721317	0.278683	0.6864163
54486	-3987.268	-4247.776	260.5079	2.388897	0.4531492	0.678778	0.321222	0.7198544
54492	-3996.264	-4256.833	260.5691	2.316991	0.4046153	0.682405	0.317595	0.8570377
54498	-4003.039	-4263.4	260.3612	2.31938	0.5138647	0.643145	0.356855	0.8729483
54504	-3992.915	-4253.307	260.3917	2.323712	0.5138647	0.643145	0.356855	0.8308726
54510	-4006.725	-4267.085	260.36	2.494881	0.5068082	0.651614	0.348386	0.6225913
54516	-4009.609	-4269.975	260.3652	2.494881	0.484869	0.698449	0.301551	0.6885696
54522	-3996.965	-4257.334	260.3692	2.417527	0.484869	0.604778	0.395222	0.800735
54528	-3987.377	-4247.783	260.4054	2.319406	0.484869	0.76722	0.23278	0.8773852
54534	-3991.525	-4251.896	260.3711	2.319406	0.5037539	0.630465	0.369535	0.8806176
54540	-4009.558	-4269.893	260.3344	2.341983	0.564545	0.678793	0.321207	0.7772493
54546	-4005.8	-4265.882	260.082	2.317506	0.7139657	0.723052	0.276948	0.8652544
54552	-3992.571	-4252.992	260.4205	2.250658	0.5529311	0.762707	0.237293	0.8083501
54558	-3982.229	-4242.701	260.4722	2.283853	0.480375	0.613859	0.386141	0.8492415
54564	-3991.678	-4252.139	260.4602	2.235264	0.5207882	0.613859	0.386141	0.8416704
54570	-3979.46	-4239.95	260.4895	2.358563	0.4687759	0.699083	0.300917	0.7532301
54576	-3989.56	-4249.901	260.3402	2.395171	0.5428378	0.699083	0.300917	0.7396434
54582	-4000.058	-4260.492	260.4336	2.359202	0.491177	0.651915	0.348085	0.7779732
54588	-3986.914	-4247.172	260.2584	2.323532	0.5719444	0.67046	0.32954	0.8821975
54594	-3986.37	-4246.76	260.39	2.321738	0.5138688	0.725964	0.274036	0.8353835
54600	-3984.487	-4244.889	260.4023	2.321738	0.4714316	0.783181	0.216819	0.9043699
54606	-3995.414	-4255.785	260.3702	2.235276	0.5800527	0.693908	0.306092	0.8396561
54612	-3990.883	-4251.385	260.5019	2.338308	0.4603891	0.664996	0.335004	0.7853061
54618	-3994.421	-4255.006	260.5847	2.360206	0.4113795	0.664996	0.335004	0.7633281
54624	-3998.398	-4258.843	260.4453	2.360206	0.5211242	0.704121	0.295879	0.6790834
54630	-3993.759	-4254.089	260.3294	2.42548	0.5532928	0.632932	0.367068	0.6790834
54636	-4006.668	-4266.936	260.2675	2.513564	0.5579943	0.704128	0.295872	0.602922
54642	-3984.388	-4244.588	260.2001	2.551807	0.5772899	0.682252	0.317748	0.602922
54648	-3988.314	-4248.523	260.2092	2.545568	0.5834839	0.622495	0.377505	0.5592795
54654	-3987.575	-4247.914	260.3386	2.545568	0.4912192	0.803565	0.196435	0.6134289
54660	-3994.022	-4254.306	260.2836	2.470797	0.5663227	0.664573	0.335427	0.6389201
54666	-3981.288	-4241.591	260.3022	2.46402	0.5209387	0.691161	0.308839	0.7456039
54672	-3991.492	-4251.777	260.2843	2.46402	0.5511184	0.720079	0.279921	0.697174
54678	-3991.431	-4251.89	260.4585	2.365133	0.5039072	0.720079	0.279921	0.697174
54684	-3979.416	-4239.683	260.2672	2.32649	0.6303397	0.700086	0.299914	0.7581575
54690	-3996.28	-4256.607	260.3262	2.17697	0.593242	0.681051	0.318949	0.9346983
54696	-3975.499	-4235.749	260.2507	2.17697	0.5664387	0.681051	0.318949	1.051044
54702	-3973.225	-4233.51	260.2855	2.203256	0.5664387	0.745344	0.254656	0.9912197
54708	-3976.625	-4236.911	260.2857	2.203256	0.5532719	0.688038	0.311962	1.011056
54714	-3971.623	-4231.975	260.3521	2.163419	0.5316914	0.596904	0.403096	1.018122
54720	-3988.555	-4248.76	260.2051	2.139035	0.5504934	0.729082	0.270918	1.150043
54726	-3986.782	-4247.018	260.2355	2.089464	0.5629842	0.713794	0.286206	1.150043
54732	-3988.857	-4249.205	260.3484	1.989618	0.4757414	0.713794	0.286206	1.259162
54738	-3990.16	-4250.315	260.1547	1.952767	0.4908516	0.636849	0.363151	1.422681
54744	-3990.125	-4250.58	260.4551	1.994158	0.4235729	0.692039	0.307961	1.243871
54750	-3982.116	-4241.91	259.7944	1.909723	0.6403226	0.672604	0.327396	1.555238
54756	-3975.082	-4235.304	260.222	1.923552	0.5673209	0.672604	0.327396	1.296314
54762	-3986.749	-4247.025	260.2758	2.045175	0.5890512	0.735525	0.264475	1.118763
54768	-3982.083	-4242.478	260.3953	2.023543	0.4313839	0.692808	0.307192	1.257257
54774	-3982.252	-4242.352	260.0999	1.973921	0.5215453	0.692808	0.307192	1.409797
54780	-3986.307	-4246.39	260.083	1.939892	0.5209415	0.692808	0.307192	1.449723
54786	-3980.463	-4240.67	260.2065	1.939892	0.5556887	0.695748	0.304252	1.310033
54792	-3975.539	-4235.737	260.1987	2.065622	0.6378563	0.68679	0.31321	1.106768
54798	-3977.218	-4237.692	260.474	2.021837	0.4276085	0.607472	0.392528	1.198096
54804	-3975.32	-4235.685	260.3656	1.994185	0.4687549	0.587536	0.412464	1.251104
54810	-3981.718	-4242.214	260.4963	2.039633	0.4062644	0.751507	0.248493	1.198008
54816	-3981.818	-4242.369	260.551	2.020257	0.4108381	0.751507	0.248493	1.159818
54822	-3983.686	-4244.022	260.3368	2.12255	0.5223263	0.695221	0.304779	1.085856
54828	-3970.624	-4231.08	260.4565	2.12255	0.4513657	0.805175	0.194825	1.085856
54834	-3965.081	-4225.459	260.3788	2.17676	0.5324053	0.805175	0.194825	0.9768558
54840	-3986.034	-4246.397	260.3632	2.191398	0.5885342	0.715286	0.284714	0.8852155
54846	-3979.132	-4239.733	260.6015	2.288964	0.403979	0.654418	0.345582	0.8533317
54852	-3980.606	-4241.049	260.4425	2.288964	0.5009224	0.675205	0.324795	0.8372056
54858	-3980.789	-4241.207	260.4175	2.266684	0.5320127	0.67032	0.32968	0.8335021
54864	-3976.132	-4236.514	260.3825	2.250506	0.4888908	0.652307	0.347693	0.9701831
54870	-3976.251	-4236.782	260.5309	2.252695	0.4321102	0.760683	0.239317	0.9157296
54876	-3978.052	-4238.183	260.1302	2.252695	0.6356649	0.675878	0.324122	0.9965207
54882	-3989.736	-4250.037	260.3014	2.245093	0.5643147	0.675878	0.324122	0.9344787
54888	-4008.588	-4268.853	260.2658	2.280672	0.5643147	0.792441	0.207559	0.9344787
54894	-4000.147	-4260.549	260.4018	2.341109	0.4689375	0.720797	0.279203	0.8878708
54900	-4000.56	-4261.093	260.5332	2.116601	0.4241087	0.649137	0.350863	1.06592
54906	-3992.167	-4252.699	260.5325	2.200118	0.4241087	0.753971	0.246029	0.9850435
54912	-4001.871	-4262.317	260.4455	2.245688	0.465901	0.66429	0.33571	0.9503822
54918	-4010.511	-4270.847	260.3355	2.245688	0.5546928	0.641035	0.358965	0.9127309
54924	-4008.167	-4268.573	260.4055	2.245688	0.5186746	0.638438	0.361562	0.8977815
54930	-4007.342	-4267.579	260.2377	2.26117	0.6194485	0.671951	0.328049	0.8977815
54936	-3998.911	-4259.342	260.4301	2.276881	0.479118	0.671951	0.328049	0.9086696
54942	-3993.811	-4254.284	260.4726	2.339991	0.4412278	0.801619	0.198381	0.8636629
54948	-3994.552	-4254.887	260.3347	2.33676	0.5244619	0.70433	0.29567	0.8636629
54954	-4002.418	-4262.704	260.2863	2.33676	0.5244619	0.749945	0.250055	0.9188171
54960	-3997.06	-4257.337	260.2766	2.311144	0.5406173	0.708865	0.291135	0.9294391
54966	-4003.398	-4263.801	260.4032	2.311144	0.450906	0.723349	0.276651	0.9537698
54972	-3990.744	-4251.25	260.5061	2.311144	0.4195066	0.717866	0.282134	0.9041934
54978	-3989.09	-4249.722	260.6316	2.260532	0.3806468	0.717866	0.282134	0.9041934
54984	-3990.706	-4251.259	260.5528	2.310244	0.3753066	0.787341	0.212659	0.9474666
54990	-3990.278	-4250.943	260.6652	2.233213	0.3753066	0.757102	0.242898	0.9091677
54996	-3994.755	-4255.119	260.3643	2.233213	0.5234319	0.652264	0.347736	0.9480227
55002	-3990.972	-4251.518	260.5465	2.233213	0.4394113	0.742877	0.257123	0.9052421
55008	-3999.905	-4260.427	260.522	2.217135	0.45231	0.652978	0.347022	0.9245402
55014	-3996.906	-4257.533	260.6278	2.281733	0.3792316	0.694922	0.305078	0.8877058
55020	-3988.99	-4249.397	260.4073	2.276781	0.503914	0.694922	0.305078	0.8877058
55026	-4002.526	-4262.961	260.4349	2.313919	0.503914	0.708115	0.291885	0.8088736
55032	-3978.178	-4238.593	260.4153	2.313919	0.503914	0.634815	0.365185	0.8338442
55038	-3992.394	-4252.989	260.5956	2.313919	0.4316902	0.648349	0.351651	0.7598176
55044	-3993.644	-4254.236	260.5924	2.306551	0.4316902	0.737326	0.262674	0.7750338
55050	-3979.858	-4240.286	260.4277	2.335992	0.5052539	0.699529	0.300471	0.7859675
55056	-3984.717	-4245.13	260.4131	2.330136	0.5262622	0.657877	0.342123	0.7668494
55062	-3998.489	-4258.926	260.4367	2.269287	0.5316944	0.702811	0.297189	0.8061446
55068	-4013.04	-4273.523	260.4831	2.269287	0.4977093	0.564032	0.435968	0.8174634
55074	-4009.401	-4269.793	260.3921	2.269287	0.5547351	0.668357	0.331643	0.8174634
55080	-3991.867	-4252.29	260.4224	2.269287	0.5352776	0.657611	0.342389	0.8174634
55086	-4002.806	-4263.415	260.6089	2.269287	0.4287863	0.797536	0.202464	0.8103395
55092	-4010.079	-4270.447	260.3683	2.269287	0.5824472	0.771562	0.228438	0.7936704
55098	-3999.623	-4260.135	260.5118	2.336185	0.4662601	0.700636	0.299364	0.7597872
55104	-4009.493	-4270.017	260.5237	2.337686	0.4439609	0.675133	0.324867	0.7961154
55110	-3994.339	-4254.661	260.3222	2.407598	0.5606282	0.68103	0.31897	0.704171
55116	-3996.49	-4256.859	260.3693	2.407598	0.5227099	0.68103	0.31897	0.7244811
55122	-3989.531	-4249.897	260.3662	2.407598	0.5227099	0.658691	0.341309	0.729438
55128	-3993.093	-4253.511	260.4179	2.342814	0.5219783	0.671246	0.328754	0.7512874
55134	-3982.345	-4242.746	260.4018	2.342814	0.5219783	0.69443	0.30557	0.7747259
55140	-3981.819	-4242.34	260.5218	2.360017	0.4399189	0.69443	0.30557	0.7780102
55146	-3967.829	-4228.21	260.3812	2.318915	0.5206334	0.718996	0.281004	0.8363085
55152	-3972.326	-4232.668	260.3427	2.318915	0.5419407	0.703307	0.296693	0.8421653
55158	-3984.624	-4245.011	260.3867	2.260235	0.5294546	0.763007	0.236993	0.882944
55164	-3994.273	-4254.731	260.4577	2.260235	0.4851256	0.693494	0.306506	0.8847872
55170	-3992.985	-4253.254	260.2691	2.260235	0.5832009	0.718282	0.281718	0.922321
55176	-3982.108	-4242.665	260.5576	2.143526	0.4600906	0.689186	0.310814	0.9506484
55182	-3989.298	-4249.489	260.1907	2.157519	0.572433	0.602001	0.397999	1.11641
55188	-3998.241	-4258.628	260.3868	2.076458	0.4676757	0.6607	0.3393	1.164323
55194	-4010.673	-4271.181	260.5087	2.124929	0.4839265	0.6607	0.3393	0.978075
55200	-3979.95	-4240.31	260.3598	2.115486	0.5143336	0.682598	0.317402	1.083092
55206	-3979.295	-4239.563	260.2682	2.136729	0.619034	0.682598	0.317402	0.997954
55212	-3974.913	-4235.288	260.3743	2.065152	0.5437354	0.808414	0.191586	1.072937
55218	-3983.109	-4243.405	260.2961	1.945642	0.543814	0.728489	0.271511	1.246794
55224	-3973.689	-4233.692	260.0037	1.863033	0.574716	0.757936	0.242064	1.50467
55230	-3983.344	-4243.622	260.2781	1.943472	0.4789029	0.664268	0.335732	1.34923
55236	-3982.928	-4243.231	260.3027	1.93082	0.5317466	0.579579	0.420421	1.269378
55242	-3975.548	-4235.583	260.0347	1.880857	0.5728187	0.794956	0.205044	1.4701
55248	-3988.31	-4248.212	259.9029	1.937938	0.5728187	0.78396	0.21604	1.526177
55254	-3978.139	-4238.24	260.1019	1.939222	0.5481634	0.758597	0.241403	1.402647
55260	-3981.801	-4241.959	260.1576	1.939222	0.5628861	0.726596	0.273404	1.340968
55266	-3979.861	-4240.063	260.2021	1.884045	0.4398261	0.675391	0.324609	1.506238
55272	-3986.458	-4246.466	260.0081	1.894723	0.5496378	0.690321	0.309679	1.506238
55278	-3985.128	-4245.008	259.8796	1.876893	0.6222148	0.732208	0.267792	1.535306
55284	-3969.033	-4229.166	260.1325	1.876893	0.4401223	0.697061	0.302939	1.5628
55290	-3977.903	-4237.884	259.981	1.846514	0.549895	0.6618	0.3382	1.561863
55296	-3971.882	-4231.868	259.9861	1.960782	0.5636369	0.731103	0.268897	1.456795
55302	-3976.668	-4236.995	260.3265	1.952964	0.4954085	0.672122	0.327878	1.280125
55308	-3975.174	-4235.375	260.2006	1.905981	0.5089117	0.647127	0.352873	1.400289
55314	-3977.039	-4237.291	260.2517	1.974723	0.436271	0.629582	0.370418	1.404321
55320	-3979.413	-4239.528	260.1157	1.94073	0.5093115	0.724108	0.275892	1.438474
55326	-3980.071	-4240.271	260.1994	1.927651	0.4775298	0.724108	0.275892	1.424999
55332	-3978.829	-4239.004	260.1746	1.937721	0.4775298	0.717952	0.282048	1.43626
55338	-3979.357	-4239.014	259.6566	1.872354	0.5411438	0.668247	0.331753	1.78458
55344	-4000.718	-4260.446	259.7279	1.825625	0.5256287	0.761626	0.238374	1.78458
55350	-3987.249	-4246.943	259.6941	1.745076	0.6124646	0.698403	0.301597	1.772783
55356	-3987.465	-4247.382	259.9169	1.733486	0.4772112	0.698403	0.301597	1.772783
55362	-3982.971	-4243.181	260.2101	1.795009	0.4401948	0.72996	0.27004	1.56587
55368	-3987.451	-4247.598	260.1465	1.95245	0.4850146	0.666054	0.333946	1.43682
55374	-3984.566	-4244.673	260.1077	1.899697	0.5558988	0.68001	0.31999	1.419502
55380	-3991.251	-4251.267	260.0164	1.899697	0.4705489	0.68001	0.31999	1.591767
55386	-3989.217	-4249.496	260.2791	1.961143	0.409124	0.79593	0.20407	1.43259
55392	-3991.553	-4251.959	260.4062	1.961143	0.4856554	0.733639	0.266361	1.220433
55398	-3985.74	-4246.122	260.3822	2.068094	0.5231961	0.734593	0.265407	1.092955
55404	-3983.819	-4244.199	260.3804	2.130504	0.5231961	0.59961	0.40039	1.03586
55410	-3977.041	-4237.502	260.4606	2.117843	0.4576094	0.685948	0.314052	1.076168
55416	-3981.719	-4242.127	260.4083	2.132885	0.4728458	0.602284	0.397716	1.086157
55422	-3978.776	-4239.184	260.408	2.132885	0.4621119	0.602284	0.397716	1.103531
55428	-3994.389	-4254.798	260.4088	2.165725	0.443191	0.619181	0.380819	1.103424
55434	-3992.196	-4252.563	260.3665	2.16973	0.521128	0.777838	0.222162	1.014353
55440	-3977.114	-4237.463	260.3488	2.210521	0.5049635	0.719074	0.280926	1.01749
55446	-3983.868	-4243.97	260.1018	2.165718	0.6082646	0.65952	0.34048	1.141558
55452	-3986.446	-4246.662	260.2165	2.165718	0.541466	0.65952	0.34048	1.128602
55458	-3992.46	-4252.698	260.2378	2.198958	0.541466	0.71317	0.28683	1.078744
55464	-3985.711	-4246.092	260.3812	2.15711	0.5491382	0.721104	0.278896	0.9676334
55470	-3977.083	-4237.342	260.2582	2.280237	0.5980805	0.721104	0.278896	0.8877455
55476	-3992.748	-4253.145	260.3965	2.279295	0.54388	0.684194	0.315806	0.8205897
55482	-3982.873	-4243.351	260.4783	2.279503	0.4975282	0.699279	0.300721	0.8108165
55488	-3987.782	-4248.082	260.3004	2.261602	0.6172928	0.615206	0.384794	0.8262451
55494	-3989.344	-4249.599	260.2554	2.261602	0.6103272	0.638241	0.361759	0.8919999
55500	-3986.741	-4247.008	260.2665	2.176975	0.6394038	0.720821	0.279179	0.9279881
55506	-3987.815	-4248.273	260.4578	2.142596	0.4725785	0.62129	0.37871	1.030488
55512	-3993.542	-4254.003	260.461	2.162276	0.4594142	0.672277	0.327723	1.030488
55518	-3983.638	-4243.971	260.3326	2.17488	0.5890371	0.672277	0.327723	0.9367217
55524	-3982.493	-4242.807	260.3138	2.170406	0.5621607	0.597811	0.402189	1.002275
55530	-3972.97	-4233.348	260.3782	2.186844	0.5108179	0.716079	0.283921	1.002275
55536	-3980.766	-4241.376	260.6105	2.221487	0.4132638	0.755482	0.244518	0.900759
55542	-3970.819	-4231.489	260.6699	2.221487	0.3797245	0.639506	0.360494	0.9071754
55548	-3966.558	-4226.981	260.4229	2.268419	0.4996298	0.688115	0.311885	0.887535
55554	-3965.687	-4226.145	260.458	2.209444	0.4996298	0.688115	0.311885	0.9143236
55560	-3974.817	-4235.45	260.6324	2.17887	0.4098178	0.744656	0.255344	0.9308423
55566	-3980.673	-4241.215	260.5421	2.16308	0.4418924	0.744553	0.255447	0.9799866
55572	-3989.35	-4249.847	260.4974	2.023478	0.4617833	0.792695	0.207305	1.122205
55578	-3997.667	-4258.163	260.4958	2.03106	0.4617833	0.62853	0.37147	1.116817
55584	-3994.261	-4254.713	260.4518	2.125255	0.4617833	0.603387	0.396613	1.070637
55590	-3985.581	-4246.15	260.569	2.281173	0.3871378	0.678141	0.321859	0.9361194
55596	-3990.996	-4251.346	260.35	2.269968	0.5327905	0.678141	0.321859	0.9075144
55602	-3989.382	-4249.778	260.3966	2.320532	0.473821	0.750168	0.249832	0.9075144
55608	-3969.969	-4230.308	260.339	2.320532	0.473821	0.635145	0.364855	0.9691722
55614	-3979.389	-4239.776	260.3872	2.303533	0.4451834	0.718154	0.281846	0.9886063
55620	-3981.098	-4241.542	260.444	2.247298	0.413656	0.718154	0.281846	1.045036
55626	-3984.656	-4245.016	260.3597	2.259868	0.4966928	0.606718	0.393282	0.9706159
55632	-3988.01	-4248.384	260.3745	2.214023	0.4938393	0.632587	0.367413	1.006808
55638	-3989.33	-4249.718	260.3883	2.209544	0.4882818	0.69825	0.30175	1.006808
55644	-3985.658	-4246.185	260.5272	2.252234	0.4291582	0.69825	0.30175	0.926168
55650	-3980.636	-4241.186	260.5494	2.252234	0.4171898	0.782144	0.217856	0.926168
55656	-3983.087	-4243.461	260.3735	2.252234	0.4768247	0.644368	0.355632	0.9983414
55662	-3981.16	-4241.549	260.3895	2.252234	0.4778368	0.731433	0.268567	0.9803975
55668	-3984.68	-4245.09	260.4104	2.295755	0.4778368	0.781577	0.218423	0.9120289
55674	-3991.796	-4252.221	260.425	2.295755	0.4778368	0.598485	0.401515	0.89574
55680	-4005.069	-4265.584	260.5156	2.216171	0.4966525	0.692138	0.307862	0.8455033
55686	-3995.833	-4256.322	260.489	2.216171	0.4966525	0.66173	0.33827	0.8772283
55692	-3989.615	-4249.856	260.2413	2.231542	0.5955324	0.671237	0.328763	0.9632231
55698	-3997.806	-4258.228	260.4217	2.119685	0.4707486	0.538533	0.461467	1.089364
55704	-3988.465	-4248.955	260.4903	2.119685	0.4320717	0.683496	0.316504	1.089364
55710	-3998.658	-4259.148	260.4896	2.093157	0.4573214	0.727862	0.272138	1.072592
55716	-4005.433	-4265.662	260.2287	2.109513	0.5383384	0.661092	0.338908	1.171887
55722	-3986.87	-4247.345	260.4755	2.109513	0.4661151	0.719506	0.280494	1.056001
55728	-3985.04	-4245.444	260.4036	2.080202	0.4774539	0.681211	0.318789	1.131266
55734	-3984.431	-4244.696	260.2649	2.081638	0.553203	0.675318	0.324682	1.144188
55740	-3986.78	-4247.041	260.2616	2.057664	0.553203	0.671017	0.328983	1.168183
55746	-3983.415	-4243.733	260.3186	2.10554	0.5065457	0.682975	0.317025	1.141102
55752	-3992.617	-4253.066	260.4484	2.173199	0.4537153	0.682016	0.317984	1.041803
55758	-3998.099	-4258.506	260.4075	2.173199	0.5005894	0.773865	0.226135	1.003443
55764	-3981.137	-4241.459	260.3229	2.223128	0.5722019	0.7817	0.2183	0.9220786
55770	-3982.203	-4242.642	260.4391	2.223128	0.5012291	0.793461	0.206539	0.9172595
55776	-3976.705	-4237.108	260.4026	2.164068	0.4493821	0.740045	0.259955	1.100508
55782	-3973.091	-4233.49	260.3988	2.091017	0.5254503	0.691034	0.308966	1.05256
55788	-3976.896	-4237.261	260.3652	2.091017	0.5243362	0.691034	0.308966	1.085781
55794	-3978.31	-4238.671	260.3611	2.152044	0.4896298	0.684247	0.315753	1.085781
55800	-3976.565	-4236.838	260.2731	2.246049	0.5327857	0.682341	0.317659	1.012901
55806	-3979.868	-4240.144	260.2756	2.253019	0.5829484	0.619525	0.380475	0.9236
55812	-3980.713	-4241.066	260.3529	2.140168	0.5198993	0.714483	0.285517	1.057961
55818	-3981.944	-4242.247	260.3026	2.104542	0.4600492	0.666757	0.333243	1.224026
55824	-3977.668	-4237.952	260.2842	2.04576	0.5697209	0.705719	0.294281	1.136509
55830	-3975.858	-4236.338	260.48	2.040041	0.4352936	0.674388	0.325612	1.164927
55836	-3986.284	-4246.774	260.4903	2.103313	0.4350698	0.68234	0.31766	1.099401
55842	-3988.847	-4249.238	260.3912	2.078569	0.474328	0.636215	0.363785	1.148517
55848	-3988.454	-4248.912	260.4582	2.104732	0.483391	0.617402	0.382598	1.048769
55854	-3980.627	-4240.983	260.3559	2.104732	0.5038377	0.715684	0.284316	1.112312
55860	-3996.055	-4256.163	260.1079	2.057274	0.6583211	0.7461	0.2539	1.170055
55866	-3994.968	-4255.092	260.1232	2.170304	0.6564278	0.626796	0.373204	1.055792
55872	-3985.021	-4245.36	260.339	2.175957	0.527368	0.659078	0.340922	1.025396
55878	-3995.66	-4256.031	260.3701	2.197628	0.5043845	0.813646	0.186354	1.010039
55884	-3992.861	-4253.262	260.4013	2.119223	0.5043845	0.6302	0.3698	1.05587
55890	-3991.292	-4251.651	260.359	2.193475	0.5139156	0.755531	0.244469	1.009764
55896	-3989.569	-4249.787	260.2181	2.20296	0.627303	0.761941	0.238059	0.9696125
55902	-3999.527	-4259.625	260.0976	2.124747	0.7294278	0.648097	0.351903	1.032215
55908	-4003.676	-4264.005	260.3292	2.182435	0.5250553	0.648097	0.351903	1.032215
55914	-3985.931	-4246.288	260.3568	2.155533	0.5246175	0.751207	0.248793	1.032215
55920	-3997.861	-4258.157	260.2966	2.179002	0.5902311	0.693952	0.306048	0.9683735
55926	-3984.427	-4244.89	260.4627	2.179002	0.4847517	0.591716	0.408284	0.9683735
55932	-3985.399	-4245.642	260.2438	2.033081	0.5154664	0.716933	0.283067	1.255064
55938	-3990.481	-4250.877	260.3959	2.016747	0.436241	0.662101	0.337899	1.255064
55944	-3990.228	-4250.459	260.2312	2.016747	0.5434735	0.662101	0.337899	1.242068
55950	-3990.77	-4250.97	260.1999	1.88984	0.4559433	0.64717	0.35283	1.481937
55956	-3993.877	-4253.976	260.0993	1.88984	0.4559433	0.708004	0.291996	1.556903
55962	-3989.38	-4249.172	259.7925	1.793523	0.5793437	0.717331	0.282669	1.703732
55968	-3988.576	-4248.747	260.1719	1.890601	0.4808531	0.741285	0.258715	1.469993
55974	-4001.217	-4261.297	260.0793	1.890601	0.5374988	0.763999	0.236001	1.469993
55980	-3997.773	-4258.298	260.5257	2.208757	0.4660776	0.671469	0.328531	0.9030501
55986	-3987.804	-4248.349	260.5449	2.208757	0.4660776	0.690969	0.309031	0.8812319
55992	-3973.738	-4234.017	260.2784	2.1793	0.5975628	0.652112	0.347888	0.9757202
55998	-3983.517	-4243.778	260.2613	2.1793	0.5975628	0.7918	0.2082	0.9931559
56004	-3992.808	-4253.107	260.2995	2.136286	0.5778093	0.660951	0.339049	1.026766
56010	-3988.78	-4249.165	260.3858	2.168696	0.5194411	0.703865	0.296135	0.9988582
56016	-3989.331	-4249.774	260.4429	2.168696	0.5144988	0.709586	0.290414	0.9483375
56022	-3979.905	-4240.31	260.4047	2.132284	0.562028	0.600003	0.399997	0.9483375
56028	-3985.124	-4245.608	260.4839	2.12084	0.46739	0.600003	0.399997	1.034901
56034	-3981.606	-4242.13	260.5238	2.171069	0.46739	0.700974	0.299026	0.9437875
56040	-3988.347	-4248.812	260.4645	2.222876	0.4852452	0.65856	0.34144	0.9188417
56046	-3987.343	-4247.669	260.3268	2.162875	0.5766974	0.736876	0.263124	0.9745984
56052	-3987.406	-4247.781	260.3754	2.162875	0.5448372	0.731238	0.268762	0.9745984
56058	-3992.097	-4252.504	260.4066	2.200633	0.5448372	0.641608	0.358392	0.9006428
56064	-3984.482	-4244.875	260.3927	2.209008	0.5379293	0.665742	0.334258	0.9188103
56070	-3979.86	-4240.344	260.4842	2.182796	0.4974853	0.665742	0.334258	0.9188103
56076	-3981.053	-4241.513	260.4603	2.173054	0.4751581	0.698217	0.301783	0.9934793
56082	-3996.205	-4256.551	260.3469	2.170593	0.5454038	0.687635	0.312365	0.9948078
56088	-3997.198	-4257.6	260.4017	2.043751	0.5454038	0.608211	0.391789	1.064865
56094	-3989.217	-4249.53	260.3127	2.105653	0.6208384	0.670198	0.329802	0.9817935
56100	-3991.999	-4252.069	260.0696	1.959196	0.6214965	0.670198	0.329802	1.326554
56106	-3997.342	-4257.644	260.3016	1.999946	0.474723	0.678095	0.321905	1.290578
56112	-3985.141	-4245.596	260.4554	2.19387	0.4602045	0.603099	0.396901	1.003561
56118	-3977.426	-4237.8	260.3741	2.19387	0.5579079	0.593008	0.406992	0.9218522
56124	-3970.114	-4230.664	260.5499	2.19387	0.4510967	0.694378	0.305622	0.9218522
56130	-3980.321	-4240.718	260.3972	2.19387	0.5445792	0.738795	0.261205	0.9190843
56136	-3991.069	-4251.608	260.539	2.154084	0.4671994	0.624765	0.375235	0.9460206
56142	-3998.596	-4259.017	260.4203	2.267524	0.4843661	0.624765	0.375235	0.9200561
56148	-3994.894	-4255.2	260.3058	2.267524	0.5620345	0.673615	0.326385	0.908958
56154	-3991.146	-4251.393	260.2466	2.325572	0.6143089	0.724932	0.275068	0.8186482
56160	-3996.671	-4256.708	260.0363	2.008312	0.6174184	0.711725	0.288275	1.318524
56166	-4009.23	-4269.32	260.0899	1.999991	0.4799229	0.706001	0.293999	1.450311
56172	-3999.348	-4259.39	260.0422	1.932958	0.5507726	0.698075	0.301925	1.450311
56178	-3983.95	-4243.828	259.8783	1.915112	0.5507726	0.698075	0.301925	1.585852
56184	-3980.956	-4241.374	260.4174	2.001616	0.4432517	0.670355	0.329645	1.239134
56190	-3983.463	-4243.86	260.3978	2.039557	0.4935442	0.592929	0.407071	1.148435
56196	-3970.215	-4230.703	260.4881	2.039557	0.4325992	0.700394	0.299606	1.162614
56202	-3990.066	-4250.408	260.3416	1.998211	0.5510751	0.780941	0.219059	1.153028
56208	-3985.615	-4245.997	260.3825	1.987622	0.4416787	0.780941	0.219059	1.282039
56214	-3977.848	-4238.006	260.1586	2.019304	0.5413335	0.678262	0.321738	1.302513
56220	-3997.026	-4257.363	260.3376	2.019304	0.5320983	0.684279	0.315721	1.164079
56226	-3982.044	-4242.333	260.2896	2.030304	0.4924281	0.684279	0.315721	1.250735
56232	-3984.906	-4245.267	260.3609	2.030304	0.4924281	0.666555	0.333445	1.190333
56238	-3977.573	-4237.91	260.3368	1.964677	0.4924281	0.736814	0.263186	1.266059
56244	-3984.585	-4244.796	260.2112	2.006476	0.5111289	0.59509	0.40491	1.309315
56250	-3988.298	-4248.543	260.2448	2.058339	0.5111289	0.657725	0.342275	1.23898
56256	-3984.669	-4244.842	260.1727	1.958956	0.4799164	0.657725	0.342275	1.418246
56262	-4001.228	-4261.743	260.5149	2.161464	0.440744	0.636514	0.363486	1.011003
56268	-3996.335	-4256.72	260.3844	2.161464	0.5340664	0.682499	0.317501	0.9840795
56274	-3989.952	-4250.386	260.4346	2.142281	0.502533	0.665302	0.334698	1.004046
56280	-3978.517	-4238.938	260.4203	2.212328	0.502533	0.620672	0.379328	0.9468587
56286	-3984.956	-4245.587	260.631	2.212328	0.4112087	0.660669	0.339331	0.8923561
56292	-3993.235	-4253.576	260.3409	2.260593	0.5872047	0.663091	0.336909	0.831396
56298	-3980.49	-4240.835	260.3448	2.178937	0.5969433	0.688183	0.311817	0.9062099
56304	-3994.604	-4254.917	260.3131	2.181793	0.589037	0.732032	0.267968	0.950062
56310	-3982.757	-4243.086	260.3298	2.182856	0.5770625	0.722211	0.277789	0.950062
56316	-3991.566	-4251.964	260.3983	2.213385	0.4815006	0.645357	0.354643	1.004422
56322	-3989.756	-4250.031	260.2751	2.133802	0.6165607	0.696571	0.303429	0.9974508
56328	-3985.748	-4246.098	260.3506	2.154937	0.5513585	0.696571	0.303429	0.9975549
56334	-3972.818	-4233.288	260.47	2.207537	0.4476188	0.742393	0.257607	0.9975549
56340	-3993.173	-4253.618	260.4456	2.134078	0.4985422	0.59039	0.40961	1.007847
56346	-3982.439	-4242.691	260.2521	2.273919	0.5647517	0.735585	0.264415	0.9555614
56352	-3986.11	-4246.492	260.3814	2.276037	0.5111695	0.642342	0.357658	0.9044765
56358	-3994.059	-4254.492	260.4326	2.218875	0.4544093	0.715651	0.284349	1.011433
56364	-4003.825	-4264.263	260.438	2.218454	0.516221	0.715651	0.284349	0.8963373
56370	-3997.2	-4257.508	260.3079	2.211783	0.5845366	0.715651	0.284349	0.930672
56376	-3996.972	-4257.444	260.4725	2.047723	0.461432	0.631647	0.368353	1.123393
56382	-3990.923	-4251.264	260.3409	1.949549	0.4867417	0.69547	0.30453	1.282963
56388	-3986.067	-4246.151	260.0838	1.980145	0.5655142	0.670943	0.329057	1.363872
56394	-3998.508	-4258.593	260.0854	2.054244	0.5171677	0.708511	0.291489	1.363872
56400	-3993.694	-4254.011	260.3178	2.054244	0.5084483	0.498063	0.501937	1.184088
56406	-3989.182	-4249.498	260.3167	2.124076	0.5665945	0.7924	0.2076	1.03824
56412	-3990.174	-4250.466	260.2916	2.124312	0.5392109	0.7924	0.2076	1.101264
56418	-3990.807	-4251.128	260.3204	2.117934	0.5356285	0.689477	0.310523	1.085776
56424	-3994.606	-4254.981	260.3749	2.11772	0.501974	0.664813	0.335187	1.085776
56430	-3987.233	-4247.721	260.488	2.11772	0.4763623	0.668405	0.331595	1.018954
56436	-3993.194	-4253.639	260.4459	2.153668	0.4914332	0.581839	0.418161	0.9997466
56442	-3991.542	-4252.001	260.4597	2.153668	0.4729839	0.596372	0.403628	1.017091
56448	-3992.008	-4252.306	260.2985	2.194309	0.5833767	0.671961	0.328039	0.9610247
56454	-4010.211	-4270.195	259.9834	1.858118	0.4954869	0.655537	0.344463	1.615284
56460	-3987.926	-4247.859	259.933	1.899728	0.4954869	0.704977	0.295023	1.621622
56466	-3977.415	-4237.541	260.1264	1.813553	0.4914993	0.629426	0.370574	1.548169
56472	-3993.408	-4253.497	260.0894	1.874678	0.4914993	0.584889	0.415111	1.530333
56478	-4009.332	-4269.418	260.0854	1.874678	0.5099862	0.580971	0.419029	1.51058
56484	-3998.577	-4258.701	260.1242	1.941108	0.5099862	0.689083	0.310917	1.430806
56490	-4015.166	-4275.66	260.4943	2.128231	0.5226981	0.700979	0.299021	0.9224203
56496	-4021.715	-4282.115	260.4003	2.020808	0.5226981	0.681087	0.318913	1.120343
56502	-4018.404	-4278.659	260.2549	1.954052	0.5001554	0.685469	0.314531	1.330859
56508	-4003.453	-4263.976	260.5227	1.971269	0.4046471	0.665319	0.334681	1.236321
56514	-4011.19	-4271.499	260.309	1.940055	0.4046471	0.665319	0.334681	1.432364
56520	-4002.182	-4262.634	260.4526	1.917409	0.3883497	0.751232	0.248768	1.362767
56526	-3996.771	-4256.975	260.204	1.881786	0.5434655	0.694434	0.305566	1.373437
56532	-3998.803	-4259.006	260.2028	1.881786	0.4159173	0.734975	0.265025	1.540183
56538	-3992.774	-4252.609	259.8349	1.871651	0.4998576	0.752228	0.247772	1.706665
56544	-3989.501	-4249.466	259.9652	1.842189	0.5784449	0.676351	0.323649	1.544665
56550	-3984.993	-4244.98	259.9874	1.842189	0.4817885	0.676351	0.323649	1.640541
56556	-3980.884	-4240.768	259.8833	1.839401	0.4817885	0.68608	0.31392	1.716655
56562	-3993.997	-4254.026	260.0286	1.785416	0.4817885	0.68608	0.31392	1.651654
56568	-3995.846	-4255.75	259.9043	1.871211	0.5048574	0.661765	0.338235	1.651654
56574	-3991.376	-4251.464	260.0881	1.871211	0.4704481	0.686295	0.313705	1.560292
56580	-3980.63	-4240.68	260.0502	1.915253	0.5200756	0.686295	0.313705	1.494284
56586	-3983.45	-4243.491	260.0407	1.915253	0.5344908	0.686295	0.313705	1.484111
56592	-3996.606	-4256.301	259.6948	1.915253	0.6524658	0.730122	0.269878	1.611726
56598	-3989.855	-4249.991	260.1358	1.976886	0.5106182	0.643895	0.356105	1.393367
56604	-3984.012	-4244.412	260.3998	1.960764	0.4442552	0.643895	0.356105	1.286014
56610	-3976.012	-4236.259	260.2462	2.003046	0.4442552	0.73868	0.26132	1.375221
56616	-3984.135	-4244.28	260.1449	2.040596	0.5235089	0.637156	0.362844	1.319169
56622	-3984.371	-4244.652	260.2808	1.986699	0.5104699	0.701848	0.298152	1.269536
56628	-3994.259	-4254.52	260.261	1.963948	0.483386	0.665302	0.334698	1.340527
56634	-3999.592	-4259.6	260.008	1.947221	0.5377733	0.661083	0.338917	1.480762
56640	-3990.176	-4250.284	260.1077	1.938345	0.5283203	0.608019	0.391981	1.422915
56646	-3986.114	-4246.429	260.3146	1.936424	0.4291518	0.738855	0.261145	1.395308
56652	-3996.138	-4256.426	260.2876	1.936424	0.4898093	0.608686	0.391314	1.332564
56658	-3986.163	-4246.171	260.0081	1.922437	0.5017228	0.712403	0.287597	1.54259
56664	-3999.528	-4259.626	260.0981	1.839746	0.3649622	0.802671	0.197329	1.718199
56670	-3990.199	-4249.738	259.5394	1.839746	0.4928049	0.707747	0.292253	1.940391
56676	-3997.916	-4257.886	259.9701	1.993597	0.4536626	0.646863	0.353137	1.578545
56682	-4012.603	-4272.688	260.0851	1.929432	0.4536626	0.744601	0.255399	1.541144
56688	-4009.583	-4269.924	260.3409	1.924901	0.4484991	0.71728	0.28272	1.35618
56694	-3995.201	-4255.27	260.069	2.04474	0.5788846	0.702408	0.297592	1.308076
56700	-4002.458	-4262.729	260.2704	2.076911	0.5029276	0.734458	0.265542	1.213019
56706	-3997.307	-4257.49	260.1827	2.014842	0.4838573	0.735029	0.264971	1.361617
56712	-4005.788	-4265.819	260.0309	2.014842	0.4580687	0.649187	0.350813	1.512148
56718	-3990.517	-4250.769	260.2523	2.014842	0.5181884	0.574788	0.425212	1.259445
56724	-3984.451	-4244.639	260.1878	2.014842	0.5240295	0.671497	0.328503	1.304683
56730	-3971.548	-4231.949	260.4009	2.031513	0.3944926	0.698467	0.301533	1.303223
56736	-3978.863	-4239.383	260.5199	2.031513	0.3800184	0.755217	0.244783	1.228396
56742	-3989.404	-4249.92	260.5161	2.053376	0.3710398	0.617639	0.382361	1.228396
56748	-3982.904	-4243.181	260.2764	2.053376	0.4680986	0.609291	0.390709	1.276805
56754	-3993.279	-4253.61	260.3306	2.032435	0.4668504	0.589201	0.410799	1.251128
56760	-3987.981	-4248.186	260.2051	2.027732	0.4779051	0.741955	0.258045	1.341639
56766	-3985.34	-4245.467	260.1278	1.952332	0.4967962	0.753418	0.246582	1.436129
56772	-3985.473	-4245.619	260.1457	1.977149	0.5031814	0.771262	0.228738	1.394905
56778	-3997.338	-4257.316	259.9779	1.940679	0.5102981	0.622108	0.377892	1.541005
56784	-3981.972	-4241.937	259.9653	1.932235	0.44657	0.622108	0.377892	1.635757
56790	-3984.731	-4244.983	260.2512	1.932235	0.5007064	0.708109	0.291891	1.350462
56796	-3996.841	-4257.193	260.3517	1.872406	0.4229462	0.639331	0.360669	1.425033
56802	-3994.823	-4254.965	260.1418	1.807573	0.4229462	0.628912	0.371088	1.629399
56808	-3988.257	-4248.208	259.9505	1.807573	0.4159692	0.709679	0.290321	1.774089
56814	-3991.372	-4251.661	260.2891	1.807573	0.3938726	0.702429	0.297571	1.562349
56820	-3990.178	-4250.176	259.9982	1.866645	0.4992236	0.665665	0.334335	1.593838
56826	-3989.366	-4249.294	259.9275	1.800935	0.5639614	0.798111	0.201889	1.61838
56832	-3989.973	-4250.141	260.1686	1.963221	0.5032432	0.807604	0.192396	1.387849
56838	-3987.517	-4247.769	260.2513	1.937881	0.4944737	0.802495	0.197505	1.354149
56844	-4007.41	-4267.338	259.9282	1.921744	0.4753286	0.599151	0.400849	1.633792
56850	-4007.398	-4266.874	259.4757	1.844622	0.6868183	0.665955	0.334045	1.784393
56856	-4010.509	-4270.172	259.6632	1.841787	0.5568125	0.854302	0.145698	1.784393
56862	-3998.314	-4257.84	259.5264	1.781359	0.5373283	0.77933	0.22067	1.939873
56868	-3996.16	-4255.894	259.7342	1.72796	0.461528	0.5989	0.4011	1.920442
56874	-3998.421	-4258.156	259.7342	1.72796	0.461528	0.683154	0.316846	1.920442
56880	-3989.086	-4249.119	260.0327	1.897659	0.4115134	0.698905	0.301095	1.658451
56886	-3998.367	-4258.357	259.9897	1.869639	0.5462444	0.715719	0.284281	1.542551
56892	-4002.63	-4262.792	260.162	1.882378	0.543419	0.670262	0.329738	1.40581
56898	-3997.559	-4257.685	260.1266	1.966676	0.491238	0.659739	0.340261	1.43311
56904	-4000.816	-4261.117	260.3012	2.026445	0.497058	0.690722	0.309278	1.237866
56910	-3988.872	-4249.012	260.1403	1.993583	0.5155663	0.708896	0.291104	1.370477
56916	-3990.62	-4250.783	260.1635	1.993583	0.5563836	0.701426	0.298574	1.300515
56922	-3987.938	-4248.076	260.1382	1.966577	0.4989486	0.671475	0.328525	1.414369
56928	-3988.771	-4249.223	260.4522	2.066641	0.4795956	0.647915	0.352085	1.096098
56934	-3993.853	-4254.095	260.2422	2.130401	0.5459769	0.633133	0.366867	1.130909
56940	-3972.034	-4232.432	260.3978	2.09105	0.4747224	0.623493	0.376507	1.130909
56946	-3973.06	-4233.329	260.2691	2.030076	0.5612023	0.728358	0.271642	1.175085
56952	-3989.952	-4250.224	260.2725	2.047908	0.5291547	0.646823	0.353177	1.199749
56958	-3985.469	-4245.799	260.3294	2.148507	0.4968645	0.618145	0.381855	1.106996
56964	-4009.879	-4270.174	260.2954	2.360728	0.5906846	0.64018	0.35982	0.7500682
56970	-4002.026	-4262.323	260.2962	2.191619	0.6424757	0.671438	0.328562	0.8733832
56976	-3995.364	-4255.66	260.2962	2.044869	0.5527676	0.675485	0.324515	1.149651
56982	-3982.703	-4242.942	260.2394	2.044869	0.5729353	0.630672	0.369328	1.172526
56988	-3982.674	-4243.104	260.4309	2.044869	0.4712964	0.712783	0.287217	1.147808
56994	-3985.544	-4245.893	260.3493	2.044869	0.5365627	0.620531	0.379469	1.124736
57000	-3985.738	-4246.073	260.3347	2.08381	0.5365627	0.620531	0.379469	1.102719
57006	-3974.942	-4235.282	260.3397	2.08196	0.48462	0.717636	0.282364	1.175353
57012	-3992.347	-4252.653	260.3064	1.942166	0.4260844	0.764629	0.235371	1.401618
57018	-3986.878	-4246.851	259.9733	1.841123	0.6276333	0.695654	0.304346	1.486266
57024	-3989.912	-4249.746	259.834	1.793581	0.5202021	0.695654	0.304346	1.738938
57030	-3991.446	-4251.385	259.9383	1.900818	0.4732417	0.725629	0.274371	1.644174
57036	-3986.496	-4246.467	259.9705	1.868562	0.4732417	0.616548	0.383452	1.644174
57042	-3990.828	-4250.792	259.9638	1.945659	0.4472109	0.603389	0.396611	1.6263
57048	-3985.099	-4245.27	260.1709	1.945659	0.5058486	0.776122	0.223878	1.396433
57054	-3991.521	-4251.475	259.954	1.990602	0.6185564	0.737188	0.262812	1.396433
57060	-3986.127	-4246.521	260.3945	1.991747	0.4029439	0.737188	0.262812	1.327327
57066	-4003.651	-4263.94	260.289	2.063755	0.4611994	0.752756	0.247244	1.267792
57072	-3986.909	-4247.098	260.1889	2.062069	0.5220062	0.653294	0.346706	1.267792
57078	-3985.344	-4245.644	260.2999	2.030579	0.4813391	0.680373	0.319627	1.257525
57084	-3978.6	-4239.043	260.4421	2.027023	0.4243555	0.752986	0.247014	1.226012
57090	-3985.463	-4245.837	260.3742	2.057587	0.4914575	0.760003	0.239997	1.156398
57096	-3976.256	-4236.712	260.4557	2.057587	0.4663123	0.714801	0.285199	1.121955
57102	-3986.052	-4246.319	260.2674	2.161269	0.4843018	0.711074	0.288926	1.169686
57108	-3975.372	-4235.899	260.5275	2.161269	0.4357339	0.579847	0.420153	1.00768
57114	-3969.535	-4229.921	260.3853	2.184023	0.4431801	0.734782	0.265218	1.108221
57120	-3969.051	-4229.323	260.2717	2.131552	0.4916563	0.734782	0.265218	1.181075
57126	-3971.845	-4232.119	260.2738	2.131552	0.5089022	0.741971	0.258029	1.154305
57132	-3978.278	-4238.607	260.3289	2.131552	0.5089022	0.741971	0.258029	1.104834
57138	-3987.178	-4247.473	260.295	2.067948	0.5378566	0.812551	0.187449	1.150763
57144	-3984.622	-4244.88	260.2581	2.02798	0.5037393	0.75773	0.24227	1.263272
57150	-3992.8	-4252.977	260.1773	2.02798	0.5342583	0.663339	0.336661	1.289317
57156	-3992.623	-4253.004	260.3812	1.981788	0.4521553	0.587417	0.412583	1.272488
57162	-3981.812	-4242.091	260.2787	2.008817	0.4807836	0.684467	0.315533	1.293581
57168	-3981.601	-4241.903	260.3026	2.063894	0.4358795	0.680757	0.319243	1.293581
57174	-3971.739	-4232.091	260.3521	2.110238	0.4970096	0.638494	0.361506	1.120941
57180	-3984.281	-4244.611	260.3305	2.09491	0.4509113	0.627842	0.372158	1.222196
57186	-3980.027	-4240.328	260.3007	2.10302	0.4700545	0.642081	0.357919	1.212156
57192	-3977.983	-4238.406	260.423	2.010823	0.4700545	0.707098	0.292902	1.18641
57198	-3975.861	-4236.226	260.3653	2.024928	0.4835919	0.664574	0.335426	1.204002
57204	-3969.694	-4229.898	260.2048	2.00342	0.4835919	0.677772	0.322228	1.353506
57210	-3983.399	-4243.795	260.3955	2.00342	0.4404845	0.564695	0.435305	1.260028
57216	-3983.871	-4243.993	260.1221	2.016027	0.4841615	0.564695	0.435305	1.407693
57222	-3999.422	-4259.202	259.7796	1.843608	0.4945726	0.544141	0.455859	1.771275
57228	-3983.49	-4243.358	259.8678	1.83017	0.4511453	0.808526	0.191474	1.771275
57234	-3980.322	-4240.079	259.7567	1.83017	0.4884834	0.712714	0.287286	1.803578
57240	-3987.535	-4247.579	260.0443	1.867682	0.4884834	0.741088	0.258912	1.572455
57246	-3992.575	-4252.669	260.094	1.864836	0.4262672	0.691157	0.308843	1.618099
57252	-3989.505	-4249.466	259.9612	1.881858	0.4922057	0.691516	0.308484	1.618099
57258	-3991.627	-4251.722	260.0947	1.881858	0.4938442	0.829245	0.170755	1.518089
57264	-4013.845	-4274.096	260.2509	1.760848	0.4284202	0.775642	0.224358	1.57671
57270	-4003.406	-4263.019	259.6127	1.785496	0.5541301	0.775642	0.224358	1.860788
57276	-3994.15	-4253.836	259.686	1.749473	0.5541301	0.70991	0.29009	1.835285
57282	-3991.48	-4251.222	259.7422	1.85931	0.6412298	0.631887	0.368113	1.629093
57288	-3991.05	-4251.133	260.0833	1.905881	0.4559078	0.687429	0.312571	1.556965
57294	-4006.547	-4266.605	260.0574	1.841854	0.4986896	0.62718	0.37282	1.569306
57300	-3997.138	-4257.094	259.9559	1.841854	0.4986896	0.652044	0.347956	1.643009
57306	-3990.024	-4249.775	259.7514	1.841854	0.5374298	0.652044	0.347956	1.743772
57312	-3979.33	-4239.512	260.1822	1.946152	0.4835436	0.620086	0.379914	1.416105
57318	-3982.064	-4242.158	260.0942	1.961009	0.4987773	0.674307	0.325693	1.452658
57324	-3983.181	-4243.281	260.1004	1.893249	0.5299765	0.674307	0.325693	1.461018
57330	-3984.545	-4244.711	260.1653	1.939134	0.5095337	0.759941	0.240059	1.401176
57336	-3977.093	-4237.221	260.1278	1.939134	0.4806969	0.574447	0.425553	1.466825
57342	-3975.688	-4235.709	260.021	1.853464	0.5413422	0.506847	0.493153	1.537009
57348	-3963.583	-4223.841	260.2575	2.012411	0.4699021	0.714957	0.285043	1.32298
57354	-3984.3	-4244.266	259.9668	2.046206	0.5928101	0.706609	0.293391	1.37198
57360	-3973.452	-4233.594	260.1422	2.046206	0.5663711	0.632189	0.367811	1.262319
57366	-3975.391	-4235.262	259.8716	1.986123	0.6239392	0.632189	0.367811	1.457433
57372	-3975.254	-4235.285	260.031	1.926129	0.5157073	0.665523	0.334477	1.505797
57378	-3979.313	-4239.336	260.0232	1.926129	0.5157073	0.706659	0.293341	1.511633
57384	-3974.703	-4234.817	260.1136	1.92731	0.5157073	0.605525	0.394475	1.442403
57390	-3971.105	-4230.866	259.7608	1.770539	0.5157073	0.648505	0.351495	1.810929
57396	-3976.352	-4236.096	259.7441	1.884584	0.5157073	0.690748	0.309252	1.743213
57402	-3983.963	-4243.96	259.9965	1.887358	0.5091878	0.665926	0.334074	1.56797
57408	-3980.286	-4240.449	260.1633	1.91548	0.4455766	0.649065	0.350935	1.504072
57414	-3989.076	-4249.127	260.051	1.854176	0.499742	0.813566	0.186434	1.563665
57420	-3985.77	-4245.804	260.0344	1.891371	0.5098101	0.698238	0.301762	1.536296
57426	-3985.797	-4245.987	260.1904	1.885143	0.4720068	0.75665	0.24335	1.471503
57432	-3981.609	-4241.668	260.0589	1.922464	0.5803283	0.691111	0.308889	1.411045
57438	-3968.388	-4228.487	260.0989	1.932334	0.4855922	0.691111	0.308889	1.48752
57444	-3979.21	-4239.683	260.4726	1.944569	0.4087476	0.665116	0.334884	1.293364
57450	-3963.08	-4223.254	260.1746	2.01521	0.523678	0.665116	0.334884	1.315506
57456	-3973.245	-4233.603	260.3578	2.11371	0.523678	0.674448	0.325552	1.072535
57462	-3965.899	-4226.238	260.3397	2.11371	0.5398282	0.659621	0.340379	1.065553
57468	-3990.728	-4250.963	260.2345	2.078805	0.5722094	0.655597	0.344403	1.148048
57474	-3973.377	-4233.734	260.3573	2.155712	0.5722094	0.669084	0.330916	0.9573378
57480	-3976.567	-4237.104	260.5375	2.133445	0.4415006	0.700342	0.299658	1.014929
57486	-3971.493	-4231.707	260.2137	2.143134	0.6132492	0.712148	0.287852	1.052925
57492	-3975.15	-4235.344	260.1935	2.172941	0.6006535	0.675058	0.324942	1.061058
57498	-3969.464	-4229.835	260.3716	2.158733	0.4950965	0.619918	0.380082	1.061058
57504	-3986.16	-4246.651	260.4909	2.174294	0.4618525	0.738817	0.261183	0.9846227
57510	-4006.124	-4266.498	260.374	2.187163	0.5485256	0.737977	0.262023	0.9446922
57516	-3994.648	-4254.984	260.3352	2.225997	0.5485256	0.726911	0.273089	0.9446922
57522	-3977.684	-4238.02	260.3359	2.221437	0.6094819	0.615547	0.384453	0.8459126
57528	-3984.123	-4244.52	260.3967	2.280482	0.5385046	0.778342	0.221658	0.8295093
57534	-3980.206	-4240.471	260.2653	2.203547	0.6114836	0.765211	0.234789	0.9431123
57540	-3981.946	-4242.377	260.431	2.224137	0.5205894	0.544577	0.455423	0.8898088
57546	-4000.447	-4260.83	260.3827	2.216014	0.533683	0.794753	0.205247	0.9292846
57552	-3982.913	-4243.29	260.3763	2.216014	0.5377545	0.734043	0.265957	0.9292846
57558	-3988.038	-4248.45	260.4121	2.216014	0.5241137	0.721494	0.278506	0.9137787
57564	-3995.938	-4256.197	260.2593	2.024513	0.5241137	0.758546	0.241454	1.237602
57570	-4006.041	-4266.241	260.2004	2.034296	0.470476	0.736016	0.263984	1.350321
57576	-3982.088	-4242.438	260.3494	2.008257	0.470476	0.75629	0.24371	1.250329
57582	-3998.762	-4258.996	260.2341	1.988532	0.5563907	0.704685	0.295315	1.246525
57588	-4014.397	-4274.758	260.3617	2.00665	0.5163039	0.7018	0.2982	1.176166
57594	-3997.025	-4257.399	260.3736	2.160912	0.5459222	0.721225	0.278775	0.976704
57600	-3988.494	-4248.795	260.3008	2.214181	0.6024806	0.708042	0.291958	0.9070362
57606	-3995.62	-4255.966	260.3461	2.284062	0.5158011	0.625687	0.374313	0.9262086
57612	-3978.481	-4238.696	260.2153	2.308349	0.672045	0.718922	0.281078	0.7765671
57618	-3982.798	-4243.208	260.41	2.346755	0.513647	0.791779	0.208221	0.7765671
57624	-3979.814	-4240.012	260.1981	2.337605	0.6169857	0.731786	0.268214	0.8591402
57630	-3989.867	-4250.218	260.351	2.345235	0.5792292	0.752416	0.247584	0.7134776
57636	-3996.193	-4256.306	260.1132	2.345235	0.7305763	0.667643	0.332357	0.761004
57642	-3999.273	-4259.827	260.5545	2.315269	0.4533253	0.679387	0.320613	0.761004
57648	-3990.948	-4251.51	260.5612	2.315269	0.4495861	0.656638	0.343362	0.761004
57654	-3992.161	-4252.395	260.2337	2.291927	0.6672445	0.662113	0.337887	0.7828951
57660	-3982.262	-4242.831	260.569	2.328952	0.4307425	0.684044	0.315956	0.7788231
57666	-3996.838	-4257.279	260.4411	2.328952	0.49118	0.684044	0.315956	0.8086856
57672	-3995.739	-4256.105	260.3662	1.975446	0.5181617	0.718173	0.281827	1.196709
57678	-4008.299	-4268.217	259.9179	1.960902	0.6534448	0.707129	0.292871	1.409759
57684	-3997.523	-4257.474	259.9504	1.928407	0.6534448	0.672614	0.327386	1.409759
57690	-4012.256	-4272.602	260.3462	1.979507	0.475511	0.608231	0.391769	1.269685
57696	-4005.123	-4265.411	260.2879	1.97219	0.475511	0.771269	0.228731	1.323071
57702	-4021.733	-4282.058	260.3256	1.957268	0.5011112	0.608554	0.391446	1.269508
57708	-4009.038	-4269.276	260.2378	1.993801	0.5144127	0.688452	0.311548	1.293743
57714	-3996.107	-4255.987	259.8805	1.993801	0.6193714	0.775617	0.224383	1.44971
57720	-3999.061	-4259.176	260.1143	1.993801	0.6193714	0.601528	0.398472	1.26442
57726	-3996.491	-4256.73	260.2384	1.980362	0.5400076	0.696564	0.303436	1.270791
57732	-3997.997	-4258.287	260.29	2.125143	0.5173954	0.635726	0.364274	1.133329
57738	-4005.401	-4265.857	260.4559	2.125143	0.5300829	0.741918	0.258082	0.954229
57744	-3989.444	-4249.753	260.3097	1.939718	0.4929592	0.685797	0.314203	1.307904
57750	-3988.25	-4248.496	260.2463	1.887072	0.5038521	0.685797	0.314203	1.385871
57756	-4002.435	-4262.194	259.7592	1.871003	0.684806	0.710216	0.289784	1.565254
57762	-3984.852	-4244.857	260.0048	1.871003	0.6019841	0.622292	0.377708	1.467563
57768	-3992.072	-4252.154	260.0814	1.938709	0.6778084	0.685689	0.314311	1.27071
57774	-3995.981	-4256.353	260.3715	1.938709	0.4431092	0.623574	0.376426	1.328509
57780	-3985.354	-4245.336	259.9823	1.969667	0.634854	0.623574	0.376426	1.372701
57786	-3995.923	-4256.248	260.3244	2.029717	0.3900443	0.73135	0.26865	1.372701
57792	-3996.134	-4256.302	260.1683	1.872421	0.4853056	0.655019	0.344981	1.480721
57798	-3991.617	-4251.944	260.3272	1.897571	0.4853056	0.625518	0.374482	1.338034
57804	-3999.304	-4259.596	260.2916	1.936543	0.5069695	0.650997	0.349003	1.306391
57810	-3984.267	-4244.67	260.4031	2.037363	0.5092291	0.650997	0.349003	1.122485
57816	-3988.959	-4249.074	260.1146	2.098687	0.6623852	0.730977	0.269023	1.122485
57822	-3991.861	-4252.244	260.3832	2.129093	0.4812886	0.674266	0.325734	1.09954
57828	-3983.096	-4243.468	260.3724	2.182407	0.4566526	0.646653	0.353347	1.09954
57834	-4000.042	-4260.145	260.1026	2.182407	0.6058982	0.65041	0.34959	1.128954
57840	-3997.508	-4257.525	260.0171	2.108326	0.6279427	0.758859	0.241141	1.23995
57846	-3988.235	-4248.578	260.3435	2.158231	0.543096	0.687568	0.312432	1.014027
57852	-3979.445	-4239.666	260.221	2.158231	0.5811375	0.687568	0.312432	1.07593
57858	-3985.324	-4245.795	260.4708	2.158231	0.476776	0.75179	0.24821	0.995115
57864	-3989.597	-4250.063	260.4662	2.158231	0.4589338	0.792231	0.207769	1.030137
57870	-3996.555	-4257.142	260.5865	2.035687	0.4022	0.793054	0.206946	1.129223
57876	-3990.886	-4251.161	260.275	2.035687	0.5574849	0.649249	0.350751	1.169961
57882	-3982.873	-4243.404	260.531	1.963407	0.4463271	0.626811	0.373189	1.169961
57888	-3989.674	-4249.892	260.2174	2.00844	0.6148809	0.671396	0.328604	1.169961
57894	-3996.371	-4256.448	260.0772	1.920901	0.5813768	0.671396	0.328604	1.396856
57900	-3991.834	-4251.938	260.104	1.950359	0.5813768	0.671396	0.328604	1.352652
57906	-3981.86	-4242.143	260.2831	1.921758	0.4862218	0.647661	0.352339	1.352652
57912	-3987.124	-4247.418	260.2943	1.944317	0.4961098	0.673612	0.326388	1.312389
57918	-3985.143	-4245.492	260.3493	1.920904	0.4773496	0.673612	0.326388	1.312389
57924	-3983.305	-4243.197	259.8921	1.920904	0.6531569	0.669996	0.330004	1.460528
57930	-3988.555	-4248.914	260.3594	1.920875	0.4811912	0.669996	0.330004	1.298952
57936	-3993.548	-4253.683	260.1357	1.981254	0.5842465	0.585431	0.414569	1.298952
57942	-3990.499	-4250.514	260.0155	1.894231	0.5538259	0.73494	0.26506	1.496239
57948	-3994.851	-4254.781	259.9294	1.909714	0.5890135	0.69245	0.30755	1.509465
57954	-4001.192	-4261.302	260.1102	1.875872	0.5680213	0.734033	0.265967	1.421724
57960	-3996.683	-4257.08	260.3965	1.969361	0.5216713	0.686579	0.313421	1.170815
57966	-3994.142	-4254.395	260.2537	2.076892	0.5295803	0.693693	0.306307	1.190448
57972	-4002.166	-4262.403	260.2369	2.087755	0.5197218	0.685129	0.314871	1.209049
57978	-3998.449	-4258.725	260.2753	2.081809	0.5079887	0.64084	0.35916	1.197532
57984	-4009.745	-4270.092	260.3472	2.081809	0.4645745	0.589267	0.410733	1.198663
57990	-4001.54	-4261.726	260.1854	2.07361	0.5352636	0.706141	0.293859	1.243593
57996	-4002.096	-4262.324	260.2283	2.052974	0.5194348	0.643877	0.356123	1.246083
58002	-4000.466	-4260.712	260.246	2.052974	0.5520009	0.550733	0.449267	1.187417
58008	-3999.337	-4259.796	260.4594	2.052974	0.4880633	0.706819	0.293181	1.088913
58014	-3998.107	-4258.344	260.2372	2.031918	0.519606	0.678849	0.321151	1.255951
58020	-3983.9	-4244.403	260.5031	2.018282	0.4593752	0.743677	0.256323	1.125633
58026	-3976.064	-4236.344	260.2798	2.019506	0.5554409	0.669017	0.330983	1.182577
58032	-3976.332	-4236.612	260.2791	2.019506	0.5391121	0.669017	0.330983	1.205024
58038	-3989.759	-4249.808	260.0487	1.936541	0.5428386	0.669017	0.330983	1.451992
58044	-3981.692	-4241.845	260.1528	1.936541	0.5826826	0.654965	0.345035	1.323173
58050	-3988.311	-4248.458	260.1468	1.936541	0.5443012	0.666031	0.333969	1.374323
58056	-3988.963	-4249.076	260.1123	1.936541	0.5667484	0.670169	0.329831	1.374323
58062	-4007.342	-4267.405	260.0633	1.851987	0.5674539	0.747409	0.252591	1.476427
58068	-3984.532	-4244.742	260.2094	1.914812	0.5286455	0.725933	0.274067	1.361485
58074	-3979.745	-4239.914	260.1692	1.914812	0.5286455	0.598116	0.401884	1.393063
58080	-3981.061	-4241.282	260.2209	1.914812	0.4767254	0.738942	0.261058	1.419343
58086	-3991.339	-4251.392	260.053	1.983664	0.5896032	0.647775	0.352225	1.357026
58092	-3986.29	-4246.515	260.2256	1.975711	0.533361	0.60546	0.39454	1.293666
58098	-3983.917	-4244.141	260.2233	2.032806	0.5382684	0.583497	0.416503	1.242092
58104	-3985.158	-4245.549	260.3916	1.978416	0.5150402	0.583497	0.416503	1.176467
58110	-3982.9	-4243.353	260.4533	1.978416	0.4429646	0.643869	0.356131	1.228933
58116	-3966.366	-4226.545	260.179	2.020958	0.5568282	0.685107	0.314893	1.264842
58122	-3973.065	-4233.237	260.1727	2.020958	0.5756906	0.685107	0.314893	1.246267
58128	-3980.272	-4240.559	260.2873	2.06501	0.4903391	0.742214	0.257786	1.226496
58134	-3985.741	-4246	260.2588	2.091672	0.4914665	0.75999	0.24001	1.226496
58140	-3978.904	-4239.108	260.2041	2.076701	0.5343143	0.766398	0.233602	1.226496
58146	-3988.175	-4248.587	260.4119	2.025803	0.4388448	0.681876	0.318124	1.230142
58152	-3980.972	-4241.224	260.2516	2.025803	0.5063478	0.59302	0.40698	1.266888
58158	-3982.775	-4243.004	260.2283	2.025803	0.5078824	0.769709	0.230291	1.284019
58164	-3982.428	-4242.698	260.2699	2.025803	0.5543277	0.691276	0.308724	1.1872
58170	-3978.131	-4238.356	260.2249	2.065201	0.5365297	0.791606	0.208394	1.215736
58176	-3972.395	-4232.467	260.0723	2.093237	0.6110666	0.664103	0.335897	1.226398
58182	-3992.187	-4252.284	260.0966	2.115395	0.5792735	0.655197	0.344803	1.226398
58188	-3990.047	-4250.126	260.0794	2.115453	0.618208	0.560849	0.439151	1.192711
58194	-3977.125	-4237.352	260.2273	2.062835	0.560377	0.756385	0.243615	1.184012
58200	-3992.892	-4253.09	260.1989	2.102104	0.560377	0.736955	0.263045	1.174576
58206	-3998.871	-4259.11	260.2391	2.061926	0.560377	0.638365	0.361635	1.174576
58212	-3991.536	-4251.668	260.1327	2.061926	0.6110826	0.642214	0.357786	1.201665
58218	-3987.275	-4247.426	260.1516	2.046946	0.508406	0.623535	0.376465	1.328313
58224	-4000.612	-4260.785	260.1728	2.010436	0.5704815	0.612247	0.387753	1.261431
58230	-3989.09	-4249.163	260.0722	2.050396	0.5704815	0.757677	0.242323	1.311065
58236	-3987.116	-4247.179	260.0631	2.059528	0.5704815	0.712315	0.287685	1.311065
58242	-3983.652	-4243.763	260.1111	2.093639	0.5977046	0.68156	0.31844	1.209551
58248	-3995.831	-4256.008	260.1773	2.093639	0.5977046	0.665546	0.334454	1.152121
58254	-3989.394	-4249.625	260.2311	2.093639	0.541751	0.665546	0.334454	1.178905
58260	-3998.05	-4258.279	260.2285	2.063591	0.5629438	0.594526	0.405474	1.178905
58266	-3990.962	-4251.339	260.3769	2.063591	0.4957594	0.594526	0.405474	1.142372
58272	-3992.433	-4252.102	259.6692	2.034344	0.7832098	0.639798	0.360202	1.416955
58278	-4002.591	-4262.347	259.7554	2.036861	0.8640474	0.658801	0.341199	1.271823
58284	-4005.241	-4265.317	260.0763	2.06242	0.5919818	0.658801	0.341199	1.271823
58290	-4015.395	-4275.319	259.9238	1.943375	0.662105	0.711452	0.288548	1.409629
58296	-4020.614	-4280.79	260.1753	1.978728	0.4887505	0.770265	0.229735	1.3893
58302	-4007.102	-4267.242	260.1407	1.910651	0.4887505	0.770265	0.229735	1.468328
58308	-3989.191	-4249.326	260.1351	1.863472	0.4717426	0.673269	0.326731	1.529578
58314	-3992.197	-4252.378	260.1803	2.032174	0.5522538	0.666386	0.333614	1.260241
58320	-3994.99	-4255.494	260.5047	2.050485	0.4432359	0.728887	0.271113	1.120977
58326	-3992.64	-4252.919	260.2787	2.050485	0.4822122	0.743573	0.256427	1.25737
58332	-3988.735	-4249.168	260.4322	2.062476	0.4212575	0.720588	0.279412	1.209163
58338	-3988.74	-4249.154	260.4137	2.083309	0.4306864	0.67649	0.32351	1.192245
58344	-3998.457	-4258.697	260.2398	2.129639	0.5312222	0.632885	0.367115	1.154322
58350	-4014.905	-4275.283	260.3776	2.09263	0.5312222	0.641232	0.358768	1.062453
58356	-4008.666	-4269.008	260.3422	2.168185	0.4843463	0.64257	0.35743	1.096529
58362	-4005.679	-4266.019	260.3397	2.126184	0.4843463	0.638154	0.361846	1.136796
58368	-4019.115	-4279.617	260.5028	2.180308	0.4417113	0.682396	0.317604	1.002505
58374	-3995.462	-4255.766	260.3045	2.180308	0.5845039	0.783356	0.216644	0.9676196
58380	-3989.731	-4250	260.2694	2.180308	0.6016801	0.622164	0.377836	0.9778633
58386	-3999.702	-4260.048	260.3458	2.169037	0.505096	0.557712	0.442288	1.060155
58392	-3995.331	-4255.733	260.4024	2.301317	0.5016439	0.746988	0.253012	0.8692846
58398	-3994.6	-4254.927	260.3271	2.104755	0.5339769	0.713092	0.286908	1.094136
58404	-3986.1	-4246.448	260.3489	2.104755	0.5228121	0.744812	0.255188	1.090473
58410	-3987.225	-4247.73	260.5046	2.104755	0.4419711	0.722587	0.277413	1.073289
58416	-3999.814	-4260.195	260.3813	2.12527	0.4907976	0.604048	0.395952	1.089999
58422	-3985.603	-4245.937	260.3334	2.109028	0.5611734	0.636402	0.363598	1.044641
58428	-4000.003	-4260.298	260.2948	2.12399	0.5643197	0.755211	0.244789	1.062505
58434	-3974.498	-4234.802	260.3046	2.099671	0.5643197	0.635352	0.364648	1.07623
58440	-3983.47	-4243.826	260.3558	2.118532	0.519453	0.715235	0.284765	1.07623
58446	-3983.103	-4243.473	260.3702	2.117438	0.5301281	0.708778	0.291222	1.047605
58452	-3984.055	-4244.456	260.4004	2.113349	0.5137949	0.680785	0.319215	1.047605
58458	-3981.597	-4241.914	260.3162	2.104854	0.5137949	0.620833	0.379167	1.13325
58464	-3976.585	-4236.838	260.2534	2.104854	0.558972	0.785081	0.214919	1.125839
58470	-3971.256	-4231.757	260.5003	2.110315	0.4497172	0.735961	0.264039	1.05899
58476	-3974.986	-4235.407	260.4212	2.145761	0.4572557	0.676897	0.323103	1.087378
58482	-3980.077	-4240.356	260.279	2.095105	0.544278	0.720934	0.279066	1.131907
58488	-3990.985	-4251.063	260.078	2.095105	0.6357294	0.567788	0.432212	1.190127
58494	-3973.374	-4233.711	260.3373	2.095105	0.4906784	0.664335	0.335665	1.157064
58500	-3971.434	-4231.843	260.4085	2.134226	0.4953645	0.617053	0.382947	1.048869
58506	-3982.388	-4242.525	260.137	2.055508	0.60689	0.750331	0.249669	1.208607
58512	-3977.088	-4237.468	260.3799	2.037198	0.4485896	0.765074	0.234926	1.232712
58518	-3991.411	-4251.85	260.4389	2.071409	0.5095256	0.77733	0.22267	1.057504
58524	-3988.517	-4248.677	260.1595	2.072791	0.5454203	0.674377	0.325623	1.252612
58530	-3984.479	-4244.64	260.1608	2.017606	0.5808219	0.655105	0.344895	1.252612
58536	-3992.231	-4252.365	260.1344	1.962953	0.5473883	0.622019	0.377981	1.359449
58542	-3986.906	-4247.328	260.4216	1.99369	0.4498247	0.622437	0.377563	1.232376
58548	-3987.48	-4247.905	260.4252	1.980984	0.4958248	0.748386	0.251614	1.172483
58554	-3976.718	-4236.988	260.2698	2.01018	0.4781572	0.748386	0.251614	1.303399
58560	-3984.627	-4244.979	260.3521	2.027572	0.484294	0.68044	0.31956	1.211924
58566	-3975.171	-4235.344	260.1724	2.027572	0.5252264	0.60969	0.39031	1.305237
58572	-3977.415	-4237.73	260.3146	2.027572	0.5559792	0.771211	0.228789	1.144255
58578	-3976.263	-4236.507	260.2431	2.08956	0.5621898	0.678594	0.321406	1.144255
58584	-3983.838	-4244.308	260.47	2.102101	0.4924038	0.616456	0.383544	1.025284
58590	-3993.421	-4253.775	260.3541	2.112456	0.5402466	0.755727	0.244273	1.052486
58596	-3978.953	-4239.283	260.3296	2.112456	0.5402466	0.706092	0.293908	1.075567
58602	-3986.05	-4246.515	260.4655	2.076504	0.471353	0.672516	0.327484	1.087835
58608	-3986.249	-4246.625	260.3758	2.075149	0.5262461	0.70723	0.29277	1.087897
58614	-3981.605	-4241.734	260.1281	1.942023	0.6118331	0.70723	0.29277	1.304326
58620	-3988.314	-4248.55	260.2354	1.942023	0.4466987	0.573896	0.426104	1.427659
58626	-3984.772	-4244.781	260.0096	1.87702	0.5567179	0.608427	0.391573	1.510211
58632	-3975.343	-4235.334	259.9902	1.87702	0.5567179	0.723021	0.276979	1.524685
58638	-3970.549	-4230.617	260.0677	1.921945	0.5169946	0.723021	0.276979	1.479786
58644	-3980.831	-4240.917	260.0867	1.790985	0.5186186	0.678276	0.321724	1.561282
58650	-3990.076	-4250.287	260.2116	1.860182	0.5050663	0.738922	0.261078	1.432012
58656	-3989.796	-4250.02	260.2244	2.011552	0.5050663	0.738922	0.261078	1.302603
58662	-3996.189	-4256.531	260.3426	2.011552	0.529528	0.754341	0.245659	1.170097
58668	-3992.301	-4252.552	260.2506	1.988051	0.4845822	0.726116	0.273884	1.327945
58674	-3986.716	-4246.993	260.277	1.973212	0.4676221	0.773377	0.226623	1.341897
58680	-4008.884	-4268.758	259.8741	1.883515	0.4975414	0.690579	0.309421	1.673117
58686	-3991.87	-4251.864	259.9931	1.882095	0.4944578	0.636505	0.363495	1.592058
58692	-3996.395	-4256.294	259.8996	1.890103	0.5737709	0.760018	0.239982	1.562894
58698	-3994.022	-4254.01	259.9884	1.941757	0.4854671	0.652055	0.347945	1.562894
58704	-3972.366	-4232.395	260.0285	1.900669	0.5198664	0.645626	0.354374	1.521637
58710	-3985.975	-4245.987	260.012	1.920721	0.5139529	0.614084	0.385916	1.526114
58716	-3982.937	-4243.068	260.1318	1.943332	0.4513828	0.708867	0.291133	1.49905
58722	-3989.802	-4249.601	259.7981	1.938852	0.6044198	0.684184	0.315816	1.568451
58728	-3993.932	-4253.82	259.8888	1.954124	0.5342656	0.674063	0.325937	1.568451
58734	-3984.74	-4244.824	260.0838	1.954124	0.5482885	0.674063	0.325937	1.404957
58740	-3984.632	-4244.662	260.0304	1.939794	0.5482885	0.652933	0.347067	1.457036
58746	-3976.751	-4236.79	260.0385	1.950278	0.5813574	0.670107	0.329893	1.404128
58752	-3980.103	-4240.173	260.0699	1.985187	0.5379624	0.731129	0.268871	1.404128
58758	-3975.291	-4235.366	260.0751	2.068022	0.6244438	0.759776	0.240224	1.229219
58764	-3986.948	-4247.025	260.0762	2.068022	0.5825518	0.745432	0.254568	1.278749
58770	-3988.296	-4248.362	260.0664	2.038288	0.6008525	0.626686	0.373314	1.289146
58776	-3994.537	-4254.809	260.2713	2.040109	0.4700053	0.793712	0.206288	1.289146
58782	-4002.072	-4262.335	260.2633	2.002543	0.5614051	0.562463	0.437537	1.203538
58788	-3982.267	-4242.465	260.198	2.029683	0.5790255	0.675879	0.324121	1.21346
58794	-3984.359	-4244.459	260.1001	2.110021	0.6373891	0.730968	0.269032	1.155847
58800	-3985.483	-4245.739	260.2566	2.110021	0.5319311	0.701729	0.298271	1.155847
58806	-3980.8	-4241.162	260.3622	2.026368	0.5181664	0.778597	0.221403	1.155847
58812	-3984.251	-4244.589	260.3383	2.120256	0.5181664	0.68306	0.31694	1.092854
58818	-3980.95	-4241.286	260.3359	2.123771	0.5181664	0.675415	0.324585	1.091778
58824	-3989.346	-4249.682	260.3359	2.123771	0.5181664	0.729057	0.270943	1.091778
58830	-4000.127	-4260.634	260.5069	2.123771	0.4194824	0.706772	0.293228	1.091778
58836	-3984.869	-4245.048	260.1797	2.009237	0.540784	0.632334	0.367666	1.294224
58842	-3976.136	-4236.386	260.2503	2.009237	0.5458281	0.611401	0.388599	1.229221
58848	-3984.054	-4244.594	260.5399	2.009622	0.4681991	0.698873	0.301127	1.085833
58854	-3990.868	-4251.305	260.437	2.01441	0.5081673	0.748377	0.251623	1.114229
58860	-3996.025	-4256.635	260.6105	1.972271	0.4321245	0.725423	0.274577	1.114229
58866	-3988.568	-4249.036	260.4679	2.185928	0.4812847	0.727012	0.272988	0.9618938
58872	-3981.089	-4241.533	260.4431	2.185928	0.5251456	0.70256	0.29744	0.9109894
58878	-3987.984	-4248.557	260.5725	2.177008	0.4422336	0.712184	0.287816	0.9328527
58884	-3999.592	-4259.942	260.3495	2.177008	0.5847326	0.664238	0.335762	0.9229735
58890	-4004.644	-4265.177	260.5327	2.230468	0.4327963	0.622142	0.377858	0.936543
58896	-3994.681	-4255.09	260.4083	2.253211	0.4945896	0.671024	0.328976	0.9300165
58902	-4008.891	-4269.207	260.3165	2.204704	0.5437168	0.654827	0.345173	0.9936557
58908	-3998.662	-4259.08	260.4178	2.110175	0.5001954	0.658741	0.341259	1.055361
58914	-4001.545	-4261.796	260.2512	2.110175	0.5270881	0.719218	0.280782	1.167135
58920	-3991.442	-4251.561	260.1185	2.106874	0.6388494	0.600064	0.399936	1.14058
58926	-3994.9	-4255.053	260.1535	2.106874	0.5222361	0.676811	0.323189	1.259648
58932	-3998.359	-4258.545	260.1864	2.104975	0.4720772	0.676811	0.323189	1.30262
58938	-3995.303	-4255.492	260.1886	1.977959	0.5485217	0.650438	0.349562	1.30262
58944	-4010.878	-4271.311	260.4336	1.990555	0.3952541	0.542032	0.457968	1.308692
58950	-4009.182	-4269.684	260.5014	1.990555	0.4490167	0.663053	0.336947	1.167918
58956	-4008.503	-4268.736	260.2326	2.058069	0.4960385	0.663053	0.336947	1.270033
58962	-3994.253	-4254.192	259.9387	1.980527	0.6046789	0.673059	0.326941	1.431469
58968	-3975.918	-4236.058	260.1396	1.901338	0.4944544	0.722871	0.277129	1.468928
58974	-3982.391	-4242.437	260.0466	1.865817	0.4904099	0.698379	0.301621	1.569758
58980	-3980.776	-4240.75	259.9738	1.966438	0.5665876	0.66653	0.33347	1.458494
58986	-3977.983	-4238.117	260.134	1.900105	0.5463637	0.741065	0.258935	1.410207
58992	-3999.745	-4259.95	260.2046	1.932676	0.5618286	0.626691	0.373309	1.309825
58998	-3997.484	-4257.502	260.0179	1.798389	0.4544448	0.711598	0.288402	1.683874
59004	-3987.162	-4247.124	259.9621	1.87	0.5228429	0.740141	0.259859	1.589636
59010	-3991.822	-4251.661	259.8386	1.905137	0.6031617	0.710686	0.289314	1.564859
59016	-3987.76	-4247.938	260.1778	1.905137	0.5175169	0.644801	0.355199	1.407775
59022	-3993.632	-4253.782	260.1492	1.954531	0.6119183	0.701202	0.298798	1.276821
59028	-3986.798	-4246.858	260.06	1.9964	0.6172538	0.644464	0.355536	1.309175
59034	-3985.953	-4246.052	260.0991	2.019392	0.5748065	0.779205	0.220795	1.309175
59040	-4002.281	-4262.474	260.193	1.968283	0.4986345	0.661193	0.338807	1.370699
59046	-3988.776	-4249.122	260.3458	1.962958	0.527265	0.693412	0.306588	1.212267
59052	-3992.813	-4253.026	260.2124	2.013315	0.527265	0.665407	0.334593	1.281598
59058	-3984.408	-4244.711	260.3029	2.013315	0.4981047	0.766079	0.233921	1.245943
59064	-3981.314	-4241.636	260.3218	2.050361	0.5365263	0.755006	0.244994	1.144508
59070	-3987.25	-4247.517	260.2667	2.186377	0.590994	0.63557	0.36443	0.9902371
59076	-3985.464	-4245.737	260.2723	2.186377	0.5576826	0.675529	0.324471	1.034114
59082	-3975.6	-4235.961	260.3613	2.186377	0.52532	0.717227	0.282773	0.9962389
59088	-3974.652	-4234.822	260.1705	2.063803	0.5675926	0.568224	0.431776	1.222345
59094	-3990.277	-4250.749	260.4711	1.956035	0.4424336	0.624087	0.375913	1.233532
59100	-3989.655	-4249.86	260.2046	1.990953	0.5846409	0.746829	0.253171	1.233532
59106	-4000.252	-4260.576	260.3242	1.979607	0.4438151	0.746829	0.253171	1.332574
59112	-3986.534	-4246.83	260.2959	1.90903	0.5313267	0.721176	0.278824	1.293318
59118	-3970.166	-4230.625	260.4588	1.930236	0.4844202	0.681151	0.318849	1.203752
59124	-3967.91	-4227.99	260.0795	1.907542	0.5382037	0.768652	0.231348	1.456119
59130	-3975.962	-4236.105	260.1435	1.907542	0.5799591	0.789727	0.210273	1.356969
59136	-3982.735	-4243.137	260.4017	2.085534	0.5172863	0.696588	0.303412	1.067399
59142	-3974.635	-4234.859	260.2244	2.085534	0.61453	0.719509	0.280491	1.095122
59148	-3987.032	-4247.303	260.2704	2.143617	0.5447173	0.752935	0.247065	1.095122
59154	-3994.469	-4254.808	260.3398	2.04092	0.5394312	0.660245	0.339755	1.132802
59160	-3978.31	-4238.589	260.2792	2.073663	0.5279962	0.733782	0.266218	1.173343
59166	-3962.652	-4222.85	260.1979	1.975199	0.4876365	0.710602	0.289398	1.375871
59172	-3984.042	-4243.995	259.9526	2.015211	0.573725	0.741756	0.258244	1.429115
59178	-3987.606	-4247.719	260.1129	2.012572	0.6011685	0.708827	0.291173	1.271666
59184	-3992.029	-4252.322	260.2926	1.989293	0.5070823	0.693224	0.306776	1.262165
59190	-3985.44	-4245.585	260.1448	2.028385	0.5320519	0.695725	0.304275	1.318176
59196	-3989.752	-4249.993	260.2407	2.028385	0.4738303	0.589838	0.410162	1.318176
59202	-3993.098	-4253.332	260.2332	1.98467	0.5177288	0.717921	0.282079	1.30053
59208	-3988.178	-4248.45	260.2722	2.083309	0.5711124	0.760118	0.239882	1.111619
59214	-3996.49	-4256.737	260.2466	2.083309	0.5711124	0.671219	0.328781	1.134691
59220	-3989.342	-4249.54	260.1983	2.082468	0.5685632	0.669808	0.330192	1.181351
59226	-3983.017	-4243.321	260.3038	2.082468	0.5395328	0.683708	0.316292	1.127644
59232	-3990.485	-4250.705	260.2207	2.017808	0.5825914	0.638149	0.361851	1.199666
59238	-3990.963	-4251.676	260.713	2.03843	0.3764988	0.761229	0.238771	1.056638
59244	-3990.671	-4251.114	260.4422	2.044728	0.4379467	0.634731	0.365269	1.189557
59250	-3990.932	-4251.201	260.2688	2.044728	0.5366959	0.779534	0.220466	1.195439
59256	-3991.545	-4251.751	260.2063	2.001319	0.5447832	0.668873	0.331127	1.273871
59262	-3995.557	-4255.518	259.9608	2.004949	0.6271954	0.584852	0.415148	1.370267
59268	-3990.749	-4250.731	259.9817	1.869789	0.5356693	0.715795	0.284205	1.560536
59274	-3994.439	-4254.804	260.3647	1.836524	0.4347765	0.657248	0.342752	1.425897
59280	-3994.033	-4254.225	260.1913	1.996204	0.5225123	0.6709	0.3291	1.318877
59286	-3982.176	-4242.402	260.2253	1.996204	0.5225123	0.688605	0.311395	1.291305
59292	-3985.051	-4245.387	260.3353	2.056398	0.4352123	0.688605	0.311395	1.273877
59298	-3994.272	-4254.375	260.1033	1.92246	0.5815534	0.622665	0.377335	1.374992
59304	-3987.64	-4247.819	260.1781	1.933266	0.5259455	0.632331	0.367669	1.374992
59310	-3984.311	-4244.565	260.2549	2.039056	0.4496074	0.627283	0.372717	1.332154
59316	-3979.078	-4239.474	260.3964	2.009682	0.486315	0.747004	0.252996	1.186354
59322	-3980.099	-4240.273	260.1745	2.020426	0.477104	0.586447	0.413553	1.372716
59328	-3990.924	-4251.015	260.0916	2.121653	0.62047	0.62543	0.37457	1.173934
59334	-3983.094	-4243.095	260.0006	2.15769	0.6964616	0.701788	0.298212	1.131152
59340	-3969.662	-4230.009	260.3462	2.118359	0.4507984	0.701441	0.298559	1.188954
59346	-4002.616	-4262.714	260.0972	2.010907	0.5636557	0.725613	0.274387	1.331055
59352	-3978.779	-4238.905	260.1256	2.010907	0.5451886	0.695913	0.304087	1.331055
59358	-3977.095	-4237.264	260.1691	2.010907	0.4753247	0.625034	0.374966	1.3868
59364	-3977.318	-4237.646	260.3288	2.067936	0.4753247	0.625034	0.374966	1.210463
59370	-3986.28	-4246.641	260.3606	2.095796	0.5120554	0.725241	0.274759	1.10389
59376	-3980.753	-4240.914	260.1609	2.048233	0.5818142	0.712866	0.287134	1.225616
59382	-3992.159	-4252.446	260.2876	2.039989	0.5058713	0.662619	0.337381	1.225616
59388	-3988.761	-4249.057	260.2958	2.052421	0.5058713	0.639707	0.360293	1.208138
59394	-3982.05	-4242.233	260.1835	2.052421	0.5494618	0.709541	0.290459	1.244334
59400	-3980.015	-4240.325	260.3101	2.034042	0.4904312	0.731745	0.268255	1.233279
59406	-3989.73	-4250.097	260.367	2.137765	0.4625126	0.716574	0.283426	1.135573
59412	-3991.675	-4251.914	260.2396	2.146006	0.5343785	0.718123	0.281877	1.135573
59418	-3994.569	-4254.767	260.1979	2.208359	0.5702252	0.681648	0.318352	1.065927
59424	-3975.302	-4235.767	260.465	2.20746	0.438801	0.681648	0.318352	1.018316
59430	-3989.059	-4249.321	260.2617	2.222094	0.6241544	0.643215	0.356785	0.9072058
59436	-4002.798	-4263.027	260.2298	2.222094	0.5526234	0.740634	0.259366	1.048118
59442	-4007.127	-4267.149	260.0218	2.201953	0.6962191	0.69065	0.30935	1.071466
59448	-3997.704	-4258.091	260.387	2.12033	0.4775189	0.69065	0.30935	1.109943
59454	-3995.673	-4256.083	260.4106	2.155452	0.4619594	0.665245	0.334755	1.080568
59460	-3988.366	-4248.77	260.4041	2.043422	0.4683835	0.733547	0.266453	1.176991
59466	-3977.903	-4238.126	260.2232	1.998426	0.5140535	0.683258	0.316742	1.302277
59472	-3996.35	-4256.68	260.3298	1.998426	0.4512288	0.63981	0.36019	1.302277
59478	-4004.02	-4264.289	260.2691	1.943825	0.5009451	0.570289	0.429711	1.326645
59484	-4002.885	-4263.067	260.1816	1.953176	0.3928981	0.682164	0.317836	1.535669
59490	-3992.488	-4252.62	260.1318	1.89084	0.491048	0.654575	0.345425	1.487052
59496	-3990.388	-4250.358	259.9701	1.754577	0.4718445	0.657728	0.342272	1.72724
59502	-4012.077	-4271.886	259.8091	1.813053	0.5340302	0.657223	0.342777	1.72724
59508	-4002.347	-4262.267	259.9202	1.753888	0.5018324	0.754309	0.245691	1.72724
59514	-3995.183	-4255.348	260.165	1.924558	0.5549495	0.593876	0.406124	1.356386
59520	-3988.186	-4248.285	260.0987	1.974419	0.5549495	0.644167	0.355833	1.369366
59526	-3984.077	-4244.161	260.0847	1.974419	0.6431488	0.634887	0.365113	1.277354
59532	-3986.052	-4246.432	260.3797	1.959857	0.4620898	0.689374	0.310626	1.277354
59538	-4002.702	-4262.993	260.2915	2.024557	0.4289662	0.742725	0.257275	1.34431
59544	-3996.862	-4257.06	260.1983	1.976149	0.4627977	0.687292	0.312708	1.408028
59550	-3998.529	-4258.871	260.3415	2.024026	0.4861853	0.660249	0.339751	1.221269
59556	-3996.548	-4256.761	260.213	2.057271	0.5080583	0.668112	0.331888	1.270457
59562	-3990.438	-4250.737	260.2992	2.127686	0.5122532	0.667608	0.332392	1.130279
59568	-3990.351	-4250.735	260.3835	2.103901	0.5189983	0.685242	0.314758	1.064652
59574	-4002.625	-4263.031	260.4065	2.249808	0.5189983	0.685242	0.314758	0.8914585
59580	-4002.935	-4263.446	260.5106	2.24163	0.4572726	0.685242	0.314758	0.9004071
59586	-3996.797	-4257.371	260.5749	2.24163	0.4255863	0.647411	0.352589	0.89233
59592	-3998.393	-4258.96	260.5663	2.250172	0.4255863	0.647411	0.352589	0.89233
59598	-4002.574	-4262.876	260.3013	2.195537	0.5978365	0.766923	0.233077	0.9343068
59604	-4001.072	-4261.618	260.5459	2.154008	0.4213834	0.735243	0.264757	1.022652
59610	-3988.469	-4248.868	260.3994	2.114413	0.5290503	0.644671	0.355329	1.023903
59616	-3990.42	-4250.71	260.2898	2.333851	0.5290503	0.717022	0.282978	0.9100531
59622	-3999.774	-4260.22	260.4462	2.281353	0.4418881	0.717022	0.282978	0.9568484
59628	-3977.625	-4238.121	260.4958	2.16887	0.4896471	0.69201	0.30799	0.9354691
59634	-3973.414	-4233.835	260.4207	2.211985	0.508985	0.731381	0.268619	0.9354691
59640	-3980.711	-4241.197	260.4862	2.232598	0.4706848	0.666461	0.333539	0.9116741
59646	-3997.88	-4258.352	260.4716	2.232598	0.5240265	0.625952	0.374048	0.8242815
59652	-4000.284	-4260.762	260.4777	2.104818	0.5240441	0.603811	0.396189	0.9627712
59658	-3991.538	-4252.035	260.4969	2.209479	0.4620486	0.566649	0.433351	0.941356
59664	-3979.327	-4239.775	260.4478	2.190818	0.4620486	0.739904	0.260096	1.010892
59670	-3991.5	-4251.961	260.4613	2.190818	0.4620486	0.73614	0.26386	0.9974537
59676	-3992.425	-4252.804	260.3793	2.123528	0.5215152	0.662451	0.337549	1.046151
59682	-3998.885	-4259.151	260.2664	2.058814	0.5535451	0.593571	0.406429	1.16251
59688	-4004.951	-4265.392	260.4409	2.058814	0.414442	0.727558	0.272442	1.21572
59694	-4012.613	-4272.625	260.0123	1.750056	0.4048934	0.706775	0.293225	1.78573
59700	-4010.502	-4270.574	260.0719	1.86598	0.4802263	0.670974	0.329026	1.563693
59706	-4016.23	-4276.039	259.8082	1.955547	0.6168707	0.670974	0.329026	1.535525
59712	-3993.608	-4253.676	260.0678	1.955547	0.4924534	0.586312	0.413688	1.484788
59718	-3993.788	-4253.942	260.1542	1.969219	0.4924534	0.612649	0.387351	1.408303
59724	-3991.212	-4251.374	260.1622	1.962089	0.5076395	0.646961	0.353039	1.388118
59730	-3996.363	-4256.465	260.1016	1.855902	0.4851041	0.67374	0.32626	1.54318
59736	-3996.186	-4256.083	259.8968	1.893901	0.4718485	0.732987	0.267013	1.680446
59742	-3993.01	-4252.752	259.7415	1.711341	0.4350144	0.773772	0.226228	1.958606
59748	-3982.222	-4242.155	259.9325	1.734736	0.4504453	0.623042	0.376958	1.793475
59754	-3997.294	-4257.039	259.7453	1.74825	0.4408888	0.698793	0.301207	1.92402
59760	-3993.034	-4252.466	259.4325	1.732075	0.5873583	0.667385	0.332615	1.984816
59766	-4010.867	-4270.379	259.5122	1.681398	0.4279917	0.652161	0.347839	2.138592
59772	-4003.281	-4262.588	259.307	1.657332	0.5909246	0.624035	0.375965	2.113847
59778	-3998.409	-4258.084	259.6752	1.751099	0.445099	0.766704	0.233296	1.964168
59784	-3991.225	-4251.335	260.1104	1.860177	0.4682121	0.748717	0.251283	1.554801
59790	-3989.417	-4249.607	260.1903	1.866997	0.5170023	0.724857	0.275143	1.428241
59796	-3998.04	-4257.946	259.9055	1.996634	0.5204738	0.660215	0.339785	1.540995
59802	-3994.553	-4254.746	260.193	2.025162	0.4946321	0.655004	0.344996	1.330829
59808	-3987.355	-4247.584	260.2291	2.017827	0.4775628	0.673849	0.326151	1.330829
59814	-4009.466	-4269.876	260.4103	2.042587	0.4567121	0.738611	0.261389	1.189982
59820	-4005.882	-4266.317	260.4349	2.028279	0.4726564	0.663243	0.336757	1.156894
59826	-3988.375	-4248.849	260.4736	1.987731	0.3710188	0.663243	0.336757	1.317508
59832	-3988.113	-4248.084	259.971	2.000482	0.5470147	0.59327	0.40673	1.457494
59838	-3986.907	-4247.236	260.3286	1.926431	0.3675763	0.768564	0.231436	1.483488
59844	-4005.316	-4265.317	260.0005	1.87098	0.4841609	0.821637	0.178363	1.607333
59850	-3994.976	-4254.784	259.8081	1.87098	0.4841609	0.744251	0.255749	1.744447
59856	-4012.362	-4272.53	260.1683	1.957335	0.3991184	0.706912	0.293088	1.533446
59862	-3991.377	-4251.176	259.7988	1.863097	0.5549729	0.67386	0.32614	1.67604
59868	-3993.74	-4253.878	260.1377	1.922542	0.454475	0.67386	0.32614	1.506072
59874	-3986.692	-4246.805	260.1136	1.890092	0.4872953	0.657963	0.342037	1.506072
59880	-3988.892	-4249.016	260.1233	1.810144	0.4158233	0.750076	0.249924	1.65039
59886	-3988.437	-4248.555	260.1179	1.844806	0.5559292	0.645689	0.354311	1.453708
59892	-3982.807	-4242.68	259.8726	1.844806	0.5311151	0.681956	0.318044	1.662932
59898	-3997.094	-4256.95	259.8556	1.823741	0.5017015	0.67714	0.32286	1.723714
59904	-3997.948	-4257.625	259.6764	1.803626	0.5596844	0.67714	0.32286	1.798665
59910	-3998.4	-4258.593	260.1934	1.786774	0.4685737	0.782719	0.217281	1.547277
59916	-3990.639	-4250.649	260.0105	1.864318	0.530125	0.723751	0.276249	1.549808
59922	-3986.895	-4246.622	259.7274	1.805053	0.4848314	0.723751	0.276249	1.845325
59928	-3985.346	-4245.313	259.9669	1.769501	0.4448968	0.575234	0.424766	1.752225
59934	-3995.555	-4255.495	259.9399	1.858413	0.5780514	0.701622	0.298378	1.551816
59940	-4006.134	-4266.382	260.2478	1.917762	0.4693009	0.742353	0.257647	1.406107
59946	-3994.963	-4255.159	260.1956	1.945308	0.4800548	0.656573	0.343427	1.410922
59952	-3996.919	-4257.353	260.4334	2.000898	0.4595524	0.699713	0.300287	1.201662
59958	-3982.586	-4242.657	260.0713	1.853294	0.4595524	0.692873	0.307127	1.599532
59964	-3986.155	-4246.29	260.1353	1.898764	0.4451117	0.740151	0.259849	1.537951
59970	-3982.444	-4242.495	260.0506	1.850785	0.5234917	0.740151	0.259849	1.537951
59976	-3981.373	-4241.409	260.0361	1.850785	0.5234917	0.740151	0.259849	1.548725
59982	-3987.448	-4247.637	260.189	1.944299	0.4478349	0.750187	0.249813	1.459855
59988	-3983.355	-4243.567	260.2115	1.931636	0.4423174	0.674153	0.325847	1.459855
59994	-3981.166	-4241.338	260.1722	1.922489	0.5440026	0.732384	0.267616	1.365727
60000	-3975.981	-4236.465	260.4838	2.039002	0.3832068	0.652344	0.347656	1.247116
60006	-3978.558	-4238.869	260.3108	1.976969	0.5059268	0.652344	0.347656	1.258941
60012	-3981.271	-4241.418	260.1471	1.996294	0.5059268	0.652344	0.347656	1.375302
60018	-3979.079	-4239.507	260.4283	1.978818	0.4195752	0.652344	0.347656	1.284893
60024	-3981.011	-4241.252	260.2403	1.928908	0.4658144	0.660623	0.339377	1.40802
60030	-3997.22	-4257.193	259.9733	1.942014	0.5080944	0.671595	0.328405	1.546137
60036	-3976.596	-4236.649	260.053	1.948791	0.5059954	0.684724	0.315276	1.484152
60042	-3979.831	-4239.917	260.0864	1.901768	0.4256397	0.739359	0.260641	1.597707
60048	-3979.391	-4239.578	260.1877	1.901768	0.4513908	0.621059	0.378941	1.488238
60054	-3973.132	-4233.133	260.0008	2.021014	0.4906177	0.686946	0.313054	1.488238
60060	-3980.326	-4240.706	260.3799	1.985052	0.4855889	0.637577	0.362423	1.222569
60066	-3981.377	-4241.743	260.3659	1.984272	0.428194	0.705782	0.294218	1.31817
60072	-3984.641	-4244.739	260.0984	2.039093	0.5896673	0.698573	0.301427	1.275672
60078	-3971.764	-4232.02	260.2557	2.072875	0.5370427	0.6562	0.3438	1.181961
60084	-3988.024	-4248.421	260.3966	1.99257	0.4994899	0.703829	0.296171	1.181961
60090	-3978.802	-4239.172	260.3694	1.99257	0.4956243	0.720936	0.279064	1.210876
60096	-3981.187	-4241.486	260.2994	2.022316	0.517236	0.689557	0.310443	1.215008
60102	-3989.444	-4250.009	260.5647	2.108598	0.4006381	0.648496	0.351504	1.085393
60108	-3994.752	-4255.213	260.4609	1.998845	0.5006674	0.68833	0.31167	1.117843
60114	-3988.265	-4248.58	260.3154	2.00372	0.5285102	0.751786	0.248214	1.201808
60120	-3989.125	-4249.458	260.3333	2.00372	0.5173215	0.672409	0.327591	1.201808
60126	-3984.671	-4244.995	260.3247	2.199014	0.5731964	0.750331	0.249669	0.9444912
60132	-3981.839	-4242.345	260.5058	2.114938	0.4555796	0.701989	0.298011	1.039462
60138	-3998.052	-4258.512	260.46	2.114938	0.4820246	0.758596	0.241404	1.039462
60144	-3996.832	-4257.154	260.3223	2.156721	0.4820246	0.78915	0.21085	1.128579
60150	-3990.001	-4250.323	260.3219	2.156721	0.528248	0.71932	0.28068	1.058943
60156	-3981.438	-4241.708	260.2697	2.098282	0.5186121	0.684719	0.315281	1.173263
60162	-3987.048	-4247.553	260.5048	2.098282	0.385915	0.666951	0.333049	1.174164
60168	-3982.384	-4242.579	260.1946	1.993877	0.4829023	0.652626	0.347374	1.370015
60174	-3977.424	-4237.803	260.3785	2.038966	0.4726805	0.739868	0.260132	1.196548
60180	-3986.22	-4246.629	260.4084	2.038966	0.4699069	0.67491	0.32509	1.174848
60186	-3995.909	-4256.383	260.4739	2.048739	0.4094992	0.584803	0.415197	1.204178
60192	-4001.506	-4261.817	260.3113	2.023132	0.5181435	0.720641	0.279359	1.202904
60198	-3987.847	-4248.185	260.3375	2.069671	0.5465542	0.674329	0.325671	1.098723
60204	-3983.362	-4243.836	260.4745	2.039111	0.4114613	0.607196	0.392804	1.20866
60210	-3984.293	-4244.788	260.4952	2.020382	0.4114613	0.607196	0.392804	1.20705
60216	-3976.231	-4236.587	260.3562	1.965432	0.5091609	0.568167	0.431833	1.226107
60222	-3977.728	-4238.081	260.3531	2.039131	0.5091609	0.767883	0.232117	1.165461
60228	-4003.72	-4264.099	260.3789	2.04851	0.4367877	0.747538	0.252462	1.241906
60234	-4009.844	-4270.079	260.2353	2.04851	0.5861326	0.674877	0.325123	1.155743
60240	-3994.051	-4254.614	260.5634	2.104252	0.4505867	0.642016	0.357984	1.002089
60246	-3998.754	-4259.386	260.6319	2.171731	0.3872266	0.764279	0.235721	0.9845048
60252	-3998.006	-4258.537	260.5306	2.16746	0.4699347	0.624213	0.375787	0.9356448
60258	-4000.926	-4261.54	260.6137	2.16746	0.421919	0.760454	0.239546	0.9387469
60264	-3986.186	-4246.823	260.6375	2.16746	0.4211463	0.756488	0.243512	0.9144546
60270	-3984.636	-4245.305	260.6694	2.073491	0.3855353	0.773979	0.226021	1.047561
60276	-3986.661	-4247.153	260.4919	2.131577	0.4509534	0.604389	0.395611	1.044688
60282	-3978.413	-4238.951	260.5385	2.131577	0.4289272	0.604389	0.395611	1.038142
60288	-3995.672	-4256.091	260.4193	2.062397	0.4786926	0.697799	0.302201	1.13126
60294	-3988.876	-4249.313	260.4369	2.093583	0.4506274	0.659338	0.340662	1.13126
60300	-3988.53	-4248.949	260.4187	2.093583	0.4672882	0.760587	0.239413	1.12133
60306	-3990.281	-4250.614	260.3327	2.10439	0.4561897	0.739846	0.260154	1.204335
60312	-3972.779	-4233.052	260.2726	1.991806	0.5294655	0.752399	0.247601	1.246771
60318	-3981.502	-4241.81	260.3087	1.991806	0.4575494	0.724477	0.275523	1.315658
60324	-3976.859	-4237.172	260.3125	1.973244	0.4338525	0.652158	0.347842	1.361259
60330	-3967.577	-4227.774	260.1969	1.879311	0.5107664	0.657931	0.342069	1.421458
60336	-3976.627	-4236.81	260.1831	1.911872	0.5087113	0.718403	0.281597	1.409527
60342	-3977.342	-4237.587	260.2448	1.927139	0.4560562	0.640251	0.359749	1.419087
60348	-3990.712	-4251.109	260.3974	1.915072	0.4058705	0.661626	0.338374	1.381327
60354	-3986.074	-4246.165	260.091	1.85216	0.47278	0.638161	0.361839	1.569167
60360	-3998.074	-4257.885	259.8109	1.85216	0.5843962	0.716982	0.283018	1.643408
60366	-3988.881	-4248.661	259.78	1.745982	0.4474908	0.681451	0.318549	1.894015
60372	-3980.646	-4240.663	260.0167	1.821836	0.4216217	0.669481	0.330519	1.710268
60378	-3980.511	-4240.745	260.2335	1.732731	0.3960756	0.700036	0.299964	1.653947
60384	-3987.772	-4247.605	259.8332	1.667325	0.4272361	0.713856	0.286144	1.936056
60390	-3977.678	-4237.514	259.8359	1.704175	0.4272361	0.604429	0.395571	1.909362
60396	-3994.725	-4254.927	260.2017	1.704175	0.4292848	0.769987	0.230013	1.652276
60402	-3998.832	-4259.122	260.2898	1.918288	0.4403955	0.632196	0.367804	1.412745
60408	-3991.078	-4251.341	260.2628	2.022445	0.4789448	0.632196	0.367804	1.298036
60414	-4012.666	-4273.089	260.4232	2.242564	0.5032731	0.648682	0.351318	0.9095242
60420	-4009.846	-4270.273	260.4276	2.214664	0.5171665	0.806855	0.193145	0.9104969
60426	-4013.724	-4274.209	260.4851	2.305797	0.4589029	0.582329	0.417671	0.8520087
60432	-3992.706	-4253.165	260.4592	2.160644	0.4485549	0.585735	0.414265	1.05221
60438	-3990.968	-4251.537	260.5691	2.160644	0.3897639	0.735975	0.264025	1.05221
60444	-3982.283	-4242.726	260.4426	2.214336	0.4641516	0.682777	0.317223	0.988934
60450	-4004.092	-4264.637	260.5449	2.169963	0.4522	0.725792	0.274208	0.9508166
60456	-3992.986	-4253.353	260.3668	2.281102	0.5654657	0.646142	0.353858	0.8136989
60462	-3993.12	-4253.679	260.559	2.343693	0.4372699	0.67738	0.32262	0.7549376
60468	-3995.589	-4255.965	260.3754	2.343693	0.5114516	0.67162	0.32838	0.831127
60474	-4006.828	-4267.215	260.3878	2.037569	0.4824993	0.652338	0.347662	1.175254
60480	-3999.945	-4260.287	260.3421	2.087291	0.4822738	0.763892	0.236108	1.17205
60486	-3990.166	-4250.556	260.3891	2.058475	0.4555839	0.569456	0.430544	1.196241
60492	-4012.219	-4272.381	260.1613	2.149511	0.5794263	0.843078	0.156922	1.140598
60498	-4002.234	-4262.621	260.3868	2.149511	0.5054603	0.552766	0.447234	1.039089
60504	-4010.364	-4270.837	260.4729	2.054842	0.4940191	0.579669	0.420331	1.065272
60510	-3996.568	-4257.065	260.4975	2.165805	0.5154309	0.682797	0.317203	0.8899698
60516	-3987.957	-4248.422	260.4651	2.165805	0.5142169	0.760001	0.239999	0.9282496
60522	-3981.236	-4241.664	260.4276	2.206573	0.4765524	0.68451	0.31549	0.9902695
60528	-3984.877	-4245.328	260.451	2.159265	0.4742403	0.595792	0.404208	1.018041
60534	-3988.099	-4248.523	260.4244	2.211508	0.4948456	0.71978	0.28022	0.9567869
60540	-3997.213	-4257.484	260.2714	2.235891	0.6045353	0.715434	0.284566	0.9122347
60546	-3986.404	-4246.906	260.5019	2.233045	0.5038629	0.736038	0.263962	0.8267742
60552	-3987.2	-4247.487	260.2871	2.349024	0.5597662	0.690382	0.309618	0.8396318
60558	-3993.553	-4253.804	260.251	2.413792	0.5932691	0.801366	0.198634	0.7308495
60564	-3989.327	-4249.583	260.2559	2.413792	0.589947	0.723018	0.276982	0.7308495
60570	-3989.537	-4249.879	260.3417	2.369359	0.5397721	0.683143	0.316857	0.7822384
60576	-3999.107	-4259.474	260.3678	2.369359	0.5357871	0.699462	0.300538	0.7537658
60582	-3996.028	-4256.564	260.5361	2.384156	0.4176204	0.744852	0.255148	0.7815928
60588	-3988.028	-4248.309	260.2812	2.274113	0.622448	0.713576	0.286424	0.8254275
60594	-3992.759	-4253.1	260.341	2.343804	0.551577	0.776667	0.223333	0.7930278
60600	-3994.018	-4254.341	260.3232	2.122773	0.549008	0.769626	0.230374	1.059029
60606	-3987.911	-4248.266	260.3556	2.122773	0.5392807	0.803677	0.196323	1.042588
60612	-3995.804	-4256.125	260.3216	2.100365	0.5458637	0.689422	0.310578	1.086096
60618	-3995.349	-4255.777	260.4272	2.026366	0.5258402	0.733606	0.266394	1.086096
60624	-3989.429	-4249.883	260.4539	2.053865	0.4726589	0.650889	0.349111	1.117067
60630	-3995.766	-4256.418	260.6517	2.04879	0.4531637	0.634223	0.365777	0.9640388
60636	-3986.874	-4247.183	260.3097	2.02192	0.5263506	0.756317	0.243683	1.194008
60642	-3993.364	-4253.653	260.289	2.030294	0.5263506	0.756317	0.243683	1.204559
60648	-3994.257	-4254.55	260.2935	2.030294	0.4759602	0.614954	0.385046	1.270607
60654	-3992.708	-4252.644	259.9353	2.004116	0.7055529	0.703044	0.296956	1.306933
60660	-4001.355	-4261.356	260.0016	1.887508	0.468455	0.67664	0.32336	1.614033
60666	-4000.19	-4260.482	260.2912	1.887508	0.4669398	0.738599	0.261401	1.399092
60672	-4016.037	-4276.242	260.2059	1.753817	0.4741856	0.788236	0.211764	1.555224
60678	-4009.596	-4269.516	259.9201	1.753817	0.4209645	0.698791	0.301209	1.825915
60684	-4000.101	-4260.181	260.0802	1.83464	0.4287428	0.717824	0.282176	1.646549
60690	-4005.665	-4265.299	259.6347	1.718641	0.5040503	0.653674	0.346326	1.945251
60696	-4009.135	-4268.34	259.2041	1.686557	0.5040503	0.772388	0.227612	2.249143
60702	-3998.496	-4258.772	260.276	1.977819	0.4684281	0.70017	0.29983	1.337898
60708	-3992.851	-4253.17	260.319	1.977819	0.4402629	0.722482	0.277518	1.343301
60714	-4000.635	-4260.922	260.2868	1.916928	0.46064	0.730529	0.269471	1.388133
60720	-3987.44	-4247.802	260.3621	1.936151	0.4413934	0.656193	0.343807	1.340485
60726	-3997.798	-4258.112	260.3143	1.938063	0.4697994	0.656193	0.343807	1.337148
60732	-3988.152	-4248.444	260.2922	1.960152	0.4697994	0.631721	0.368279	1.337148
60738	-3988.231	-4248.526	260.2946	1.94748	0.4470262	0.609271	0.390729	1.376968
60744	-3995.211	-4255.555	260.3439	1.955975	0.4470262	0.616411	0.383589	1.331101
60750	-3985.335	-4245.666	260.3313	1.923982	0.4340488	0.599593	0.400407	1.384969
60756	-3999.055	-4259.512	260.4564	1.942358	0.4141204	0.745998	0.254002	1.300048
60762	-3997.716	-4257.695	259.9791	1.890151	0.5200901	0.653857	0.346143	1.56569
60768	-3993.57	-4253.71	260.14	1.890151	0.5132761	0.66889	0.33111	1.453627
60774	-3985.887	-4245.702	259.8157	1.78293	0.3763592	0.695395	0.304605	1.935861
60780	-3980.844	-4240.615	259.771	1.699636	0.4257973	0.689564	0.310436	1.957993
60786	-3992.542	-4252.248	259.7058	1.770886	0.4770692	0.689564	0.310436	1.89237
60792	-4001.078	-4260.82	259.7424	1.770886	0.4735411	0.689564	0.310436	1.871613
60798	-3992.092	-4252.224	260.1326	1.903714	0.4773429	0.716697	0.283303	1.494199
60804	-3988.488	-4248.627	260.1391	1.868044	0.4946769	0.589833	0.410167	1.494199
60810	-4003.438	-4263.691	260.2526	1.859251	0.4487859	0.589833	0.410167	1.474838
60816	-3995.159	-4254.912	259.7535	1.821806	0.5297191	0.603687	0.396313	1.764883
60822	-3977.104	-4237.241	260.1365	1.859151	0.4386973	0.671095	0.328905	1.574794
60828	-3979.38	-4239.289	259.9092	1.859151	0.5701678	0.614154	0.385846	1.582504
60834	-3981.446	-4241.561	260.1154	1.900455	0.4392525	0.581988	0.418012	1.559228
60840	-3978.641	-4238.681	260.0397	1.849252	0.474405	0.701133	0.298867	1.606696
60846	-3969.309	-4229.271	259.9623	1.849252	0.5342344	0.605562	0.394438	1.591425
60852	-3987.356	-4247.346	259.9902	1.796938	0.472679	0.628791	0.371209	1.682001
60858	-3998.351	-4258.08	259.729	1.787183	0.4619896	0.605921	0.394079	1.883276
60864	-3988.632	-4248.53	259.8976	1.840991	0.4619896	0.607181	0.392819	1.729417
60870	-3987.87	-4247.92	260.0498	1.840991	0.5073546	0.689105	0.310895	1.565083
60876	-4002.349	-4262.41	260.0607	1.840991	0.5106363	0.606913	0.393087	1.553083
60882	-4012.387	-4272.33	259.9424	1.845031	0.5106363	0.573386	0.426614	1.636299
60888	-4013.954	-4274.083	260.129	1.868301	0.5106363	0.800635	0.199365	1.481764
60894	-4008.528	-4268.571	260.0435	1.944295	0.6121552	0.724689	0.275311	1.369766
60900	-3995.07	-4255.114	260.0433	1.944295	0.5839616	0.739322	0.260678	1.402083
60906	-3997.772	-4257.872	260.1004	1.926599	0.4953685	0.758421	0.241579	1.478333
60912	-3997.514	-4257.55	260.0369	1.971305	0.52269	0.588889	0.411111	1.458758
60918	-3977.708	-4237.772	260.0643	1.902056	0.5492628	0.710051	0.289949	1.458758
60924	-3982.816	-4242.998	260.1824	1.902056	0.4731639	0.742721	0.257279	1.463307
60930	-4001.908	-4262.14	260.2315	1.941596	0.4234708	0.742546	0.257454	1.463307
60936	-3995.117	-4255.351	260.2342	1.854131	0.5014505	0.698514	0.301486	1.423893
60942	-3987.055	-4247.182	260.1265	1.824379	0.5014505	0.661101	0.338899	1.527867
60948	-3986.434	-4246.575	260.1404	1.842836	0.5011312	0.678714	0.321286	1.504064
60954	-3994.206	-4254.364	260.1577	1.884151	0.4664899	0.681295	0.318705	1.504064
60960	-3988.549	-4248.827	260.278	1.942142	0.4105009	0.594722	0.405278	1.445931
60966	-3982.543	-4242.816	260.2738	1.982455	0.4983186	0.616365	0.383635	1.295102
60972	-3983.84	-4244.013	260.1728	1.970547	0.5377076	0.616365	0.383635	1.334905
60978	-3993.625	-4253.779	260.1531	1.970547	0.5148586	0.759684	0.240316	1.379367
60984	-3996.23	-4256.712	260.4821	2.145199	0.4792033	0.639287	0.360713	0.9926767
60990	-3983.961	-4244.355	260.3945	2.123505	0.5464301	0.710883	0.289117	0.9926767
60996	-3982.398	-4242.68	260.282	2.128231	0.5545247	0.669702	0.330298	1.08457
61002	-3997.981	-4258.076	260.0957	1.99473	0.5293015	0.597034	0.402966	1.38723
61008	-3995.122	-4255.2	260.0786	2.079262	0.5371423	0.746959	0.253041	1.324012
61014	-3989.179	-4249.594	260.4152	2.179624	0.5352006	0.638889	0.361111	0.9309849
61020	-3997.486	-4257.746	260.2602	2.210089	0.6349141	0.651872	0.348128	0.9053687
61026	-3986.886	-4247.216	260.3299	2.210089	0.5495835	0.746731	0.253269	0.9651802
61032	-4007.642	-4268.065	260.4227	2.215217	0.4888135	0.609141	0.390859	0.9651802
61038	-3995.327	-4255.746	260.4186	2.225712	0.5017818	0.661661	0.338339	0.9356414
61044	-3989.236	-4249.64	260.4041	2.232807	0.5171843	0.729668	0.270332	0.9163746
61050	-4003.706	-4263.913	260.2065	2.182032	0.594614	0.790881	0.209119	1.048366
61056	-4014.495	-4275.015	260.52	2.172306	0.411303	0.808634	0.191366	1.048366
61062	-3999.911	-4260.246	260.3355	2.172175	0.4871415	0.762587	0.237413	1.094622
61068	-4008.734	-4269.195	260.4612	2.093961	0.4555528	0.762587	0.237413	1.100998
61074	-4001.131	-4261.361	260.2297	1.926777	0.5484195	0.733139	0.266861	1.310915
61080	-4003.233	-4263.392	260.1595	1.926777	0.4824098	0.733139	0.266861	1.449838
61086	-3998.874	-4259.101	260.2272	1.943354	0.4890577	0.59452	0.40548	1.375934
61092	-3982.861	-4243.167	260.3065	1.943354	0.5061072	0.668597	0.331403	1.289882
61098	-3990.43	-4250.764	260.3338	1.972254	0.4463331	0.601611	0.398389	1.327138
61104	-4000.136	-4260.491	260.3546	2.025642	0.4695592	0.641131	0.358869	1.232757
61110	-3991.219	-4251.651	260.4319	2.115818	0.4405587	0.728972	0.271028	1.132006
61116	-3991.632	-4252.198	260.5663	2.057345	0.4139629	0.503547	0.496453	1.107653
61122	-4002.835	-4263.262	260.4272	2.057345	0.4924667	0.669568	0.330432	1.107653
61128	-3984.952	-4245.106	260.1547	2.072772	0.5907916	0.71946	0.28054	1.198718
61134	-3980.921	-4241.131	260.2097	2.003809	0.5812952	0.752155	0.247845	1.222549
61140	-3982.203	-4242.474	260.271	2.041325	0.5174879	0.711077	0.288923	1.222549
61146	-3988.097	-4248.113	260.016	1.975125	0.5469678	0.700294	0.299706	1.442627
61152	-3989.654	-4249.749	260.0951	1.977377	0.601049	0.673559	0.326441	1.314999
61158	-3987.112	-4247.272	260.1604	1.922927	0.4572268	0.755473	0.244527	1.485068
61164	-3995.875	-4255.99	260.1153	1.948868	0.5870532	0.591012	0.408988	1.338162
61170	-3988.146	-4248.519	260.3723	1.899759	0.4216443	0.630095	0.369905	1.389696
61176	-3978.982	-4239.209	260.2261	1.891036	0.4216443	0.70785	0.29215	1.508047
61182	-3979.465	-4239.693	260.2276	1.852301	0.5112068	0.70785	0.29215	1.418062
61188	-3978.904	-4239.105	260.2013	1.916752	0.5112068	0.70785	0.29215	1.388398
61194	-3985.294	-4245.518	260.2244	1.956004	0.5445333	0.64371	0.35629	1.296429
61200	-3987.027	-4247.415	260.3876	2.000528	0.4843624	0.587778	0.412222	1.204624
61206	-3986.584	-4246.988	260.4046	2.042845	0.4830194	0.630087	0.369913	1.155147
61212	-3991.655	-4251.978	260.3229	2.057276	0.4830194	0.722198	0.277802	1.213397
61218	-3992.375	-4252.785	260.4102	2.061521	0.4830194	0.754124	0.245876	1.13362
61224	-3986.055	-4246.398	260.3433	2.061183	0.475951	0.633936	0.366064	1.202896
61230	-3985.098	-4245.292	260.1935	2.006266	0.4557642	0.633936	0.366064	1.397882
61236	-3980.432	-4240.71	260.2783	1.955082	0.4557642	0.633936	0.366064	1.371599
61242	-3992.092	-4252.306	260.2136	1.978003	0.4557642	0.719795	0.280205	1.404254
61248	-3982.621	-4242.761	260.1403	1.935118	0.4107685	0.669332	0.330668	1.554159
61254	-4005.427	-4265.493	260.0654	1.928312	0.5791302	0.532127	0.467873	1.402844
61260	-4010.391	-4270.661	260.2699	1.864847	0.4262952	0.676315	0.323685	1.488299
61266	-3999.076	-4259.335	260.2591	1.858288	0.4682722	0.676315	0.323685	1.444597
61272	-3991.194	-4251.26	260.0663	1.845158	0.4682722	0.676315	0.323685	1.598035
61278	-3994.634	-4254.916	260.2811	2.024244	0.5272779	0.705666	0.294334	1.215183
61284	-3999.792	-4260.125	260.3324	2.024244	0.4940573	0.594502	0.405498	1.217628
61290	-4000.979	-4261.171	260.1924	2.064145	0.525364	0.683524	0.316476	1.258732
61296	-3998.774	-4259	260.2262	2.005736	0.5365511	0.647167	0.352833	1.26442
61302	-3996.249	-4256.357	260.1079	1.946406	0.5629358	0.673297	0.326703	1.374602
61308	-3991.627	-4251.936	260.3093	1.946406	0.5011097	0.673297	0.326703	1.291773
61314	-3987.25	-4247.396	260.1467	1.946406	0.495689	0.703979	0.296021	1.427559
61320	-3999.108	-4259.202	260.0941	1.92268	0.6536466	0.703979	0.296021	1.300151
61326	-3986.909	-4247.042	260.1329	1.926642	0.5030772	0.70208	0.29792	1.443919
61332	-3985.786	-4245.93	260.1445	1.926642	0.4960392	0.591327	0.408673	1.443919
61338	-3997.342	-4257.424	260.0817	1.939819	0.4960392	0.682908	0.317092	1.481685
61344	-3988.046	-4248.276	260.2302	1.942095	0.4987257	0.711974	0.288026	1.361863
61350	-3992.665	-4253.043	260.3783	1.942095	0.4512591	0.728604	0.271396	1.308513
61356	-4002.602	-4262.897	260.2942	1.936277	0.3986283	0.697844	0.302156	1.455368
61362	-4006.637	-4266.62	259.9824	1.898333	0.5087254	0.697844	0.302156	1.570797
61368	-3984.887	-4244.671	259.7841	1.787657	0.5118899	0.704041	0.295959	1.787263
61374	-3992.19	-4251.927	259.737	1.895708	0.5890312	0.661172	0.338828	1.660237
61380	-3991.033	-4251.235	260.2018	1.853358	0.5175849	0.707183	0.292817	1.429154
61386	-3998.13	-4258.218	260.0882	1.907535	0.5176431	0.591551	0.408449	1.474371
61392	-3995.418	-4255.592	260.1746	1.909498	0.4649184	0.66339	0.33661	1.474371
61398	-3992.869	-4252.946	260.0767	1.839429	0.4203122	0.621837	0.378163	1.656787
61404	-3982.65	-4242.576	259.9262	1.866875	0.489964	0.714918	0.285082	1.656787
61410	-3984.943	-4245.087	260.1433	1.885121	0.489964	0.711113	0.288887	1.484119
61416	-3995.648	-4256.133	260.4844	1.927603	0.3935036	0.737348	0.262652	1.321292
61422	-3987.216	-4247.407	260.1916	2.050973	0.4871563	0.54026	0.45974	1.321292
61428	-3980.008	-4240.384	260.3759	1.971426	0.4645155	0.775782	0.224218	1.267523
61434	-3985.237	-4245.487	260.2497	1.910783	0.5807679	0.692469	0.307531	1.267523
61440	-3985.512	-4245.989	260.4765	2.078026	0.4619943	0.692469	0.307531	1.091244
61446	-3996.055	-4256.55	260.4944	2.188935	0.4059755	0.692469	0.307531	1.066438
61452	-3972.687	-4233.089	260.4019	2.188935	0.4682348	0.692469	0.307531	1.046933
61458	-3991.915	-4252.307	260.3915	2.144119	0.5338044	0.681926	0.318074	0.994819
61464	-3992.996	-4253.447	260.4507	2.144119	0.4972461	0.768821	0.231179	0.994819
61470	-4002.275	-4262.75	260.4748	2.090742	0.4459327	0.704793	0.295207	1.107133
61476	-4001.456	-4261.828	260.3723	2.199671	0.5211415	0.704793	0.295207	0.9784644
61482	-3998.228	-4258.558	260.3298	2.243544	0.5311748	0.629437	0.370563	0.9604712
61488	-3981.849	-4241.995	260.1463	2.129229	0.5312327	0.732944	0.267056	1.235035
61494	-3982.355	-4242.697	260.3416	2.163729	0.5208413	0.627373	0.372627	1.044832
61500	-3981.123	-4241.401	260.2785	2.218201	0.4958746	0.746371	0.253629	1.091264
61506	-3991.479	-4251.569	260.09	2.14819	0.5938435	0.678272	0.321728	1.185654
61512	-4002.912	-4263.127	260.2149	2.14819	0.5731434	0.685288	0.314712	1.101907
61518	-4003.389	-4263.603	260.2136	2.14819	0.5740305	0.528772	0.471228	1.101907
61524	-4008.992	-4269.427	260.4353	2.088664	0.4434004	0.566398	0.433602	1.148612
61530	-3994.413	-4254.733	260.3199	2.064893	0.4653602	0.740392	0.259608	1.235078
61536	-3989.6	-4249.973	260.3731	2.091376	0.5169104	0.635701	0.364299	1.089252
61542	-3994.8	-4255.293	260.4936	2.133837	0.4704308	0.730911	0.269089	1.007552
61548	-3992.712	-4253.224	260.512	2.078625	0.4704308	0.674736	0.325264	1.043443
61554	-3990.536	-4250.94	260.4039	2.079187	0.4704308	0.708198	0.291802	1.142642
61560	-4003.327	-4263.732	260.4046	2.149548	0.448185	0.703932	0.296068	1.113837
61566	-4003.659	-4264.058	260.3992	2.149229	0.4827442	0.670237	0.329763	1.063625
61572	-4009.282	-4269.626	260.3446	2.147597	0.4973079	0.693034	0.306966	1.093267
61578	-3984.96	-4245.39	260.4301	2.147597	0.4785034	0.693034	0.306966	1.042623
61584	-3988.223	-4248.501	260.2778	2.16798	0.5603186	0.739066	0.260934	1.042623
61590	-3980.205	-4240.585	260.3797	2.141631	0.5369238	0.701408	0.298592	1.00424
61596	-3971.879	-4232.252	260.3736	2.141631	0.5518713	0.586787	0.413213	0.9869704
61602	-3995.08	-4255.401	260.3211	2.164065	0.5068548	0.681643	0.318357	1.085208
61608	-4004.489	-4264.787	260.2984	2.131889	0.5291125	0.636669	0.363331	1.102726
61614	-3985.059	-4245.48	260.4205	2.107221	0.4579702	0.69199	0.30801	1.122119
61620	-3980.661	-4240.806	260.1444	2.117167	0.6056909	0.682474	0.317526	1.150119
61626	-3992.188	-4252.472	260.2839	2.06323	0.5400273	0.553883	0.446117	1.161774
61632	-3994.613	-4254.933	260.3203	2.058007	0.5539901	0.734113	0.265887	1.114602
61638	-3992.802	-4253.008	260.2067	2.166255	0.6144973	0.734113	0.265887	1.035729
61644	-3986.751	-4246.9	260.1492	2.166255	0.689729	0.622431	0.377569	0.9907175
61650	-3987.163	-4247.508	260.346	2.100018	0.6036506	0.711944	0.288056	0.9787139
61656	-3973.311	-4233.837	260.5259	2.095232	0.4467007	0.642222	0.357778	1.054153
61662	-4002.022	-4262.53	260.5082	2.095232	0.5176703	0.649504	0.350496	0.9515601
61668	-3995.682	-4255.953	260.2707	2.226392	0.5697601	0.561861	0.438139	0.9776301
61674	-4002.13	-4262.44	260.3097	2.178553	0.4879399	0.694289	0.305711	1.111163
61680	-3986.834	-4247.133	260.2992	2.053321	0.4879399	0.710825	0.289175	1.229767
61686	-3998.378	-4258.571	260.1927	1.9982	0.5424268	0.651598	0.348402	1.290526
61692	-4014.584	-4275.001	260.4173	1.99795	0.4175225	0.651598	0.348402	1.281377
61698	-4004.038	-4264.188	260.1494	1.99795	0.6443944	0.734027	0.265973	1.201983
61704	-3995.789	-4256.244	260.455	1.99795	0.4283571	0.728062	0.271938	1.233355
61710	-4006.651	-4266.91	260.259	1.99795	0.5443547	0.690199	0.309801	1.233355
61716	-3996.924	-4257.076	260.1521	1.99795	0.5548282	0.735242	0.264758	1.308144
61722	-3996.253	-4256.363	260.11	1.958662	0.5729082	0.647482	0.352518	1.351373
61728	-3993.235	-4253.413	260.1784	1.958662	0.5944568	0.661565	0.338435	1.270238
61734	-3993.023	-4253.247	260.2239	1.983005	0.4663543	0.773419	0.226581	1.377879
61740	-3997.836	-4258.069	260.2323	1.874371	0.4179089	0.692699	0.307301	1.521
61746	-3986.311	-4246.617	260.3067	1.89726	0.4759687	0.717127	0.282873	1.367155
61752	-3983.83	-4244.02	260.1901	1.89726	0.5184262	0.764744	0.235256	1.403192
61758	-3982.124	-4242.379	260.2543	1.906492	0.5171809	0.627995	0.372005	1.347051
61764	-3997.215	-4257.288	260.073	1.881014	0.5605706	0.738778	0.261222	1.45491
61770	-3986.179	-4246.309	260.1307	1.842844	0.4309803	0.640344	0.359656	1.601148
61776	-3981.809	-4241.982	260.1726	1.827301	0.4309803	0.640344	0.359656	1.581967
61782	-3983.898	-4243.725	259.8268	1.793176	0.5736853	0.688842	0.311158	1.685625
61788	-3988.816	-4248.658	259.8421	1.699263	0.4072326	0.579005	0.420995	1.93381
61794	-3984.868	-4244.449	259.5816	1.725274	0.4762956	0.700317	0.299683	2.007507
61800	-3989.106	-4249.124	260.0182	1.817405	0.5674141	0.681092	0.318908	1.53606
61806	-3991.215	-4251.32	260.1054	1.929073	0.5662642	0.762094	0.237906	1.386136
61812	-3992.981	-4253.034	260.0527	1.847038	0.5460385	0.776572	0.223428	1.512714
61818	-3997.233	-4257.373	260.1394	1.91336	0.5460385	0.685723	0.314277	1.396146
61824	-3987.438	-4247.519	260.0811	1.940167	0.5854938	0.722669	0.277331	1.37392
61830	-3995.932	-4256.23	260.2984	1.985575	0.487131	0.676704	0.323296	1.287741
61836	-4003.752	-4264.147	260.3959	2.042028	0.4941985	0.778957	0.221043	1.146976
61842	-3998.16	-4258.587	260.427	2.082925	0.5163123	0.59088	0.40912	1.047455
61848	-3992.41	-4252.871	260.4606	2.035588	0.4678434	0.722952	0.277048	1.134912
61854	-3980.935	-4241.358	260.4232	2.05843	0.4803856	0.711062	0.288938	1.128709
61860	-3982.732	-4243.01	260.2782	2.20431	0.5673381	0.755267	0.244733	0.9961776
61866	-4003.795	-4264.315	260.5199	2.189771	0.4104393	0.781937	0.218063	1.033205
61872	-3994.688	-4255.164	260.4757	2.104693	0.4312122	0.68026	0.31974	1.117845
61878	-4001.768	-4262.214	260.4451	2.104693	0.4706314	0.68026	0.31974	1.081673
61884	-4000.653	-4260.916	260.2627	2.100296	0.5470386	0.68026	0.31974	1.138051
61890	-4004.612	-4264.872	260.2598	2.016841	0.5795929	0.68026	0.31974	1.170539
61896	-3982.513	-4242.522	260.0091	1.917962	0.6808425	0.631703	0.368297	1.34285
61902	-4003.821	-4264.063	260.242	1.917962	0.5861289	0.707663	0.292337	1.261434
61908	-3993.38	-4253.628	260.2483	1.878206	0.5293287	0.707663	0.292337	1.358829
61914	-3982.165	-4242.358	260.1926	1.853744	0.5306855	0.727602	0.272398	1.41978
61920	-3982.381	-4242.429	260.0473	1.889344	0.6081559	0.727602	0.272398	1.414128
61926	-3982.522	-4242.636	260.1133	1.936695	0.5223008	0.618713	0.381287	1.427241
61932	-3983.951	-4244.384	260.4333	2.058013	0.4824218	0.7201	0.2799	1.11688
61938	-3987.137	-4247.533	260.3954	2.134913	0.5225654	0.712956	0.287044	1.017858
61944	-3997.44	-4257.805	260.3652	2.165188	0.5225654	0.734472	0.265528	1.017858
61950	-4007.369	-4267.804	260.4345	2.253084	0.4738998	0.779619	0.220381	0.9396137
61956	-3982.002	-4242.351	260.3497	2.145953	0.595202	0.630173	0.369827	0.9396137
61962	-3991.396	-4251.808	260.4113	2.124778	0.5283193	0.735836	0.264164	1.003045
61968	-3980.992	-4241.336	260.3448	2.112241	0.5411119	0.742196	0.257804	1.060249
61974	-3982.798	-4243.307	260.509	2.057969	0.4739818	0.72166	0.27834	1.060249
61980	-3979.562	-4240.021	260.4585	2.023338	0.4916323	0.72166	0.27834	1.11135
61986	-3978.736	-4239.117	260.3806	2.023338	0.5397927	0.724796	0.275204	1.11135
61992	-3992.906	-4253.237	260.3313	2.110255	0.5397927	0.663128	0.336872	1.076727
61998	-3986.784	-4247.185	260.4017	2.110255	0.4830578	0.663128	0.336872	1.097061
62004	-3973.398	-4233.839	260.4411	2.090257	0.4737712	0.663128	0.336872	1.093812
62010	-3990.766	-4250.994	260.2275	2.090257	0.6449897	0.663128	0.336872	1.047677
62016	-3990.82	-4251.083	260.2635	2.090257	0.556786	0.72079	0.27921	1.132881
62022	-4007.482	-4267.875	260.3935	2.05728	0.5512399	0.72079	0.27921	1.051187
62028	-4004.92	-4265.146	260.2261	2.00056	0.5512399	0.801189	0.198811	1.24974
62034	-4003.276	-4263.562	260.2859	1.974263	0.5275949	0.693423	0.306577	1.252781
62040	-3996.758	-4256.821	260.0622	1.971867	0.6273017	0.66715	0.33285	1.315741
62046	-3996.29	-4256.674	260.3835	2.010823	0.5179931	0.544684	0.455316	1.151052
62052	-3995.104	-4255.42	260.3165	2.049474	0.5311487	0.56376	0.43624	1.157455
62058	-3987.137	-4247.411	260.2739	2.114082	0.5699447	0.63006	0.36994	1.083472
62064	-3992.108	-4252.529	260.4217	2.07493	0.4879056	0.78777	0.21223	1.103641
62070	-4000.744	-4261.021	260.2769	2.070056	0.565906	0.78777	0.21223	1.126481
62076	-3988.793	-4248.779	259.9863	1.94986	0.565906	0.668533	0.331467	1.462362
62082	-3988.272	-4248.523	260.2504	2.000488	0.5231893	0.702309	0.297691	1.266293
62088	-4009.72	-4269.885	260.1652	1.997219	0.5574631	0.753583	0.246417	1.294773
62094	-3988.925	-4249.056	260.1311	2.006137	0.5741203	0.760326	0.239674	1.294773
62100	-3972.594	-4233.034	260.4397	2.062805	0.4593119	0.668031	0.331969	1.142578
62106	-3986.155	-4246.442	260.2868	2.070529	0.5061519	0.734819	0.265181	1.199955
62112	-3994.156	-4254.406	260.2503	2.070529	0.5727474	0.692147	0.307853	1.140658
62118	-3982.242	-4242.71	260.4677	2.096998	0.4524539	0.762606	0.237394	1.097302
62124	-3981.71	-4242.32	260.6109	2.033526	0.4262136	0.660651	0.339349	1.067338
62130	-3985.66	-4245.837	260.1777	1.901936	0.5303841	0.759698	0.240302	1.394349
62136	-4004.019	-4264.36	260.341	2.190192	0.5303841	0.658759	0.341241	1.004677
62142	-3971.002	-4231.399	260.3972	2.194393	0.5221951	0.711428	0.288572	0.956377
62148	-3990.976	-4251.364	260.3877	2.169264	0.5449053	0.711428	0.288572	0.9550874
62154	-3973.767	-4234.004	260.2371	2.265244	0.6158749	0.711428	0.288572	0.8996153
62160	-3976.073	-4236.362	260.2893	2.19129	0.5811745	0.738086	0.261914	0.9770124
62166	-3975.469	-4235.894	260.4248	2.161799	0.5129682	0.738086	0.261914	0.9770124
62172	-3995.824	-4255.851	260.0269	2.183592	0.7087416	0.702041	0.297959	1.06871
62178	-3991.612	-4251.772	260.1601	2.195422	0.6587403	0.704331	0.295669	0.9921014
62184	-4009.373	-4269.75	260.3771	2.104029	0.5629142	0.722034	0.277966	1.004182
62190	-3984.162	-4244.385	260.223	2.014146	0.5569785	0.614034	0.385966	1.23362
62196	-3999.393	-4259.671	260.2785	2.04189	0.5154496	0.647742	0.352258	1.218562
62202	-3998.419	-4258.435	260.016	2.093458	0.6573688	0.647742	0.352258	1.219086
62208	-3993.516	-4253.721	260.2044	2.101641	0.6020436	0.647742	0.352258	1.115066
62214	-4006.886	-4267.471	260.5843	2.113088	0.4431512	0.62364	0.37636	0.9855353
62220	-3984.995	-4245.192	260.1964	2.228953	0.6653279	0.660623	0.339377	0.908913
62226	-3999.461	-4259.624	260.1631	2.208667	0.6899873	0.603842	0.396158	0.9316893
62232	-4006.123	-4266.653	260.5299	2.246471	0.4174531	0.725581	0.274419	0.9527027
62238	-4001.793	-4262.344	260.5502	2.246471	0.4319737	0.701542	0.298458	0.9014601
62244	-3980.037	-4240.566	260.529	2.275104	0.4273572	0.701542	0.298458	0.9026442
62250	-3978.709	-4239.192	260.4831	2.275104	0.4888142	0.701542	0.298458	0.8289973
62256	-3983.257	-4243.638	260.3817	2.154872	0.5777718	0.561146	0.438854	0.9232697
62262	-3985.617	-4245.854	260.2371	2.154872	0.6058292	0.710114	0.289886	1.029371
62268	-3996.817	-4257.017	260.1996	2.017295	0.6576006	0.626313	0.373687	1.125047
62274	-3995.239	-4255.575	260.3366	2.057963	0.5086683	0.672797	0.327203	1.164161
62280	-3977.258	-4237.652	260.3937	2.049335	0.5086683	0.672797	0.327203	1.121003
62286	-3988.422	-4248.829	260.4076	2.174869	0.5354562	0.768911	0.231089	0.9437499
62292	-3992.061	-4252.469	260.4086	2.176925	0.5593872	0.747924	0.252076	0.8997794
62298	-3991.556	-4251.892	260.3364	2.176925	0.5593872	0.744878	0.255122	0.9771446
62304	-3986.401	-4246.892	260.4909	2.220002	0.4683889	0.718465	0.281535	0.9246841
62310	-3986.63	-4247.114	260.4843	2.161197	0.4794366	0.659642	0.340358	0.9736965
62316	-3995.772	-4256.268	260.4952	2.161197	0.4840602	0.66498	0.33502	0.9542863
62322	-3992.492	-4253.121	260.629	2.137815	0.4324085	0.742796	0.257204	0.9333721
62328	-3986.829	-4247.15	260.3215	2.187541	0.5900997	0.606483	0.393517	0.9333721
62334	-3982.127	-4242.436	260.3086	2.210616	0.5735695	0.775303	0.224697	0.9487279
62340	-3987.277	-4247.666	260.3899	2.211653	0.5735695	0.679423	0.320577	0.8563117
62346	-3982.676	-4242.973	260.2973	2.272062	0.5253643	0.699623	0.300377	0.974171
62352	-3985.278	-4245.643	260.3657	2.129621	0.4896285	0.627181	0.372819	1.102131
62358	-3992.651	-4252.918	260.2674	2.130306	0.5269216	0.647856	0.352144	1.135273
62364	-3982.169	-4242.43	260.261	2.101229	0.5186391	0.686248	0.313752	1.178245
62370	-3980.525	-4240.961	260.4364	2.115772	0.4380514	0.732249	0.267751	1.132055
62376	-3972.799	-4233.262	260.4625	2.115772	0.4120517	0.731053	0.268947	1.151621
62382	-3981.623	-4241.984	260.3608	2.050676	0.4827289	0.648789	0.351211	1.18699
62388	-3986.341	-4246.677	260.3355	2.025181	0.4827289	0.586634	0.413366	1.230241
62394	-3992.138	-4252.409	260.2715	1.996462	0.5283705	0.700933	0.299067	1.24521
62400	-3978.808	-4239.221	260.4136	2.015799	0.4335216	0.669944	0.330056	1.24521
62406	-3981.573	-4241.798	260.2254	2.005051	0.4668941	0.727589	0.272411	1.358578
62412	-3988.876	-4249.077	260.2007	2.005051	0.4985924	0.643102	0.356898	1.335475
62418	-3987.447	-4247.696	260.249	2.053757	0.4985924	0.617981	0.382019	1.256516
62424	-3972.768	-4233.168	260.3996	2.078019	0.45699	0.722456	0.277544	1.168128
62430	-3977.155	-4237.485	260.3295	2.078019	0.5158547	0.683473	0.316527	1.142364
62436	-3993.882	-4254.407	260.5244	2.078019	0.4588482	0.683473	0.316527	1.051464
62442	-3992.465	-4252.975	260.5096	2.173037	0.4588482	0.683473	0.316527	0.972157
62448	-3998.179	-4258.44	260.2613	2.049072	0.4588482	0.674161	0.325839	1.305785
62454	-3993.11	-4253.487	260.3766	2.055772	0.4264942	0.702902	0.297098	1.253427
62460	-3992.718	-4252.972	260.253	2.023392	0.5152166	0.614898	0.385102	1.25576
62466	-3980.529	-4240.857	260.3283	2.096477	0.4807991	0.654114	0.345886	1.178296
62472	-3986.67	-4246.949	260.2797	2.109216	0.6080282	0.680181	0.319819	1.029245
62478	-3987.664	-4247.767	260.1026	2.109216	0.6260117	0.737542	0.262458	1.168386
62484	-3984.521	-4245.061	260.5406	2.04594	0.4384974	0.737542	0.262458	1.100222
62490	-3987.991	-4248.496	260.5045	2.012046	0.4712516	0.65352	0.34648	1.111266
62496	-3989.042	-4249.459	260.4174	1.990551	0.5101638	0.726764	0.273236	1.150149
62502	-4000.08	-4260.499	260.4191	1.990551	0.4460819	0.652457	0.347543	1.242768
62508	-3986.262	-4246.673	260.4118	1.990551	0.4251826	0.694397	0.305603	1.280289
62514	-3985.625	-4245.979	260.3542	1.990551	0.520425	0.740529	0.259471	1.190857
62520	-3996.089	-4256.465	260.3765	2.07669	0.5224834	0.65057	0.34943	1.09136
62526	-3990.297	-4250.659	260.3616	2.170828	0.5011748	0.65057	0.34943	1.049582
62532	-3988.275	-4248.435	260.1597	2.019086	0.5283427	0.685008	0.314992	1.31837
62538	-3979.66	-4239.981	260.3214	2.037769	0.5283427	0.720161	0.279839	1.167384
62544	-3990.55	-4250.627	260.0769	1.992057	0.6503019	0.720161	0.279839	1.261127
62550	-3980.653	-4240.93	260.277	2.030786	0.5623016	0.666762	0.333238	1.166091
62556	-3978.377	-4238.73	260.3534	2.061293	0.48099	0.666762	0.333238	1.186739
62562	-3982.566	-4243.012	260.4464	2.028653	0.48099	0.666762	0.333238	1.133643
62568	-3983.396	-4243.732	260.3363	2.000296	0.5674613	0.729229	0.270771	1.133643
62574	-3986.913	-4247	260.087	2.145099	0.6742149	0.686245	0.313755	1.090777
62580	-3981.288	-4241.546	260.2581	2.146566	0.5537579	0.621215	0.378785	1.090777
62586	-3992.258	-4252.638	260.3796	2.077726	0.5203249	0.647868	0.352132	1.090777
62592	-3999.987	-4260.313	260.3258	2.151686	0.5203249	0.614957	0.385043	1.071995
62598	-4003.472	-4263.788	260.3158	2.056267	0.4784641	0.614957	0.385043	1.226824
62604	-3989.132	-4249.459	260.3263	2.081398	0.4795113	0.642955	0.357045	1.194884
62610	-3979.398	-4239.704	260.3062	2.081398	0.5081253	0.642955	0.357045	1.171017
62616	-3990.65	-4250.96	260.3097	2.088436	0.4444421	0.709703	0.290297	1.254774
62622	-3998.677	-4258.838	260.1611	1.919835	0.5598959	0.720486	0.279514	1.35723
62628	-3989.642	-4249.954	260.3112	1.893956	0.4826093	0.628203	0.371797	1.35723
62634	-3985.96	-4246.304	260.3433	1.910895	0.4489881	0.649246	0.350754	1.364627
62640	-3982.932	-4242.94	260.008	2.011799	0.5544053	0.667698	0.332302	1.411698
62646	-3996.63	-4256.802	260.1722	2.148443	0.5544053	0.71936	0.28064	1.165438
62652	-3979.032	-4239.591	260.5593	2.163917	0.4211317	0.706845	0.293155	1.000097
62658	-3997.294	-4257.628	260.3344	2.213399	0.5515644	0.708019	0.291981	0.9538043
62664	-3976.323	-4236.537	260.2143	2.035453	0.5323843	0.719822	0.280178	1.255081
62670	-3973.117	-4233.266	260.1495	2.035453	0.6250293	0.675611	0.324389	1.192873
62676	-3995.115	-4255.117	260.002	2.018094	0.6343995	0.675611	0.324389	1.318942
62682	-3990.499	-4250.872	260.3734	2.138936	0.4584647	0.655317	0.344683	1.135096
62688	-3991.746	-4252.036	260.2896	2.138936	0.5268483	0.668948	0.331052	1.107544
62694	-3986.471	-4246.756	260.2853	2.082632	0.5145591	0.63498	0.36502	1.178973
62700	-3980.557	-4240.87	260.3132	2.0548	0.5145591	0.571573	0.428427	1.178973
62706	-3971.409	-4231.741	260.3324	2.0548	0.5211291	0.787274	0.212726	1.152823
62712	-3998.156	-4258.428	260.2723	2.161723	0.5221409	0.62858	0.37142	1.109391
62718	-3996.421	-4256.707	260.2868	2.09607	0.5547648	0.706568	0.293432	1.109391
62724	-4005.827	-4265.994	260.1663	2.043084	0.5735901	0.733437	0.266563	1.235754
62730	-4000.317	-4260.687	260.3705	2.172161	0.5000193	0.715025	0.284975	1.041586
62736	-3999.804	-4260.186	260.3825	2.172161	0.4927832	0.65728	0.34272	1.041586
62742	-4003.769	-4264.026	260.2566	2.101703	0.5508085	0.727866	0.272134	1.136994
62748	-4005.612	-4265.891	260.2797	2.101703	0.5360175	0.727866	0.272134	1.136994
62754	-3998.159	-4258.652	260.493	2.101703	0.4299249	0.709483	0.290517	1.107024
62760	-4002.94	-4263.035	260.0951	2.101703	0.6506444	0.691224	0.308776	1.151502
62766	-3992.752	-4252.617	259.8651	2.141569	0.7725889	0.767888	0.232112	1.180427
62772	-4000.011	-4259.864	259.8532	2.106767	0.7338172	0.767888	0.232112	1.260527
62778	-3997.878	-4257.92	260.0415	2.161977	0.6577305	0.75156	0.24844	1.136957
62784	-3988.733	-4249.092	260.3597	2.193597	0.5153411	0.774457	0.225543	1.006721
62790	-3985.479	-4245.912	260.4321	2.193597	0.4701139	0.700776	0.299224	1.009859
62796	-3976.228	-4236.855	260.6273	2.221794	0.4268649	0.708843	0.291157	0.8513842
62802	-3978.462	-4238.949	260.4877	2.260893	0.4841717	0.654161	0.345839	0.8505735
62808	-3980.166	-4240.552	260.3858	2.267386	0.5390239	0.721856	0.278144	0.8579202
62814	-3976.002	-4236.438	260.4361	2.267386	0.4894652	0.705515	0.294485	0.8930168
62820	-3970.393	-4230.972	260.5791	2.225086	0.4320719	0.705515	0.294485	0.8927523
62826	-3981.774	-4242.216	260.442	2.185148	0.5394964	0.72477	0.27523	0.8875181
62832	-3995.046	-4255.492	260.4463	2.185148	0.5394964	0.703198	0.296802	0.8825327
62838	-3981.653	-4241.996	260.3437	2.13185	0.5262759	0.623169	0.376831	1.06483
62844	-3985.241	-4245.542	260.3014	2.13185	0.5262759	0.773875	0.226125	1.104146
62850	-3997.099	-4257.4	260.3005	2.074948	0.5299461	0.789515	0.210485	1.150787
62856	-3982.008	-4242.354	260.3465	2.066639	0.4828773	0.689006	0.310994	1.185272
62862	-3991.038	-4251.306	260.2675	2.13449	0.6038879	0.636564	0.363436	1.022334
62868	-3987.725	-4248.187	260.4626	2.058393	0.4425425	0.670727	0.329273	1.152576
62874	-3978.262	-4238.793	260.5313	2.042635	0.4504353	0.735663	0.264337	1.092105
62880	-3984.714	-4244.961	260.2476	2.014347	0.5178049	0.595901	0.404099	1.264319
62886	-3990.682	-4250.864	260.1819	2.066746	0.5418836	0.714153	0.285847	1.243535
62892	-3988.742	-4248.884	260.1424	1.977985	0.5418836	0.604154	0.395846	1.348045
62898	-3977.455	-4237.644	260.1885	1.977985	0.4712168	0.69121	0.30879	1.402868
62904	-3980.766	-4241.015	260.2495	1.952695	0.4490207	0.789755	0.210245	1.405315
62910	-3977.762	-4237.798	260.0358	2.038889	0.562263	0.687003	0.312997	1.359347
62916	-3995.367	-4255.287	259.9204	1.93676	0.5596883	0.687003	0.312997	1.528781
62922	-3991.025	-4251.179	260.154	1.963923	0.5596883	0.754975	0.245025	1.328038
62928	-4006.889	-4266.824	259.9347	1.959316	0.6653465	0.579962	0.420038	1.385263
62934	-3987.12	-4247.214	260.0945	2.036902	0.6173106	0.795232	0.204768	1.247561
62940	-3994.625	-4254.798	260.1731	2.036902	0.5752368	0.689328	0.310672	1.233149
62946	-3990.429	-4250.839	260.4105	1.992909	0.4805617	0.689328	0.310672	1.197105
62952	-3970.441	-4230.791	260.3505	1.992909	0.4457686	0.687653	0.312347	1.297798
62958	-3992.785	-4252.716	259.9307	1.940262	0.6298906	0.630009	0.369991	1.440945
62964	-4002.673	-4262.793	260.1206	1.907906	0.4857149	0.673536	0.326464	1.489402
62970	-3992.403	-4252.634	260.2312	1.907906	0.4857149	0.617956	0.382044	1.404929
62976	-3992.21	-4252.582	260.3724	1.932161	0.4857149	0.655979	0.344021	1.272787
62982	-3975.864	-4236.118	260.2539	1.940262	0.5216312	0.678651	0.321349	1.314646
62988	-3988.141	-4248.381	260.24	1.950303	0.5216312	0.678651	0.321349	1.317753
62994	-3975.135	-4235.395	260.2604	1.950303	0.4764279	0.721479	0.278521	1.36119
63000	-3991.431	-4251.688	260.2573	1.834572	0.4634943	0.682136	0.317864	1.4703
63006	-3995.744	-4255.913	260.1682	1.83992	0.5336441	0.809403	0.190597	1.445547
63012	-3982.438	-4242.71	260.2725	1.947021	0.5582145	0.743558	0.256442	1.246794
63018	-3979.222	-4239.571	260.349	2.011459	0.4923806	0.698453	0.301547	1.216724
63024	-3996.396	-4256.693	260.2973	2.011459	0.5239963	0.680563	0.319437	1.216724
63030	-3996.133	-4256.417	260.2841	2.011459	0.5322741	0.803221	0.196779	1.216724
63036	-3988.524	-4248.776	260.2518	2.033177	0.5322741	0.716728	0.283272	1.225751
63042	-3981.808	-4242.129	260.3212	1.967739	0.4899391	0.716728	0.283272	1.279777
63048	-3994.056	-4254.461	260.4051	1.967739	0.4899391	0.806548	0.193452	1.209684
63054	-3985.422	-4245.751	260.329	1.982125	0.5423563	0.741788	0.258212	1.189895
63060	-3973.181	-4233.343	260.1619	1.980931	0.5547592	0.628089	0.371911	1.314032
63066	-3989.553	-4249.882	260.3293	1.947227	0.4742914	0.642165	0.357835	1.311552
63072	-3980.283	-4240.565	260.2821	1.900664	0.4169215	0.582956	0.417044	1.465236
63078	-3987.081	-4247.224	260.1429	1.891608	0.5082711	0.670335	0.329665	1.456541
63084	-3997.483	-4257.792	260.3083	1.891608	0.4719741	0.789591	0.210409	1.375733
63090	-3984.919	-4245.271	260.3524	1.876449	0.4175874	0.760745	0.239255	1.429028
63096	-3976.926	-4237.223	260.2969	2.031317	0.5623428	0.737571	0.262429	1.148009
63102	-3976.144	-4236.368	260.2242	2.031317	0.5315114	0.737571	0.262429	1.251461
63108	-3986.639	-4247.022	260.3827	2.049167	0.4943697	0.723148	0.276852	1.152067
63114	-3984.845	-4244.915	260.07	2.093189	0.6749613	0.690955	0.309045	1.152067
63120	-3986.401	-4246.75	260.349	2.207536	0.563744	0.690955	0.309045	0.9245264
63126	-3978.397	-4238.777	260.3801	2.250803	0.5447628	0.721836	0.278164	0.8737098
63132	-3972.86	-4233.194	260.3345	2.228812	0.5662142	0.614844	0.385156	0.9129644
63138	-3977.63	-4237.918	260.2878	2.229867	0.570362	0.679842	0.320158	0.9553811
63144	-4001.133	-4261.441	260.308	2.223432	0.561292	0.679842	0.320158	0.9553811
63150	-4000.564	-4261.103	260.5387	2.223432	0.4427575	0.706862	0.293138	0.9180331
63156	-3995.583	-4255.964	260.3812	2.259138	0.5141313	0.621491	0.378509	0.9180331
63162	-3995.564	-4255.998	260.4337	2.212299	0.4870184	0.621491	0.378509	0.9599372
63168	-4001.278	-4261.596	260.3182	2.289386	0.556313	0.70785	0.29215	0.8799778
63174	-4000.515	-4260.877	260.3616	2.217964	0.556313	0.731701	0.268299	0.9117693
63180	-3995.885	-4256.354	260.4689	2.246749	0.4742725	0.731701	0.268299	0.9082642
63186	-4007.28	-4267.649	260.369	2.246749	0.5265444	0.689053	0.310947	0.9230913
63192	-3993.729	-4253.908	260.1788	2.213064	0.6742084	0.689053	0.310947	0.9325238
63198	-4000.045	-4260.519	260.474	2.226692	0.4658724	0.689053	0.310947	0.9403852
63204	-3997.581	-4257.772	260.1908	2.190475	0.6197788	0.651186	0.348814	1.020263
63210	-3987.407	-4247.588	260.182	2.139788	0.6326849	0.639816	0.360184	1.060116
63216	-3991.155	-4251.493	260.3382	2.139788	0.5222475	0.70846	0.29154	1.068637
63222	-4002.173	-4262.432	260.2582	2.079305	0.5879748	0.708077	0.291923	1.105117
63228	-4007.118	-4267.328	260.2101	2.051444	0.6277493	0.702019	0.297981	1.122068
63234	-4007.472	-4267.941	260.4691	2.04389	0.4841438	0.705603	0.294397	1.094408
63240	-4005.852	-4266.096	260.2444	2.056337	0.5238195	0.649543	0.350457	1.223751
63246	-3995.668	-4256.008	260.3392	2.051885	0.5056901	0.66519	0.33481	1.171395
63252	-4006.991	-4267.449	260.4578	2.035446	0.446387	0.778182	0.221818	1.170848
63258	-3996.379	-4256.428	260.0495	2.063766	0.6965488	0.730234	0.269766	1.170848
63264	-3994.612	-4254.71	260.0985	2.036721	0.6781244	0.668509	0.331491	1.172924
63270	-3986.236	-4246.544	260.3083	2.049217	0.5343078	0.695855	0.304145	1.160494
63276	-3999.956	-4260.548	260.5926	2.019995	0.3889819	0.695855	0.304145	1.160494
63282	-3989.638	-4249.926	260.2885	1.973338	0.4440621	0.676373	0.323627	1.365554
63288	-3991.54	-4251.68	260.1409	1.973338	0.5391493	0.676373	0.323627	1.356314
63294	-3994.859	-4255.135	260.2752	2.003158	0.5255303	0.68086	0.31914	1.240309
63300	-4000.735	-4261.082	260.3474	2.043328	0.4820952	0.52031	0.47969	1.205721
63306	-3994.933	-4255.128	260.1949	1.986852	0.5550498	0.730127	0.269873	1.282005
63312	-3983.52	-4243.845	260.3257	1.926313	0.5106519	0.645263	0.354737	1.282005
63318	-3989.967	-4250.325	260.3581	2.052265	0.5233054	0.645263	0.354737	1.129116
63324	-3998.244	-4258.673	260.4289	2.03961	0.4786327	0.745984	0.254016	1.143102
63330	-3987.439	-4247.777	260.3388	1.999755	0.4359287	0.708948	0.291052	1.316131
63336	-3979.08	-4239.545	260.4646	2.000749	0.4725119	0.648694	0.351306	1.155155
63342	-3979.126	-4239.44	260.3137	2.014493	0.4916745	0.741744	0.258256	1.244899
63348	-3985.284	-4245.604	260.3205	2.042579	0.4916745	0.701872	0.298128	1.215536
63354	-3987.431	-4247.754	260.3234	1.967935	0.5506295	0.701872	0.298128	1.195903
63360	-3995.616	-4255.818	260.2022	1.920362	0.4978005	0.764972	0.235028	1.402069
63366	-3985.26	-4245.47	260.2092	1.913366	0.4978005	0.691355	0.308645	1.402069
63372	-3986.331	-4246.57	260.2392	1.93482	0.5677631	0.691355	0.308645	1.272504
63378	-3972.708	-4232.936	260.2278	1.93482	0.5386326	0.613912	0.386088	1.318316
63384	-3980.718	-4241	260.2825	1.955162	0.5340912	0.799248	0.200752	1.262854
63390	-3985.379	-4245.53	260.1517	2.000299	0.5717588	0.746915	0.253085	1.285576
63396	-3976.693	-4237.094	260.4014	1.967753	0.4851739	0.666213	0.333787	1.219634
63402	-3985.544	-4245.875	260.3318	1.986092	0.493801	0.73684	0.26316	1.250568
63408	-3990.274	-4250.77	260.4961	2.113461	0.4832229	0.73684	0.26316	1.003631
63414	-3984.561	-4244.845	260.2839	2.059827	0.5590552	0.73684	0.26316	1.138739
63420	-3986.933	-4247.427	260.4943	2.056428	0.5500529	0.63307	0.36693	0.9532209
63426	-3990.402	-4250.679	260.2767	2.111014	0.5526665	0.556213	0.443787	1.107922
63432	-3989.05	-4249.309	260.2589	2.022196	0.6099299	0.582208	0.417792	1.127288
63438	-3987.564	-4247.849	260.2857	2.088059	0.5519031	0.693807	0.306193	1.121605
63444	-3999.442	-4260.035	260.5927	2.126621	0.4078448	0.665693	0.334307	1.028648
63450	-3989.764	-4250.24	260.4761	2.160417	0.4980283	0.62409	0.37591	0.9505617
63456	-3990.795	-4251.16	260.3643	2.198358	0.5191536	0.62409	0.37591	0.9911834
63462	-3988.471	-4248.791	260.3196	2.197519	0.5191536	0.614284	0.385716	1.036112
63468	-3976.595	-4236.824	260.2297	2.125288	0.5237397	0.709467	0.290533	1.177383
63474	-3982.494	-4242.656	260.1619	2.099965	0.584246	0.709467	0.290533	1.177383
63480	-4002.256	-4262.241	259.9845	2.099965	0.7196218	0.709467	0.290533	1.170057
63486	-3989.398	-4249.629	260.2305	2.016762	0.5999146	0.639314	0.360686	1.170057
63492	-3977.271	-4237.391	260.12	1.939042	0.568504	0.595131	0.404869	1.36418
63498	-3986.637	-4246.712	260.0749	1.905864	0.5111534	0.663294	0.336706	1.493606
63504	-3996.799	-4256.542	259.7434	1.790427	0.5922171	0.680122	0.319878	1.727085
63510	-3975.847	-4235.521	259.6733	1.751928	0.5655342	0.654249	0.345751	1.830324
63516	-3977.81	-4237.536	259.7268	1.779647	0.5315104	0.698066	0.301934	1.810708
63522	-3986.534	-4246.3	259.7654	1.880206	0.620597	0.691243	0.308757	1.618161
63528	-3985.847	-4245.572	259.7243	1.897564	0.7437564	0.600058	0.399942	1.515503
63534	-3972.6	-4232.665	260.0651	1.934006	0.6030272	0.635955	0.364045	1.371188
63540	-3971.947	-4231.898	259.9507	1.934006	0.6833625	0.693201	0.306799	1.373716
63546	-3984.601	-4244.511	259.9102	1.934006	0.6838055	0.693201	0.306799	1.404881
63552	-3993.175	-4253.062	259.8865	1.916722	0.7152686	0.67625	0.32375	1.404881
63558	-3988.42	-4248.387	259.9664	1.863761	0.6607221	0.723439	0.276561	1.439586
63564	-3992.399	-4252.711	260.3113	2.011032	0.4260952	0.743727	0.256273	1.343593
63570	-3995.56	-4255.698	260.1383	2.068304	0.557134	0.742693	0.257307	1.2589
63576	-3992.562	-4252.698	260.1358	2.095334	0.5998268	0.662522	0.337478	1.18417
63582	-3999.466	-4259.72	260.254	1.949309	0.5348741	0.601396	0.398604	1.290087
63588	-3990.637	-4250.988	260.3513	1.935943	0.4629792	0.597302	0.402698	1.318675
63594	-4003.892	-4263.967	260.0754	2.005556	0.5570707	0.597302	0.402698	1.360604
63600	-4012.568	-4272.817	260.2494	2.042812	0.4937358	0.790428	0.209572	1.27189
63606	-4010.618	-4271.208	260.5905	2.048578	0.402072	0.719667	0.280333	1.11426
63612	-3996.068	-4256.482	260.4137	2.048578	0.4628419	0.719667	0.280333	1.17258
63618	-3990.5	-4250.742	260.2418	2.062587	0.5608922	0.745523	0.254477	1.170904
63624	-3983.408	-4243.627	260.2192	2.064247	0.5747488	0.731032	0.268968	1.170904
63630	-3985.356	-4245.639	260.2825	2.073779	0.5624825	0.774496	0.225504	1.122752
63636	-3981.324	-4241.665	260.3404	2.073779	0.5007578	0.774496	0.225504	1.158339
63642	-3980.704	-4240.908	260.2036	2.073779	0.4976408	0.774496	0.225504	1.278757
63648	-3994.113	-4254.529	260.4156	2.154306	0.4688334	0.561725	0.438275	1.065795
63654	-3979.843	-4240.227	260.3841	2.115436	0.5231064	0.707261	0.292739	1.046862
63660	-4002.47	-4262.822	260.352	2.115436	0.5231064	0.707261	0.292739	1.07723
63666	-4000.921	-4261.24	260.3185	2.093351	0.5586276	0.681989	0.318011	1.07723
63672	-3994.397	-4254.555	260.1578	2.093351	0.6121929	0.668073	0.331927	1.151041
63678	-4001.894	-4262.3	260.4065	2.047404	0.4451584	0.648671	0.351329	1.206727
63684	-3997.586	-4257.812	260.2261	2.058269	0.5469673	0.737944	0.262056	1.206727
63690	-3991.762	-4251.725	259.9633	2.124983	0.6839458	0.621927	0.378073	1.206727
63696	-3982.055	-4242.299	260.2446	2.031187	0.4823859	0.679849	0.320151	1.300965
63702	-3976.569	-4236.767	260.1982	1.964828	0.5519755	0.545396	0.454604	1.301139
63708	-3974.446	-4234.507	260.0614	1.964828	0.4979871	0.648661	0.351339	1.47568
63714	-3973.075	-4233.182	260.1061	1.940247	0.5142741	0.648661	0.351339	1.440008
63720	-3977.387	-4237.449	260.0618	1.936487	0.562776	0.648661	0.351339	1.418429
63726	-3965.994	-4226.245	260.2513	1.996933	0.5360452	0.779188	0.220812	1.251577
63732	-3974.692	-4234.91	260.2176	1.985302	0.5360452	0.623763	0.376237	1.288936
63738	-3991.161	-4251.504	260.343	2.03569	0.5518621	0.67983	0.32017	1.117196
63744	-3979.59	-4239.861	260.2708	2.061585	0.5824711	0.67983	0.32017	1.117196
63750	-3972.742	-4233.271	260.5286	2.061585	0.4469071	0.686188	0.313812	1.082849
63756	-3986.705	-4247.263	260.5584	2.101519	0.3780405	0.686188	0.313812	1.137891
63762	-3988.057	-4248.495	260.4385	2.04787	0.51693	0.598074	0.401926	1.068753
63768	-3997.689	-4257.975	260.2856	1.965321	0.5392253	0.686021	0.313979	1.245169
63774	-3989.736	-4250.053	260.3169	1.97646	0.5361292	0.665844	0.334156	1.21348
63780	-3986.856	-4247.082	260.2266	2.01702	0.6102641	0.693979	0.306021	1.160179
63786	-3987.528	-4247.725	260.1965	2.01702	0.5424714	0.694488	0.305512	1.271958
63792	-3995.924	-4256.128	260.2044	1.981128	0.544027	0.718693	0.281307	1.292889
63798	-3988.056	-4248.432	260.376	1.981128	0.4275502	0.649603	0.350397	1.313533
63804	-3985.55	-4245.918	260.3673	1.964835	0.4371436	0.695766	0.304234	1.319513
63810	-3987.153	-4247.405	260.2522	2.028824	0.4883075	0.727302	0.272698	1.28854
63816	-3996.359	-4256.402	260.0431	2.028824	0.6492072	0.727302	0.272698	1.259902
63822	-3997.342	-4257.294	259.9521	1.962964	0.5596582	0.628392	0.371608	1.48548
63828	-4000.056	-4260.523	260.4668	1.900638	0.4525341	0.694092	0.305908	1.268293
63834	-3993.778	-4253.913	260.1345	1.967126	0.5963837	0.713334	0.286666	1.296908
63840	-3983.342	-4243.74	260.3984	1.976875	0.4437301	0.687455	0.312545	1.27473
63846	-3983.41	-4243.597	260.1864	1.976875	0.5730594	0.662408	0.337592	1.27473
63852	-3984.488	-4244.733	260.2448	1.976875	0.5730594	0.681015	0.318985	1.226114
63858	-3991.955	-4252.307	260.3523	1.976875	0.4285062	0.676698	0.323302	1.334513
63864	-3980.079	-4239.079	259.0005	1.686096	0.5514511	0.701163	0.298837	2.331369
63870	-3988.092	-4247.228	259.1351	1.645027	0.5514511	0.712029	0.287971	2.27167
63876	-4006.27	-4265.68	259.4105	1.645027	0.4554005	0.783268	0.216732	2.196212
63882	-4015.15	-4274.135	258.9844	1.592872	0.4758747	0.679225	0.320775	2.477914
63888	-4006.644	-4266.07	259.4255	1.592872	0.5091002	0.725859	0.274141	2.161222
63894	-4018.501	-4277.721	259.22	1.62494	0.4680724	0.664945	0.335055	2.317285
63900	-4011.832	-4270.969	259.1362	1.605516	0.5298992	0.698647	0.301353	2.317752
63906	-4002.855	-4262.034	259.1793	1.549743	0.5379599	0.667284	0.332716	2.317752
63912	-4001.015	-4260.284	259.2694	1.593082	0.5181507	0.645316	0.354684	2.252484
63918	-3994.478	-4253.612	259.1344	1.579461	0.4113619	0.661357	0.338643	2.464963
63924	-3987.176	-4246.225	259.0493	1.579461	0.4581156	0.661357	0.338643	2.464963
63930	-3986.482	-4245.122	258.6405	1.497163	0.517628	0.688772	0.311228	2.707284
63936	-3986.425	-4245.601	259.1758	1.600994	0.4580266	0.703668	0.296332	2.371706
63942	-3987.397	-4246.516	259.1188	1.538284	0.5033764	0.795239	0.204761	2.398663
63948	-3994.492	-4254.013	259.5209	1.630266	0.4834916	0.625604	0.374396	2.102314
63954	-3978.083	-4237.999	259.9163	1.841027	0.4091655	0.625604	0.374396	1.783576
63960	-3985.997	-4245.998	260.0011	1.841027	0.5493995	0.622044	0.377956	1.551632
63966	-3980.424	-4240.552	260.1282	1.895607	0.4647303	0.743897	0.256103	1.519854
63972	-3969.375	-4229.609	260.2337	1.895607	0.4983923	0.647786	0.352214	1.396042
63978	-3972.451	-4232.564	260.1128	1.890857	0.4895173	0.769417	0.230583	1.503285
63984	-3984.758	-4244.729	259.9713	1.91288	0.4952814	0.712451	0.287549	1.584496
63990	-3976.918	-4236.96	260.0423	1.915638	0.5119539	0.721128	0.278872	1.509776
63996	-3977.24	-4237.26	260.02	1.949396	0.5381228	0.721128	0.278872	1.469625
64002	-3979.149	-4239.121	259.9722	1.945557	0.5717553	0.693522	0.306478	1.469625
64008	-3992.715	-4252.564	259.8494	1.881662	0.5080715	0.710315	0.289685	1.679705
64014	-3975.767	-4235.849	260.0821	1.858152	0.5652581	0.703836	0.296164	1.45997
64020	-3973.652	-4233.458	259.8054	1.899139	0.5549152	0.621512	0.378488	1.645577
64026	-3997.953	-4257.845	259.8919	1.819352	0.5505753	0.714462	0.285538	1.645577
64032	-3979.957	-4239.85	259.8923	1.838998	0.5912341	0.710448	0.289552	1.586686
64038	-3980.067	-4240.09	260.023	1.883275	0.4576678	0.702558	0.297442	1.615193
64044	-3968.596	-4228.64	260.0444	1.883275	0.5087744	0.673246	0.326754	1.536167
64050	-3973.764	-4233.767	260.0023	1.856055	0.5087744	0.757271	0.242729	1.58711
64056	-3975.447	-4235.611	260.1639	1.937937	0.5087744	0.723098	0.276902	1.404118
64062	-3991.13	-4251.39	260.2603	1.929111	0.5087744	0.800512	0.199488	1.335177
64068	-4000.454	-4260.661	260.2078	1.960673	0.5759636	0.763079	0.236921	1.266832
64074	-3994.848	-4255.094	260.2453	1.960673	0.5512929	0.714691	0.285309	1.266832
64080	-4008.422	-4268.688	260.2662	2.034621	0.5073466	0.521023	0.478977	1.246116
64086	-3995.268	-4255.483	260.2148	2.034621	0.4410465	0.618432	0.381568	1.379584
64092	-4000.817	-4261.183	260.3665	2.069402	0.4824486	0.771185	0.228815	1.166095
64098	-3994.079	-4254.5	260.4207	2.046989	0.4640009	0.670031	0.329969	1.166095
64104	-3994.601	-4255.079	260.4781	1.982715	0.4640009	0.655043	0.344957	1.172019
64110	-3986.126	-4246.639	260.5129	2.074284	0.388621	0.692678	0.307322	1.183334
64116	-4001.511	-4261.694	260.1835	2.07932	0.5641421	0.692678	0.307322	1.202591
64122	-4015.061	-4275.343	260.2825	2.07932	0.5499419	0.637215	0.362785	1.135063
64128	-3997.691	-4257.88	260.1889	2.069935	0.6355507	0.721406	0.278594	1.114631
64134	-3993.248	-4253.575	260.3265	2.077072	0.4915665	0.624459	0.375541	1.180936
64140	-3995.431	-4255.712	260.2818	2.034542	0.5106425	0.687019	0.312981	1.228582
64146	-3983.391	-4243.891	260.4999	2.034542	0.4330369	0.635319	0.364681	1.155912
64152	-3984.225	-4244.481	260.2561	2.006134	0.572088	0.629248	0.370752	1.192727
64158	-3987.185	-4247.431	260.246	2.006134	0.572088	0.626215	0.373785	1.201421
64164	-3980.999	-4241.157	260.1584	2.003614	0.572088	0.743662	0.256338	1.277017
64170	-3994.694	-4255.096	260.4024	2.060434	0.572088	0.749344	0.250656	1.008562
64176	-3989.101	-4249.557	260.4554	2.11737	0.5022591	0.680246	0.319754	1.008562
64182	-3985.195	-4245.461	260.265	2.074252	0.5022591	0.7309	0.2691	1.220781
64188	-3975.367	-4235.77	260.4027	2.074252	0.5427495	0.761715	0.238285	1.038703
64194	-3989.42	-4249.742	260.3225	2.074252	0.5445483	0.616486	0.383514	1.111154
64200	-3975.929	-4236.336	260.4075	2.050055	0.5064349	0.677009	0.322991	1.111154
64206	-3986.872	-4247.218	260.3457	2.050055	0.5503476	0.623259	0.376741	1.103848
64212	-3995.183	-4255.582	260.3993	2.050055	0.4702301	0.759726	0.240274	1.172655
64218	-4001.352	-4261.736	260.3845	2.064831	0.4702301	0.759726	0.240274	1.172655
64224	-3995.086	-4255.53	260.4437	2.064831	0.4847465	0.585309	0.414691	1.097588
64230	-3999.034	-4259.399	260.3654	1.917754	0.5210825	0.679573	0.320427	1.242215
64236	-3998.736	-4258.991	260.2553	1.956947	0.5033182	0.691003	0.308997	1.324001
64242	-4002.291	-4262.593	260.3022	2.023767	0.4788664	0.702853	0.297147	1.26471
64248	-4003.423	-4263.511	260.0879	2.05848	0.5402699	0.644705	0.355295	1.329285
64254	-4017.456	-4277.919	260.4633	2.001354	0.3700366	0.661692	0.338308	1.316448
64260	-4006.689	-4266.736	260.0468	2.0356	0.5527154	0.666511	0.333489	1.36479
64266	-4008.634	-4268.754	260.1196	2.094359	0.5176711	0.660606	0.339394	1.303766
64272	-3999.155	-4259.464	260.3089	2.041148	0.4976631	0.715395	0.284605	1.218135
64278	-3993.397	-4253.572	260.1751	2.077094	0.5520256	0.751168	0.248832	1.227309
64284	-3977.438	-4237.728	260.29	2.147486	0.5300106	0.734481	0.265519	1.094727
64290	-3981.145	-4241.42	260.275	2.139049	0.539041	0.571755	0.428245	1.103243
64296	-3987.558	-4248.051	260.4938	2.106997	0.463001	0.700326	0.299674	1.046084
64302	-3985.638	-4245.957	260.3188	2.084615	0.5173541	0.676017	0.323983	1.143897
64308	-3986.405	-4246.698	260.293	2.090439	0.5173541	0.676017	0.323983	1.161513
64314	-3985.059	-4245.304	260.2447	2.063782	0.4930948	0.664872	0.335128	1.25931
64320	-3978.406	-4238.811	260.4051	1.953586	0.4636907	0.576547	0.423453	1.25931
64326	-3995.907	-4256.032	260.1252	2.036271	0.5758434	0.699965	0.300035	1.272816
64332	-3990.573	-4251.004	260.4312	2.074617	0.4694163	0.689852	0.310148	1.123829
64338	-4003.689	-4264.127	260.4379	2.072593	0.4861819	0.608434	0.391566	1.093592
64344	-4007.427	-4267.983	260.5565	2.08122	0.4397791	0.608299	0.391701	1.0502
64350	-3996.605	-4257.143	260.5378	2.234502	0.4419564	0.788262	0.211738	0.9084198
64356	-3991.993	-4252.168	260.1751	2.299177	0.6276915	0.660684	0.339316	0.9122821
64362	-3990.608	-4251.158	260.55	2.159994	0.4856827	0.660684	0.339316	0.8927698
64368	-4000.655	-4261.117	260.462	2.206491	0.5266476	0.708844	0.291156	0.8630161
64374	-3985.281	-4245.823	260.5415	2.200089	0.4585578	0.621794	0.378206	0.9097427
64380	-3986.208	-4246.735	260.5269	2.182436	0.4156167	0.647446	0.352554	1.023991
64386	-3989.097	-4249.415	260.3187	2.182436	0.5763107	0.71469	0.28531	0.96328
64392	-3988.731	-4249.234	260.5035	2.055972	0.4886314	0.683423	0.316577	1.043601
64398	-3987.628	-4247.944	260.3163	2.178759	0.5901193	0.652733	0.347267	0.9481903
64404	-3998.478	-4258.815	260.3371	2.179308	0.5751275	0.70715	0.29285	0.9491496
64410	-3999.274	-4259.598	260.3246	2.110592	0.5727119	0.679367	0.320633	1.034795
64416	-3992.914	-4253.16	260.2464	2.105629	0.5750583	0.714666	0.285334	1.109402
64422	-3982.27	-4242.619	260.3491	2.116107	0.5029422	0.623421	0.376579	1.109402
64428	-3997.566	-4257.989	260.4225	2.087814	0.4761092	0.701642	0.298358	1.109402
64434	-3989.531	-4249.739	260.2081	2.096806	0.5504576	0.55635	0.44365	1.184394
64440	-3987.842	-4247.885	260.0424	2.016581	0.6430667	0.644597	0.355403	1.277541
64446	-3979.002	-4239.076	260.0742	2.016581	0.6247189	0.644597	0.355403	1.272513
64452	-3986.176	-4246.57	260.3937	2.016581	0.4620813	0.690089	0.309911	1.218364
64458	-3972.569	-4232.92	260.3505	2.07773	0.5138993	0.764348	0.235652	1.126716
64464	-3978.849	-4239.254	260.4052	2.225223	0.4584537	0.683088	0.316912	1.025127
64470	-3987.292	-4247.538	260.2457	2.067366	0.5736309	0.625207	0.374793	1.146335
64476	-3978.719	-4239.015	260.2967	2.069853	0.521188	0.646855	0.353145	1.170893
64482	-3978.417	-4238.712	260.2953	2.136291	0.5840792	0.646855	0.353145	1.021788
64488	-3975.991	-4236.096	260.1045	2.136291	0.6348338	0.614269	0.385731	1.131833
64494	-3989.65	-4249.871	260.2215	2.1309	0.530501	0.644829	0.355171	1.170238
64500	-3971.676	-4232.04	260.3642	2.024644	0.5227999	0.638874	0.361126	1.149067
64506	-3981.418	-4241.582	260.1641	1.983426	0.5712272	0.687462	0.312538	1.289936
64512	-3988.928	-4249.438	260.5097	1.959635	0.4308452	0.681898	0.318102	1.215639
64518	-3992.242	-4252.533	260.2908	1.959635	0.4627055	0.761961	0.238039	1.348479
64524	-4003.343	-4263.845	260.5017	2.045617	0.4055547	0.749933	0.250067	1.189434
64530	-3983.696	-4244.158	260.4624	2.114198	0.4055547	0.749933	0.250067	1.163979
64536	-4001.403	-4261.619	260.2167	2.106766	0.5549897	0.659679	0.340321	1.162166
64542	-3987.552	-4247.564	260.0125	1.780672	0.5096215	0.70237	0.29763	1.633384
64548	-3997.778	-4257.57	259.792	1.776098	0.5887571	0.70237	0.29763	1.706534
64554	-3990.774	-4250.949	260.1741	1.776098	0.4240298	0.659567	0.340433	1.627331
64560	-3997.489	-4257.51	260.021	1.7254	0.4240298	0.659567	0.340433	1.771775
64566	-3996.761	-4256.626	259.8647	1.7254	0.4483162	0.643797	0.356203	1.849223
64572	-4001.54	-4261.643	260.1029	1.769945	0.4659628	0.689426	0.310574	1.628911
64578	-4012.296	-4271.507	259.2107	1.769945	0.5409232	0.756304	0.243696	2.152654
64584	-4013.545	-4272.584	259.0395	1.627399	0.4505074	0.673211	0.326789	2.449464
64590	-3999.127	-4258.732	259.6055	1.648733	0.3809219	0.659176	0.340824	2.157782
64596	-4005.751	-4265.333	259.5816	1.699482	0.4573468	0.67587	0.32413	2.046387
64602	-3998.49	-4257.549	259.0589	1.601551	0.4628321	0.545189	0.454811	2.439855
64608	-4003.359	-4262.965	259.6064	1.613314	0.4094984	0.765911	0.234089	2.144067
64614	-3989.208	-4248.91	259.7016	1.687795	0.4344798	0.69132	0.30868	2.001659
64620	-3981.131	-4240.858	259.7272	1.626948	0.4588521	0.670964	0.329036	1.996107
64626	-3985.557	-4245.13	259.5732	1.66489	0.6088608	0.670964	0.329036	1.914352
64632	-3993.801	-4253.401	259.6001	1.679823	0.5375379	0.633643	0.366357	1.958395
64638	-3992.719	-4252.406	259.687	1.679823	0.4583456	0.618582	0.381418	1.988278
64644	-3994.811	-4254.043	259.2318	1.646326	0.4851174	0.706935	0.293065	2.277464
64650	-3993.006	-4251.904	258.8979	1.529524	0.5538073	0.622683	0.377317	2.492573
64656	-4003.325	-4262.267	258.9421	1.529524	0.5073062	0.622683	0.377317	2.511089
64662	-3987.617	-4246.56	258.9436	1.51357	0.6222687	0.734199	0.265801	2.410442
64668	-4013.8	-4272.901	259.1011	1.618214	0.4982769	0.744303	0.255697	2.364611
64674	-4006.24	-4266.708	260.4685	1.820484	0.4215356	0.815719	0.184281	1.376592
64680	-3990.654	-4251.019	260.3656	1.961529	0.4302998	0.738705	0.261295	1.333531
64686	-3980.076	-4240.297	260.2207	2.005395	0.482773	0.693454	0.306546	1.340415
64692	-3979.968	-4240.294	260.3255	2.005395	0.482773	0.693454	0.306546	1.255153
64698	-3979.466	-4239.791	260.3249	1.964341	0.4676153	0.667031	0.332969	1.310538
64704	-3968.624	-4228.871	260.2462	1.964341	0.4676153	0.695425	0.304575	1.373243
64710	-3978.32	-4238.4	260.0805	1.945272	0.5682867	0.695425	0.304575	1.390563
64716	-3981.385	-4241.817	260.432	2.02762	0.5038742	0.774062	0.225938	1.113096
64722	-3993.373	-4253.779	260.4064	2.02762	0.5038742	0.59731	0.40269	1.136214
64728	-3971.521	-4231.712	260.1908	1.99576	0.6467052	0.593678	0.406322	1.165254
64734	-3973.25	-4233.549	260.2987	2.051183	0.5298416	0.64609	0.35391	1.173336
64740	-3971.499	-4231.956	260.4568	2.148151	0.4664173	0.660983	0.339017	1.03641
64746	-3979.377	-4239.552	260.1745	1.951469	0.5731834	0.67046	0.32954	1.305068
64752	-3983.174	-4243.464	260.2894	2.013014	0.5286416	0.669386	0.330614	1.215837
64758	-3982.768	-4242.938	260.1702	2.072616	0.5701522	0.709217	0.290783	1.211914
64764	-3984.887	-4245.131	260.244	2.02646	0.5582992	0.709217	0.290783	1.203628
64770	-3980.753	-4240.953	260.2004	2.027118	0.4893509	0.772722	0.227278	1.330395
64776	-3980.379	-4240.647	260.2676	2.025519	0.4469574	0.626357	0.373643	1.336629
64782	-3982.152	-4242.524	260.3721	2.006291	0.4801199	0.737482	0.262518	1.219041
64788	-3980.011	-4240.409	260.3982	1.980219	0.4801199	0.751063	0.248937	1.219041
64794	-3978.9	-4238.993	260.0933	1.980219	0.5167787	0.704357	0.295643	1.41599
64800	-3978.089	-4238.292	260.2032	1.97063	0.5053793	0.734032	0.265968	1.352023
64806	-3982.381	-4242.865	260.4839	1.991493	0.4460839	0.541072	0.458928	1.186863
64812	-3966.185	-4226.528	260.3429	2.04721	0.4955406	0.744629	0.255371	1.186863
64818	-3976.23	-4236.523	260.2928	2.008104	0.5521974	0.690634	0.309366	1.185537
64824	-3966.585	-4227.09	260.5047	2.008104	0.4755592	0.690634	0.309366	1.107982
64830	-3976.274	-4236.783	260.5082	1.972368	0.4736573	0.733502	0.266498	1.139924
64836	-3980.065	-4240.249	260.1845	2.006252	0.49667	0.685175	0.314825	1.349962
64842	-3978.776	-4239.042	260.266	2.016678	0.5589539	0.711515	0.288485	1.1923
64848	-3998.657	-4258.858	260.2012	2.016678	0.5589539	0.667746	0.332254	1.247231
64854	-3997.731	-4258.095	260.3642	2.107421	0.5558107	0.670412	0.329588	1.024285
64860	-3995.773	-4256.23	260.4563	2.075126	0.5267042	0.698848	0.301152	1.010275
64866	-3984.014	-4244.487	260.4736	2.062604	0.4532161	0.750151	0.249849	1.122039
64872	-3977.463	-4237.809	260.3459	2.062604	0.4641353	0.750151	0.249849	1.216846
64878	-3979.965	-4240.433	260.4679	2.015862	0.4432696	0.657122	0.342878	1.183976
64884	-3977.07	-4237.537	260.4671	2.05331	0.4635332	0.585044	0.414956	1.119953
64890	-3979.556	-4239.837	260.2817	2.093138	0.5524325	0.701857	0.298143	1.119953
64896	-3974.324	-4234.804	260.4803	2.094424	0.4726131	0.580872	0.419128	1.055052
64902	-3975.624	-4236.024	260.4005	2.094424	0.4971612	0.579016	0.420984	1.091
64908	-3979.609	-4239.995	260.3854	2.094424	0.5062888	0.755838	0.244162	1.091
64914	-3981.058	-4241.515	260.4564	2.110629	0.4694919	0.584432	0.415568	1.067417
64920	-3980.181	-4240.311	260.1298	2.160308	0.6057775	0.667231	0.332769	1.124525
64926	-3985.558	-4245.896	260.3376	2.160308	0.4954993	0.64114	0.35886	1.090786
64932	-3989.893	-4250.411	260.5175	2.047087	0.4954993	0.627493	0.372507	1.027602
64938	-3988.061	-4248.344	260.2828	2.069157	0.5911842	0.676796	0.323204	1.08753
64944	-3992.344	-4252.742	260.3981	2.06323	0.4698835	0.566232	0.433768	1.162646
64950	-3991.024	-4251.46	260.4352	2.093251	0.4698835	0.789554	0.210446	1.102554
64956	-3976.656	-4236.956	260.3008	2.069372	0.559178	0.669571	0.330429	1.114792
64962	-3986.838	-4247.086	260.248	2.060997	0.559178	0.669571	0.330429	1.16922
64968	-3986.184	-4246.402	260.2181	2.03934	0.5916773	0.61935	0.38065	1.171702
64974	-3994.801	-4255.342	260.5416	1.956276	0.4432551	0.771341	0.228659	1.171702
64980	-3999.118	-4259.495	260.3769	2.118285	0.4910154	0.764192	0.235808	1.100173
64986	-3980.065	-4240.657	260.5916	2.0464	0.4385349	0.732512	0.267488	1.052032
64992	-3987.669	-4248.02	260.3502	2.055674	0.4385349	0.732512	0.267488	1.257189
64998	-3982.887	-4243.146	260.2591	2.05611	0.523983	0.701596	0.298404	1.211244
65004	-3986.727	-4246.957	260.2298	2.05611	0.5425483	0.685584	0.314416	1.211244
65010	-3990.516	-4250.768	260.2522	2.044392	0.5425483	0.684973	0.315027	1.202131
65016	-3979.846	-4240.063	260.2172	2.044392	0.5425483	0.719628	0.280372	1.231788
65022	-3979.668	-4240.141	260.4732	2.134755	0.4458436	0.719628	0.280372	1.068076
65028	-3973.283	-4233.519	260.2353	2.199323	0.5756035	0.613297	0.386703	1.031091
65034	-3972.766	-4233.036	260.2699	2.199323	0.5626625	0.633216	0.366784	1.016397
65040	-3972.299	-4232.647	260.3477	2.187176	0.4765544	0.710894	0.289106	1.086134
65046	-3971.264	-4231.45	260.1857	2.208788	0.5637044	0.710894	0.289106	1.086134
65052	-4001.134	-4261.319	260.185	2.052682	0.4712592	0.710894	0.289106	1.346808
65058	-3994.588	-4254.722	260.1338	2.037981	0.5106013	0.701953	0.298047	1.346808
65064	-3998.229	-4258.376	260.1466	2.037981	0.5388543	0.736817	0.263183	1.300285
65070	-3998.344	-4258.486	260.1414	1.974415	0.6110762	0.702403	0.297597	1.267827
65076	-4004.006	-4264.267	260.2614	2.004271	0.4442669	0.702403	0.297597	1.362254
65082	-3997.021	-4257.452	260.431	2.004271	0.4323121	0.726204	0.273796	1.242163
65088	-4013.164	-4273.619	260.4556	2.103841	0.442003	0.704613	0.295387	1.119109
65094	-3988.571	-4248.767	260.1957	2.06721	0.5363778	0.70885	0.29115	1.238876
65100	-3997.747	-4258.145	260.398	2.185638	0.5296329	0.628875	0.371125	0.9522697
65106	-3987.937	-4248.345	260.4083	2.134462	0.4981424	0.684936	0.315064	1.044409
65112	-3977.549	-4237.907	260.3574	2.134462	0.4801746	0.73955	0.26045	1.119863
65118	-3986.842	-4247.123	260.2812	2.134462	0.5392139	0.673948	0.326052	1.101443
65124	-3993.953	-4254.189	260.2351	2.134462	0.5791022	0.766068	0.233932	1.087764
65130	-3977.466	-4237.767	260.301	2.144728	0.5760643	0.735197	0.264803	1.019613
65136	-3991.996	-4252.131	260.1358	2.144728	0.5657359	0.661559	0.338441	1.185263
65142	-3989.022	-4249.42	260.3979	2.201848	0.4745911	0.614018	0.385982	1.027722
65148	-3995.568	-4255.926	260.3581	2.180786	0.4745911	0.614018	0.385982	1.085517
65154	-3990.037	-4250.198	260.1611	2.121184	0.641527	0.689856	0.310144	1.085517
65160	-4003.304	-4263.732	260.428	2.158264	0.4897711	0.758992	0.241008	1.015701
65166	-4007.257	-4267.577	260.3199	2.15988	0.4897711	0.758992	0.241008	1.11606
65172	-3994.021	-4254.305	260.2842	2.213267	0.6015666	0.758992	0.241008	0.9277053
65178	-3999.831	-4260.253	260.4221	2.257155	0.4624016	0.618486	0.381514	0.9692493
65184	-4007.982	-4268.466	260.484	2.108317	0.5139287	0.618486	0.381514	0.9694874
65190	-4005.573	-4266.082	260.5092	2.15401	0.4714892	0.7808	0.2192	0.9694874
65196	-3994.417	-4254.815	260.3985	2.105654	0.4714892	0.764266	0.235734	1.122178
65202	-3996.368	-4256.927	260.5595	2.173797	0.4348921	0.794826	0.205174	0.9640392
65208	-3990.944	-4251.196	260.252	2.259834	0.6005469	0.709549	0.290451	0.9136696
65214	-3993.799	-4254.294	260.4953	2.256769	0.4696317	0.772682	0.227318	0.8759447
65220	-3998.013	-4258.381	260.3677	2.289795	0.5293166	0.670272	0.329728	0.8709345
65226	-3985.714	-4246.039	260.3257	2.369383	0.5517993	0.641564	0.358436	0.7784417
65232	-3979.748	-4240.191	260.4428	2.364184	0.435202	0.73662	0.26338	0.8830663
65238	-3983.537	-4243.76	260.2231	2.364184	0.5888056	0.73662	0.26338	0.8460366
65244	-3981.351	-4241.723	260.3715	2.364184	0.5118169	0.739304	0.260696	0.809142
65250	-3985.609	-4246.061	260.4518	2.345696	0.4747732	0.641691	0.358309	0.809142
65256	-3985.796	-4246.012	260.2165	2.345696	0.5718047	0.61246	0.38754	0.9049128
65262	-3998.332	-4258.607	260.2749	2.248952	0.5832796	0.651585	0.348415	0.9281668
65268	-3997.152	-4257.401	260.2488	2.248952	0.5832796	0.634612	0.365388	0.9560185
65274	-3987.457	-4247.767	260.3105	2.239824	0.5485933	0.584152	0.415848	0.9560185
65280	-3986.938	-4247.179	260.2405	2.233629	0.5670597	0.757804	0.242196	1.004903
65286	-3982.391	-4242.49	260.0995	2.170482	0.6580805	0.721854	0.278146	1.075861
65292	-3980.562	-4240.755	260.1938	2.170482	0.5802441	0.715843	0.284157	1.091082
65298	-3989.012	-4249.318	260.3065	2.118426	0.5634539	0.663546	0.336454	1.058014
65304	-3992.834	-4253.121	260.2864	2.110628	0.6453058	0.710988	0.289012	0.9685055
65310	-4000.16	-4260.325	260.1642	2.187832	0.6431627	0.645306	0.354694	1.016861
65316	-4010.039	-4270.37	260.3311	2.282038	0.5211093	0.681578	0.318422	0.9353326
65322	-4001.592	-4261.889	260.2969	2.23722	0.5750381	0.681578	0.318422	0.9303617
65328	-3990.917	-4251.215	260.298	2.208665	0.5935895	0.740439	0.259561	0.9303617
65334	-3998.758	-4259.008	260.2498	2.221764	0.6178625	0.565662	0.434338	0.9303617
65340	-4000.596	-4261.155	260.5589	2.228922	0.4461794	0.613559	0.386441	0.8822379
65346	-4016.027	-4276.433	260.4064	2.205616	0.5522007	0.65749	0.34251	0.8822379
65352	-4015.036	-4275.452	260.4162	2.17178	0.5160044	0.595231	0.404769	0.9704693
65358	-4004.726	-4265.251	260.5249	2.22797	0.4049964	0.637104	0.362896	1.000873
65364	-4002.737	-4263.333	260.5966	2.22797	0.4320997	0.716423	0.283577	0.8691213
65370	-3995.094	-4255.463	260.3688	2.237672	0.5394063	0.632012	0.367988	0.9109314
65376	-3981.249	-4241.554	260.3053	2.075817	0.5394063	0.534564	0.465436	1.132488
65382	-3981.267	-4241.715	260.4482	2.075817	0.4534891	0.646131	0.353869	1.132488
65388	-3994.942	-4255.171	260.2291	2.075817	0.5159292	0.770406	0.229594	1.230981
65394	-3988.687	-4248.973	260.2859	2.069339	0.4854606	0.770406	0.229594	1.230981
65400	-3996.51	-4256.812	260.3014	2.007806	0.6082456	0.701778	0.298222	1.104
65406	-3997.367	-4257.587	260.2197	2.094441	0.5635542	0.662288	0.337712	1.158821
65412	-3981.086	-4241.451	260.3651	2.109717	0.495899	0.656592	0.343408	1.111285
65418	-3984.432	-4244.746	260.3138	2.109717	0.4732016	0.662433	0.337567	1.190625
65424	-3974.242	-4234.572	260.3307	2.084149	0.4782465	0.662433	0.337567	1.190625
65430	-3965.853	-4226.295	260.4417	2.169673	0.4682742	0.776833	0.223167	1.027024
65436	-3973.854	-4234.402	260.5479	2.14266	0.4035167	0.645638	0.354362	1.06409
65442	-3975.068	-4235.408	260.3401	2.207978	0.5097779	0.68353	0.31647	1.020741
65448	-3973.968	-4234.42	260.4521	2.149299	0.5097779	0.699922	0.300078	0.9671134
65454	-3989.263	-4249.57	260.3069	2.149075	0.6045023	0.755014	0.244986	0.9671134
65460	-3981.206	-4241.578	260.3722	2.344941	0.5358749	0.755014	0.244986	0.7822755
65466	-3973.259	-4233.552	260.2923	2.344941	0.5707286	0.713362	0.286638	0.8172326
65472	-3978.849	-4239.163	260.3142	2.305096	0.5480395	0.706107	0.293893	0.8812661
65478	-3974.539	-4234.777	260.2379	2.305096	0.6028799	0.733002	0.266998	0.87446
65484	-3990.809	-4251.425	260.6161	2.167651	0.4522227	0.666184	0.333816	0.87446
65490	-3969.728	-4230.294	260.5655	2.296735	0.4522227	0.695929	0.304071	0.7745924
65496	-3976.984	-4237.375	260.3908	2.228669	0.5351529	0.609163	0.390837	0.9039311
65502	-3998.666	-4259.011	260.3452	2.26855	0.5351529	0.663116	0.336884	0.9102683
65508	-3986.809	-4247.127	260.318	2.275881	0.5331459	0.64853	0.35147	0.9354785
65514	-3977.464	-4237.997	260.5329	2.311573	0.4441066	0.730206	0.269794	0.8179464
65520	-3998.718	-4258.789	260.0714	1.977401	0.5774321	0.678109	0.321891	1.361674
65526	-3997.713	-4257.869	260.1563	1.914608	0.5885223	0.690919	0.309081	1.331042
65532	-4005.422	-4265.563	260.141	1.922133	0.433843	0.681209	0.318791	1.53149
65538	-4004.522	-4264.48	259.9587	1.909833	0.6261509	0.73556	0.26444	1.446773
65544	-3997.647	-4257.665	260.0171	1.866759	0.4572154	0.73556	0.26444	1.631997
65550	-3991.876	-4251.991	260.1153	1.906932	0.4572154	0.693736	0.306264	1.530777
65556	-3981.999	-4242.027	260.0274	1.844163	0.496587	0.693736	0.306264	1.59216
65562	-4015.136	-4275.219	260.0823	1.783168	0.5237725	0.734416	0.265584	1.564158
65568	-4007.14	-4267.129	259.9881	1.783168	0.5237725	0.620179	0.379821	1.632667
65574	-4004.609	-4262.756	258.147	1.374024	0.484657	0.648418	0.351582	3.11259
65580	-4006.141	-4264.393	258.2517	1.429047	0.3963204	0.725736	0.274264	3.11259
65586	-3985.176	-4243.626	258.4506	1.454601	0.379384	0.647608	0.352392	2.998306
65592	-3992.532	-4251.486	258.9532	1.49605	0.41297	0.585348	0.414652	2.627733
65598	-3980.134	-4238.772	258.6381	1.462313	0.4603406	0.714961	0.285039	2.788901
